Date ,Open ,High ,Low ,Close ,Prev. Close ,Change ,% Change 
02-JAN-2012,27.11,28.68,27.11,27.53,27.11,0.42,1.55
03-JAN-2012,27.53,27.53,25.99,26.16,27.53,-1.37,-4.98
04-JAN-2012,26.16,26.84,25.6,26.41,26.16,0.25,0.96
05-JAN-2012,26.41,26.6,25.72,25.91,26.41,-0.5,-1.89
06-JAN-2012,25.91,26.44,25.09,25.46,25.91,-0.45,-1.74
07-JAN-2012,25.46,25.76,24.6,25.65,25.46,0.19,0.75
09-JAN-2012,25.65,26.54,24.91,25.68,25.65,0.03,0.12
10-JAN-2012,25.68,25.68,23.96,24.0,25.68,-1.68,-6.54
11-JAN-2012,24.0,24.64,23.32,24.54,24.0,0.54,2.25
12-JAN-2012,24.54,24.85,23.77,24.03,24.54,-0.51,-2.08
13-JAN-2012,24.03,24.15,23.23,23.48,24.03,-0.55,-2.29
16-JAN-2012,23.48,24.96,23.22,24.07,23.48,0.59,2.51
17-JAN-2012,24.07,24.07,22.48,22.61,24.07,-1.46,-6.07
18-JAN-2012,22.61,22.75,21.97,22.68,22.61,0.07,0.31
19-JAN-2012,22.68,22.68,20.88,21.68,22.68,-1.0,-4.41
20-JAN-2012,21.68,22.33,18.01,21.96,21.68,0.28,1.29
23-JAN-2012,21.96,22.91,21.96,22.14,21.96,0.18,0.82
24-JAN-2012,22.14,22.51,20.77,21.42,22.14,-0.72,-3.25
25-JAN-2012,21.42,21.42,18.63,21.02,21.42,-0.4,-1.87
27-JAN-2012,21.02,22.2,20.68,21.7,21.02,0.68,3.24
30-JAN-2012,21.7,23.48,21.7,23.46,21.7,1.76,8.11
31-JAN-2012,23.46,23.46,22.33,22.66,23.46,-0.8,-3.41
01-FEB-2012,22.66,23.49,22.17,22.89,22.66,0.23,1.02
02-FEB-2012,22.89,24.26,21.88,23.69,22.89,0.8,3.49
03-FEB-2012,23.69,24.49,23.35,24.09,23.69,0.4,1.69
06-FEB-2012,24.09,25.02,23.58,24.62,24.09,0.53,2.2
07-FEB-2012,24.66,25.15,23.69,24.91,24.66,0.25,1.01
08-FEB-2012,24.91,25.01,24.17,24.27,24.91,-0.64,-2.57
09-FEB-2012,24.27,24.61,23.25,23.3,24.27,-0.97,-4.0
10-FEB-2012,23.3,24.47,22.98,23.83,23.3,0.53,2.27
13-FEB-2012,23.83,24.76,23.12,23.71,23.83,-0.12,-0.5
14-FEB-2012,23.71,23.92,22.71,22.71,23.71,-1.0,-4.22
15-FEB-2012,22.71,22.71,21.71,22.1,22.71,-0.61,-2.69
16-FEB-2012,22.1,23.88,20.3,23.33,22.1,1.23,5.57
17-FEB-2012,23.33,24.91,21.81,24.18,23.33,0.85,3.64
21-FEB-2012,24.18,27.18,24.18,26.25,24.18,2.07,8.56
22-FEB-2012,26.25,27.3,25.69,26.8,26.25,0.55,2.1
23-FEB-2012,26.8,26.8,24.13,24.33,26.8,-2.47,-9.22
24-FEB-2012,24.33,25.79,23.59,24.82,24.33,0.49,2.01
27-FEB-2012,24.82,27.87,24.82,27.38,24.82,2.56,10.31
28-FEB-2012,27.38,27.38,25.7,25.85,27.38,-1.53,-5.59
29-FEB-2012,25.85,27.09,24.69,26.93,25.85,1.08,4.18
01-MAR-2012,26.93,28.02,26.52,27.67,26.93,0.74,2.75
02-MAR-2012,27.67,28.37,26.62,27.84,27.67,0.17,0.61
03-MAR-2012,27.84,28.2,27.17,28.2,27.84,0.36,1.29
05-MAR-2012,28.2,29.55,28.2,28.92,28.2,0.72,2.55
06-MAR-2012,28.92,28.92,26.05,27.34,28.92,-1.58,-5.46
07-MAR-2012,27.34,27.34,25.97,26.33,27.34,-1.01,-3.69
09-MAR-2012,26.33,26.33,24.6,25.47,26.33,-0.86,-3.27
12-MAR-2012,25.47,26.93,24.92,26.27,25.47,0.8,3.14
13-MAR-2012,26.27,26.27,24.64,24.75,26.27,-1.52,-5.79
14-MAR-2012,24.75,25.09,23.03,24.72,24.75,-0.03,-0.12
15-MAR-2012,24.72,25.64,24.04,25.42,24.72,0.7,2.83
16-MAR-2012,25.42,25.42,22.58,23.13,25.42,-2.29,-9.01
19-MAR-2012,23.13,23.82,22.79,22.97,23.13,-0.16,-0.69
20-MAR-2012,22.97,22.97,21.36,21.94,22.97,-1.03,-4.48
21-MAR-2012,21.94,21.99,21.0,21.0,21.94,-0.94,-4.28
22-MAR-2012,21.0,24.77,20.59,24.77,21.0,3.77,17.95
23-MAR-2012,24.77,24.77,22.89,23.34,24.77,-1.43,-5.77
26-MAR-2012,23.34,27.45,22.4,26.74,23.34,3.4,14.57
27-MAR-2012,26.74,27.13,24.32,25.05,26.74,-1.69,-6.32
28-MAR-2012,25.05,25.83,24.82,24.87,25.05,-0.18,-0.72
29-MAR-2012,24.87,25.86,24.19,24.33,24.87,-0.54,-2.17
30-MAR-2012,24.33,24.33,22.07,22.38,24.33,-1.95,-8.01
02-APR-2012,22.86,22.94,20.88,20.88,22.86,-1.98,-8.66
03-APR-2012,20.88,20.88,19.93,20.01,20.88,-0.87,-4.17
04-APR-2012,20.01,20.85,20.01,20.63,20.01,0.62,3.1
09-APR-2012,20.63,22.44,20.63,22.33,20.63,1.7,8.24
10-APR-2012,22.33,22.81,21.73,21.92,22.33,-0.41,-1.84
11-APR-2012,21.92,22.75,21.65,22.29,21.92,0.37,1.69
12-APR-2012,22.29,22.29,21.72,21.78,22.29,-0.51,-2.29
13-APR-2012,19.86,23.16,19.86,22.75,19.86,2.89,14.55
16-APR-2012,22.75,23.29,22.23,22.23,22.75,-0.52,-2.29
17-APR-2012,22.23,22.75,20.29,20.31,22.23,-1.92,-8.64
18-APR-2012,18.93,20.2,18.93,20.03,18.93,1.1,5.81
19-APR-2012,20.03,20.03,18.99,19.35,20.03,-0.68,-3.39
20-APR-2012,19.35,20.75,19.02,20.09,19.35,0.74,3.82
23-APR-2012,20.09,21.57,19.71,21.57,20.09,1.48,7.37
24-APR-2012,21.57,21.57,19.13,19.25,21.57,-2.32,-10.76
25-APR-2012,17.76,20.4,17.76,18.94,17.76,1.18,6.64
26-APR-2012,19.33,19.45,18.31,18.74,19.33,-0.59,-3.05
27-APR-2012,18.74,19.18,17.85,17.89,18.74,-0.85,-4.54
28-APR-2012,18.55,18.55,17.59,17.61,18.55,-0.94,-5.07
30-APR-2012,17.61,18.52,17.61,17.82,17.61,0.21,1.19
02-MAY-2012,17.82,18.61,17.82,18.54,17.82,0.72,4.04
03-MAY-2012,18.54,19.82,18.54,19.25,18.54,0.71,3.83
04-MAY-2012,19.25,21.45,19.25,21.12,19.25,1.87,9.71
07-MAY-2012,21.12,23.23,20.18,20.22,21.12,-0.9,-4.26
08-MAY-2012,20.22,22.3,19.65,22.16,20.22,1.94,9.59
09-MAY-2012,22.16,23.87,22.06,23.04,22.16,0.88,3.97
10-MAY-2012,23.04,23.64,22.07,22.72,23.04,-0.32,-1.39
11-MAY-2012,22.72,23.93,22.35,22.48,22.72,-0.24,-1.06
14-MAY-2012,22.48,23.52,22.48,23.26,22.48,0.78,3.47
15-MAY-2012,23.26,23.26,22.2,22.28,23.26,-0.98,-4.21
16-MAY-2012,22.28,24.54,22.28,23.71,22.28,1.43,6.42
17-MAY-2012,23.71,24.27,22.21,23.59,23.71,-0.12,-0.51
18-MAY-2012,23.59,25.45,22.57,23.55,23.59,-0.04,-0.17
21-MAY-2012,23.55,24.35,23.2,23.92,23.55,0.37,1.57
22-MAY-2012,23.92,24.63,22.6,24.39,23.92,0.47,1.96
23-MAY-2012,24.39,27.2,23.21,27.13,24.39,2.74,11.23
24-MAY-2012,27.13,27.13,24.0,25.49,27.13,-1.64,-6.04
25-MAY-2012,25.49,26.6,24.06,25.14,25.49,-0.35,-1.37
28-MAY-2012,25.14,25.4,23.59,23.68,25.14,-1.46,-5.81
29-MAY-2012,23.68,24.33,22.7,24.03,23.68,0.35,1.48
30-MAY-2012,24.03,25.54,23.29,25.3,24.03,1.27,5.29
31-MAY-2012,25.3,25.97,24.99,25.25,25.3,-0.05,-0.2
01-JUN-2012,25.25,26.77,24.88,26.77,25.25,1.52,6.02
04-JUN-2012,26.77,28.65,25.6,25.6,26.77,-1.17,-4.37
05-JUN-2012,25.6,26.69,24.27,26.26,25.6,0.66,2.58
06-JUN-2012,26.26,26.26,24.26,24.9,26.26,-1.36,-5.18
07-JUN-2012,24.9,25.06,23.34,23.64,24.9,-1.26,-5.06
08-JUN-2012,23.64,24.75,23.45,23.47,23.64,-0.17,-0.72
11-JUN-2012,23.47,25.02,23.47,25.02,23.47,1.55,6.6
12-JUN-2012,25.02,25.43,23.94,24.2,25.02,-0.82,-3.28
13-JUN-2012,24.2,25.32,23.53,24.36,24.2,0.16,0.66
14-JUN-2012,24.36,25.82,23.4,25.71,24.36,1.35,5.54
15-JUN-2012,25.71,25.92,24.49,25.54,25.71,-0.17,-0.66
18-JUN-2012,25.54,25.54,22.25,22.6,25.54,-2.94,-11.51
19-JUN-2012,22.6,22.6,21.04,21.43,22.6,-1.17,-5.18
20-JUN-2012,21.43,21.72,20.11,21.03,21.43,-0.4,-1.87
21-JUN-2012,21.03,21.22,19.43,19.94,21.03,-1.09,-5.18
22-JUN-2012,19.94,21.52,19.61,20.58,19.94,0.64,3.21
25-JUN-2012,20.58,21.63,20.04,21.57,20.58,0.99,4.81
26-JUN-2012,21.57,21.76,20.04,20.23,21.57,-1.34,-6.21
27-JUN-2012,20.23,20.81,19.39,20.37,20.23,0.14,0.69
28-JUN-2012,20.37,20.73,19.53,20.62,20.37,0.25,1.23
29-JUN-2012,20.62,20.62,18.8,19.08,20.62,-1.54,-7.47
02-JUL-2012,19.08,19.7,18.79,19.01,19.08,-0.07,-0.37
03-JUL-2012,19.01,19.01,18.14,18.56,19.01,-0.45,-2.37
04-JUL-2012,18.56,18.83,17.48,18.27,18.56,-0.29,-1.56
05-JUL-2012,18.27,18.7,18.09,18.35,18.27,0.08,0.44
06-JUL-2012,18.35,18.63,18.04,18.04,18.35,-0.31,-1.69
09-JUL-2012,18.04,19.09,18.04,18.72,18.04,0.68,3.77
10-JUL-2012,18.72,18.87,17.8,17.83,18.72,-0.89,-4.75
11-JUL-2012,17.83,18.57,17.8,18.39,17.83,0.56,3.14
12-JUL-2012,18.39,19.31,18.02,18.71,18.39,0.32,1.74
13-JUL-2012,18.71,18.71,17.62,18.26,18.71,-0.45,-2.41
16-JUL-2012,18.26,19.01,18.08,18.77,18.26,0.51,2.79
17-JUL-2012,18.77,18.77,17.72,17.78,18.77,-0.99,-5.27
18-JUL-2012,17.78,17.83,17.06,17.44,17.78,-0.34,-1.91
19-JUL-2012,17.44,17.44,16.33,16.38,17.44,-1.06,-6.08
20-JUL-2012,16.38,17.31,15.84,16.89,16.38,0.51,3.11
23-JUL-2012,16.89,18.67,16.89,18.66,16.89,1.77,10.48
24-JUL-2012,18.66,18.66,16.56,16.97,18.66,-1.69,-9.06
25-JUL-2012,16.97,18.14,16.48,16.75,16.97,-0.22,-1.3
26-JUL-2012,16.75,17.58,15.92,16.37,16.75,-0.38,-2.27
27-JUL-2012,16.37,16.75,15.42,16.44,16.37,0.07,0.43
30-JUL-2012,16.44,17.32,16.43,16.6,16.44,0.16,0.97
31-JUL-2012,16.6,17.13,15.93,16.01,16.6,-0.59,-3.55
01-AUG-2012,16.01,16.48,15.86,16.45,16.01,0.44,2.75
02-AUG-2012,16.45,16.91,16.45,16.77,16.45,0.32,1.95
03-AUG-2012,16.77,16.96,16.12,16.12,16.77,-0.65,-3.88
06-AUG-2012,16.12,16.51,15.68,16.22,16.12,0.1,0.62
07-AUG-2012,16.22,16.33,15.74,16.21,16.22,-0.01,-0.06
08-AUG-2012,16.21,16.74,15.51,16.37,16.21,0.16,0.99
09-AUG-2012,16.37,16.77,16.04,16.33,16.37,-0.04,-0.24
10-AUG-2012,16.33,16.51,16.03,16.07,16.33,-0.26,-1.59
13-AUG-2012,16.07,16.65,16.0,16.01,16.07,-0.06,-0.37
14-AUG-2012,16.01,16.15,15.57,15.64,16.01,-0.37,-2.31
16-AUG-2012,15.64,16.13,15.07,15.69,15.64,0.05,0.32
17-AUG-2012,15.69,16.02,15.21,15.73,15.69,0.04,0.25
21-AUG-2012,15.73,16.49,15.71,16.3,15.73,0.57,3.62
22-AUG-2012,16.3,16.53,15.79,16.0,16.3,-0.3,-1.84
23-AUG-2012,16.0,16.36,15.44,16.12,16.0,0.12,0.75
24-AUG-2012,16.12,16.8,15.66,16.16,16.12,0.04,0.25
27-AUG-2012,16.16,17.03,14.68,16.47,16.16,0.31,1.92
28-AUG-2012,16.47,16.76,15.8,16.35,16.47,-0.12,-0.73
29-AUG-2012,16.35,16.9,15.64,16.74,16.35,0.39,2.39
30-AUG-2012,16.74,17.04,16.55,16.67,16.74,-0.07,-0.42
31-AUG-2012,16.67,17.35,16.59,17.3,16.67,0.63,3.78
03-SEP-2012,17.3,17.5,16.86,17.28,17.3,-0.02,-0.12
04-SEP-2012,17.28,17.28,16.59,16.59,17.28,-0.69,-3.99
05-SEP-2012,16.59,17.15,16.19,17.01,16.59,0.42,2.53
06-SEP-2012,17.01,17.07,16.23,16.98,17.01,-0.03,-0.18
07-SEP-2012,16.98,16.98,15.2,15.26,16.98,-1.72,-10.13
08-SEP-2012,15.26,15.26,14.45,14.76,15.26,-0.5,-3.28
10-SEP-2012,14.76,15.46,14.76,15.27,14.76,0.51,3.46
11-SEP-2012,15.27,15.51,15.1,15.38,15.27,0.11,0.72
12-SEP-2012,15.38,15.66,14.64,15.04,15.38,-0.34,-2.21
13-SEP-2012,15.04,15.83,14.62,15.67,15.04,0.63,4.19
14-SEP-2012,15.67,15.67,13.86,15.38,15.67,-0.29,-1.85
17-SEP-2012,15.38,17.81,15.38,17.78,15.38,2.4,15.6
18-SEP-2012,17.78,18.09,16.17,17.83,17.78,0.05,0.28
20-SEP-2012,17.83,18.81,17.13,18.62,17.83,0.79,4.43
21-SEP-2012,18.62,19.45,17.09,18.93,18.62,0.31,1.66
24-SEP-2012,18.93,19.83,18.46,18.83,18.93,-0.1,-0.53
25-SEP-2012,18.83,18.83,17.11,17.11,18.83,-1.72,-9.13
26-SEP-2012,17.11,17.3,16.62,16.97,17.11,-0.14,-0.82
27-SEP-2012,16.97,17.09,15.73,16.91,16.97,-0.06,-0.35
28-SEP-2012,16.91,16.91,16.13,16.16,16.91,-0.75,-4.44
01-OCT-2012,16.16,16.77,15.99,16.34,16.16,0.18,1.11
03-OCT-2012,16.34,16.98,15.69,16.5,16.34,0.16,0.98
04-OCT-2012,16.5,16.62,15.59,16.44,16.5,-0.06,-0.36
05-OCT-2012,16.44,17.49,15.68,16.78,16.44,0.34,2.07
08-OCT-2012,16.78,17.59,16.17,17.17,16.78,0.39,2.32
09-OCT-2012,17.17,17.17,16.32,16.8,17.17,-0.37,-2.15
10-OCT-2012,16.8,17.16,16.5,16.83,16.8,0.03,0.18
11-OCT-2012,16.83,17.24,16.12,16.49,16.83,-0.34,-2.02
12-OCT-2012,16.49,16.82,15.37,16.49,16.49,0.0,0.0
15-OCT-2012,16.49,16.68,15.78,15.9,16.49,-0.59,-3.58
16-OCT-2012,15.9,15.9,14.82,15.57,15.9,-0.33,-2.08
17-OCT-2012,15.57,15.57,14.36,15.17,15.57,-0.4,-2.57
18-OCT-2012,15.17,15.17,14.15,14.76,15.17,-0.41,-2.7
19-OCT-2012,14.76,15.19,13.95,14.54,14.76,-0.22,-1.49
22-OCT-2012,14.34,14.37,12.87,13.04,14.34,-1.3,-9.07
23-OCT-2012,13.04,14.22,12.93,13.71,13.04,0.67,5.14
25-OCT-2012,13.71,14.55,13.4,13.52,13.71,-0.19,-1.39
26-OCT-2012,13.52,14.81,13.52,14.21,13.52,0.69,5.1
29-OCT-2012,14.21,15.37,14.21,15.12,14.21,0.91,6.4
30-OCT-2012,15.12,15.55,15.09,15.17,15.12,0.05,0.33
31-OCT-2012,15.17,15.18,14.31,14.4,15.17,-0.77,-5.08
01-NOV-2012,14.4,14.67,14.01,14.08,14.4,-0.32,-2.22
02-NOV-2012,14.08,14.08,13.25,13.66,14.08,-0.42,-2.98
05-NOV-2012,13.66,14.98,13.49,14.63,13.66,0.97,7.1
06-NOV-2012,14.63,15.64,13.83,15.21,14.63,0.58,3.96
07-NOV-2012,15.21,15.39,14.41,14.51,15.21,-0.7,-4.6
08-NOV-2012,14.51,14.57,13.86,14.22,14.51,-0.29,-2.0
09-NOV-2012,14.22,14.8,13.57,14.37,14.22,0.15,1.05
12-NOV-2012,14.37,15.11,13.75,14.86,14.37,0.49,3.41
13-NOV-2012,14.86,14.91,13.93,14.91,14.86,0.05,0.34
15-NOV-2012,14.91,16.36,13.85,15.53,14.91,0.62,4.16
16-NOV-2012,15.53,16.27,14.13,16.22,15.53,0.69,4.44
19-NOV-2012,16.22,17.22,14.71,16.68,16.22,0.46,2.84
20-NOV-2012,16.68,16.68,14.72,15.81,16.68,-0.87,-5.22
21-NOV-2012,15.81,16.03,14.82,15.46,15.81,-0.35,-2.21
22-NOV-2012,15.46,15.55,14.65,14.91,15.46,-0.55,-3.56
23-NOV-2012,14.91,15.01,13.42,14.68,14.91,-0.23,-1.54
26-NOV-2012,14.68,14.94,14.09,14.67,14.68,-0.01,-0.07
27-NOV-2012,14.67,14.68,13.39,13.96,14.67,-0.71,-4.84
29-NOV-2012,13.96,15.62,13.48,15.37,13.96,1.41,10.1
30-NOV-2012,15.37,15.38,14.06,15.15,15.37,-0.22,-1.43
03-DEC-2012,15.15,15.72,14.54,15.62,15.15,0.47,3.1
04-DEC-2012,15.62,16.17,14.62,15.91,15.62,0.29,1.86
05-DEC-2012,15.91,16.72,14.79,16.62,15.91,0.71,4.46
06-DEC-2012,16.62,16.62,15.02,15.24,16.62,-1.38,-8.3
07-DEC-2012,15.24,15.51,14.42,14.96,15.24,-0.28,-1.84
10-DEC-2012,14.96,14.96,14.22,14.51,14.96,-0.45,-3.01
11-DEC-2012,14.51,14.84,13.39,14.67,14.51,0.16,1.1
12-DEC-2012,14.67,14.67,13.4,14.51,14.67,-0.16,-1.09
13-DEC-2012,14.51,14.86,13.29,14.71,14.51,0.2,1.38
14-DEC-2012,14.71,14.83,13.43,14.23,14.71,-0.48,-3.26
17-DEC-2012,14.23,15.06,13.42,14.92,14.23,0.69,4.85
18-DEC-2012,14.92,14.92,14.07,14.44,14.92,-0.48,-3.22
19-DEC-2012,14.44,14.64,13.28,14.47,14.44,0.03,0.21
20-DEC-2012,14.47,14.9,13.77,14.32,14.47,-0.15,-1.04
21-DEC-2012,14.32,15.06,13.77,14.63,14.32,0.31,2.16
24-DEC-2012,14.63,15.15,14.15,14.49,14.63,-0.14,-0.96
26-DEC-2012,14.49,14.98,14.03,14.1,14.49,-0.39,-2.69
27-DEC-2012,14.1,14.34,13.62,13.74,14.1,-0.36,-2.55
28-DEC-2012,13.74,13.83,13.46,13.63,13.74,-0.11,-0.8
31-DEC-2012,13.63,14.97,13.63,14.95,13.63,1.32,9.68
01-JAN-2013,14.95,14.95,13.64,13.69,14.95,-1.26,-8.43
02-JAN-2013,13.69,13.91,12.99,13.71,13.69,0.02,0.15
03-JAN-2013,13.71,13.94,13.22,13.47,13.71,-0.24,-1.75
04-JAN-2013,13.47,13.63,13.28,13.37,13.47,-0.1,-0.74
07-JAN-2013,13.37,14.04,13.37,13.92,13.37,0.55,4.11
08-JAN-2013,13.92,14.06,13.21,13.27,13.92,-0.65,-4.67
09-JAN-2013,13.27,13.56,12.58,13.32,13.27,0.05,0.38
10-JAN-2013,13.32,13.63,12.85,13.27,13.32,-0.05,-0.38
11-JAN-2013,13.27,13.35,12.83,13.23,13.27,-0.04,-0.3
14-JAN-2013,13.23,14.02,13.22,13.7,13.23,0.47,3.55
15-JAN-2013,13.7,14.0,13.34,13.58,13.7,-0.12,-0.88
16-JAN-2013,13.58,14.14,13.06,13.99,13.58,0.41,3.02
17-JAN-2013,13.99,14.25,13.66,14.01,13.99,0.02,0.14
18-JAN-2013,14.01,14.26,13.25,13.89,14.01,-0.12,-0.86
21-JAN-2013,13.89,14.39,13.63,13.66,13.89,-0.23,-1.66
22-JAN-2013,13.66,14.06,12.9,13.89,13.66,0.23,1.68
23-JAN-2013,13.89,14.28,13.13,13.67,13.89,-0.22,-1.58
24-JAN-2013,13.67,14.55,12.84,14.46,13.67,0.79,5.78
25-JAN-2013,14.46,14.98,14.32,14.77,14.46,0.31,2.14
28-JAN-2013,14.77,15.49,14.41,15.17,14.77,0.4,2.71
29-JAN-2013,15.17,15.28,14.28,14.47,15.17,-0.7,-4.61
30-JAN-2013,14.47,14.68,14.05,14.38,14.47,-0.09,-0.62
31-JAN-2013,14.38,14.54,13.65,14.13,14.38,-0.25,-1.74
01-FEB-2013,14.13,14.18,13.76,13.76,14.13,-0.37,-2.62
04-FEB-2013,13.76,14.62,13.51,14.34,13.76,0.58,4.22
05-FEB-2013,14.34,14.83,14.11,14.61,14.34,0.27,1.88
06-FEB-2013,14.61,14.61,14.1,14.26,14.61,-0.35,-2.4
07-FEB-2013,14.26,14.89,13.56,14.89,14.26,0.63,4.42
08-FEB-2013,14.89,15.22,13.75,15.16,14.89,0.27,1.81
11-FEB-2013,15.16,15.74,14.96,15.65,15.16,0.49,3.23
12-FEB-2013,15.65,15.71,14.98,15.31,15.65,-0.34,-2.17
13-FEB-2013,15.31,15.31,14.47,15.14,15.31,-0.17,-1.11
14-FEB-2013,15.14,15.52,14.67,15.09,15.14,-0.05,-0.33
15-FEB-2013,15.09,15.49,14.13,15.24,15.09,0.15,0.99
18-FEB-2013,15.24,16.61,15.24,16.29,15.24,1.05,6.89
19-FEB-2013,16.29,16.5,15.48,15.81,16.29,-0.48,-2.95
20-FEB-2013,15.81,16.01,14.88,15.6,15.81,-0.21,-1.33
21-FEB-2013,15.6,17.25,15.25,16.94,15.6,1.34,8.59
22-FEB-2013,16.94,17.29,16.36,16.79,16.94,-0.15,-0.89
25-FEB-2013,16.79,17.33,16.61,16.73,16.79,-0.06,-0.36
26-FEB-2013,16.73,17.6,16.47,17.36,16.73,0.63,3.77
27-FEB-2013,17.36,17.36,16.11,16.23,17.36,-1.13,-6.51
28-FEB-2013,16.23,16.23,14.59,14.86,16.23,-1.37,-8.44
01-MAR-2013,14.86,15.09,13.93,14.06,14.86,-0.8,-5.38
04-MAR-2013,14.06,14.51,13.67,13.67,14.06,-0.39,-2.77
05-MAR-2013,13.67,13.74,13.22,13.39,13.67,-0.28,-2.05
06-MAR-2013,13.39,13.6,12.9,13.4,13.39,0.01,0.07
07-MAR-2013,13.4,13.62,12.83,13.07,13.4,-0.33,-2.46
08-MAR-2013,12.85,13.58,12.85,13.34,12.85,0.49,3.81
11-MAR-2013,13.34,14.32,13.12,14.25,13.34,0.91,6.82
12-MAR-2013,14.25,15.67,13.7,15.13,14.25,0.88,6.18
13-MAR-2013,15.13,16.43,14.69,16.2,15.13,1.07,7.07
14-MAR-2013,16.2,17.16,14.58,14.66,16.2,-1.54,-9.51
15-MAR-2013,14.66,15.29,14.19,15.16,14.66,0.5,3.41
18-MAR-2013,15.16,16.59,15.16,15.85,15.16,0.69,4.55
19-MAR-2013,15.85,17.84,14.83,16.71,15.85,0.86,5.43
20-MAR-2013,16.71,17.44,16.17,16.66,16.71,-0.05,-0.3
21-MAR-2013,16.66,17.24,15.9,16.51,16.66,-0.15,-0.9
22-MAR-2013,16.51,16.51,15.45,15.54,16.51,-0.97,-5.88
25-MAR-2013,15.54,16.36,14.92,16.36,15.54,0.82,5.28
26-MAR-2013,16.36,16.84,15.64,15.8,16.36,-0.56,-3.42
28-MAR-2013,15.8,16.2,15.22,15.22,15.8,-0.58,-3.67
01-APR-2013,15.22,15.85,14.8,14.85,15.22,-0.37,-2.43
02-APR-2013,14.85,15.09,14.1,14.1,14.85,-0.75,-5.05
03-APR-2013,14.1,15.06,13.84,14.87,14.1,0.77,5.46
04-APR-2013,14.87,16.08,14.8,15.85,14.87,0.98,6.59
05-APR-2013,15.85,16.47,15.23,16.16,15.85,0.31,1.96
08-APR-2013,15.67,16.96,15.67,16.77,15.67,1.1,7.02
09-APR-2013,15.82,17.26,15.82,16.82,15.82,1.0,6.32
10-APR-2013,16.82,17.43,16.03,16.49,16.82,-0.33,-1.96
11-APR-2013,16.49,17.59,15.99,16.97,16.49,0.48,2.91
12-APR-2013,16.97,17.26,16.33,16.45,16.97,-0.52,-3.06
15-APR-2013,16.45,17.07,16.24,16.61,16.45,0.16,0.97
16-APR-2013,16.61,16.8,16.04,16.25,16.61,-0.36,-2.17
17-APR-2013,16.25,16.58,15.76,16.36,16.25,0.11,0.68
18-APR-2013,16.36,16.49,15.21,15.36,16.36,-1.0,-6.11
22-APR-2013,15.36,17.25,15.36,16.22,15.36,0.86,5.6
23-APR-2013,16.22,16.45,14.63,15.07,16.22,-1.15,-7.09
25-APR-2013,15.07,15.58,13.87,14.2,15.07,-0.87,-5.77
26-APR-2013,14.6,14.6,13.84,13.88,14.6,-0.72,-4.93
29-APR-2013,13.88,14.72,13.88,14.33,13.88,0.45,3.24
30-APR-2013,14.33,15.64,13.81,15.1,14.33,0.77,5.37
02-MAY-2013,15.1,16.73,15.1,16.28,15.1,1.18,7.81
03-MAY-2013,16.28,16.55,15.43,15.55,16.28,-0.73,-4.48
06-MAY-2013,15.55,16.59,15.53,15.84,15.55,0.29,1.86
07-MAY-2013,15.84,16.53,15.56,16.5,15.84,0.66,4.17
08-MAY-2013,16.5,17.22,16.01,16.76,16.5,0.26,1.58
09-MAY-2013,16.76,17.15,16.53,16.6,16.76,-0.16,-0.95
10-MAY-2013,16.6,17.13,16.4,16.86,16.6,0.26,1.57
11-MAY-2013,16.86,16.89,15.85,16.84,16.86,-0.02,-0.12
13-MAY-2013,16.84,17.79,16.77,17.51,16.84,0.67,3.98
14-MAY-2013,16.53,17.7,16.53,17.17,16.53,0.64,3.87
15-MAY-2013,17.17,18.16,16.54,18.13,17.17,0.96,5.59
16-MAY-2013,18.13,18.52,17.46,17.74,18.13,-0.39,-2.15
17-MAY-2013,17.74,17.83,16.76,17.57,17.74,-0.17,-0.96
20-MAY-2013,17.57,17.99,17.3,17.71,17.57,0.14,0.8
21-MAY-2013,16.99,18.22,16.99,17.88,16.99,0.89,5.24
22-MAY-2013,17.88,18.03,16.95,17.72,17.88,-0.16,-0.89
23-MAY-2013,17.72,19.36,16.96,18.73,17.72,1.01,5.7
24-MAY-2013,18.73,18.8,17.61,17.7,18.73,-1.03,-5.5
27-MAY-2013,17.7,18.04,16.68,17.03,17.7,-0.67,-3.79
28-MAY-2013,17.03,17.62,16.63,17.12,17.03,0.09,0.53
29-MAY-2013,16.79,17.87,16.79,17.86,16.79,1.07,6.37
30-MAY-2013,17.86,17.86,15.84,16.04,17.86,-1.82,-10.19
31-MAY-2013,16.04,17.21,15.88,16.99,16.04,0.95,5.92
03-JUN-2013,16.99,17.92,16.99,17.29,16.99,0.3,1.77
04-JUN-2013,17.29,17.55,16.72,17.26,17.29,-0.03,-0.17
05-JUN-2013,16.79,17.5,16.78,16.78,16.79,-0.01,-0.06
06-JUN-2013,16.78,17.52,16.59,17.35,16.78,0.57,3.4
07-JUN-2013,17.35,17.51,16.78,17.35,17.35,0.0,0.0
10-JUN-2013,17.35,18.63,17.04,18.11,17.35,0.76,4.38
11-JUN-2013,17.41,19.59,17.41,19.49,17.41,2.08,11.95
12-JUN-2013,19.49,19.85,18.75,18.85,19.49,-0.64,-3.28
13-JUN-2013,18.85,19.77,17.76,19.44,18.85,0.59,3.13
14-JUN-2013,19.44,19.44,17.65,18.35,19.44,-1.09,-5.61
17-JUN-2013,18.28,19.35,18.13,18.18,18.28,-0.1,-0.55
18-JUN-2013,17.89,18.85,17.89,18.29,17.89,0.4,2.24
19-JUN-2013,18.29,18.68,17.75,18.46,18.29,0.17,0.93
20-JUN-2013,18.46,19.74,17.85,19.19,18.46,0.73,3.95
21-JUN-2013,19.19,19.73,18.19,19.03,19.19,-0.16,-0.83
24-JUN-2013,19.03,21.79,18.48,21.01,19.03,1.98,10.4
25-JUN-2013,21.01,22.11,20.33,21.14,21.01,0.13,0.62
26-JUN-2013,21.14,21.22,20.08,21.07,21.14,-0.07,-0.33
27-JUN-2013,21.07,21.07,18.62,18.85,21.07,-2.22,-10.54
28-JUN-2013,18.85,18.85,17.62,17.95,18.85,-0.9,-4.77
01-JUL-2013,17.95,18.72,17.95,18.09,17.95,0.14,0.78
02-JUL-2013,18.09,18.55,17.98,18.21,18.09,0.12,0.66
03-JUL-2013,18.21,19.13,17.81,18.91,18.21,0.7,3.84
04-JUL-2013,18.91,19.0,18.0,18.58,18.91,-0.33,-1.75
05-JUL-2013,18.58,19.01,17.75,18.67,18.58,0.09,0.48
08-JUL-2013,18.67,19.85,18.38,19.34,18.67,0.67,3.59
09-JUL-2013,19.34,19.53,18.41,19.32,19.34,-0.02,-0.1
10-JUL-2013,19.32,20.11,18.33,19.98,19.32,0.66,3.42
11-JUL-2013,19.98,19.98,18.13,18.89,19.98,-1.09,-5.46
12-JUL-2013,18.89,18.96,17.68,18.69,18.89,-0.2,-1.06
15-JUL-2013,18.69,19.54,17.63,18.79,18.69,0.1,0.54
16-JUL-2013,18.79,19.82,17.79,18.99,18.79,0.2,1.06
17-JUL-2013,18.99,19.59,17.76,19.36,18.99,0.37,1.95
18-JUL-2013,19.36,19.4,18.07,18.27,19.36,-1.09,-5.63
19-JUL-2013,18.27,18.28,17.71,18.13,18.27,-0.14,-0.77
22-JUL-2013,18.03,18.66,17.62,17.63,18.03,-0.4,-2.22
23-JUL-2013,17.63,17.63,16.43,16.72,17.63,-0.91,-5.16
24-JUL-2013,16.72,18.05,16.6,16.91,16.72,0.19,1.14
25-JUL-2013,16.98,17.09,16.18,16.72,16.98,-0.26,-1.53
26-JUL-2013,16.54,17.05,16.27,16.78,16.54,0.24,1.45
29-JUL-2013,16.78,18.42,16.78,18.25,16.78,1.47,8.76
30-JUL-2013,18.25,18.46,17.06,18.12,18.25,-0.13,-0.71
31-JUL-2013,18.12,19.29,18.12,18.77,18.12,0.65,3.59
01-AUG-2013,18.77,20.9,17.72,19.81,18.77,1.04,5.54
02-AUG-2013,19.81,21.22,19.0,20.89,19.81,1.08,5.45
05-AUG-2013,20.89,21.62,20.56,20.8,20.89,-0.09,-0.43
06-AUG-2013,20.8,22.75,20.32,22.73,20.8,1.93,9.28
07-AUG-2013,22.73,23.28,21.86,22.04,22.73,-0.69,-3.04
08-AUG-2013,22.04,22.04,20.59,21.19,22.04,-0.85,-3.86
12-AUG-2013,21.19,21.99,20.17,21.28,21.19,0.09,0.42
13-AUG-2013,20.26,21.11,19.07,19.26,20.26,-1.0,-4.94
14-AUG-2013,19.26,19.62,18.27,18.7,19.26,-0.56,-2.91
16-AUG-2013,18.7,24.76,18.07,23.64,18.7,4.94,26.42
19-AUG-2013,23.64,26.99,23.64,25.59,23.64,1.95,8.25
20-AUG-2013,25.59,27.43,24.86,27.23,25.59,1.64,6.41
21-AUG-2013,27.23,29.96,24.25,28.09,27.23,0.86,3.16
22-AUG-2013,28.09,29.86,27.99,27.68,28.09,-0.41,-1.46
23-AUG-2013,27.68,27.84,25.34,25.75,27.68,-1.93,-6.97
26-AUG-2013,25.75,27.43,24.72,26.38,25.75,0.63,2.45
27-AUG-2013,26.38,30.04,25.97,29.42,26.38,3.04,11.52
28-AUG-2013,29.42,36.02,29.42,32.38,29.42,2.96,10.06
29-AUG-2013,32.38,32.44,28.83,29.41,32.38,-2.97,-9.17
30-AUG-2013,29.41,30.31,27.11,27.81,29.41,-1.6,-5.44
02-SEP-2013,27.81,28.55,26.97,27.55,27.81,-0.26,-0.93
03-SEP-2013,27.55,32.66,26.76,32.49,27.55,4.94,17.93
04-SEP-2013,32.49,33.02,30.83,31.11,32.49,-1.38,-4.25
05-SEP-2013,31.11,31.11,27.51,28.53,31.11,-2.58,-8.29
06-SEP-2013,28.53,29.28,27.63,28.65,28.53,0.12,0.42
10-SEP-2013,28.65,29.52,27.09,29.44,28.65,0.79,2.76
11-SEP-2013,29.44,31.16,28.48,29.75,29.44,0.31,1.05
12-SEP-2013,29.75,30.8,26.7,29.71,29.75,-0.04,-0.13
13-SEP-2013,29.71,29.71,28.17,28.29,29.71,-1.42,-4.78
16-SEP-2013,28.29,29.67,25.9,28.82,28.29,0.53,1.87
17-SEP-2013,28.82,29.58,27.6,27.93,28.82,-0.89,-3.09
18-SEP-2013,27.93,28.49,26.99,27.69,27.93,-0.24,-0.86
19-SEP-2013,23.62,25.36,23.56,24.5,23.62,0.88,3.73
20-SEP-2013,24.5,26.18,23.4,24.73,24.5,0.23,0.94
23-SEP-2013,24.73,27.24,24.73,27.02,24.73,2.29,9.26
24-SEP-2013,27.02,28.49,26.27,26.72,27.02,-0.3,-1.11
25-SEP-2013,26.72,27.05,25.05,25.68,26.72,-1.04,-3.89
26-SEP-2013,25.68,25.8,23.57,24.0,25.68,-1.68,-6.54
27-SEP-2013,24.0,25.24,23.36,24.06,24.0,0.06,0.25
30-SEP-2013,25.0,26.65,24.91,26.65,25.0,1.65,6.6
01-OCT-2013,26.65,28.02,25.74,25.77,26.65,-0.88,-3.3
03-OCT-2013,25.77,25.89,24.93,25.17,25.77,-0.6,-2.33
04-OCT-2013,24.5,26.74,24.5,26.13,24.5,1.63,6.65
07-OCT-2013,26.13,27.93,26.13,26.83,26.13,0.7,2.68
08-OCT-2013,26.83,27.38,24.65,26.55,26.83,-0.28,-1.04
09-OCT-2013,26.03,27.16,25.75,25.87,26.03,-0.16,-0.61
10-OCT-2013,25.87,26.95,25.02,25.88,25.87,0.01,0.04
11-OCT-2013,23.08,25.42,23.08,23.59,23.08,0.51,2.21
14-OCT-2013,23.59,24.42,22.72,22.85,23.59,-0.74,-3.14
15-OCT-2013,22.85,23.99,20.91,23.24,22.85,0.39,1.71
17-OCT-2013,23.24,23.24,21.02,21.06,23.24,-2.18,-9.38
18-OCT-2013,21.06,21.06,19.32,20.12,21.06,-0.94,-4.46
21-OCT-2013,19.16,21.1,19.16,20.18,19.16,1.02,5.32
22-OCT-2013,20.18,20.43,19.21,19.96,20.18,-0.22,-1.09
23-OCT-2013,19.96,20.79,18.76,20.35,19.96,0.39,1.95
24-OCT-2013,20.35,21.27,19.2,20.64,20.35,0.29,1.43
25-OCT-2013,20.64,21.04,19.87,20.42,20.64,-0.22,-1.07
28-OCT-2013,20.42,21.56,20.11,21.29,20.42,0.87,4.26
29-OCT-2013,21.29,21.54,19.6,19.76,21.29,-1.53,-7.19
30-OCT-2013,19.76,20.06,18.84,19.53,19.76,-0.23,-1.16
31-OCT-2013,19.53,19.75,18.21,18.39,19.53,-1.14,-5.84
01-NOV-2013,18.39,19.39,17.86,18.64,18.39,0.25,1.36
03-NOV-2013,18.64,19.53,18.24,19.49,18.64,0.85,4.56
05-NOV-2013,19.49,20.26,19.28,19.94,19.49,0.45,2.31
06-NOV-2013,19.94,20.46,18.55,20.25,19.94,0.31,1.55
07-NOV-2013,20.25,20.63,19.62,19.87,20.25,-0.38,-1.88
08-NOV-2013,19.87,20.49,19.16,19.64,19.87,-0.23,-1.16
11-NOV-2013,19.64,20.71,19.32,19.98,19.64,0.34,1.73
12-NOV-2013,19.98,20.86,18.73,20.86,19.98,0.88,4.4
13-NOV-2013,20.86,21.12,20.15,20.45,20.86,-0.41,-1.97
14-NOV-2013,18.62,19.6,18.58,19.26,18.62,0.64,3.44
18-NOV-2013,19.26,19.55,17.48,18.82,19.26,-0.44,-2.28
19-NOV-2013,17.7,19.39,17.7,19.3,17.7,1.6,9.04
20-NOV-2013,19.3,20.88,18.24,20.83,19.3,1.53,7.93
21-NOV-2013,20.83,22.36,19.76,21.14,20.83,0.31,1.49
22-NOV-2013,21.14,21.32,19.97,20.04,21.14,-1.1,-5.2
25-NOV-2013,20.04,21.27,19.49,21.05,20.04,1.01,5.04
26-NOV-2013,21.05,22.01,20.3,21.59,21.05,0.54,2.57
27-NOV-2013,21.59,22.01,20.54,21.14,21.59,-0.45,-2.08
28-NOV-2013,20.18,20.91,20.18,20.71,20.18,0.53,2.63
29-NOV-2013,20.37,21.53,20.25,21.38,20.37,1.01,4.96
02-DEC-2013,21.38,23.36,21.3,23.36,21.38,1.98,9.26
03-DEC-2013,23.36,25.09,22.96,24.72,23.36,1.36,5.82
04-DEC-2013,24.72,25.45,23.34,23.71,24.72,-1.01,-4.09
05-DEC-2013,20.58,22.07,20.08,21.68,20.58,1.1,5.34
06-DEC-2013,21.68,22.36,21.08,22.21,21.68,0.53,2.44
09-DEC-2013,22.21,22.21,18.09,19.16,22.21,-3.05,-13.73
10-DEC-2013,19.16,19.16,17.96,17.98,19.16,-1.18,-6.16
11-DEC-2013,17.98,18.53,17.08,17.54,17.98,-0.44,-2.45
12-DEC-2013,17.03,17.93,17.03,17.74,17.03,0.71,4.17
13-DEC-2013,16.79,18.0,16.79,17.84,16.79,1.05,6.25
16-DEC-2013,17.84,18.76,17.54,18.36,17.84,0.52,2.91
17-DEC-2013,18.36,18.61,17.13,18.33,18.36,-0.03,-0.16
18-DEC-2013,18.33,18.46,17.06,17.54,18.33,-0.79,-4.31
19-DEC-2013,17.54,17.54,15.63,16.58,17.54,-0.96,-5.47
20-DEC-2013,16.58,16.72,15.51,16.02,16.58,-0.56,-3.38
23-DEC-2013,16.02,17.13,15.91,16.26,16.02,0.24,1.5
24-DEC-2013,16.26,16.94,15.52,15.58,16.26,-0.68,-4.18
26-DEC-2013,15.58,16.27,14.62,14.88,15.58,-0.7,-4.49
27-DEC-2013,14.88,15.51,14.62,14.66,14.88,-0.22,-1.48
30-DEC-2013,14.66,15.52,14.66,15.08,14.66,0.42,2.86
31-DEC-2013,15.08,15.44,14.75,15.12,15.08,0.04,0.27
01-JAN-2014,15.12,15.58,15.1,15.58,15.12,0.46,3.04
02-JAN-2014,15.58,16.97,15.33,16.55,15.58,0.97,6.23
03-JAN-2014,16.55,17.32,15.79,15.87,16.55,-0.68,-4.11
06-JAN-2014,15.87,16.91,15.87,16.5,15.87,0.63,3.97
07-JAN-2014,16.5,16.91,16.1,16.32,16.5,-0.18,-1.09
08-JAN-2014,16.32,16.48,15.82,16.32,16.32,0.0,0.0
09-JAN-2014,16.32,16.64,15.9,16.18,16.32,-0.14,-0.86
10-JAN-2014,16.18,16.37,15.02,15.58,16.18,-0.6,-3.71
13-JAN-2014,15.58,16.03,14.61,15.95,15.58,0.37,2.37
14-JAN-2014,15.95,16.27,15.13,15.74,15.95,-0.21,-1.32
15-JAN-2014,15.74,15.88,14.7,15.42,15.74,-0.32,-2.03
16-JAN-2014,15.42,15.82,14.4,15.54,15.42,0.12,0.78
17-JAN-2014,15.54,15.83,14.1,15.41,15.54,-0.13,-0.84
20-JAN-2014,15.41,16.07,14.77,15.35,15.41,-0.06,-0.39
21-JAN-2014,15.35,15.71,13.88,15.55,15.35,0.2,1.3
22-JAN-2014,15.55,15.87,14.92,15.85,15.55,0.3,1.93
23-JAN-2014,15.85,16.03,15.14,15.58,15.85,-0.27,-1.7
24-JAN-2014,15.58,16.18,15.24,15.83,15.58,0.25,1.6
27-JAN-2014,15.83,18.67,15.83,18.67,15.83,2.84,17.94
28-JAN-2014,18.67,18.72,17.61,17.72,18.67,-0.95,-5.09
29-JAN-2014,17.72,18.15,16.73,18.04,17.72,0.32,1.81
30-JAN-2014,18.04,18.34,17.07,17.25,18.04,-0.79,-4.38
31-JAN-2014,17.25,17.33,16.64,16.82,17.25,-0.43,-2.49
03-FEB-2014,16.82,18.34,16.82,18.27,16.82,1.45,8.62
04-FEB-2014,18.27,19.82,18.05,18.69,18.27,0.42,2.3
05-FEB-2014,18.69,20.09,17.74,18.93,18.69,0.24,1.28
06-FEB-2014,18.93,20.23,18.0,18.94,18.93,0.01,0.05
07-FEB-2014,18.94,19.11,17.7,18.55,18.94,-0.39,-2.06
10-FEB-2014,18.55,19.2,17.58,19.05,18.55,0.5,2.7
11-FEB-2014,19.05,19.05,17.4,18.63,19.05,-0.42,-2.2
12-FEB-2014,18.63,18.63,16.12,17.43,18.63,-1.2,-6.44
13-FEB-2014,17.43,17.96,15.22,17.8,17.43,0.37,2.12
14-FEB-2014,17.8,17.83,15.61,16.66,17.8,-1.14,-6.4
17-FEB-2014,16.66,17.02,15.54,15.83,16.66,-0.83,-4.98
18-FEB-2014,15.83,15.83,13.68,15.41,15.83,-0.42,-2.65
19-FEB-2014,15.41,15.41,14.05,15.07,15.41,-0.34,-2.21
20-FEB-2014,15.07,15.72,14.27,15.16,15.07,0.09,0.6
21-FEB-2014,15.16,15.16,13.88,14.04,15.16,-1.12,-7.39
24-FEB-2014,14.04,14.8275,13.685,14.3575,14.04,0.32,2.26
25-FEB-2014,14.3575,14.3575,13.5325,13.95,14.3575,-0.41,-2.84
26-FEB-2014,13.95,14.195,13.2375,13.955,13.95,0.01,0.04
28-FEB-2014,13.955,14.87,13.545,14.1775,13.955,0.22,1.59
03-MAR-2014,14.1775,15.7325,13.9425,15.2825,14.1775,1.11,7.79
04-MAR-2014,15.2825,15.3675,13.9275,14.3925,15.2825,-0.89,-5.82
05-MAR-2014,14.3925,14.4325,13.335,13.8425,14.3925,-0.55,-3.82
06-MAR-2014,13.8425,14.6425,12.5,14.475,13.8425,0.63,4.57
07-MAR-2014,14.475,16.905,13.2625,16.72,14.475,2.25,15.51
10-MAR-2014,16.72,17.9875,15.95,17.7775,16.72,1.06,6.32
11-MAR-2014,17.7775,17.9225,14.2675,17.325,17.7775,-0.45,-2.55
12-MAR-2014,17.325,17.44,16.0875,17.04,17.325,-0.29,-1.65
13-MAR-2014,17.04,17.0825,14.65,16.82,17.04,-0.22,-1.29
14-MAR-2014,16.82,17.2875,14.2875,16.4475,16.82,-0.37,-2.21
18-MAR-2014,16.4475,17.555,15.73,17.1275,16.4475,0.68,4.13
19-MAR-2014,17.1275,17.325,15.6675,16.8825,17.1275,-0.25,-1.43
20-MAR-2014,16.8825,17.145,15.4125,16.91,16.8825,0.03,0.16
21-MAR-2014,16.91,16.91,14.3875,16.185,16.91,-0.73,-4.29
22-MAR-2014,16.185,16.185,13.135,15.875,16.185,-0.31,-1.92
24-MAR-2014,15.875,17.2,15.235,16.5375,15.875,0.66,4.17
25-MAR-2014,16.5375,17.1275,15.415,16.92,16.5375,0.38,2.31
26-MAR-2014,16.92,18.2525,15.72,17.765,16.92,0.85,4.99
27-MAR-2014,17.765,18.725,17.235,18.3725,17.765,0.61,3.42
28-MAR-2014,18.3725,19.15,17.095,18.63,18.3725,0.26,1.4
31-MAR-2014,18.63,21.8,17.49,21.6225,18.63,2.99,16.06
01-APR-2014,21.6225,21.6725,19.5425,20.685,21.6225,-0.94,-4.34
02-APR-2014,20.685,21.295,16.8575,21.2125,20.685,0.53,2.55
03-APR-2014,21.2125,22.3125,17.3075,22.1075,21.2125,0.9,4.22
04-APR-2014,22.1075,22.83,16.6675,22.6875,22.1075,0.58,2.62
07-APR-2014,22.6875,25.49,17.6925,24.9525,22.6875,2.27,9.98
09-APR-2014,24.9525,27.0875,22.3925,26.9125,24.9525,1.96,7.85
10-APR-2014,26.9125,29.71,21.11,28.7175,26.9125,1.81,6.71
11-APR-2014,28.7175,29.48,20.825,29.185,28.7175,0.47,1.63
15-APR-2014,29.185,32.62,22.8725,31.875,29.185,2.69,9.22
16-APR-2014,31.875,32.0775,21.675,31.16,31.875,-0.72,-2.24
17-APR-2014,31.16,31.33,21.645,30.8525,31.16,-0.31,-0.99
21-APR-2014,30.8525,38.0425,30.8525,34.385,30.8525,3.53,11.45
22-APR-2014,34.385,37.23,32.94,33.355,34.385,-1.03,-3.0
23-APR-2014,33.355,34.25,28.07,31.1325,33.355,-2.22,-6.66
25-APR-2014,31.1325,32.98,30.115,30.68,31.1325,-0.45,-1.45
28-APR-2014,30.68,31.925,30.5025,31.385,30.68,0.71,2.3
29-APR-2014,31.385,32.435,30.4925,31.05,31.385,-0.34,-1.07
30-APR-2014,31.05,31.4625,30.025,30.5925,31.05,-0.46,-1.47
02-MAY-2014,30.5925,33.4225,29.1825,33.055,30.5925,2.46,8.05
05-MAY-2014,33.055,35.305,30.9875,34.1875,33.055,1.13,3.43
06-MAY-2014,34.1875,34.3025,31.365,33.2675,34.1875,-0.92,-2.69
07-MAY-2014,33.2675,34.455,30.3125,33.6125,33.2675,0.35,1.04
08-MAY-2014,33.6125,35.01,29.61,34.3,33.6125,0.69,2.05
09-MAY-2014,34.3,38.9575,32.6775,37.705,34.3,3.41,9.93
12-MAY-2014,37.705,39.3,33.815,37.105,37.705,-0.6,-1.59
13-MAY-2014,37.105,37.105,28.245,32.0475,37.105,-5.06,-13.63
14-MAY-2014,32.0475,32.995,28.61,32.42,32.0475,0.37,1.16
15-MAY-2014,32.42,37.48,31.1375,36.765,32.42,4.35,13.4
16-MAY-2014,36.765,36.765,21.7375,24.2925,36.765,-12.47,-33.92
19-MAY-2014,24.2925,24.2925,19.62,20.63,24.2925,-3.66,-15.08
20-MAY-2014,20.63,21.13,16.17,19.2325,20.63,-1.4,-6.77
21-MAY-2014,19.2325,19.2325,14.5575,17.91,19.2325,-1.32,-6.88
22-MAY-2014,17.91,18.6825,14.7575,17.835,17.91,-0.08,-0.42
23-MAY-2014,17.835,18.1025,13.9675,17.705,17.835,-0.13,-0.73
26-MAY-2014,17.705,20.5975,14.59,19.84,17.705,2.14,12.06
27-MAY-2014,19.84,21.415,17.775,19.1,19.84,-0.74,-3.73
28-MAY-2014,19.1,19.5575,17.3375,17.5575,19.1,-1.54,-8.08
29-MAY-2014,17.5575,17.775,16.17,16.69,17.5575,-0.87,-4.94
30-MAY-2014,16.69,16.9475,15.8725,16.335,16.69,-0.36,-2.13
02-JUN-2014,16.335,17.1025,15.7125,16.4975,16.335,0.16,0.99
03-JUN-2014,16.4975,16.895,15.1625,15.795,16.4975,-0.7,-4.26
04-JUN-2014,15.795,15.92,14.4425,15.565,15.795,-0.23,-1.46
05-JUN-2014,15.565,16.0425,14.125,15.4475,15.565,-0.12,-0.75
06-JUN-2014,15.4475,16.455,13.7425,15.9825,15.4475,0.54,3.46
09-JUN-2014,15.9825,17.4225,14.6325,17.095,15.9825,1.11,6.96
10-JUN-2014,17.095,18.125,14.385,16.6625,17.095,-0.43,-2.53
11-JUN-2014,16.6625,17.5,14.0025,17.06,16.6625,0.4,2.39
12-JUN-2014,17.06,17.4825,15.69,16.9025,17.06,-0.16,-0.92
13-JUN-2014,16.9025,17.9625,14.5175,17.7625,16.9025,0.86,5.09
16-JUN-2014,17.7625,18.535,15.255,17.9825,17.7625,0.22,1.24
17-JUN-2014,17.9825,18.4775,16.605,17.695,17.9825,-0.29,-1.6
18-JUN-2014,17.695,19.135,14.55,18.58,17.695,0.89,5.0
19-JUN-2014,18.58,19.375,16.9575,18.7425,18.58,0.16,0.87
20-JUN-2014,18.7425,19.245,15.5925,18.8475,18.7425,0.11,0.56
23-JUN-2014,18.8475,19.535,17.815,18.9625,18.8475,0.12,0.61
24-JUN-2014,18.9625,20.605,18.68,19.1875,18.9625,0.23,1.19
25-JUN-2014,19.1875,20.1175,18.105,18.3125,19.1875,-0.88,-4.56
26-JUN-2014,18.3125,18.4975,17.1025,17.7025,18.3125,-0.61,-3.33
27-JUN-2014,17.7025,18.37,17.375,17.6275,17.7025,-0.08,-0.42
30-JUN-2014,17.6275,18.4525,17.5925,17.8725,17.6275,0.25,1.39
01-JUL-2014,17.8725,18.15,17.24,17.6625,17.8725,-0.21,-1.17
02-JUL-2014,17.6625,17.79,17.09,17.57,17.6625,-0.09,-0.52
03-JUL-2014,17.57,18.2625,17.2325,17.805,17.57,0.24,1.34
04-JUL-2014,17.805,18.685,17.06,18.155,17.805,0.35,1.97
07-JUL-2014,18.155,19.575,17.5525,19.4075,18.155,1.25,6.9
08-JUL-2014,19.4075,19.9475,18.155,19.18,19.4075,-0.23,-1.17
09-JUL-2014,19.18,19.305,18.01,18.1875,19.18,-0.99,-5.17
10-JUL-2014,18.1875,18.1875,15.41,15.965,18.1875,-2.22,-12.22
11-JUL-2014,15.965,16.0225,14.845,15.7225,15.965,-0.24,-1.52
14-JUL-2014,15.7225,16.7075,14.9825,15.5625,15.7225,-0.16,-1.02
15-JUL-2014,15.5625,15.5625,13.8425,14.7675,15.5625,-0.8,-5.11
16-JUL-2014,14.7675,15.0825,13.815,14.73,14.7675,-0.04,-0.25
17-JUL-2014,14.73,15.18,11.9425,14.965,14.73,0.24,1.6
18-JUL-2014,14.965,15.5275,12.9775,15.095,14.965,0.13,0.87
21-JUL-2014,15.095,15.505,13.625,14.8975,15.095,-0.2,-1.31
22-JUL-2014,14.8975,14.8975,12.2475,14.64,14.8975,-0.26,-1.73
23-JUL-2014,14.64,15.095,12.465,14.69,14.64,0.05,0.34
24-JUL-2014,14.69,15.1475,12.4375,14.72,14.69,0.03,0.2
25-JUL-2014,14.72,14.9975,12.7775,14.22,14.72,-0.5,-3.4
28-JUL-2014,14.22,15.1,14.105,14.3225,14.22,0.1,0.72
30-JUL-2014,14.3225,14.76,13.6925,13.8875,14.3225,-0.44,-3.04
31-JUL-2014,13.8875,14.0675,13.125,13.8225,13.8875,-0.07,-0.47
01-AUG-2014,13.8225,15.38,13.7125,15.22,13.8225,1.4,10.11
04-AUG-2014,15.22,15.4725,14.3075,14.815,15.22,-0.41,-2.66
05-AUG-2014,14.815,14.815,13.6675,13.9475,14.815,-0.87,-5.86
06-AUG-2014,13.9475,14.565,12.9175,14.2975,13.9475,0.35,2.51
07-AUG-2014,14.2975,14.455,13.02,14.1375,14.2975,-0.16,-1.12
08-AUG-2014,14.1375,15.18,13.025,14.6175,14.1375,0.48,3.4
11-AUG-2014,14.6175,14.7625,13.4825,13.9975,14.6175,-0.62,-4.24
12-AUG-2014,13.9975,14.4275,12.33,13.4675,13.9975,-0.53,-3.79
13-AUG-2014,13.4675,14.0875,12.72,13.7625,13.4675,0.3,2.19
14-AUG-2014,13.7625,13.7625,11.8375,13.22,13.7625,-0.54,-3.94
18-AUG-2014,13.22,14.195,11.9775,13.5025,13.22,0.28,2.14
19-AUG-2014,13.5025,14.2075,11.945,13.905,13.5025,0.4,2.98
20-AUG-2014,13.905,14.33,12.4575,13.66,13.905,-0.25,-1.76
21-AUG-2014,13.66,14.36,12.0075,13.7325,13.66,0.07,0.53
22-AUG-2014,13.7325,13.9725,12.2025,13.62,13.7325,-0.11,-0.82
25-AUG-2014,13.62,14.165,12.0075,13.7875,13.62,0.17,1.23
26-AUG-2014,13.7875,14.52,13.28,13.9025,13.7875,0.12,0.83
27-AUG-2014,13.9025,13.9025,12.7425,13.0625,13.9025,-0.84,-6.04
28-AUG-2014,13.0625,14.345,12.325,13.0675,13.0625,0.01,0.04
01-SEP-2014,13.0675,13.675,12.8575,13.53,13.0675,0.46,3.54
02-SEP-2014,13.53,13.91,12.485,13.4475,13.53,-0.08,-0.61
03-SEP-2014,13.4475,13.9525,12.5675,13.3925,13.4475,-0.06,-0.41
04-SEP-2014,13.3925,13.615,12.3975,13.0775,13.3925,-0.32,-2.35
05-SEP-2014,13.0775,13.3075,12.305,12.935,13.0775,-0.14,-1.09
08-SEP-2014,12.935,13.0725,12.1775,12.7925,12.935,-0.14,-1.1
09-SEP-2014,12.7925,13.0425,11.0125,12.7575,12.7925,-0.04,-0.27
10-SEP-2014,12.7575,13.11,11.805,12.93,12.7575,0.17,1.35
11-SEP-2014,12.93,13.14,11.815,12.5175,12.93,-0.41,-3.19
12-SEP-2014,12.5175,12.62,11.3975,12.365,12.5175,-0.15,-1.22
15-SEP-2014,12.365,13.3625,12.0375,13.255,12.365,0.89,7.2
16-SEP-2014,13.255,13.7325,12.0475,13.2825,13.255,0.03,0.21
17-SEP-2014,13.2825,13.2825,11.2625,12.9475,13.2825,-0.34,-2.52
18-SEP-2014,12.9475,12.9475,11.05,12.325,12.9475,-0.62,-4.81
19-SEP-2014,12.325,12.4025,11.3825,11.8875,12.325,-0.44,-3.55
22-SEP-2014,11.8875,12.4375,10.315,11.565,11.8875,-0.32,-2.71
23-SEP-2014,11.565,12.8725,11.08,12.41,11.565,0.85,7.31
24-SEP-2014,12.41,13.515,11.8875,12.535,12.41,0.13,1.01
25-SEP-2014,12.535,13.8825,11.58,13.2975,12.535,0.76,6.08
26-SEP-2014,13.2975,14.8325,12.5375,12.9275,13.2975,-0.37,-2.78
29-SEP-2014,12.9275,14.2275,12.7675,13.385,12.9275,0.46,3.54
30-SEP-2014,13.385,13.5675,12.7225,13.145,13.385,-0.24,-1.79
01-OCT-2014,13.145,13.4775,12.8325,13.0,13.145,-0.15,-1.1
07-OCT-2014,13.0,14.57,13.0,14.4625,13.0,1.46,11.25
08-OCT-2014,14.4625,14.8475,13.675,14.1125,14.4625,-0.35,-2.42
09-OCT-2014,14.1125,14.1125,12.7475,13.155,14.1125,-0.96,-6.78
10-OCT-2014,13.155,14.455,12.445,14.33,13.155,1.18,8.93
13-OCT-2014,14.33,15.23,14.0725,14.5,14.33,0.17,1.19
14-OCT-2014,14.5,15.3025,12.9325,14.5925,14.5,0.09,0.64
16-OCT-2014,14.5925,16.885,14.32,16.4325,14.5925,1.84,12.61
17-OCT-2014,16.4325,16.855,14.7375,16.4,16.4325,-0.03,-0.2
20-OCT-2014,16.4,16.4,12.94,14.19,16.4,-2.21,-13.48
21-OCT-2014,14.19,14.19,11.98,13.33,14.19,-0.86,-6.06
22-OCT-2014,13.33,13.33,12.04,13.03,13.33,-0.3,-2.25
23-OCT-2014,13.03,13.115,11.845,12.8625,13.03,-0.17,-1.29
27-OCT-2014,12.8625,13.795,11.9225,13.515,12.8625,0.65,5.07
28-OCT-2014,13.515,13.655,12.035,13.3225,13.515,-0.19,-1.42
29-OCT-2014,13.3225,13.595,12.54,13.005,13.3225,-0.32,-2.38
30-OCT-2014,13.005,13.4575,11.7625,13.265,13.005,0.26,2.0
31-OCT-2014,13.265,13.76,12.215,13.295,13.265,0.03,0.23
03-NOV-2014,13.295,13.945,12.455,13.7375,13.295,0.44,3.33
05-NOV-2014,13.7375,14.32,12.49,13.755,13.7375,0.02,0.13
07-NOV-2014,13.755,14.7025,13.1225,14.11,13.755,0.36,2.58
10-NOV-2014,14.11,17.21,12.975,13.93,14.11,-0.18,-1.28
11-NOV-2014,13.93,15.485,12.72,14.8,13.93,0.87,6.25
12-NOV-2014,14.8,14.8,12.5875,14.435,14.8,-0.37,-2.47
13-NOV-2014,14.435,14.435,12.7125,13.8,14.435,-0.64,-4.4
14-NOV-2014,13.8,14.2,11.3825,13.9725,13.8,0.17,1.25
17-NOV-2014,13.9725,14.91,11.48,14.41,13.9725,0.44,3.13
18-NOV-2014,14.41,14.905,10.84,14.065,14.41,-0.35,-2.39
19-NOV-2014,14.065,14.6325,10.245,14.345,14.065,0.28,1.99
20-NOV-2014,14.345,14.355,11.905,14.165,14.345,-0.18,-1.25
21-NOV-2014,14.165,15.145,11.05,13.8525,14.165,-0.31,-2.21
24-NOV-2014,13.8525,13.8525,9.3475,13.0175,13.8525,-0.84,-6.03
25-NOV-2014,13.0175,14.2475,11.4525,13.525,13.0175,0.51,3.9
26-NOV-2014,13.525,13.5375,10.6075,12.985,13.525,-0.54,-3.99
27-NOV-2014,12.985,13.1175,11.65,12.7425,12.985,-0.24,-1.87
28-NOV-2014,12.7425,13.125,11.595,12.8975,12.7425,0.16,1.22
01-DEC-2014,12.8975,13.615,12.1975,13.2025,12.8975,0.31,2.36
02-DEC-2014,13.2025,13.3325,12.205,12.395,13.2025,-0.81,-6.12
03-DEC-2014,12.395,12.6075,11.2875,12.3675,12.395,-0.03,-0.22
04-DEC-2014,12.3675,12.635,10.715,12.445,12.3675,0.08,0.63
05-DEC-2014,12.445,12.445,11.325,11.95,12.445,-0.5,-3.98
08-DEC-2014,11.95,12.6525,11.2275,12.2075,11.95,0.26,2.15
09-DEC-2014,12.2075,13.0825,10.8225,12.495,12.2075,0.29,2.36
10-DEC-2014,12.495,12.965,11.5725,12.2425,12.495,-0.25,-2.02
11-DEC-2014,12.2425,12.9025,11.1875,12.7725,12.2425,0.53,4.33
12-DEC-2014,12.7725,13.91,11.5325,13.7525,12.7725,0.98,7.67
15-DEC-2014,13.7525,14.3275,12.565,14.02,13.7525,0.27,1.95
16-DEC-2014,14.02,16.555,12.5725,16.3075,14.02,2.29,16.32
17-DEC-2014,16.3075,19.0625,14.195,16.925,16.3075,0.62,3.79
18-DEC-2014,16.925,16.925,13.9725,14.5975,16.925,-2.33,-13.75
19-DEC-2014,14.5975,14.775,11.845,14.51,14.5975,-0.09,-0.6
22-DEC-2014,14.51,15.5775,14.0225,14.21,14.51,-0.3,-2.07
23-DEC-2014,14.21,16.115,13.5475,15.2975,14.21,1.09,7.65
24-DEC-2014,15.2975,15.6125,14.3,15.07,15.2975,-0.23,-1.49
26-DEC-2014,15.07,16.355,14.3975,14.645,15.07,-0.43,-2.82
29-DEC-2014,14.645,15.0425,14.2175,14.5825,14.645,-0.06,-0.43
30-DEC-2014,14.5825,15.2225,14.1425,14.8625,14.5825,0.28,1.92
31-DEC-2014,14.8625,15.4025,14.6025,15.12,14.8625,0.26,1.73
01-JAN-2015,15.12,15.5075,14.755,15.025,15.12,-0.1,-0.63
02-JAN-2015,15.025,15.025,13.4825,13.795,15.025,-1.23,-8.19
05-JAN-2015,13.795,14.405,13.1525,14.1525,13.795,0.36,2.59
06-JAN-2015,14.1525,17.87,13.4575,17.42,14.1525,3.27,23.09
07-JAN-2015,17.42,19.07,16.5025,18.14,17.42,0.72,4.13
08-JAN-2015,18.14,18.14,15.3825,16.4725,18.14,-1.67,-9.19
09-JAN-2015,16.4725,16.9075,14.4625,15.955,16.4725,-0.52,-3.14
12-JAN-2015,15.955,17.5475,14.3725,16.11,15.955,0.16,0.97
13-JAN-2015,16.11,16.81,14.5725,16.4825,16.11,0.37,2.31
14-JAN-2015,16.4825,17.795,14.66,17.2475,16.4825,0.77,4.64
15-JAN-2015,17.2475,17.2475,13.825,16.16,17.2475,-1.09,-6.31
16-JAN-2015,16.16,17.4975,14.86,17.275,16.16,1.12,6.9
19-JAN-2015,17.275,18.29,14.555,17.65,17.275,0.38,2.17
20-JAN-2015,17.65,17.65,15.715,17.2725,17.65,-0.38,-2.14
21-JAN-2015,17.2725,18.1425,14.33,17.7125,17.2725,0.44,2.55
22-JAN-2015,17.7125,18.7625,14.205,18.565,17.7125,0.85,4.81
23-JAN-2015,18.565,18.74,13.46,17.885,18.565,-0.68,-3.66
27-JAN-2015,17.885,18.685,16.7775,18.085,17.885,0.2,1.12
28-JAN-2015,18.085,20.145,17.62,19.77,18.085,1.69,9.32
29-JAN-2015,19.77,20.5675,17.7025,19.4325,19.77,-0.34,-1.71
30-JAN-2015,19.4325,21.21,18.325,20.1725,19.4325,0.74,3.81
02-FEB-2015,20.1725,21.365,19.855,20.405,20.1725,0.23,1.15
03-FEB-2015,20.405,20.48,19.0025,19.8075,20.405,-0.6,-2.93
04-FEB-2015,19.8075,20.2925,17.9725,20.05,19.8075,0.24,1.22
05-FEB-2015,20.05,20.89,18.26,20.615,20.05,0.57,2.82
06-FEB-2015,20.615,21.24,18.72,20.685,20.615,0.07,0.34
09-FEB-2015,20.685,22.1225,18.5875,22.015,20.685,1.33,6.43
10-FEB-2015,22.015,22.015,19.85,21.1925,22.015,-0.82,-3.74
11-FEB-2015,21.1925,21.5075,18.535,20.5025,21.1925,-0.69,-3.26
12-FEB-2015,20.5025,20.96,17.93,20.1575,20.5025,-0.35,-1.68
13-FEB-2015,20.1575,20.4475,16.98,20.1025,20.1575,-0.06,-0.27
16-FEB-2015,20.1025,21.1175,17.475,20.825,20.1025,0.72,3.59
18-FEB-2015,20.825,21.6475,18.6525,20.9125,20.825,0.09,0.42
19-FEB-2015,20.9125,21.9075,19.4025,20.3975,20.9125,-0.52,-2.46
20-FEB-2015,20.3975,21.5,19.235,21.2675,20.3975,0.87,4.27
23-FEB-2015,21.2675,22.02,19.405,21.6325,21.2675,0.37,1.72
24-FEB-2015,21.6325,22.0675,20.9175,21.55,21.6325,-0.08,-0.38
25-FEB-2015,21.55,21.55,20.215,20.775,21.55,-0.78,-3.6
26-FEB-2015,20.775,21.235,19.9425,20.58,20.775,-0.2,-0.94
27-FEB-2015,20.58,20.58,19.3,19.57,20.58,-1.01,-4.91
28-FEB-2015,19.57,19.57,16.6925,16.97,19.57,-2.6,-13.29
02-MAR-2015,16.97,16.97,15.7425,15.8475,16.97,-1.12,-6.61
03-MAR-2015,15.8475,15.9475,14.98,15.4925,15.8475,-0.36,-2.24
04-MAR-2015,15.4925,15.4925,14.2975,15.1975,15.4925,-0.3,-1.9
05-MAR-2015,15.1975,15.2475,13.97,14.4375,15.1975,-0.76,-5.0
09-MAR-2015,14.4375,16.0075,13.315,15.8125,14.4375,1.38,9.52
10-MAR-2015,15.8125,16.15,14.955,15.5325,15.8125,-0.28,-1.77
11-MAR-2015,15.5325,15.61,14.245,15.13,15.5325,-0.4,-2.59
12-MAR-2015,15.13,15.13,13.7825,14.75,15.13,-0.38,-2.51
13-MAR-2015,14.75,15.235,13.45,14.965,14.75,0.22,1.46
16-MAR-2015,14.965,15.37,14.3275,15.1775,14.965,0.21,1.42
17-MAR-2015,15.1775,15.4625,13.43,15.1275,15.1775,-0.05,-0.33
18-MAR-2015,15.1275,15.7025,13.7225,15.5125,15.1275,0.39,2.55
19-MAR-2015,15.5125,15.5125,12.89,15.1975,15.5125,-0.32,-2.03
20-MAR-2015,15.1975,15.36,13.0825,14.26,15.1975,-0.94,-6.17
23-MAR-2015,14.26,14.58,12.435,14.27,14.26,0.01,0.07
24-MAR-2015,14.27,14.49,12.4525,13.6725,14.27,-0.6,-4.19
25-MAR-2015,13.6725,13.9475,12.36,13.1425,13.6725,-0.53,-3.88
26-MAR-2015,13.1425,15.6075,12.5175,15.1625,13.1425,2.02,15.37
27-MAR-2015,15.1625,15.4025,14.37,14.5,15.1625,-0.66,-4.37
30-MAR-2015,14.5,15.19,14.1075,14.2625,14.5,-0.24,-1.64
31-MAR-2015,14.2625,14.74,13.855,14.4925,14.2625,0.23,1.61
01-APR-2015,14.4925,14.6825,13.565,13.665,14.4925,-0.83,-5.71
06-APR-2015,13.665,15.0525,13.595,14.5725,13.665,0.91,6.64
07-APR-2015,14.5725,14.895,13.98,14.25,14.5725,-0.32,-2.21
08-APR-2015,14.25,14.695,13.35,14.3475,14.25,0.1,0.68
09-APR-2015,14.3475,14.8925,13.2875,14.4175,14.3475,0.07,0.49
10-APR-2015,14.4175,14.79,13.4275,14.255,14.4175,-0.16,-1.13
13-APR-2015,14.255,14.93,13.055,14.4875,14.255,0.23,1.63
15-APR-2015,14.4875,14.985,13.34,14.62,14.4875,0.13,0.91
16-APR-2015,14.62,15.3,12.9675,14.95,14.62,0.33,2.26
17-APR-2015,14.95,15.1775,13.62,15.04,14.95,0.09,0.6
20-APR-2015,15.04,16.4225,13.6625,16.2975,15.04,1.26,8.36
21-APR-2015,16.2975,17.34,15.2275,17.03,16.2975,0.73,4.49
22-APR-2015,17.03,18.3775,14.69,17.21,17.03,0.18,1.06
23-APR-2015,17.21,19.435,14.965,18.5,17.21,1.29,7.5
24-APR-2015,18.5,19.5925,17.36,19.105,18.5,0.61,3.27
27-APR-2015,19.105,20.0875,16.2175,18.735,19.105,-0.37,-1.94
28-APR-2015,18.735,18.895,16.745,17.41,18.735,-1.33,-7.07
29-APR-2015,17.41,17.885,15.725,17.235,17.41,-0.18,-1.01
30-APR-2015,17.235,18.1225,16.3075,17.225,17.235,-0.01,-0.06
04-MAY-2015,17.225,18.2825,16.96,17.3075,17.225,0.08,0.48
05-MAY-2015,17.3075,18.07,16.2725,17.365,17.3075,0.06,0.33
06-MAY-2015,17.365,20.4625,16.7075,19.67,17.365,2.31,13.27
07-MAY-2015,19.67,20.0325,18.335,19.65,19.67,-0.02,-0.1
08-MAY-2015,19.65,19.65,17.4375,19.11,19.65,-0.54,-2.75
11-MAY-2015,19.11,19.28,16.7675,18.625,19.11,-0.49,-2.54
12-MAY-2015,18.625,21.3275,17.22,20.545,18.625,1.92,10.31
13-MAY-2015,20.545,21.4325,18.0975,20.685,20.545,0.14,0.68
14-MAY-2015,20.685,21.905,19.815,20.7,20.685,0.02,0.07
15-MAY-2015,20.7,20.9825,19.095,19.815,20.7,-0.89,-4.28
18-MAY-2015,19.815,20.47,16.77,17.9025,19.815,-1.91,-9.65
19-MAY-2015,17.9025,18.525,14.865,18.27,17.9025,0.37,2.05
20-MAY-2015,18.27,18.27,15.5725,17.7175,18.27,-0.55,-3.02
21-MAY-2015,17.7175,18.06,16.1425,17.4125,17.7175,-0.31,-1.72
22-MAY-2015,17.4125,17.44,14.195,16.9475,17.4125,-0.47,-2.67
25-MAY-2015,16.9475,17.6975,14.68,16.9325,16.9475,-0.02,-0.09
26-MAY-2015,16.9325,17.8425,15.2875,17.0675,16.9325,0.14,0.8
27-MAY-2015,17.0675,17.9675,16.905,17.2825,17.0675,0.22,1.26
28-MAY-2015,17.2825,17.72,16.5975,17.1325,17.2825,-0.15,-0.87
29-MAY-2015,17.1325,17.71,16.4375,16.6575,17.1325,-0.48,-2.77
01-JUN-2015,16.6575,17.46,16.0575,16.9125,16.6575,0.26,1.53
02-JUN-2015,16.9125,17.1375,16.0325,16.82,16.9125,-0.09,-0.55
03-JUN-2015,16.82,17.9175,15.8575,17.505,16.82,0.69,4.07
04-JUN-2015,16.82,18.67,16.465,18.1225,16.82,1.3,7.74
05-JUN-2015,18.1225,18.375,17.6875,18.0875,18.1225,-0.04,-0.19
08-JUN-2015,18.0875,19.065,17.1575,18.885,18.0875,0.8,4.41
09-JUN-2015,18.885,19.1175,16.475,18.01,18.885,-0.88,-4.63
10-JUN-2015,18.01,18.02,16.7125,17.0775,18.01,-0.93,-5.18
11-JUN-2015,17.0775,17.95,15.9475,17.805,17.0775,0.73,4.26
12-JUN-2015,17.805,18.2075,16.075,17.4775,17.805,-0.33,-1.84
15-JUN-2015,17.4775,18.02,15.3475,17.525,17.4775,0.05,0.27
16-JUN-2015,17.525,17.855,14.0925,17.1675,17.525,-0.36,-2.04
17-JUN-2015,17.1675,17.1875,14.2975,16.7275,17.1675,-0.44,-2.56
18-JUN-2015,16.7275,16.7275,14.235,16.015,16.7275,-0.71,-4.26
19-JUN-2015,16.015,16.015,14.905,15.085,16.015,-0.93,-5.81
22-JUN-2015,15.085,15.7475,13.735,15.4875,15.085,0.4,2.67
23-JUN-2015,15.4875,16.5425,14.8275,15.0425,15.4875,-0.45,-2.87
24-JUN-2015,15.0425,16.61,14.945,15.915,15.0425,0.87,5.8
25-JUN-2015,15.915,16.7075,15.4775,15.93,15.915,0.02,0.09
26-JUN-2015,15.93,16.525,15.515,15.76,15.93,-0.17,-1.07
29-JUN-2015,15.76,18.775,15.76,17.2975,15.76,1.54,9.76
30-JUN-2015,17.2975,17.8375,16.7775,16.9275,17.2975,-0.37,-2.14
01-JUL-2015,16.9275,17.1,15.7175,15.845,16.9275,-1.08,-6.39
02-JUL-2015,15.845,16.0775,15.1625,15.5575,15.845,-0.29,-1.81
03-JUL-2015,15.5575,16.3875,14.785,16.305,15.5575,0.75,4.8
06-JUL-2015,16.305,17.045,15.89,16.0175,16.305,-0.29,-1.76
07-JUL-2015,16.0175,16.565,15.215,16.3075,16.0175,0.29,1.81
08-JUL-2015,16.3075,18.375,15.4425,17.79,16.3075,1.48,9.09
09-JUL-2015,17.79,18.075,16.2875,17.4375,17.79,-0.35,-1.98
10-JUL-2015,17.4375,17.6325,16.2375,17.07,17.4375,-0.37,-2.11
13-JUL-2015,17.07,17.7175,15.5725,16.2725,17.07,-0.8,-4.67
14-JUL-2015,16.2725,16.615,14.695,16.01,16.2725,-0.26,-1.61
15-JUL-2015,16.01,16.03,14.185,15.5675,16.01,-0.44,-2.76
16-JUL-2015,15.5675,15.5675,14.2975,14.7825,15.5675,-0.79,-5.04
17-JUL-2015,14.7825,15.135,13.285,14.8025,14.7825,0.02,0.14
20-JUL-2015,14.8025,15.6175,12.7325,14.96,14.8025,0.16,1.06
21-JUL-2015,14.96,15.3075,13.0125,15.0975,14.96,0.14,0.92
22-JUL-2015,15.0975,15.3525,13.5025,15.13,15.0975,0.03,0.22
23-JUL-2015,15.13,15.74,13.1,15.52,15.13,0.39,2.58
24-JUL-2015,15.52,15.93,12.07,15.4575,15.52,-0.06,-0.4
27-JUL-2015,15.4575,17.0525,12.925,16.37,15.4575,0.91,5.9
28-JUL-2015,16.37,16.57,15.5925,15.915,16.37,-0.46,-2.78
29-JUL-2015,15.915,16.34,14.13,15.8775,15.915,-0.04,-0.24
30-JUL-2015,15.8775,15.8775,14.66,15.325,15.8775,-0.55,-3.48
31-JUL-2015,15.325,15.58,14.5,14.57,15.325,-0.76,-4.93
03-AUG-2015,14.57,15.645,14.28,15.39,14.57,0.82,5.63
04-AUG-2015,15.39,15.695,14.28,14.83,15.39,-0.56,-3.64
05-AUG-2015,14.83,14.8825,13.6875,14.665,14.83,-0.17,-1.11
06-AUG-2015,14.665,15.0075,12.89,14.73,14.665,0.07,0.44
07-AUG-2015,14.73,15.065,13.17,14.91,14.73,0.18,1.22
10-AUG-2015,14.91,15.6225,14.2425,15.465,14.91,0.56,3.72
11-AUG-2015,15.465,16.0925,13.5525,15.8925,15.465,0.43,2.76
12-AUG-2015,15.8925,17.7175,14.785,17.445,15.8925,1.55,9.77
13-AUG-2015,17.445,17.445,16.245,17.0175,17.445,-0.43,-2.45
14-AUG-2015,17.0175,17.0175,15.135,16.02,17.0175,-1.0,-5.86
17-AUG-2015,16.02,17.2025,15.29,16.4625,16.02,0.44,2.76
18-AUG-2015,16.4625,16.6625,15.1,16.36,16.4625,-0.1,-0.62
19-AUG-2015,16.36,16.9925,14.9475,16.68,16.36,0.32,1.96
20-AUG-2015,16.68,17.205,15.465,16.975,16.68,0.3,1.77
21-AUG-2015,16.975,18.73,15.19,17.115,16.975,0.14,0.82
24-AUG-2015,17.115,30.6525,17.115,28.13,17.115,11.02,64.36
25-AUG-2015,28.13,35.57,26.0825,26.8475,28.13,-1.28,-4.56
26-AUG-2015,26.8475,29.05,23.53,25.515,26.8475,-1.33,-4.96
27-AUG-2015,25.515,25.515,21.515,22.0425,25.515,-3.47,-13.61
28-AUG-2015,22.0425,23.6725,19.8025,23.33,22.0425,1.29,5.84
31-AUG-2015,23.33,24.7375,22.6775,24.595,23.33,1.27,5.42
01-SEP-2015,24.595,30.4375,24.4425,28.7175,24.595,4.12,16.76
02-SEP-2015,28.7175,28.7175,26.375,26.65,28.7175,-2.07,-7.2
03-SEP-2015,26.65,26.65,23.7175,24.115,26.65,-2.54,-9.51
04-SEP-2015,24.115,27.2525,23.415,26.4225,24.115,2.31,9.57
07-SEP-2015,26.4225,26.825,24.5075,26.35,26.4225,-0.07,-0.27
08-SEP-2015,26.35,26.435,23.8375,24.5675,26.35,-1.78,-6.76
09-SEP-2015,24.5675,24.6575,21.3525,24.3,24.5675,-0.27,-1.09
10-SEP-2015,24.3,25.835,24.0175,24.745,24.3,0.45,1.83
11-SEP-2015,24.745,25.26,23.26,24.975,24.745,0.23,0.93
14-SEP-2015,24.975,25.265,23.455,24.32,24.975,-0.66,-2.62
15-SEP-2015,24.32,24.5575,22.695,23.7425,24.32,-0.58,-2.37
16-SEP-2015,23.7425,23.7425,21.6025,21.9975,23.7425,-1.75,-7.35
18-SEP-2015,21.9975,21.9975,17.8775,18.2925,21.9975,-3.71,-16.84
21-SEP-2015,18.2925,18.92,16.9925,18.1775,18.2925,-0.12,-0.63
22-SEP-2015,18.1775,21.2475,17.2125,20.345,18.1775,2.17,11.92
23-SEP-2015,20.345,22.19,19.77,20.6875,20.345,0.34,1.68
24-SEP-2015,20.6875,21.5675,19.3825,20.8825,20.6875,0.2,0.94
28-SEP-2015,20.8825,22.2375,20.77,21.6675,20.8825,0.79,3.76
29-SEP-2015,21.6675,23.6325,20.4425,21.57,21.6675,-0.1,-0.45
30-SEP-2015,21.57,21.57,19.3725,19.625,21.57,-1.95,-9.02
01-OCT-2015,19.625,20.11,18.235,19.235,19.625,-0.39,-1.99
05-OCT-2015,19.235,19.4575,18.0625,19.1275,19.235,-0.11,-0.56
06-OCT-2015,19.1275,19.9,17.385,19.305,19.1275,0.18,0.93
07-OCT-2015,19.305,19.7375,17.8975,19.3375,19.305,0.03,0.17
08-OCT-2015,19.3375,19.93,17.3525,19.5625,19.3375,0.23,1.16
09-OCT-2015,19.5625,19.685,17.685,18.925,19.5625,-0.64,-3.26
12-OCT-2015,18.925,19.985,17.185,19.1225,18.925,0.2,1.04
13-OCT-2015,19.1225,19.22,17.8475,18.015,19.1225,-1.11,-5.79
14-OCT-2015,18.015,18.28,15.7575,17.72,18.015,-0.3,-1.64
15-OCT-2015,17.72,17.72,14.855,17.17,17.72,-0.55,-3.1
16-OCT-2015,17.17,17.1825,14.03,16.275,17.17,-0.9,-5.21
19-OCT-2015,16.275,17.0725,15.3025,16.8775,16.275,0.6,3.7
20-OCT-2015,16.8775,17.175,14.525,16.995,16.8775,0.12,0.7
21-OCT-2015,16.995,17.425,13.6625,16.6225,16.995,-0.37,-2.19
23-OCT-2015,16.6225,16.6225,14.65,16.1925,16.6225,-0.43,-2.59
26-OCT-2015,16.1925,17.8225,15.005,17.23,16.1925,1.04,6.41
27-OCT-2015,17.23,17.295,15.995,16.535,17.23,-0.7,-4.03
28-OCT-2015,16.535,17.4775,15.555,17.04,16.535,0.51,3.05
29-OCT-2015,17.04,17.9475,14.7175,17.5825,17.04,0.54,3.18
30-OCT-2015,17.5825,18.325,16.8825,17.88,17.5825,0.3,1.69
02-NOV-2015,17.88,20.13,17.3775,19.4775,17.88,1.6,8.93
03-NOV-2015,19.4775,19.9575,18.07,19.555,19.4775,0.08,0.4
04-NOV-2015,19.555,19.6325,17.95,19.355,19.555,-0.2,-1.02
05-NOV-2015,19.355,19.7375,18.34,19.2925,19.355,-0.06,-0.32
06-NOV-2015,19.2925,19.5875,16.615,19.4725,19.2925,0.18,0.93
09-NOV-2015,19.4725,19.4725,15.99,17.04,19.4725,-2.43,-12.49
10-NOV-2015,17.04,17.0625,15.2975,16.825,17.04,-0.22,-1.26
11-NOV-2015,16.825,16.9475,14.5325,16.905,16.825,0.08,0.48
13-NOV-2015,16.905,17.7225,15.795,17.6525,16.905,0.75,4.42
16-NOV-2015,17.6525,18.6075,15.2875,17.8775,17.6525,0.23,1.27
17-NOV-2015,17.8775,17.8775,15.6225,16.9725,17.8775,-0.91,-5.06
18-NOV-2015,16.9725,17.75,14.9025,17.415,16.9725,0.44,2.61
19-NOV-2015,17.415,17.415,14.42,15.84,17.415,-1.58,-9.04
20-NOV-2015,15.84,16.1375,13.83,15.8975,15.84,0.06,0.36
23-NOV-2015,15.8975,17.555,15.775,17.075,15.8975,1.18,7.41
24-NOV-2015,17.075,17.075,15.6525,16.245,17.075,-0.83,-4.86
26-NOV-2015,16.245,16.785,15.085,16.6875,16.245,0.44,2.72
27-NOV-2015,16.6875,16.98,16.17,16.73,16.6875,0.04,0.25
30-NOV-2015,16.73,17.235,15.8525,16.43,16.73,-0.3,-1.79
01-DEC-2015,16.43,16.43,15.525,15.635,16.43,-0.8,-4.84
02-DEC-2015,15.635,15.9825,14.725,15.4875,15.635,-0.15,-0.94
03-DEC-2015,15.4875,16.155,15.1175,16.055,15.4875,0.57,3.66
04-DEC-2015,16.055,16.55,15.5625,16.085,16.055,0.03,0.19
07-DEC-2015,16.085,16.3625,15.79,15.865,16.085,-0.22,-1.37
08-DEC-2015,15.865,16.2425,15.47,15.9725,15.865,0.11,0.68
09-DEC-2015,15.9725,16.9175,15.37,16.725,15.9725,0.75,4.71
10-DEC-2015,16.725,16.725,15.4625,16.2925,16.725,-0.43,-2.59
11-DEC-2015,16.2925,17.77,15.0375,17.1825,16.2925,0.89,5.46
14-DEC-2015,17.1825,18.365,16.46,17.7975,17.1825,0.62,3.58
15-DEC-2015,17.7975,18.355,16.1125,17.3425,17.7975,-0.46,-2.56
16-DEC-2015,17.3425,17.3425,14.905,16.7275,17.3425,-0.62,-3.55
17-DEC-2015,16.7275,16.7275,14.0225,14.215,16.7275,-2.51,-15.02
18-DEC-2015,14.215,14.705,13.0375,14.4925,14.215,0.28,1.95
21-DEC-2015,14.4925,14.9775,12.98,14.225,14.4925,-0.27,-1.85
22-DEC-2015,14.225,14.605,12.225,14.4825,14.225,0.26,1.81
23-DEC-2015,14.4825,14.4825,12.625,13.6525,14.4825,-0.83,-5.73
24-DEC-2015,13.6525,13.94,11.2025,13.745,13.6525,0.09,0.68
28-DEC-2015,13.745,14.525,10.375,14.4025,13.745,0.66,4.78
29-DEC-2015,14.4025,14.71,13.3325,14.235,14.4025,-0.17,-1.16
30-DEC-2015,14.235,14.495,12.7825,14.35,14.235,0.12,0.81
31-DEC-2015,14.35,14.4875,12.9825,13.87,14.35,-0.48,-3.34
01-JAN-2016,13.87,14.3475,13.105,14.26,13.87,0.39,2.81
04-JAN-2016,14.26,17.1025,14.03,16.835,14.26,2.58,18.06
05-JAN-2016,16.835,16.835,15.5675,16.7025,16.835,-0.13,-0.79
06-JAN-2016,16.7025,17.1625,15.6075,16.5525,16.7025,-0.15,-0.9
07-JAN-2016,16.5525,19.255,16.49,18.96,16.5525,2.41,14.54
08-JAN-2016,18.96,18.96,16.8725,17.7975,18.96,-1.16,-6.13
11-JAN-2016,17.7975,19.2025,17.7975,18.69,17.7975,0.89,5.01
12-JAN-2016,18.69,19.1875,17.15,18.7125,18.69,0.02,0.12
13-JAN-2016,18.7125,19.6625,17.5225,18.3525,18.7125,-0.36,-1.92
14-JAN-2016,18.3525,19.7875,16.465,18.605,18.3525,0.25,1.38
15-JAN-2016,18.605,19.69,15.6725,19.415,18.605,0.81,4.35
18-JAN-2016,19.415,20.54,18.1025,20.225,19.415,0.81,4.17
19-JAN-2016,20.225,20.225,17.93,18.43,20.225,-1.8,-8.88
20-JAN-2016,18.43,22.1075,17.1875,20.965,18.43,2.54,13.75
21-JAN-2016,20.965,21.6925,17.8525,20.8125,20.965,-0.15,-0.73
22-JAN-2016,20.8125,20.8125,17.1175,18.82,20.8125,-1.99,-9.57
25-JAN-2016,18.82,19.1475,17.2125,18.265,18.82,-0.56,-2.95
27-JAN-2016,18.265,19.27,17.935,19.0575,18.265,0.79,4.34
28-JAN-2016,19.0575,19.0575,17.2575,17.9,19.0575,-1.16,-6.07
29-JAN-2016,17.9,18.8,17.075,17.24,17.9,-0.66,-3.69
01-FEB-2016,17.24,18.1725,17.125,17.89,17.24,0.65,3.77
02-FEB-2016,17.89,18.35,16.4875,18.035,17.89,0.15,0.81
03-FEB-2016,18.035,18.94,18.015,18.5875,18.035,0.55,3.06
04-FEB-2016,18.5875,18.6525,17.325,18.2075,18.5875,-0.38,-2.04
05-FEB-2016,18.2075,18.3275,16.5425,18.115,18.2075,-0.09,-0.51
08-FEB-2016,18.115,20.4525,17.36,20.2575,18.115,2.14,11.83
09-FEB-2016,20.2575,22.0325,20.2475,21.7275,20.2575,1.47,7.26
10-FEB-2016,21.7275,23.095,21.435,22.465,21.7275,0.74,3.39
11-FEB-2016,22.465,26.87,22.11,25.965,22.465,3.5,15.58
12-FEB-2016,25.965,25.97,24.0075,24.6725,25.965,-1.29,-4.98
15-FEB-2016,24.6725,24.6725,21.7975,22.375,24.6725,-2.3,-9.31
16-FEB-2016,22.375,23.33,17.32,23.04,22.375,0.67,2.97
17-FEB-2016,23.04,23.805,20.6375,21.8325,23.04,-1.21,-5.24
18-FEB-2016,21.8325,22.3,19.79,21.485,21.8325,-0.35,-1.59
19-FEB-2016,21.485,21.6625,17.6975,20.915,21.485,-0.57,-2.65
22-FEB-2016,20.915,21.8625,17.4075,21.02,20.915,0.11,0.5
23-FEB-2016,21.02,24.64,21.02,23.8375,21.02,2.82,13.4
24-FEB-2016,23.8375,24.815,22.1275,22.955,23.8375,-0.88,-3.7
25-FEB-2016,22.955,23.4875,22.1975,22.745,22.955,-0.21,-0.91
26-FEB-2016,22.745,23.145,21.19,21.865,22.745,-0.88,-3.87
29-FEB-2016,21.865,22.405,19.355,20.1575,21.865,-1.71,-7.81
01-MAR-2016,20.1575,20.1575,18.4025,18.6725,20.1575,-1.49,-7.37
02-MAR-2016,18.6725,19.2,17.495,18.99,18.6725,0.32,1.7
03-MAR-2016,18.99,19.02,17.9075,18.04,18.99,-0.95,-5.0
04-MAR-2016,18.04,18.315,17.2,17.8825,18.04,-0.16,-0.87
08-MAR-2016,17.8825,18.975,17.41,18.465,17.8825,0.58,3.26
09-MAR-2016,18.465,18.675,17.315,17.505,18.465,-0.96,-5.2
10-MAR-2016,17.505,18.24,16.2675,17.895,17.505,0.39,2.23
11-MAR-2016,17.895,17.895,16.0325,17.0975,17.895,-0.8,-4.46
14-MAR-2016,17.0975,17.4,15.585,17.1025,17.0975,0.01,0.03
15-MAR-2016,17.1025,17.84,15.23,17.5975,17.1025,0.5,2.89
16-MAR-2016,17.5975,17.88,14.5975,17.115,17.5975,-0.48,-2.74
17-MAR-2016,17.115,17.275,15.5575,16.84,17.115,-0.28,-1.61
18-MAR-2016,16.84,16.8675,14.9,16.3825,16.84,-0.46,-2.72
21-MAR-2016,16.3825,17.11,14.8325,16.3325,16.3825,-0.05,-0.31
22-MAR-2016,16.3325,16.8625,13.695,16.43,16.3325,0.1,0.6
23-MAR-2016,16.43,16.87,13.9475,16.345,16.43,-0.09,-0.52
28-MAR-2016,16.345,18.57,15.1825,17.485,16.345,1.14,6.97
29-MAR-2016,17.485,18.04,16.805,17.6375,17.485,0.15,0.87
30-MAR-2016,17.6375,17.6375,16.57,16.8075,17.6375,-0.83,-4.71
31-MAR-2016,16.8075,16.885,15.4975,16.5825,16.8075,-0.23,-1.34
01-APR-2016,16.5825,17.895,16.2925,17.2775,16.5825,0.7,4.19
04-APR-2016,17.2775,18.1675,16.23,17.45,17.2775,0.17,1.0
05-APR-2016,17.45,18.0625,16.885,17.83,17.45,0.38,2.18
06-APR-2016,17.83,17.9225,16.125,17.345,17.83,-0.49,-2.72
07-APR-2016,17.345,17.4225,16.335,16.935,17.345,-0.41,-2.36
08-APR-2016,16.935,16.935,15.1975,16.4325,16.935,-0.5,-2.97
11-APR-2016,16.4325,16.79,14.88,16.0125,16.4325,-0.42,-2.56
12-APR-2016,16.0125,16.3025,14.6525,16.025,16.0125,0.01,0.08
13-APR-2016,16.025,16.12,13.55,16.035,16.025,0.01,0.06
18-APR-2016,16.035,17.4175,14.14,16.9475,16.035,0.91,5.69
20-APR-2016,16.9475,17.52,15.4325,17.075,16.9475,0.13,0.75
21-APR-2016,17.075,17.075,15.6375,16.5125,17.075,-0.56,-3.29
22-APR-2016,16.5125,16.8575,15.335,16.38,16.5125,-0.13,-0.8
25-APR-2016,16.38,17.03,16.1275,16.5725,16.38,0.19,1.18
26-APR-2016,16.5725,16.8175,15.6425,16.58,16.5725,0.01,0.05
27-APR-2016,16.58,16.79,16.2275,16.3525,16.58,-0.23,-1.37
28-APR-2016,16.3525,16.77,15.3075,16.5975,16.3525,0.25,1.5
29-APR-2016,16.5975,17.24,15.63,16.5375,16.5975,-0.06,-0.36
02-MAY-2016,16.5375,17.655,16.5375,17.0925,16.5375,0.56,3.36
03-MAY-2016,17.0925,18.0825,15.605,17.4625,17.0925,0.37,2.16
04-MAY-2016,17.4625,17.7825,16.2675,17.445,17.4625,-0.02,-0.1
05-MAY-2016,17.445,17.48,15.7275,17.17,17.445,-0.28,-1.58
06-MAY-2016,17.17,17.5025,16.055,16.9475,17.17,-0.22,-1.3
09-MAY-2016,16.9475,16.9475,15.2175,16.6125,16.9475,-0.34,-1.98
10-MAY-2016,16.6125,17.185,15.0225,16.415,16.6125,-0.2,-1.19
11-MAY-2016,16.415,17.4625,15.5375,16.9625,16.415,0.55,3.34
12-MAY-2016,16.9625,17.1675,15.96,16.3275,16.9625,-0.64,-3.74
13-MAY-2016,16.3275,17.3675,14.195,16.9975,16.3275,0.67,4.1
16-MAY-2016,16.9975,17.77,16.1675,17.0325,16.9975,0.04,0.21
17-MAY-2016,17.0325,17.0325,15.735,16.3725,17.0325,-0.66,-3.87
18-MAY-2016,16.3725,16.97,15.99,16.455,16.3725,0.08,0.5
19-MAY-2016,16.455,17.4175,15.4175,17.0625,16.455,0.61,3.69
20-MAY-2016,17.0625,17.0625,14.9825,16.425,17.0625,-0.64,-3.74
23-MAY-2016,16.425,16.5525,15.1825,16.16,16.425,-0.27,-1.61
24-MAY-2016,16.16,16.8875,15.6875,16.22,16.16,0.06,0.37
25-MAY-2016,16.22,16.22,14.5475,15.52,16.22,-0.7,-4.32
26-MAY-2016,15.52,15.52,14.4675,15.325,15.52,-0.2,-1.26
27-MAY-2016,15.325,15.8575,14.9375,15.26,15.325,-0.07,-0.42
30-MAY-2016,15.26,16.4425,14.77,15.975,15.26,0.72,4.69
31-MAY-2016,15.975,16.3625,14.3025,16.045,15.975,0.07,0.44
01-JUN-2016,16.045,16.0975,14.72,15.835,16.045,-0.21,-1.31
02-JUN-2016,15.835,15.9375,14.96,15.0875,15.835,-0.75,-4.72
03-JUN-2016,15.0875,15.3925,14.0475,14.995,15.0875,-0.09,-0.61
06-JUN-2016,14.995,15.535,14.1175,15.355,14.995,0.36,2.4
07-JUN-2016,15.355,15.355,14.4025,14.87,15.355,-0.49,-3.16
08-JUN-2016,14.87,15.2875,13.315,15.1425,14.87,0.27,1.83
09-JUN-2016,15.1425,15.8325,13.975,15.6725,15.1425,0.53,3.5
10-JUN-2016,15.6725,16.27,14.5525,15.97,15.6725,0.3,1.9
13-JUN-2016,15.97,17.0775,15.6575,16.5825,15.97,0.61,3.84
14-JUN-2016,16.5825,17.5375,14.91,17.19,16.5825,0.61,3.66
15-JUN-2016,17.19,17.63,15.42,17.055,17.19,-0.14,-0.79
16-JUN-2016,17.055,18.4625,15.775,17.6975,17.055,0.64,3.77
17-JUN-2016,17.6975,17.8975,16.04,17.35,17.6975,-0.35,-1.96
20-JUN-2016,17.35,18.45,16.29,17.5175,17.35,0.17,0.97
21-JUN-2016,17.5175,17.705,16.39,17.26,17.5175,-0.26,-1.47
22-JUN-2016,17.26,18.3125,16.22,18.185,17.26,0.93,5.36
23-JUN-2016,18.185,18.8275,16.9925,18.02,18.185,-0.17,-0.91
24-JUN-2016,18.02,21.05,16.1525,18.6275,18.02,0.61,3.37
27-JUN-2016,18.6275,19.73,18.3825,18.53,18.6275,-0.1,-0.52
28-JUN-2016,18.53,18.81,17.445,17.725,18.53,-0.81,-4.34
29-JUN-2016,17.725,17.725,15.905,16.155,17.725,-1.57,-8.86
30-JUN-2016,16.155,16.41,14.655,16.29,16.155,0.14,0.84
01-JUL-2016,16.29,16.3575,15.6525,15.7375,16.29,-0.55,-3.39
04-JUL-2016,15.7375,15.965,15.15,15.5775,15.7375,-0.16,-1.02
05-JUL-2016,15.5775,15.7,14.8325,15.3625,15.5775,-0.22,-1.38
07-JUL-2016,15.3625,15.58,14.285,15.3075,15.3625,-0.06,-0.36
08-JUL-2016,15.3075,15.805,13.9125,15.0825,15.3075,-0.23,-1.47
11-JUL-2016,15.0825,15.0825,13.7575,14.8475,15.0825,-0.24,-1.56
12-JUL-2016,14.8475,15.03,13.815,14.7825,14.8475,-0.07,-0.44
13-JUL-2016,14.7825,15.405,13.865,15.325,14.7825,0.54,3.67
14-JUL-2016,15.325,15.9225,14.16,15.61,15.325,0.29,1.86
15-JUL-2016,15.61,16.3225,13.92,15.6375,15.61,0.03,0.18
18-JUL-2016,15.6375,16.2025,14.1075,15.9875,15.6375,0.35,2.24
19-JUL-2016,15.9875,16.23,13.92,15.795,15.9875,-0.19,-1.2
20-JUL-2016,15.795,16.2125,14.1375,15.99,15.795,0.2,1.23
21-JUL-2016,15.99,16.1125,14.0275,15.7125,15.99,-0.28,-1.74
22-JUL-2016,15.7125,15.955,14.4425,15.4975,15.7125,-0.22,-1.37
25-JUL-2016,15.4975,16.1125,13.5225,15.7175,15.4975,0.22,1.42
26-JUL-2016,15.7175,16.1475,13.945,15.62,15.7175,-0.1,-0.62
27-JUL-2016,15.62,15.67,14.47,15.4275,15.62,-0.19,-1.23
28-JUL-2016,15.4275,15.535,12.5925,15.1475,15.4275,-0.28,-1.81
29-JUL-2016,15.1475,15.23,14.1525,14.9175,15.1475,-0.23,-1.52
01-AUG-2016,14.9175,15.4775,14.36,15.18,14.9175,0.26,1.76
02-AUG-2016,15.18,15.7925,13.955,15.6925,15.18,0.51,3.38
03-AUG-2016,15.6925,16.445,14.295,16.2375,15.6925,0.55,3.47
04-AUG-2016,16.2375,16.2375,14.1025,15.14,16.2375,-1.1,-6.76
05-AUG-2016,15.14,15.14,13.6175,14.3525,15.14,-0.79,-5.2
08-AUG-2016,14.3525,14.8225,13.1125,14.5875,14.3525,0.24,1.64
09-AUG-2016,14.5875,14.96,12.35,14.5375,14.5875,-0.05,-0.34
10-AUG-2016,14.5375,15.25,12.7125,14.9225,14.5375,0.39,2.65
11-AUG-2016,14.9225,14.9225,13.1725,14.2125,14.9225,-0.71,-4.76
12-AUG-2016,14.2125,14.2125,12.3725,13.77,14.2125,-0.44,-3.11
16-AUG-2016,13.77,14.6375,13.14,14.1825,13.77,0.41,3.0
17-AUG-2016,14.1825,14.905,12.7125,14.78,14.1825,0.6,4.21
18-AUG-2016,14.78,14.78,12.91,14.55,14.78,-0.23,-1.56
19-AUG-2016,14.55,14.905,12.105,14.5375,14.55,-0.01,-0.09
22-AUG-2016,14.5375,15.005,13.27,14.235,14.5375,-0.3,-2.08
23-AUG-2016,14.235,14.62,13.06,13.8975,14.235,-0.34,-2.37
24-AUG-2016,13.8975,14.035,12.39,13.4875,13.8975,-0.41,-2.95
25-AUG-2016,13.4875,13.6125,10.9275,13.285,13.4875,-0.2,-1.5
26-AUG-2016,13.285,14.205,12.35,13.57,13.285,0.29,2.15
29-AUG-2016,13.57,14.005,12.9375,13.165,13.57,-0.41,-2.98
30-AUG-2016,13.165,13.165,12.2925,13.02,13.165,-0.15,-1.1
31-AUG-2016,13.02,13.5425,12.245,13.2425,13.02,0.22,1.71
01-SEP-2016,13.2425,13.68,12.5375,13.34,13.2425,0.1,0.74
02-SEP-2016,13.34,13.445,12.6375,12.94,13.34,-0.4,-3.0
06-SEP-2016,12.94,13.18,12.3525,12.75,12.94,-0.19,-1.47
07-SEP-2016,12.75,13.355,11.9475,13.145,12.75,0.4,3.1
08-SEP-2016,13.145,13.2325,12.045,13.115,13.145,-0.03,-0.23
09-SEP-2016,13.115,13.4525,12.635,13.23,13.115,0.12,0.88
12-SEP-2016,13.23,15.34,12.7,15.24,13.23,2.01,15.19
14-SEP-2016,15.24,15.52,14.2,14.7625,15.24,-0.48,-3.13
15-SEP-2016,14.7625,15.08,13.44,14.6775,14.7625,-0.09,-0.58
16-SEP-2016,14.6775,14.95,13.425,14.58,14.6775,-0.1,-0.66
19-SEP-2016,14.58,15.2025,13.6425,14.94,14.58,0.36,2.47
20-SEP-2016,14.94,15.15,13.77,14.78,14.94,-0.16,-1.07
21-SEP-2016,14.78,14.9525,13.1675,14.805,14.78,0.03,0.17
22-SEP-2016,14.805,14.805,12.5925,13.34,14.805,-1.47,-9.9
23-SEP-2016,13.34,13.59,12.03,13.2475,13.34,-0.09,-0.69
26-SEP-2016,13.2475,14.785,12.8125,14.565,13.2475,1.32,9.95
27-SEP-2016,14.565,14.565,13.7725,14.25,14.565,-0.32,-2.16
28-SEP-2016,14.25,14.3525,13.4925,13.8475,14.25,-0.4,-2.82
29-SEP-2016,13.8475,19.125,13.1525,18.45,13.8475,4.6,33.24
30-SEP-2016,18.45,18.8475,16.8275,17.18,18.45,-1.27,-6.88
03-OCT-2016,17.18,17.18,15.51,15.62,17.18,-1.56,-9.08
04-OCT-2016,15.62,15.715,14.8125,14.9925,15.62,-0.63,-4.02
05-OCT-2016,14.9925,15.145,13.905,14.925,14.9925,-0.07,-0.45
06-OCT-2016,14.925,15.1225,14.3275,14.835,14.925,-0.09,-0.6
07-OCT-2016,14.835,14.97,13.78,14.485,14.835,-0.35,-2.36
10-OCT-2016,14.485,14.565,13.27,14.285,14.485,-0.2,-1.38
13-OCT-2016,14.285,16.0075,14.285,15.425,14.285,1.14,7.98
14-OCT-2016,15.425,15.425,14.3325,14.8875,15.425,-0.54,-3.48
17-OCT-2016,14.8875,16.05,14.3475,15.655,14.8875,0.77,5.16
18-OCT-2016,15.655,15.655,14.3,14.5375,15.655,-1.12,-7.14
19-OCT-2016,14.5375,14.9475,13.1525,14.6125,14.5375,0.08,0.52
20-OCT-2016,14.6125,14.6125,12.745,14.165,14.6125,-0.45,-3.06
21-OCT-2016,14.165,14.35,12.4325,13.83,14.165,-0.34,-2.36
24-OCT-2016,13.83,14.4475,13.1,14.3325,13.83,0.5,3.63
25-OCT-2016,14.3325,14.8125,12.84,14.4825,14.3325,0.15,1.05
26-OCT-2016,14.4825,14.9375,13.6,14.4525,14.4825,-0.03,-0.21
27-OCT-2016,14.4525,14.82,12.7475,14.085,14.4525,-0.37,-2.54
28-OCT-2016,14.085,14.88,13.4825,14.6525,14.085,0.57,4.03
30-OCT-2016,14.6525,15.615,14.4675,15.49,14.6525,0.84,5.72
01-NOV-2016,15.49,15.8875,14.3125,15.735,15.49,0.25,1.58
02-NOV-2016,15.735,17.2625,15.1225,16.7975,15.735,1.06,6.75
03-NOV-2016,16.7975,16.7975,15.485,16.465,16.7975,-0.33,-1.98
04-NOV-2016,16.465,17.425,14.6025,16.8475,16.465,0.38,2.32
07-NOV-2016,16.8475,16.8475,14.935,16.5075,16.8475,-0.34,-2.02
08-NOV-2016,16.5075,17.3775,15.0675,16.77,16.5075,0.26,1.59
09-NOV-2016,16.77,22.79,15.84,16.62,16.77,-0.15,-0.89
10-NOV-2016,16.62,16.62,14.235,15.4575,16.62,-1.16,-6.99
11-NOV-2016,15.4575,17.71,14.1675,17.365,15.4575,1.91,12.34
15-NOV-2016,17.365,20.835,16.455,20.145,17.365,2.78,16.01
16-NOV-2016,20.145,20.19,16.9025,19.5025,20.145,-0.64,-3.19
17-NOV-2016,19.5025,19.5025,17.4375,18.71,19.5025,-0.79,-4.06
18-NOV-2016,18.71,18.71,15.855,17.805,18.71,-0.91,-4.84
21-NOV-2016,17.805,19.765,15.7175,19.0975,17.805,1.29,7.26
22-NOV-2016,19.0975,20.1325,17.945,18.465,19.0975,-0.63,-3.31
23-NOV-2016,18.465,23.0925,16.34,18.04,18.465,-0.43,-2.3
24-NOV-2016,18.04,18.5825,16.64,17.16,18.04,-0.88,-4.88
25-NOV-2016,17.16,18.87,16.87,17.6125,17.16,0.45,2.64
28-NOV-2016,17.6125,18.6075,16.8175,18.055,17.6125,0.44,2.51
29-NOV-2016,18.055,18.215,16.515,17.7075,18.055,-0.35,-1.92
30-NOV-2016,17.7075,17.9925,16.04,16.85,17.7075,-0.86,-4.84
01-DEC-2016,16.85,16.89,14.335,16.6875,16.85,-0.16,-0.96
02-DEC-2016,16.6875,18.19,15.8275,17.9325,16.6875,1.25,7.46
05-DEC-2016,17.9325,18.295,16.92,17.2875,17.9325,-0.65,-3.6
06-DEC-2016,17.2875,17.355,14.9625,17.105,17.2875,-0.18,-1.06
07-DEC-2016,17.105,17.11,15.5075,16.845,17.105,-0.26,-1.52
08-DEC-2016,16.845,16.845,14.1625,15.525,16.845,-1.32,-7.84
09-DEC-2016,15.525,15.6375,14.5325,15.0675,15.525,-0.46,-2.95
12-DEC-2016,15.0675,16.3125,14.215,16.1925,15.0675,1.13,7.47
13-DEC-2016,16.1925,16.4825,13.755,15.9225,16.1925,-0.27,-1.67
14-DEC-2016,15.9225,16.6725,14.43,16.5925,15.9225,0.67,4.21
15-DEC-2016,16.5925,16.5925,15.255,15.655,16.5925,-0.94,-5.65
16-DEC-2016,15.655,15.655,13.445,15.2525,15.655,-0.4,-2.57
19-DEC-2016,15.2525,15.585,13.2525,14.8375,15.2525,-0.42,-2.72
20-DEC-2016,14.8375,14.9275,13.4025,14.5375,14.8375,-0.3,-2.02
21-DEC-2016,14.5375,14.8575,13.335,14.705,14.5375,0.17,1.15
22-DEC-2016,14.705,15.7025,12.7625,15.5525,14.705,0.85,5.76
23-DEC-2016,15.5525,15.78,12.6125,15.1275,15.5525,-0.43,-2.73
26-DEC-2016,15.1275,16.905,13.435,16.6025,15.1275,1.48,9.75
27-DEC-2016,16.6025,16.7625,14.9475,15.0825,16.6025,-1.52,-9.16
28-DEC-2016,15.0825,15.6275,14.2625,15.5425,15.0825,0.46,3.05
29-DEC-2016,15.5425,16.0775,14.6575,15.2825,15.5425,-0.26,-1.67
30-DEC-2016,15.2825,15.575,14.5325,15.465,15.2825,0.18,1.19
02-JAN-2017,15.465,16.375,14.64,15.83,15.465,0.37,2.36
03-JAN-2017,15.83,16.4175,14.9025,15.9575,15.83,0.13,0.81
04-JAN-2017,15.9575,16.1,14.8975,15.89,15.9575,-0.07,-0.42
05-JAN-2017,15.89,15.89,14.4475,15.05,15.89,-0.84,-5.29
06-JAN-2017,15.05,15.0875,13.9225,14.9125,15.05,-0.14,-0.91
09-JAN-2017,14.9125,15.635,13.82,15.48,14.9125,0.57,3.81
10-JAN-2017,15.48,15.48,14.025,15.195,15.48,-0.29,-1.84
11-JAN-2017,15.195,15.195,13.5375,14.8075,15.195,-0.39,-2.55
12-JAN-2017,14.8075,14.865,13.4625,14.6125,14.8075,-0.2,-1.32
13-JAN-2017,14.6125,14.6525,13.375,14.3825,14.6125,-0.23,-1.57
16-JAN-2017,14.3825,15.25,13.425,15.065,14.3825,0.68,4.75
17-JAN-2017,15.065,15.62,13.98,15.3925,15.065,0.33,2.17
18-JAN-2017,15.3925,15.3925,13.6125,15.1825,15.3925,-0.21,-1.36
19-JAN-2017,15.1825,15.2775,14.035,15.02,15.1825,-0.16,-1.07
20-JAN-2017,15.02,15.8675,13.8525,15.79,15.02,0.77,5.13
23-JAN-2017,15.79,16.3725,15.5025,15.905,15.79,0.12,0.73
24-JAN-2017,15.905,15.96,14.3875,15.285,15.905,-0.62,-3.9
25-JAN-2017,15.285,15.425,14.41,15.17,15.285,-0.12,-0.75
27-JAN-2017,15.17,16.125,14.93,16.005,15.17,0.84,5.5
30-JAN-2017,16.005,16.8575,15.3925,16.67,16.005,0.67,4.15
31-JAN-2017,16.67,17.09,15.7125,16.825,16.67,0.16,0.93
01-FEB-2017,16.825,17.4275,13.8025,13.97,16.825,-2.86,-16.97
02-FEB-2017,13.97,13.97,12.64,13.52,13.97,-0.45,-3.22
03-FEB-2017,13.52,13.595,11.7825,13.1275,13.52,-0.39,-2.9
06-FEB-2017,13.1275,13.6125,11.06,13.3975,13.1275,0.27,2.06
07-FEB-2017,13.3975,13.7225,12.24,13.5075,13.3975,0.11,0.82
08-FEB-2017,13.5075,13.7575,11.435,13.35,13.5075,-0.16,-1.17
09-FEB-2017,13.35,13.78,11.395,13.235,13.35,-0.12,-0.86
10-FEB-2017,13.235,13.3325,11.37,13.1775,13.235,-0.06,-0.43
13-FEB-2017,13.1775,13.76,11.57,13.6925,13.1775,0.52,3.91
14-FEB-2017,13.6925,14.01,12.0975,13.8025,13.6925,0.11,0.8
15-FEB-2017,13.8025,14.46,11.7275,14.2125,13.8025,0.41,2.97
16-FEB-2017,14.2125,14.2125,11.4375,13.73,14.2125,-0.48,-3.39
17-FEB-2017,13.73,13.7725,12.4675,13.4325,13.73,-0.3,-2.17
20-FEB-2017,13.4325,13.8475,12.4125,13.61,13.4325,0.18,1.32
21-FEB-2017,13.61,14.2825,11.8925,13.525,13.61,-0.09,-0.62
22-FEB-2017,13.525,14.0425,12.7225,13.7,13.525,0.18,1.29
23-FEB-2017,13.7,13.96,12.915,13.4,13.7,-0.3,-2.19
27-FEB-2017,13.4,14.2725,13.4,13.675,13.4,0.28,2.05
28-FEB-2017,13.675,14.025,13.1675,13.7925,13.675,0.12,0.86
01-MAR-2017,13.7925,13.7975,13.2075,13.575,13.7925,-0.22,-1.58
02-MAR-2017,13.575,13.615,13.03,13.3625,13.575,-0.21,-1.57
03-MAR-2017,13.3625,13.6025,12.5675,13.3525,13.3625,-0.01,-0.07
06-MAR-2017,13.3525,13.725,12.81,13.64,13.3525,0.29,2.15
07-MAR-2017,13.64,14.0075,13.09,13.875,13.64,0.24,1.72
08-MAR-2017,13.875,14.2875,12.6875,14.075,13.875,0.2,1.44
09-MAR-2017,14.075,14.7825,12.6025,14.39,14.075,0.32,2.24
10-MAR-2017,14.39,14.39,13.575,13.9575,14.39,-0.43,-3.01
14-MAR-2017,13.9575,13.9575,11.085,12.4,13.9575,-1.56,-11.16
15-MAR-2017,12.4,12.5325,11.2025,12.4225,12.4,0.02,0.18
16-MAR-2017,12.4225,12.4225,11.3425,11.91,12.4225,-0.51,-4.13
17-MAR-2017,11.91,12.1125,10.3875,11.8525,11.91,-0.06,-0.48
20-MAR-2017,11.8525,12.31,11.44,12.0175,11.8525,0.17,1.39
21-MAR-2017,12.0175,12.155,11.0325,11.9425,12.0175,-0.08,-0.62
22-MAR-2017,11.9425,12.3575,11.5825,12.27,11.9425,0.33,2.74
23-MAR-2017,12.27,12.27,11.2375,11.835,12.27,-0.44,-3.55
24-MAR-2017,11.835,12.1025,10.705,11.9775,11.835,0.14,1.2
27-MAR-2017,11.9775,12.57,11.3375,12.435,11.9775,0.46,3.82
28-MAR-2017,12.435,12.435,11.46,12.1175,12.435,-0.32,-2.55
29-MAR-2017,12.1175,12.24,11.45,12.0875,12.1175,-0.03,-0.25
30-MAR-2017,12.0875,12.45,11.75,12.15,12.0875,0.06,0.52
31-MAR-2017,12.15,12.5125,11.4875,12.42,12.15,0.27,2.22
03-APR-2017,12.42,12.7575,11.41,11.4925,12.42,-0.93,-7.47
05-APR-2017,11.4925,11.8875,10.89,11.55,11.4925,0.06,0.5
06-APR-2017,11.55,11.7675,11.0325,11.29,11.55,-0.26,-2.25
07-APR-2017,11.29,11.8125,10.305,11.6925,11.29,0.4,3.57
10-APR-2017,11.6925,11.9225,11.2425,11.62,11.6925,-0.07,-0.62
11-APR-2017,11.62,11.8325,10.2375,11.395,11.62,-0.23,-1.94
12-APR-2017,11.395,12.065,10.79,11.6275,11.395,0.23,2.04
13-APR-2017,11.6275,11.7825,10.585,11.5775,11.6275,-0.05,-0.43
17-APR-2017,11.5775,12.2125,10.6925,11.8925,11.5775,0.32,2.72
18-APR-2017,11.8925,12.5925,10.76,12.375,11.8925,0.48,4.06
19-APR-2017,12.375,12.515,10.745,12.215,12.375,-0.16,-1.29
20-APR-2017,12.215,12.215,10.855,11.56,12.215,-0.66,-5.36
21-APR-2017,11.56,11.735,10.555,11.4225,11.56,-0.14,-1.19
24-APR-2017,11.4225,11.855,10.9675,11.625,11.4225,0.2,1.77
25-APR-2017,11.625,11.625,10.9725,11.155,11.625,-0.47,-4.04
26-APR-2017,11.155,11.865,9.9175,11.74,11.155,0.59,5.24
27-APR-2017,11.74,11.74,10.36,11.07,11.74,-0.67,-5.71
28-APR-2017,11.07,11.07,10.5325,10.86,11.07,-0.21,-1.9
02-MAY-2017,10.86,11.8075,10.3525,11.4475,10.86,0.59,5.41
03-MAY-2017,11.4475,11.66,9.945,11.5275,11.4475,0.08,0.7
04-MAY-2017,11.5275,11.7825,10.605,11.3325,11.5275,-0.2,-1.69
05-MAY-2017,11.3325,12.16,10.4525,11.9875,11.3325,0.66,5.78
08-MAY-2017,11.9875,11.9875,10.6125,11.665,11.9875,-0.32,-2.69
09-MAY-2017,11.665,11.665,10.5425,11.1125,11.665,-0.55,-4.74
10-MAY-2017,11.1125,11.1125,9.9575,10.9475,11.1125,-0.17,-1.48
11-MAY-2017,10.9475,11.26,9.8975,10.8375,10.9475,-0.11,-1.0
12-MAY-2017,10.8375,10.8375,9.465,10.6275,10.8375,-0.21,-1.94
15-MAY-2017,10.6275,11.14,8.835,10.675,10.6275,0.05,0.45
16-MAY-2017,10.675,11.0225,9.065,10.56,10.675,-0.12,-1.08
17-MAY-2017,10.56,10.8075,9.245,10.635,10.56,0.08,0.71
18-MAY-2017,10.635,12.745,9.8175,11.785,10.635,1.15,10.81
19-MAY-2017,11.785,11.9,10.3975,11.3025,11.785,-0.48,-4.09
22-MAY-2017,11.3025,11.8525,10.2,11.2025,11.3025,-0.1,-0.88
23-MAY-2017,11.2025,12.765,9.865,12.2025,11.2025,1.0,8.93
24-MAY-2017,12.2025,12.785,10.45,11.83,12.2025,-0.37,-3.05
25-MAY-2017,11.83,11.92,10.1925,10.4475,11.83,-1.38,-11.69
26-MAY-2017,10.4475,11.1875,9.8875,10.8625,10.4475,0.42,3.97
29-MAY-2017,10.8625,11.8775,10.26,11.7875,10.8625,0.93,8.52
30-MAY-2017,11.7875,12.2725,10.8625,11.765,11.7875,-0.02,-0.19
31-MAY-2017,11.765,12.2475,11.02,11.7625,11.765,0.0,-0.02
01-JUN-2017,11.7625,11.9125,10.6125,11.3075,11.7625,-0.46,-3.87
02-JUN-2017,11.3075,11.3075,10.3125,10.81,11.3075,-0.5,-4.4
05-JUN-2017,10.81,11.1425,10.0525,11.015,10.81,0.21,1.9
06-JUN-2017,11.015,11.32,9.49,11.1325,11.015,0.12,1.07
07-JUN-2017,11.1325,11.185,10.2225,10.89,11.1325,-0.24,-2.18
08-JUN-2017,10.89,11.1275,9.5275,11.0675,10.89,0.18,1.63
09-JUN-2017,11.0675,11.225,10.275,10.8625,11.0675,-0.21,-1.85
12-JUN-2017,10.8625,11.5025,10.3525,11.4225,10.8625,0.56,5.16
13-JUN-2017,11.4225,11.4625,9.9025,11.34,11.4225,-0.08,-0.72
14-JUN-2017,11.34,11.5275,10.44,11.18,11.34,-0.16,-1.41
15-JUN-2017,11.18,11.43,9.885,11.325,11.18,0.15,1.3
16-JUN-2017,11.325,11.325,9.7125,10.915,11.325,-0.41,-3.62
19-JUN-2017,10.915,10.915,9.7425,10.6275,10.915,-0.29,-2.63
20-JUN-2017,10.6275,10.8725,9.82,10.6575,10.6275,0.03,0.28
21-JUN-2017,10.6575,11.055,9.775,10.915,10.6575,0.26,2.42
22-JUN-2017,10.915,11.42,10.07,11.2075,10.915,0.29,2.68
23-JUN-2017,11.2075,11.78,8.755,11.5575,11.2075,0.35,3.12
27-JUN-2017,11.5575,12.8675,10.93,12.5075,11.5575,0.95,8.22
28-JUN-2017,12.5075,12.755,11.0925,11.99,12.5075,-0.52,-4.14
29-JUN-2017,11.99,11.99,10.595,11.3825,11.99,-0.61,-5.07
30-JUN-2017,11.3825,12.1025,11.0775,11.7325,11.3825,0.35,3.07
03-JUL-2017,11.7325,11.75,10.455,11.2,11.7325,-0.53,-4.54
04-JUL-2017,11.2,11.645,10.42,11.275,11.2,0.08,0.67
05-JUL-2017,11.275,11.42,10.45,11.1525,11.275,-0.12,-1.09
06-JUL-2017,11.1525,11.175,10.2875,10.9825,11.1525,-0.17,-1.52
07-JUL-2017,10.9825,11.125,9.615,10.8675,10.9825,-0.12,-1.05
10-JUL-2017,10.8675,11.0925,9.57,10.9125,10.8675,0.05,0.41
11-JUL-2017,10.9125,11.0775,9.8975,10.89,10.9125,-0.02,-0.21
12-JUL-2017,10.89,11.3,9.6725,11.0525,10.89,0.16,1.49
13-JUL-2017,11.0525,11.395,9.86,11.2475,11.0525,0.2,1.76
14-JUL-2017,11.2475,11.4775,10.065,11.1725,11.2475,-0.08,-0.67
17-JUL-2017,11.1725,11.5675,10.48,11.4575,11.1725,0.29,2.55
18-JUL-2017,11.4575,11.79,10.285,11.49,11.4575,0.03,0.28
19-JUL-2017,11.49,11.685,9.0775,11.255,11.49,-0.24,-2.05
20-JUL-2017,11.255,11.5675,10.37,11.315,11.255,0.06,0.53
21-JUL-2017,11.315,11.715,9.0075,11.085,11.315,-0.23,-2.03
24-JUL-2017,11.085,11.795,10.3575,11.3125,11.085,0.23,2.05
25-JUL-2017,11.3125,11.5125,10.235,10.9125,11.3125,-0.4,-3.54
26-JUL-2017,10.9125,11.775,10.9075,11.17,10.9125,0.26,2.36
27-JUL-2017,11.17,11.915,10.81,11.2175,11.17,0.05,0.43
28-JUL-2017,11.2175,12.015,10.9825,11.1375,11.2175,-0.08,-0.71
31-JUL-2017,11.1375,12.0325,11.1375,11.9,11.1375,0.76,6.85
01-AUG-2017,11.9,12.3925,11.5875,11.9075,11.9,0.01,0.06
02-AUG-2017,11.9075,12.1725,10.9225,11.9425,11.9075,0.04,0.29
03-AUG-2017,11.9425,12.2325,11.2075,11.6425,11.9425,-0.3,-2.51
04-AUG-2017,11.6425,11.745,10.745,11.39,11.6425,-0.25,-2.17
07-AUG-2017,11.39,12.0025,10.64,11.895,11.39,0.51,4.43
08-AUG-2017,11.895,13.045,10.485,12.77,11.895,0.88,7.36
09-AUG-2017,12.77,13.6775,10.515,13.4525,12.77,0.68,5.34
10-AUG-2017,13.4525,14.1675,12.23,13.8025,13.4525,0.35,2.6
11-AUG-2017,13.8025,15.5425,11.67,15.195,13.8025,1.39,10.09
14-AUG-2017,15.195,15.195,11.8575,14.3825,15.195,-0.81,-5.35
16-AUG-2017,14.3825,14.7,12.62,14.2375,14.3825,-0.15,-1.01
17-AUG-2017,14.2375,14.6225,10.7925,14.34,14.2375,0.1,0.72
18-AUG-2017,14.34,14.89,11.1675,14.57,14.34,0.23,1.6
21-AUG-2017,14.57,14.965,13.145,14.815,14.57,0.25,1.68
22-AUG-2017,14.815,14.815,11.1625,14.105,14.815,-0.71,-4.79
23-AUG-2017,14.105,14.105,12.2625,13.1825,14.105,-0.92,-6.54
24-AUG-2017,13.1825,13.195,11.9425,12.5725,13.1825,-0.61,-4.63
28-AUG-2017,12.5725,13.6775,11.365,12.64,12.5725,0.07,0.54
29-AUG-2017,12.64,13.8525,12.28,13.5425,12.64,0.9,7.14
30-AUG-2017,13.5425,14.13,11.745,12.8875,13.5425,-0.66,-4.84
31-AUG-2017,12.8875,13.695,11.785,11.9525,12.8875,-0.94,-7.26
01-SEP-2017,11.9525,12.1575,10.525,11.675,11.9525,-0.28,-2.32
04-SEP-2017,11.675,13.955,11.485,13.165,11.675,1.49,12.76
05-SEP-2017,13.165,13.4425,12.475,12.8875,13.165,-0.28,-2.11
06-SEP-2017,12.8875,13.495,12.035,13.12,12.8875,0.23,1.8
07-SEP-2017,13.12,13.1275,11.175,13.0075,13.12,-0.11,-0.86
08-SEP-2017,13.0075,13.0975,11.7725,12.9625,13.0075,-0.05,-0.35
11-SEP-2017,12.9625,12.9625,11.5475,12.36,12.9625,-0.6,-4.65
12-SEP-2017,12.36,12.36,11.52,11.7575,12.36,-0.6,-4.87
13-SEP-2017,11.7575,11.865,10.68,11.755,11.7575,0.0,-0.02
14-SEP-2017,11.755,11.8775,10.36,11.47,11.755,-0.29,-2.42
15-SEP-2017,11.47,12.0175,10.0175,11.6775,11.47,0.21,1.81
18-SEP-2017,11.6775,11.6775,10.835,11.4425,11.6775,-0.24,-2.01
19-SEP-2017,11.4425,11.6425,10.3975,11.465,11.4425,0.02,0.2
20-SEP-2017,11.465,11.8775,10.115,11.6325,11.465,0.17,1.46
21-SEP-2017,11.6325,12.1825,9.2575,11.6325,11.6325,0.0,0.0
22-SEP-2017,11.6325,12.9925,11.005,12.81,11.6325,1.18,10.12
25-SEP-2017,12.81,13.84,11.5075,13.34,12.81,0.53,4.14
26-SEP-2017,13.34,13.625,12.6325,12.9275,13.34,-0.41,-3.09
27-SEP-2017,12.9275,14.165,11.77,13.8625,12.9275,0.94,7.23
28-SEP-2017,13.8625,13.9725,12.8225,13.1725,13.8625,-0.69,-4.98
29-SEP-2017,13.1725,13.1725,11.91,12.485,13.1725,-0.69,-5.22
03-OCT-2017,12.485,12.8725,11.44,12.46,12.485,-0.03,-0.2
04-OCT-2017,12.46,12.5775,11.575,11.8,12.46,-0.66,-5.3
05-OCT-2017,11.8,11.895,10.585,11.71,11.8,-0.09,-0.76
06-OCT-2017,11.71,11.71,10.745,11.1175,11.71,-0.59,-5.06
09-OCT-2017,11.1175,11.565,10.405,11.3925,11.1175,0.28,2.47
10-OCT-2017,11.3925,11.45,10.75,11.1125,11.3925,-0.28,-2.46
11-OCT-2017,11.1125,12.1825,10.1875,11.73,11.1125,0.62,5.56
12-OCT-2017,11.73,11.73,10.46,11.0425,11.73,-0.69,-5.86
13-OCT-2017,11.0425,11.345,10.085,11.2625,11.0425,0.22,1.99
16-OCT-2017,11.2625,11.5825,10.0325,11.31,11.2625,0.05,0.42
17-OCT-2017,11.31,11.7325,10.105,11.61,11.31,0.3,2.65
18-OCT-2017,11.61,11.75,10.1325,11.54,11.61,-0.07,-0.6
19-OCT-2017,11.54,12.8125,10.825,12.395,11.54,0.86,7.41
23-OCT-2017,12.395,12.9375,10.875,12.325,12.395,-0.07,-0.56
24-OCT-2017,12.325,12.47,11.36,11.59,12.325,-0.74,-5.96
25-OCT-2017,11.59,12.4925,11.19,11.76,11.59,0.17,1.47
26-OCT-2017,11.76,12.6475,11.2875,11.6175,11.76,-0.14,-1.21
27-OCT-2017,11.6175,12.1525,11.19,11.475,11.6175,-0.14,-1.23
30-OCT-2017,11.475,12.26,11.475,12.1125,11.475,0.64,5.56
31-OCT-2017,12.1125,12.525,11.525,12.44,12.1125,0.33,2.7
01-NOV-2017,12.44,12.44,11.79,12.1375,12.44,-0.3,-2.43
02-NOV-2017,12.1375,12.37,11.41,12.005,12.1375,-0.13,-1.09
03-NOV-2017,12.005,12.3025,11.0725,11.91,12.005,-0.1,-0.79
06-NOV-2017,11.91,13.26,11.3725,13.0225,11.91,1.11,9.34
07-NOV-2017,13.0225,13.68,11.6775,13.2375,13.0225,0.22,1.65
08-NOV-2017,13.2375,13.855,11.235,13.61,13.2375,0.37,2.81
09-NOV-2017,13.61,13.715,11.08,13.2675,13.61,-0.34,-2.52
10-NOV-2017,13.2675,13.8175,11.1675,13.475,13.2675,0.21,1.56
13-NOV-2017,13.475,14.3825,11.165,14.045,13.475,0.57,4.23
14-NOV-2017,14.045,14.74,12.4575,14.165,14.045,0.12,0.85
15-NOV-2017,14.165,14.5775,11.58,14.265,14.165,0.1,0.71
16-NOV-2017,14.265,14.265,11.0675,13.4625,14.265,-0.8,-5.63
17-NOV-2017,13.4625,13.86,11.6325,13.7125,13.4625,0.25,1.86
20-NOV-2017,13.7125,15.605,11.12,13.4325,13.7125,-0.28,-2.04
21-NOV-2017,13.4325,13.925,11.01,13.715,13.4325,0.28,2.1
22-NOV-2017,13.715,14.335,12.185,14.0375,13.715,0.32,2.35
23-NOV-2017,14.0375,14.4625,12.8225,13.865,14.0375,-0.17,-1.23
24-NOV-2017,13.865,13.9925,12.49,13.5125,13.865,-0.35,-2.54
27-NOV-2017,13.5125,13.9025,11.5275,13.03,13.5125,-0.48,-3.57
28-NOV-2017,13.03,13.3625,12.0375,13.1475,13.03,0.12,0.9
29-NOV-2017,13.1475,13.285,12.255,13.06,13.1475,-0.09,-0.67
30-NOV-2017,13.06,13.9075,11.965,13.55,13.06,0.49,3.75
01-DEC-2017,13.55,15.0225,12.62,14.795,13.55,1.25,9.19
04-DEC-2017,14.795,15.255,14.135,14.855,14.795,0.06,0.41
05-DEC-2017,14.855,15.3375,13.5475,15.0075,14.855,0.15,1.03
06-DEC-2017,15.0075,15.2575,13.5525,15.0875,15.0075,0.08,0.53
07-DEC-2017,15.0875,15.0875,13.92,14.2725,15.0875,-0.82,-5.4
08-DEC-2017,14.2725,14.2725,12.905,13.6725,14.2725,-0.6,-4.2
11-DEC-2017,13.6725,14.485,12.16,14.1475,13.6725,0.48,3.47
12-DEC-2017,14.1475,15.3725,12.1575,15.2625,14.1475,1.12,7.88
13-DEC-2017,15.2625,16.3125,12.7025,15.945,15.2625,0.68,4.47
14-DEC-2017,15.945,17.385,12.795,16.4075,15.945,0.46,2.9
15-DEC-2017,16.4075,16.4075,13.3975,14.94,16.4075,-1.47,-8.94
18-DEC-2017,14.94,18.2575,12.815,13.115,14.94,-1.83,-12.22
19-DEC-2017,13.115,13.115,12.075,12.1875,13.115,-0.93,-7.07
20-DEC-2017,12.1875,12.415,11.2025,12.185,12.1875,0.0,-0.02
21-DEC-2017,12.185,12.2425,10.16,12.085,12.185,-0.1,-0.82
22-DEC-2017,12.085,12.1325,10.7325,11.5875,12.085,-0.5,-4.12
26-DEC-2017,11.5875,12.2575,10.3175,12.0525,11.5875,0.47,4.01
27-DEC-2017,12.0525,12.735,11.51,12.4925,12.0525,0.44,3.65
28-DEC-2017,12.4925,12.6925,11.3275,12.2975,12.4925,-0.2,-1.56
29-DEC-2017,12.2975,12.76,11.48,12.67,12.2975,0.37,3.03
01-JAN-2018,12.67,13.6125,12.545,13.3525,12.67,0.68,5.39
02-JAN-2018,13.3525,13.8425,12.605,13.685,13.3525,0.33,2.49
03-JAN-2018,13.685,13.715,12.765,13.6225,13.685,-0.06,-0.46
04-JAN-2018,13.6225,13.7925,12.1825,13.415,13.6225,-0.21,-1.52
05-JAN-2018,13.415,13.415,12.42,13.1125,13.415,-0.3,-2.25
08-JAN-2018,13.1125,13.855,11.8125,13.735,13.1125,0.62,4.75
09-JAN-2018,13.735,14.13,12.25,13.8475,13.735,0.11,0.82
10-JAN-2018,13.8475,14.2275,12.5175,14.035,13.8475,0.19,1.35
11-JAN-2018,14.035,14.2775,12.985,14.0125,14.035,-0.02,-0.16
12-JAN-2018,14.0125,14.5525,11.92,13.7325,14.0125,-0.28,-2.0
15-JAN-2018,13.7325,14.475,11.8125,14.305,13.7325,0.57,4.17
16-JAN-2018,14.305,14.585,12.3475,14.085,14.305,-0.22,-1.54
17-JAN-2018,14.085,14.445,10.345,13.86,14.085,-0.23,-1.6
18-JAN-2018,13.86,14.22,11.655,13.96,13.86,0.1,0.72
19-JAN-2018,13.96,14.195,10.75,13.9825,13.96,0.02,0.16
22-JAN-2018,13.9825,15.59,12.0675,15.3925,13.9825,1.41,10.08
23-JAN-2018,15.3925,16.2975,14.11,16.225,15.3925,0.83,5.41
24-JAN-2018,16.225,18.495,14.64,18.04,16.225,1.82,11.19
25-JAN-2018,18.04,18.235,17.035,17.5075,18.04,-0.53,-2.95
29-JAN-2018,17.5075,18.485,16.3625,17.8875,17.5075,0.38,2.17
30-JAN-2018,17.8875,18.005,16.15,16.415,17.8875,-1.47,-8.23
31-JAN-2018,16.415,16.415,14.2875,15.93,16.415,-0.49,-2.95
01-FEB-2018,15.93,16.7725,13.9025,14.1075,15.93,-1.82,-11.44
02-FEB-2018,14.1075,15.49,11.4975,15.25,14.1075,1.14,8.1
05-FEB-2018,15.25,18.335,15.08,16.0525,15.25,0.8,5.26
06-FEB-2018,16.0525,23.1575,16.0525,20.015,16.0525,3.96,24.68
07-FEB-2018,20.015,20.015,16.7975,19.465,20.015,-0.55,-2.75
08-FEB-2018,19.465,24.035,15.2625,17.7725,19.465,-1.69,-8.7
09-FEB-2018,17.7725,20.4225,15.15,19.23,17.7725,1.46,8.2
12-FEB-2018,19.23,19.23,16.5675,17.8825,19.23,-1.35,-7.01
14-FEB-2018,17.8825,17.8825,15.52,17.185,17.8825,-0.7,-3.9
15-FEB-2018,17.185,17.185,14.085,16.315,17.185,-0.87,-5.06
16-FEB-2018,16.315,16.9725,12.57,16.3775,16.315,0.06,0.38
19-FEB-2018,16.3775,18.035,13.955,16.6675,16.3775,0.29,1.77
20-FEB-2018,16.6675,17.5375,16.3275,16.8675,16.6675,0.2,1.2
21-FEB-2018,16.8675,16.87,15.725,15.92,16.8675,-0.95,-5.62
22-FEB-2018,15.92,16.4575,14.5025,14.8325,15.92,-1.09,-6.83
23-FEB-2018,14.8325,14.8325,13.535,14.2025,14.8325,-0.63,-4.25
26-FEB-2018,14.2025,14.325,13.53,13.695,14.2025,-0.51,-3.57
27-FEB-2018,13.695,14.4225,12.4475,13.9225,13.695,0.23,1.66
28-FEB-2018,13.9225,14.4,12.525,13.805,13.9225,-0.12,-0.84
01-MAR-2018,13.805,14.2525,12.405,14.0725,13.805,0.27,1.94
05-MAR-2018,14.0725,15.99,12.2325,15.395,14.0725,1.32,9.4
06-MAR-2018,15.395,16.4475,13.16,16.245,15.395,0.85,5.52
07-MAR-2018,16.245,16.46,13.4475,15.7,16.245,-0.55,-3.35
08-MAR-2018,15.7,15.7,12.485,14.585,15.7,-1.12,-7.1
09-MAR-2018,14.585,14.7625,12.905,14.525,14.585,-0.06,-0.41
12-MAR-2018,14.525,14.6625,12.01,14.4925,14.525,-0.03,-0.22
13-MAR-2018,14.4925,14.62,12.3875,14.4625,14.4925,-0.03,-0.21
14-MAR-2018,14.4625,14.9525,11.735,14.3625,14.4625,-0.1,-0.69
15-MAR-2018,14.3625,14.655,11.295,14.33,14.3625,-0.03,-0.23
16-MAR-2018,14.33,15.6225,11.6325,15.22,14.33,0.89,6.21
19-MAR-2018,15.22,16.01,13.1425,15.82,15.22,0.6,3.94
20-MAR-2018,15.82,16.125,15.17,15.6075,15.82,-0.21,-1.34
21-MAR-2018,15.6075,15.6075,12.3925,15.1075,15.6075,-0.5,-3.2
22-MAR-2018,15.1075,15.3625,11.99,15.2475,15.1075,0.14,0.93
23-MAR-2018,15.2475,16.38,15.2475,15.545,15.2475,0.3,1.95
26-MAR-2018,15.545,16.3825,14.8575,15.195,15.545,-0.35,-2.25
27-MAR-2018,15.195,16.1075,14.495,15.55,15.195,0.36,2.34
28-MAR-2018,15.55,15.97,14.8175,15.7575,15.55,0.21,1.33
02-APR-2018,15.7575,16.45,15.1975,15.3475,15.7575,-0.41,-2.6
03-APR-2018,15.3475,15.775,14.8775,15.185,15.3475,-0.16,-1.06
04-APR-2018,15.185,16.485,13.6825,16.34,15.185,1.16,7.61
05-APR-2018,16.34,16.34,13.8625,14.7975,16.34,-1.54,-9.44
06-APR-2018,14.7975,15.155,13.01,14.7475,14.7975,-0.05,-0.34
09-APR-2018,14.7475,15.1375,14.46,14.8675,14.7475,0.12,0.81
10-APR-2018,14.8675,14.8675,14.005,14.4975,14.8675,-0.37,-2.49
11-APR-2018,14.4975,14.9075,12.74,14.72,14.4975,0.22,1.53
12-APR-2018,14.72,14.9925,11.8075,14.56,14.72,-0.16,-1.09
13-APR-2018,14.56,14.56,13.45,14.14,14.56,-0.42,-2.88
16-APR-2018,14.14,14.8625,13.41,14.26,14.14,0.12,0.85
17-APR-2018,14.26,14.3975,13.3475,14.0425,14.26,-0.22,-1.53
18-APR-2018,14.0425,14.3675,13.165,14.11,14.0425,0.07,0.48
19-APR-2018,14.11,14.11,12.5025,13.7475,14.11,-0.36,-2.57
20-APR-2018,13.7475,13.765,9.7425,12.9375,13.7475,-0.81,-5.89
23-APR-2018,12.9375,13.4925,11.53,13.145,12.9375,0.21,1.6
24-APR-2018,13.145,13.3875,11.4875,11.895,13.145,-1.25,-9.51
25-APR-2018,11.895,13.315,11.895,12.395,11.895,0.5,4.2
26-APR-2018,12.395,13.58,11.7425,12.0375,12.395,-0.36,-2.88
27-APR-2018,12.0375,12.6325,11.4375,12.0175,12.0375,-0.02,-0.17
30-APR-2018,12.0175,12.5525,12.0175,12.3625,12.0175,0.35,2.87
02-MAY-2018,12.3625,13.1975,12.3625,12.84,12.3625,0.48,3.86
03-MAY-2018,12.84,13.2075,12.47,12.985,12.84,0.15,1.13
04-MAY-2018,12.985,13.455,10.9875,13.25,12.985,0.27,2.04
07-MAY-2018,13.25,13.9625,12.8275,13.76,13.25,0.51,3.85
08-MAY-2018,13.76,14.435,11.0925,14.055,13.76,0.3,2.14
09-MAY-2018,14.055,14.5575,12.1225,14.2725,14.055,0.22,1.55
10-MAY-2018,14.2725,14.65,12.5625,14.425,14.2725,0.15,1.07
11-MAY-2018,14.425,14.82,13.0025,13.9775,14.425,-0.45,-3.1
14-MAY-2018,13.9775,14.4975,12.1075,14.245,13.9775,0.27,1.91
15-MAY-2018,14.245,14.245,11.4875,13.165,14.245,-1.08,-7.58
16-MAY-2018,13.165,13.645,10.855,13.435,13.165,0.27,2.05
17-MAY-2018,13.435,13.68,11.09,13.4075,13.435,-0.03,-0.2
18-MAY-2018,13.4075,14.3525,11.6125,14.15,13.4075,0.74,5.54
21-MAY-2018,14.15,14.5375,11.755,14.41,14.15,0.26,1.84
22-MAY-2018,14.41,14.41,11.745,13.6025,14.41,-0.81,-5.6
23-MAY-2018,13.6025,14.9425,11.8825,14.1575,13.6025,0.56,4.08
24-MAY-2018,14.1575,14.2225,10.8975,13.145,14.1575,-1.01,-7.15
25-MAY-2018,13.145,13.17,11.0025,12.645,13.145,-0.5,-3.8
28-MAY-2018,12.645,13.1475,11.3475,13.055,12.645,0.41,3.24
29-MAY-2018,13.055,13.8675,11.975,13.07,13.055,0.02,0.11
30-MAY-2018,13.07,13.85,12.1825,13.41,13.07,0.34,2.6
31-MAY-2018,13.41,14.2325,12.1325,13.2225,13.41,-0.19,-1.4
01-JUN-2018,13.2225,14.59,12.1575,13.57,13.2225,0.35,2.63
04-JUN-2018,13.57,15.47,12.1825,13.8825,13.57,0.31,2.3
05-JUN-2018,13.8825,14.49,13.1325,13.315,13.8825,-0.57,-4.09
06-JUN-2018,13.315,13.51,12.1475,12.55,13.315,-0.77,-5.75
07-JUN-2018,12.55,13.65,11.6125,12.7775,12.55,0.23,1.81
08-JUN-2018,12.7775,13.1675,10.8025,12.6975,12.7775,-0.08,-0.63
11-JUN-2018,12.6975,13.82,11.3225,13.18,12.6975,0.48,3.8
12-JUN-2018,13.18,13.8975,10.445,12.73,13.18,-0.45,-3.41
13-JUN-2018,12.73,13.14,11.22,12.635,12.73,-0.1,-0.75
14-JUN-2018,12.635,12.635,10.43,12.095,12.635,-0.54,-4.27
15-JUN-2018,12.095,12.5075,10.495,12.07,12.095,-0.03,-0.21
18-JUN-2018,12.07,12.55,9.825,12.38,12.07,0.31,2.57
19-JUN-2018,12.38,13.0,11.4775,12.92,12.38,0.54,4.36
20-JUN-2018,12.92,12.92,10.6075,12.1725,12.92,-0.75,-5.79
21-JUN-2018,12.1725,12.59,10.91,12.4475,12.1725,0.28,2.26
22-JUN-2018,12.4475,12.5425,10.3925,12.0225,12.4475,-0.43,-3.41
25-JUN-2018,12.0225,12.7775,9.74,12.5825,12.0225,0.56,4.66
26-JUN-2018,12.5825,12.97,12.3325,12.7975,12.5825,0.22,1.71
27-JUN-2018,12.7975,13.8125,12.085,13.51,12.7975,0.71,5.57
28-JUN-2018,13.51,14.075,12.52,13.9475,13.51,0.44,3.24
29-JUN-2018,13.9475,13.9475,12.6325,12.9375,13.9475,-1.01,-7.24
02-JUL-2018,12.9375,13.9425,12.465,13.37,12.9375,0.43,3.34
03-JUL-2018,13.37,13.7525,12.1875,13.0,13.37,-0.37,-2.77
04-JUL-2018,13.0,13.34,12.575,12.6575,13.0,-0.34,-2.63
05-JUL-2018,12.6575,12.9525,11.225,12.575,12.6575,-0.08,-0.65
06-JUL-2018,12.575,12.68,11.6675,12.4425,12.575,-0.13,-1.05
09-JUL-2018,12.4425,12.575,11.215,12.39,12.4425,-0.05,-0.42
10-JUL-2018,12.39,12.52,11.0175,12.395,12.39,0.01,0.04
11-JUL-2018,12.395,12.86,10.015,12.775,12.395,0.38,3.07
12-JUL-2018,12.775,12.865,10.6525,12.505,12.775,-0.27,-2.11
13-JUL-2018,12.505,12.505,11.3175,12.3025,12.505,-0.2,-1.62
16-JUL-2018,12.3025,13.0475,11.1675,12.9475,12.3025,0.65,5.24
17-JUL-2018,12.9475,12.9475,11.24,12.825,12.9475,-0.12,-0.95
18-JUL-2018,12.825,13.9,10.645,13.6825,12.825,0.86,6.69
19-JUL-2018,13.6825,13.7975,10.99,13.5925,13.6825,-0.09,-0.66
20-JUL-2018,13.5925,13.9025,11.3175,13.535,13.5925,-0.06,-0.42
23-JUL-2018,13.535,13.62,12.0675,13.005,13.535,-0.53,-3.92
24-JUL-2018,13.005,13.08,12.1475,12.4675,13.005,-0.54,-4.13
25-JUL-2018,12.4675,13.255,11.215,12.2075,12.4675,-0.26,-2.09
26-JUL-2018,12.2075,13.0475,11.6075,12.0275,12.2075,-0.18,-1.47
27-JUL-2018,12.0275,12.5,11.2475,12.31,12.0275,0.28,2.35
30-JUL-2018,12.31,13.0575,12.3075,12.585,12.31,0.28,2.23
31-JUL-2018,12.585,12.795,12.2875,12.48,12.585,-0.11,-0.83
01-AUG-2018,12.48,12.765,11.9975,12.53,12.48,0.05,0.4
02-AUG-2018,12.53,12.8,10.8875,12.555,12.53,0.03,0.2
03-AUG-2018,12.555,12.555,10.9075,12.0775,12.555,-0.48,-3.8
06-AUG-2018,12.0775,12.735,11.85,12.5625,12.0775,0.49,4.02
07-AUG-2018,12.5625,12.82,10.5825,12.5775,12.5625,0.02,0.12
08-AUG-2018,12.5775,12.7825,10.48,12.54,12.5775,-0.04,-0.3
09-AUG-2018,12.54,12.76,10.8775,12.6775,12.54,0.14,1.1
10-AUG-2018,12.6775,12.985,10.0575,12.85,12.6775,0.17,1.36
13-AUG-2018,12.85,13.5,11.29,13.4,12.85,0.55,4.28
14-AUG-2018,13.4,13.42,10.755,13.2825,13.4,-0.12,-0.88
16-AUG-2018,13.2825,13.865,11.465,13.645,13.2825,0.36,2.73
17-AUG-2018,13.645,13.645,10.3025,13.16,13.645,-0.49,-3.55
20-AUG-2018,13.16,13.55,11.345,13.0325,13.16,-0.13,-0.97
21-AUG-2018,13.0325,13.635,9.9275,12.9025,13.0325,-0.13,-1.0
23-AUG-2018,12.9025,13.1175,9.53,12.7575,12.9025,-0.15,-1.12
24-AUG-2018,12.7575,12.8375,9.43,12.4075,12.7575,-0.35,-2.74
27-AUG-2018,12.4075,12.5325,9.515,12.2375,12.4075,-0.17,-1.37
28-AUG-2018,12.2375,12.6,10.3775,12.425,12.2375,0.19,1.53
29-AUG-2018,12.425,12.6725,10.725,12.435,12.425,0.01,0.08
30-AUG-2018,12.435,12.625,10.6225,12.4125,12.435,-0.02,-0.18
31-AUG-2018,12.4125,12.7975,11.6,12.5975,12.4125,0.19,1.49
03-SEP-2018,12.5975,13.7175,11.17,13.3925,12.5975,0.8,6.31
04-SEP-2018,13.3925,13.88,12.1975,13.7825,13.3925,0.39,2.91
05-SEP-2018,13.7825,14.1525,11.9525,13.65,13.7825,-0.13,-0.96
06-SEP-2018,13.65,14.2,12.06,13.7225,13.65,0.07,0.53
07-SEP-2018,13.7225,14.1425,11.085,13.89,13.7225,0.17,1.22
10-SEP-2018,13.89,15.315,12.61,15.2025,13.89,1.31,9.45
11-SEP-2018,15.2025,15.4475,13.4425,15.33,15.2025,0.13,0.84
12-SEP-2018,15.33,15.33,12.98,14.25,15.33,-1.08,-7.05
14-SEP-2018,14.25,14.25,12.3225,13.8425,14.25,-0.41,-2.86
17-SEP-2018,13.8425,14.635,11.73,14.495,13.8425,0.65,4.71
18-SEP-2018,14.495,14.62,11.8725,14.415,14.495,-0.08,-0.55
19-SEP-2018,14.415,14.4775,11.745,14.005,14.415,-0.41,-2.84
21-SEP-2018,14.005,16.92,10.9825,15.535,14.005,1.53,10.92
24-SEP-2018,15.535,17.855,13.8025,17.4275,15.535,1.89,12.18
25-SEP-2018,17.4275,18.31,16.2175,16.6825,17.4275,-0.75,-4.27
26-SEP-2018,16.6825,17.575,15.1,17.0875,16.6825,0.41,2.43
27-SEP-2018,17.0875,17.37,15.6025,16.9225,17.0875,-0.17,-0.97
28-SEP-2018,16.9225,17.6925,15.925,16.995,16.9225,0.07,0.43
01-OCT-2018,16.995,18.8625,16.27,16.835,16.995,-0.16,-0.94
03-OCT-2018,16.835,18.6475,15.575,18.1175,16.835,1.28,7.62
04-OCT-2018,18.1175,19.685,17.485,18.915,18.1175,0.8,4.4
05-OCT-2018,18.915,20.4825,18.4525,19.7325,18.915,0.82,4.32
08-OCT-2018,19.7325,21.765,18.4775,20.1475,19.7325,0.42,2.1
09-OCT-2018,20.1475,20.3575,17.47,19.755,20.1475,-0.39,-1.95
10-OCT-2018,19.755,19.755,17.725,17.9075,19.755,-1.85,-9.35
11-OCT-2018,17.9075,20.845,17.6275,20.5475,17.9075,2.64,14.74
12-OCT-2018,20.5475,20.5475,16.6725,18.6275,20.5475,-1.92,-9.34
15-OCT-2018,18.6275,19.8225,15.9825,18.885,18.6275,0.26,1.38
16-OCT-2018,18.885,18.885,14.28,17.3725,18.885,-1.51,-8.01
17-OCT-2018,17.3725,18.2025,14.8425,17.98,17.3725,0.61,3.5
19-OCT-2018,17.98,20.0525,17.4475,19.7875,17.98,1.81,10.05
22-OCT-2018,19.7875,21.6725,17.08,21.3575,19.7875,1.57,7.93
23-OCT-2018,21.3575,22.3475,18.7625,19.0375,21.3575,-2.32,-10.86
24-OCT-2018,19.0375,19.81,17.7125,18.88,19.0375,-0.16,-0.83
25-OCT-2018,18.88,20.33,18.4975,18.9625,18.88,0.08,0.44
26-OCT-2018,18.9625,21.04,18.66,19.2325,18.9625,0.27,1.42
29-OCT-2018,19.2325,20.8125,19.2325,19.825,19.2325,0.59,3.08
30-OCT-2018,19.825,20.7725,19.55,20.5025,19.825,0.68,3.42
31-OCT-2018,20.5025,22.815,19.575,19.7975,20.5025,-0.71,-3.44
01-NOV-2018,19.7975,20.13,18.8975,19.1925,19.7975,-0.61,-3.06
02-NOV-2018,19.1925,19.1925,17.485,18.23,19.1925,-0.96,-5.01
05-NOV-2018,18.23,19.8225,17.735,19.4825,18.23,1.25,6.87
06-NOV-2018,19.4825,19.4825,16.18,18.505,19.4825,-0.98,-5.02
07-NOV-2018,18.505,18.505,16.81,17.8775,18.505,-0.63,-3.39
09-NOV-2018,17.8775,18.755,16.755,17.765,17.8775,-0.11,-0.63
12-NOV-2018,17.765,19.4625,16.475,19.3675,17.765,1.6,9.02
13-NOV-2018,19.3675,19.685,17.1225,18.695,19.3675,-0.67,-3.47
14-NOV-2018,18.695,19.5075,14.77,18.825,18.695,0.13,0.7
15-NOV-2018,18.825,18.915,15.4975,18.455,18.825,-0.37,-1.97
16-NOV-2018,18.455,18.8675,16.8975,18.35,18.455,-0.11,-0.57
19-NOV-2018,18.35,19.65,13.515,19.255,18.35,0.91,4.93
20-NOV-2018,19.255,19.6475,18.2525,19.3275,19.255,0.07,0.38
21-NOV-2018,19.3275,20.0975,15.54,19.555,19.3275,0.23,1.18
22-NOV-2018,19.555,20.0025,17.0875,19.16,19.555,-0.4,-2.02
26-NOV-2018,19.16,20.5275,15.0175,20.4025,19.16,1.24,6.48
27-NOV-2018,20.4025,20.4025,16.605,18.315,20.4025,-2.09,-10.23
28-NOV-2018,18.315,19.355,16.6725,17.96,18.315,-0.36,-1.94
29-NOV-2018,17.96,18.85,14.93,18.6975,17.96,0.74,4.11
30-NOV-2018,18.6975,19.915,16.81,19.1625,18.6975,0.47,2.49
03-DEC-2018,19.1625,19.605,16.31,18.2225,19.1625,-0.94,-4.91
04-DEC-2018,18.2225,19.62,16.905,18.1075,18.2225,-0.12,-0.63
05-DEC-2018,18.1075,18.8275,16.62,18.39,18.1075,0.28,1.56
06-DEC-2018,18.39,19.55,15.91,19.305,18.39,0.92,4.98
07-DEC-2018,19.305,19.6275,15.9825,18.59,19.305,-0.72,-3.7
10-DEC-2018,18.59,20.645,16.89,20.4375,18.59,1.85,9.94
11-DEC-2018,20.4375,20.4375,17.2025,17.945,20.4375,-2.49,-12.2
12-DEC-2018,17.945,17.945,15.4175,15.81,17.945,-2.14,-11.9
13-DEC-2018,15.81,15.905,11.9125,15.55,15.81,-0.26,-1.64
14-DEC-2018,15.55,15.5975,12.6725,15.1575,15.55,-0.39,-2.52
17-DEC-2018,15.1575,15.9125,13.8675,14.54,15.1575,-0.62,-4.07
18-DEC-2018,14.54,15.3125,11.9825,14.5775,14.54,0.04,0.26
19-DEC-2018,14.5775,14.865,11.87,14.66,14.5775,0.08,0.57
20-DEC-2018,14.66,14.9175,13.72,14.3325,14.66,-0.33,-2.23
21-DEC-2018,14.3325,16.23,12.94,15.9925,14.3325,1.66,11.58
24-DEC-2018,15.9925,17.1325,14.8975,15.75,15.9925,-0.24,-1.52
26-DEC-2018,15.75,17.4775,14.8075,15.92,15.75,0.17,1.08
27-DEC-2018,15.92,16.375,12.5625,16.0725,15.92,0.15,0.96
28-DEC-2018,16.0725,16.0725,15.015,15.27,16.0725,-0.8,-4.99
31-DEC-2018,15.27,16.1525,14.65,16.0,15.27,0.73,4.78
01-JAN-2019,16.0,16.4,15.15,15.325,16.0,-0.68,-4.22
02-JAN-2019,15.325,16.9475,14.8375,16.3875,15.325,1.06,6.93
03-JAN-2019,16.3875,17.1475,15.435,16.79,16.3875,0.4,2.46
04-JAN-2019,16.79,16.9725,15.485,16.1625,16.79,-0.63,-3.74
07-JAN-2019,16.1625,16.455,15.3025,16.3025,16.1625,0.14,0.87
08-JAN-2019,16.3025,16.5725,14.735,15.7,16.3025,-0.6,-3.7
09-JAN-2019,15.7,16.3225,13.895,15.27,15.7,-0.43,-2.74
10-JAN-2019,15.27,15.6075,14.1475,15.345,15.27,0.08,0.49
11-JAN-2019,15.345,15.83,14.3625,15.3525,15.345,0.01,0.05
14-JAN-2019,15.3525,16.5525,15.3525,16.1575,15.3525,0.81,5.24
15-JAN-2019,16.1575,16.1575,12.9925,15.5825,16.1575,-0.58,-3.56
16-JAN-2019,15.5825,16.3075,12.8,16.0775,15.5825,0.5,3.18
17-JAN-2019,16.0775,16.4275,12.9925,16.2425,16.0775,0.17,1.03
18-JAN-2019,16.2425,16.905,12.3075,16.6175,16.2425,0.38,2.31
21-JAN-2019,16.6175,18.34,14.36,18.1475,16.6175,1.53,9.21
22-JAN-2019,18.1475,18.4725,15.51,17.985,18.1475,-0.16,-0.9
23-JAN-2019,17.985,18.2875,12.015,18.085,17.985,0.1,0.56
24-JAN-2019,18.085,18.3775,14.5425,17.435,18.085,-0.65,-3.59
25-JAN-2019,17.435,18.14,14.365,17.69,17.435,0.26,1.46
28-JAN-2019,17.69,19.28,14.5875,18.8975,17.69,1.21,6.83
29-JAN-2019,18.8975,19.795,18.04,18.4275,18.8975,-0.47,-2.49
30-JAN-2019,18.4275,18.4275,15.9775,17.85,18.4275,-0.58,-3.13
31-JAN-2019,17.85,17.85,16.445,17.1225,17.85,-0.73,-4.08
01-FEB-2019,17.1225,17.185,15.545,15.72,17.1225,-1.4,-8.19
04-FEB-2019,15.72,16.4525,14.9675,15.7225,15.72,0.0,0.02
05-FEB-2019,15.7225,15.9775,14.605,15.78,15.7225,0.06,0.37
06-FEB-2019,15.78,15.9725,12.8325,15.63,15.78,-0.15,-0.95
07-FEB-2019,15.63,16.2225,13.5975,15.435,15.63,-0.2,-1.25
08-FEB-2019,15.435,15.815,12.9675,15.5675,15.435,0.13,0.86
11-FEB-2019,15.5675,16.355,13.46,15.84,15.5675,0.27,1.75
12-FEB-2019,15.84,15.975,13.23,15.75,15.84,-0.09,-0.57
13-FEB-2019,15.75,15.9025,11.81,15.73,15.75,-0.02,-0.13
14-FEB-2019,15.73,16.5775,12.09,15.7725,15.73,0.04,0.27
15-FEB-2019,15.7725,17.535,12.4475,16.46,15.7725,0.69,4.36
18-FEB-2019,16.46,18.1925,11.85,18.0,16.46,1.54,9.36
19-FEB-2019,18.0,18.605,15.2575,18.4675,18.0,0.47,2.6
20-FEB-2019,18.4675,18.4675,15.2375,17.055,18.4675,-1.41,-7.65
21-FEB-2019,17.055,17.1725,12.1275,16.0525,17.055,-1.0,-5.88
22-FEB-2019,16.0525,16.0525,12.315,15.45,16.0525,-0.6,-3.75
25-FEB-2019,15.45,16.035,11.7,15.3575,15.45,-0.09,-0.6
26-FEB-2019,15.3575,18.0975,13.12,17.115,15.3575,1.76,11.44
27-FEB-2019,17.115,19.9775,14.13,18.8975,17.115,1.78,10.41
28-FEB-2019,18.8975,18.8975,17.065,18.2775,18.8975,-0.62,-3.28
01-MAR-2019,18.2775,18.2775,15.895,16.275,18.2775,-2.0,-10.96
05-MAR-2019,16.275,16.86,15.45,15.6575,16.275,-0.62,-3.79
06-MAR-2019,15.6575,15.735,14.2875,15.61,15.6575,-0.05,-0.3
07-MAR-2019,15.61,15.6875,14.3125,15.2925,15.61,-0.32,-2.03
08-MAR-2019,15.2925,15.4125,12.92,14.94,15.2925,-0.35,-2.31
11-MAR-2019,14.94,15.38,13.67,14.895,14.94,-0.05,-0.3
12-MAR-2019,14.895,15.1975,13.84,15.0975,14.895,0.2,1.36
13-MAR-2019,15.0975,15.595,12.3,15.2775,15.0975,0.18,1.19
14-MAR-2019,15.2775,15.5225,13.7625,15.15,15.2775,-0.13,-0.83
15-MAR-2019,15.15,16.3925,11.845,15.865,15.15,0.72,4.72
18-MAR-2019,15.865,17.1875,14.2675,16.9,15.865,1.04,6.52
19-MAR-2019,16.9,17.1775,14.55,16.4925,16.9,-0.41,-2.41
20-MAR-2019,16.4925,16.4925,14.485,16.0325,16.4925,-0.46,-2.79
22-MAR-2019,16.0325,16.805,12.675,16.275,16.0325,0.24,1.51
25-MAR-2019,16.275,17.0275,14.2575,16.6725,16.275,0.4,2.44
26-MAR-2019,16.6725,16.6725,15.5175,16.485,16.6725,-0.19,-1.12
27-MAR-2019,16.485,17.4225,14.545,17.0475,16.485,0.56,3.41
28-MAR-2019,17.0475,17.3325,15.75,16.6525,17.0475,-0.4,-2.32
29-MAR-2019,16.6525,17.43,16.2375,17.185,16.6525,0.53,3.2
01-APR-2019,17.185,18.22,17.185,18.005,17.185,0.82,4.77
02-APR-2019,18.005,18.5525,17.44,18.0825,18.005,0.08,0.43
03-APR-2019,18.0825,18.8825,17.29,18.7825,18.0825,0.7,3.87
04-APR-2019,18.7825,19.325,18.25,18.65,18.7825,-0.13,-0.71
05-APR-2019,18.65,19.075,16.7625,18.3925,18.65,-0.26,-1.38
08-APR-2019,18.3925,20.4575,18.3925,20.1525,18.3925,1.76,9.57
09-APR-2019,20.1525,20.6625,16.55,20.28,20.1525,0.13,0.63
10-APR-2019,20.28,21.28,18.7,21.13,20.28,0.85,4.19
11-APR-2019,21.13,21.34,19.4125,20.9575,21.13,-0.17,-0.82
12-APR-2019,20.9575,21.3025,18.675,20.9975,20.9575,0.04,0.19
15-APR-2019,20.9975,22.24,18.76,21.3875,20.9975,0.39,1.86
16-APR-2019,21.3875,21.885,19.6725,21.6925,21.3875,0.31,1.43
18-APR-2019,21.6925,23.045,18.5,22.735,21.6925,1.04,4.81
22-APR-2019,22.735,24.5625,20.4075,24.05,22.735,1.32,5.78
23-APR-2019,24.05,26.3175,22.7775,24.645,24.05,0.6,2.47
24-APR-2019,24.645,25.125,23.445,23.7125,24.645,-0.93,-3.78
25-APR-2019,23.7125,25.535,22.7275,23.2325,23.7125,-0.48,-2.02
26-APR-2019,23.2325,23.9625,21.4325,21.7175,23.2325,-1.52,-6.52
30-APR-2019,21.7175,22.775,20.76,21.8275,21.7175,0.11,0.51
02-MAY-2019,21.8275,23.265,21.7675,22.9825,21.8275,1.16,5.29
03-MAY-2019,22.9825,24.1525,21.0975,24.0325,22.9825,1.05,4.57
06-MAY-2019,24.0325,27.835,19.74,26.4325,24.0325,2.4,9.99
07-MAY-2019,26.4325,26.81,23.0925,26.4775,26.4325,0.05,0.17
08-MAY-2019,26.4775,27.025,23.245,26.365,26.4775,-0.11,-0.42
09-MAY-2019,26.365,26.495,23.485,25.485,26.365,-0.88,-3.34
10-MAY-2019,25.485,26.525,24.535,26.335,25.485,0.85,3.34
13-MAY-2019,26.335,28.0625,23.7125,27.3825,26.335,1.05,3.98
14-MAY-2019,27.3825,27.76,22.39,27.1325,27.3825,-0.25,-0.91
15-MAY-2019,27.1325,29.0825,23.18,28.6575,27.1325,1.53,5.62
16-MAY-2019,28.6575,29.3275,23.7825,28.37,28.6575,-0.29,-1.0
17-MAY-2019,28.37,29.2325,25.4975,28.075,28.37,-0.3,-1.04
20-MAY-2019,28.075,28.075,19.76,23.675,28.075,-4.4,-15.67
21-MAY-2019,23.675,28.1025,20.2425,25.6525,23.675,1.98,8.35
22-MAY-2019,25.6525,30.1825,19.04,27.6325,25.6525,1.98,7.72
23-MAY-2019,27.6325,27.6325,18.9575,19.405,27.6325,-8.23,-29.77
24-MAY-2019,19.405,19.405,14.4925,16.4675,19.405,-2.94,-15.14
27-MAY-2019,16.4675,17.335,13.48,16.19,16.4675,-0.28,-1.69
28-MAY-2019,16.19,16.54,15.38,15.9225,16.19,-0.27,-1.65
29-MAY-2019,15.9225,16.5075,14.4775,16.4075,15.9225,0.49,3.05
30-MAY-2019,16.4075,16.4075,14.8525,15.61,16.4075,-0.8,-4.86
31-MAY-2019,15.61,16.7875,14.19,16.0675,15.61,0.46,2.93
03-JUN-2019,16.0675,16.2325,14.075,15.9675,16.0675,-0.1,-0.62
04-JUN-2019,15.9675,15.9675,14.6675,15.6275,15.9675,-0.34,-2.13
06-JUN-2019,15.6275,15.925,13.975,15.525,15.6275,-0.1,-0.66
07-JUN-2019,15.525,15.73,13.6275,14.8575,15.525,-0.67,-4.3
10-JUN-2019,14.8575,15.4525,13.4475,14.975,14.8575,0.12,0.79
11-JUN-2019,14.975,14.975,13.48,14.49,14.975,-0.49,-3.24
12-JUN-2019,14.49,14.71,13.31,14.1225,14.49,-0.37,-2.54
13-JUN-2019,14.1225,14.2925,13.2775,13.66,14.1225,-0.46,-3.27
14-JUN-2019,13.66,14.1175,12.6425,13.895,13.66,0.24,1.72
17-JUN-2019,13.895,14.96,13.52,14.65,13.895,0.76,5.43
18-JUN-2019,14.65,14.97,11.7375,14.6,14.65,-0.05,-0.34
19-JUN-2019,14.6,15.3,10.79,14.73,14.6,0.13,0.89
20-JUN-2019,14.73,15.1875,12.835,14.0,14.73,-0.73,-4.96
21-JUN-2019,14.0,14.8325,10.6025,14.61,14.0,0.61,4.36
24-JUN-2019,14.61,15.665,11.855,15.2225,14.61,0.61,4.19
25-JUN-2019,15.2225,15.585,14.9275,15.01,15.2225,-0.21,-1.4
26-JUN-2019,15.01,15.195,14.39,14.75,15.01,-0.26,-1.73
27-JUN-2019,14.75,14.8875,13.6475,14.645,14.75,-0.11,-0.71
28-JUN-2019,14.645,15.0725,13.995,14.9525,14.645,0.31,2.1
01-JUL-2019,14.9525,15.02,14.4725,14.6025,14.9525,-0.35,-2.34
02-JUL-2019,14.6025,14.8325,14.025,14.25,14.6025,-0.35,-2.41
03-JUL-2019,14.25,14.32,13.52,13.695,14.25,-0.56,-3.89
04-JUL-2019,13.695,13.695,13.0125,13.53,13.695,-0.17,-1.2
05-JUL-2019,13.53,13.965,12.665,13.065,13.53,-0.47,-3.44
08-JUL-2019,13.065,14.0425,12.1075,13.8525,13.065,0.79,6.03
09-JUL-2019,13.8525,14.22,13.3525,13.6875,13.8525,-0.17,-1.19
10-JUL-2019,13.6875,13.9625,12.395,13.635,13.6875,-0.05,-0.38
11-JUL-2019,13.635,13.635,12.1775,12.47,13.635,-1.17,-8.54
12-JUL-2019,12.47,12.55,11.55,11.9975,12.47,-0.47,-3.79
15-JUL-2019,11.9975,12.5175,10.6425,12.02,11.9975,0.02,0.19
16-JUL-2019,12.02,12.02,11.0625,11.56,12.02,-0.46,-3.83
17-JUL-2019,11.56,11.91,9.1625,11.8,11.56,0.24,2.08
18-JUL-2019,11.8,11.9825,9.2225,11.75,11.8,-0.05,-0.42
19-JUL-2019,11.75,12.675,10.5925,12.515,11.75,0.77,6.51
22-JUL-2019,12.515,13.4025,11.5625,13.01,12.515,0.5,3.96
23-JUL-2019,13.01,13.78,11.59,13.4275,13.01,0.42,3.21
24-JUL-2019,13.4275,14.4825,11.85,12.76,13.4275,-0.67,-4.97
25-JUL-2019,12.76,13.55,11.9975,12.635,12.76,-0.13,-0.98
26-JUL-2019,12.635,13.31,11.9225,12.1325,12.635,-0.5,-3.98
29-JUL-2019,12.1325,13.5325,12.0375,13.0625,12.1325,0.93,7.67
30-JUL-2019,13.0625,13.8675,12.5,13.6125,13.0625,0.55,4.21
31-JUL-2019,13.6125,14.545,13.415,13.59,13.6125,-0.02,-0.17
01-AUG-2019,13.59,15.28,13.2725,14.5575,13.59,0.97,7.12
02-AUG-2019,14.5575,16.1575,14.435,15.1875,14.5575,0.63,4.33
05-AUG-2019,15.1875,17.82,15.1875,16.585,15.1875,1.4,9.2
06-AUG-2019,16.585,16.785,15.5925,16.12,16.585,-0.47,-2.8
07-AUG-2019,16.12,16.9125,15.7375,16.74,16.12,0.62,3.85
08-AUG-2019,16.74,16.74,15.515,16.0925,16.74,-0.65,-3.87
09-AUG-2019,16.0925,16.1625,15.0275,15.845,16.0925,-0.25,-1.54
13-AUG-2019,15.845,18.005,15.1175,17.7775,15.845,1.93,12.2
14-AUG-2019,17.7775,17.7775,16.11,16.3575,17.7775,-1.42,-7.99
16-AUG-2019,16.3575,17.4275,15.9925,16.6475,16.3575,0.29,1.77
19-AUG-2019,16.6475,17.025,14.71,16.7475,16.6475,0.1,0.6
20-AUG-2019,16.7475,17.095,15.105,16.6325,16.7475,-0.12,-0.69
21-AUG-2019,16.6325,17.3275,14.0,17.0225,16.6325,0.39,2.34
22-AUG-2019,17.0225,18.1225,14.4925,17.8525,17.0225,0.83,4.88
23-AUG-2019,17.8525,18.2625,13.7025,17.3475,17.8525,-0.51,-2.83
26-AUG-2019,17.3475,19.145,13.7,16.655,17.3475,-0.69,-3.99
27-AUG-2019,16.655,16.8325,14.42,16.01,16.655,-0.65,-3.87
28-AUG-2019,16.01,17.375,14.12,16.835,16.01,0.83,5.15
29-AUG-2019,16.835,17.445,13.8725,16.425,16.835,-0.41,-2.44
30-AUG-2019,16.425,17.375,15.19,16.2825,16.425,-0.14,-0.87
03-SEP-2019,16.2825,18.27,16.2825,18.055,16.2825,1.77,10.89
04-SEP-2019,18.055,18.31,17.1275,17.235,18.055,-0.82,-4.54
05-SEP-2019,17.235,17.7025,16.0575,17.2725,17.235,0.04,0.22
06-SEP-2019,17.2725,17.2725,15.885,16.275,17.2725,-1.0,-5.78
09-SEP-2019,16.275,16.6425,13.665,15.8525,16.275,-0.42,-2.6
11-SEP-2019,15.8525,15.8525,14.6475,15.3725,15.8525,-0.48,-3.03
12-SEP-2019,15.3725,15.3725,14.6075,14.9,15.3725,-0.47,-3.07
13-SEP-2019,14.9,15.195,13.8875,14.12,14.9,-0.78,-5.23
16-SEP-2019,14.12,15.3075,14.1175,14.9525,14.12,0.83,5.9
17-SEP-2019,14.9525,16.3075,13.2775,16.0175,14.9525,1.07,7.12
18-SEP-2019,16.0175,16.1875,13.905,15.3525,16.0175,-0.67,-4.15
19-SEP-2019,15.3525,15.965,14.1775,15.55,15.3525,0.2,1.29
20-SEP-2019,15.55,17.045,13.8275,15.4,15.55,-0.15,-0.96
23-SEP-2019,15.4,17.64,14.21,16.7925,15.4,1.39,9.04
24-SEP-2019,16.7925,18.5325,15.8975,16.7325,16.7925,-0.06,-0.36
25-SEP-2019,16.7325,17.415,14.1025,16.17,16.7325,-0.56,-3.36
26-SEP-2019,16.17,17.01,13.64,16.3425,16.17,0.17,1.07
27-SEP-2019,16.3425,16.8175,15.9275,16.115,16.3425,-0.23,-1.39
30-SEP-2019,16.115,16.51,15.8,15.8725,16.115,-0.24,-1.5
01-OCT-2019,15.8725,18.2175,14.9475,16.7575,15.8725,0.89,5.58
03-OCT-2019,16.7575,18.045,16.4175,17.7025,16.7575,0.95,5.64
04-OCT-2019,17.7025,17.945,16.3475,17.58,17.7025,-0.12,-0.69
07-OCT-2019,17.58,18.4275,16.9925,17.83,17.58,0.25,1.42
09-OCT-2019,17.83,18.3275,16.335,17.155,17.83,-0.68,-3.79
10-OCT-2019,17.155,17.54,15.7275,17.2275,17.155,0.07,0.42
11-OCT-2019,17.2275,18.28,15.7775,17.14,17.2275,-0.09,-0.51
14-OCT-2019,17.14,17.9625,17.0625,17.43,17.14,0.29,1.69
15-OCT-2019,17.43,17.43,16.6925,16.85,17.43,-0.58,-3.33
16-OCT-2019,16.85,16.9525,15.495,16.36,16.85,-0.49,-2.91
17-OCT-2019,16.36,16.36,15.5175,15.8775,16.36,-0.48,-2.95
18-OCT-2019,15.8775,16.1525,14.99,15.9275,15.8775,0.05,0.31
22-OCT-2019,15.9275,17.1225,13.5725,16.81,15.9275,0.88,5.54
23-OCT-2019,16.81,16.85,14.83,16.535,16.81,-0.28,-1.64
24-OCT-2019,16.535,16.78,14.7125,16.24,16.535,-0.3,-1.78
25-OCT-2019,16.24,16.24,15.195,15.315,16.24,-0.93,-5.7
27-OCT-2019,16.24,16.24,13.9825,15.585,16.24,-0.66,-4.03
29-OCT-2019,15.585,16.5475,15.4975,16.42,15.585,0.84,5.36
30-OCT-2019,16.42,16.845,16.2525,16.6575,16.42,0.24,1.45
31-OCT-2019,16.6575,16.795,15.5025,16.28,16.6575,-0.38,-2.27
01-NOV-2019,16.28,16.4725,15.1675,15.7325,16.28,-0.55,-3.36
04-NOV-2019,15.7325,16.365,13.495,15.925,15.7325,0.19,1.22
05-NOV-2019,15.925,16.34,13.5075,15.9175,15.925,-0.01,-0.05
06-NOV-2019,15.9175,16.1525,13.3825,15.775,15.9175,-0.14,-0.9
07-NOV-2019,15.775,15.9225,13.525,15.2075,15.775,-0.57,-3.6
08-NOV-2019,15.2075,15.99,13.71,15.855,15.2075,0.65,4.26
11-NOV-2019,15.855,16.765,15.195,16.25,15.855,0.4,2.49
13-NOV-2019,16.25,16.67,14.4725,16.4625,16.25,0.21,1.31
14-NOV-2019,16.4625,16.4625,14.0925,15.65,16.4625,-0.81,-4.94
15-NOV-2019,15.65,15.65,12.5225,15.03,15.65,-0.62,-3.96
18-NOV-2019,15.03,16.065,12.665,15.755,15.03,0.73,4.82
19-NOV-2019,15.755,15.755,12.61,15.4125,15.755,-0.34,-2.17
20-NOV-2019,15.4125,15.4125,11.6075,15.16,15.4125,-0.25,-1.64
21-NOV-2019,15.16,15.595,12.61,14.975,15.16,-0.19,-1.22
22-NOV-2019,14.975,15.8775,12.2375,14.8725,14.975,-0.1,-0.68
25-NOV-2019,14.8725,15.2125,13.0,15.0025,14.8725,0.13,0.87
26-NOV-2019,15.0025,15.1275,13.1075,14.8375,15.0025,-0.17,-1.1
27-NOV-2019,14.8375,14.8375,12.3575,14.6175,14.8375,-0.22,-1.48
28-NOV-2019,14.6175,14.6175,12.8875,13.9875,14.6175,-0.63,-4.31
29-NOV-2019,13.9875,14.2925,13.14,13.8975,13.9875,-0.09,-0.64
02-DEC-2019,13.8975,15.845,13.4975,14.2025,13.8975,0.31,2.19
03-DEC-2019,14.2025,16.3425,12.07,14.5625,14.2025,0.36,2.53
04-DEC-2019,14.5625,15.8725,12.2625,13.3225,14.5625,-1.24,-8.52
05-DEC-2019,13.3225,15.12,12.8275,14.305,13.3225,0.98,7.37
06-DEC-2019,14.305,14.7225,11.4075,13.64,14.305,-0.67,-4.65
09-DEC-2019,13.64,15.3625,12.465,14.5975,13.64,0.96,7.02
10-DEC-2019,14.5975,15.6625,11.735,14.29,14.5975,-0.31,-2.11
11-DEC-2019,14.29,14.4475,11.71,13.3775,14.29,-0.91,-6.39
12-DEC-2019,13.3775,13.765,11.825,13.3475,13.3775,-0.03,-0.22
13-DEC-2019,13.3475,14.67,12.185,13.3,13.3475,-0.05,-0.36
16-DEC-2019,13.3,14.11,12.5,13.415,13.3,0.12,0.86
17-DEC-2019,13.415,13.425,11.955,12.5175,13.415,-0.9,-6.69
18-DEC-2019,12.5175,12.715,11.39,12.3375,12.5175,-0.18,-1.44
19-DEC-2019,12.3375,12.415,11.325,12.1225,12.3375,-0.22,-1.74
20-DEC-2019,12.1225,12.7325,11.9025,12.325,12.1225,0.2,1.67
23-DEC-2019,12.325,14.505,10.695,11.9575,12.325,-0.37,-2.98
24-DEC-2019,11.9575,13.31,10.8875,11.625,11.9575,-0.33,-2.78
26-DEC-2019,11.625,12.3475,10.8425,11.1225,11.625,-0.5,-4.32
27-DEC-2019,11.1225,11.4675,10.425,10.525,11.1225,-0.6,-5.37
30-DEC-2019,10.525,11.4525,9.6175,11.0075,10.525,0.48,4.58
31-DEC-2019,11.0075,11.7925,10.44,11.6675,11.0075,0.66,6.0
01-JAN-2020,11.6675,11.73,11.085,11.5975,11.6675,-0.07,-0.6
02-JAN-2020,11.5975,11.7,10.73,11.49,11.5975,-0.11,-0.93
03-JAN-2020,11.49,12.94,10.685,12.695,11.49,1.21,10.49
06-JAN-2020,12.695,15.095,12.695,14.7775,12.695,2.08,16.4
07-JAN-2020,14.7775,14.9125,14.4625,14.61,14.7775,-0.17,-1.13
08-JAN-2020,14.61,16.3875,13.7925,15.64,14.61,1.03,7.05
09-JAN-2020,15.64,15.64,12.995,13.9975,15.64,-1.64,-10.5
10-JAN-2020,13.9975,14.245,13.1775,14.0775,13.9975,0.08,0.57
13-JAN-2020,14.0775,14.495,13.5775,14.275,14.0775,0.2,1.4
14-JAN-2020,14.275,14.275,13.0625,13.9125,14.275,-0.36,-2.54
15-JAN-2020,13.9125,14.4575,13.585,14.12,13.9125,0.21,1.49
16-JAN-2020,14.12,14.365,12.5975,14.1825,14.12,0.06,0.44
17-JAN-2020,14.1825,14.53,12.5025,14.1275,14.1825,-0.06,-0.39
20-JAN-2020,14.1275,15.495,12.465,15.41,14.1275,1.28,9.08
21-JAN-2020,15.41,16.04,15.0725,15.8625,15.41,0.45,2.94
22-JAN-2020,15.8625,16.61,15.3575,16.36,15.8625,0.5,3.14
23-JAN-2020,16.36,16.7075,15.7775,15.855,16.36,-0.51,-3.09
24-JAN-2020,15.855,16.215,14.5925,15.56,15.855,-0.3,-1.86
27-JAN-2020,15.56,17.34,14.6825,17.175,15.56,1.62,10.38
28-JAN-2020,17.175,17.615,16.9575,17.2975,17.175,0.12,0.71
29-JAN-2020,17.2975,17.2975,15.6525,16.4975,17.2975,-0.8,-4.62
30-JAN-2020,16.4975,17.14,15.38,16.7975,16.4975,0.3,1.82
31-JAN-2020,16.7975,17.59,14.9025,17.3675,16.7975,0.57,3.39
01-FEB-2020,17.3675,17.93,16.0325,16.835,17.3675,-0.53,-3.07
03-FEB-2020,16.835,17.03,15.4825,15.7825,16.835,-1.05,-6.25
04-FEB-2020,15.7825,15.7825,14.31,14.38,15.7825,-1.4,-8.89
05-FEB-2020,14.38,14.525,13.8175,14.1725,14.38,-0.21,-1.44
06-FEB-2020,14.1725,14.2425,12.645,13.78,14.1725,-0.39,-2.77
07-FEB-2020,13.78,13.9925,12.975,13.7475,13.78,-0.03,-0.24
10-FEB-2020,13.7475,14.6,12.965,14.21,13.7475,0.46,3.36
11-FEB-2020,14.21,14.21,11.375,13.88,14.21,-0.33,-2.32
12-FEB-2020,13.88,13.88,13.1475,13.6225,13.88,-0.26,-1.86
13-FEB-2020,13.6225,13.6725,11.8,13.37,13.6225,-0.25,-1.85
14-FEB-2020,13.37,13.9875,11.9025,13.615,13.37,0.25,1.83
17-FEB-2020,13.615,14.6175,13.38,14.415,13.615,0.8,5.88
18-FEB-2020,14.415,14.82,11.375,14.51,14.415,0.1,0.66
19-FEB-2020,14.51,14.51,13.4825,14.0225,14.51,-0.49,-3.36
20-FEB-2020,14.0225,14.0275,10.165,13.7,14.0225,-0.32,-2.3
24-FEB-2020,13.7,17.375,12.295,16.9975,13.7,3.3,24.07
25-FEB-2020,16.9975,17.3175,15.62,16.8975,16.9975,-0.1,-0.59
26-FEB-2020,16.8975,18.865,16.5025,18.26,16.8975,1.36,8.06
27-FEB-2020,18.26,19.155,16.8275,17.765,18.26,-0.5,-2.71
28-FEB-2020,17.765,23.6975,17.4825,23.235,17.765,5.47,30.79
02-MAR-2020,23.235,26.3425,19.92,25.2025,23.235,1.97,8.47
03-MAR-2020,25.2025,26.49,21.5425,24.5425,25.2025,-0.66,-2.62
04-MAR-2020,24.5425,26.2875,22.425,24.225,24.5425,-0.32,-1.29
05-MAR-2020,24.225,24.225,22.125,23.2475,24.225,-0.98,-4.04
06-MAR-2020,23.2475,27.55,23.2475,25.6425,23.2475,2.4,10.3
09-MAR-2020,25.6425,34.355,21.425,30.8,25.6425,5.16,20.11
11-MAR-2020,30.8,33.2375,29.65,31.555,30.8,0.76,2.45
12-MAR-2020,31.555,42.3275,29.81,41.1625,31.555,9.61,30.45
13-MAR-2020,41.1625,59.4825,41.1625,51.4725,41.1625,10.31,25.05
16-MAR-2020,51.4725,59.865,51.4725,58.875,51.4725,7.4,14.38
17-MAR-2020,58.875,63.44,57.25,62.925,58.875,4.05,6.88
18-MAR-2020,62.925,64.5775,61.1525,63.955,62.925,1.03,1.64
19-MAR-2020,63.955,73.3425,63.095,72.1975,63.955,8.24,12.89
20-MAR-2020,72.1975,72.965,65.38,67.1,72.1975,-5.1,-7.06
23-MAR-2020,67.1,73.3675,66.3175,71.985,67.1,4.89,7.28
24-MAR-2020,71.985,86.635,71.985,83.6075,71.985,11.62,16.15
25-MAR-2020,83.6075,84.5975,75.9725,77.625,83.6075,-5.98,-7.16
26-MAR-2020,77.625,79.405,70.675,71.5325,77.625,-6.09,-7.85
27-MAR-2020,71.5325,73.03,65.6325,70.385,71.5325,-1.15,-1.6
30-MAR-2020,70.385,73.365,70.28,71.89,70.385,1.51,2.14
31-MAR-2020,71.89,71.89,63.6075,64.4075,71.89,-7.48,-10.41
01-APR-2020,64.4075,64.4075,59.78,60.0525,64.4075,-4.36,-6.76
03-APR-2020,60.0525,60.59,54.9,55.3025,60.0525,-4.75,-7.91
07-APR-2020,55.3025,55.3025,49.9425,51.8,55.3025,-3.5,-6.33
08-APR-2020,51.8,53.7325,46.975,52.2425,51.8,0.44,0.85
09-APR-2020,52.2425,52.2425,46.9025,49.745,52.2425,-2.5,-4.78
13-APR-2020,49.745,52.4925,43.635,51.4575,49.745,1.71,3.44
15-APR-2020,51.4575,51.4575,44.6475,49.735,51.4575,-1.72,-3.35
16-APR-2020,49.735,49.735,42.255,46.095,49.735,-3.64,-7.32
17-APR-2020,46.095,46.095,40.305,42.5925,46.095,-3.5,-7.6
20-APR-2020,42.5925,44.0375,40.295,43.455,42.5925,0.86,2.03
21-APR-2020,43.455,45.9625,36.215,45.1975,43.455,1.74,4.01
22-APR-2020,45.1975,45.425,40.465,42.8225,45.1975,-2.38,-5.25
23-APR-2020,42.8225,42.8225,36.9975,39.23,42.8225,-3.59,-8.39
24-APR-2020,39.23,39.9475,34.9825,39.1175,39.23,-0.11,-0.29
27-APR-2020,39.1175,40.1675,35.2125,38.0425,39.1175,-1.08,-2.75
28-APR-2020,38.0425,41.9125,35.0675,35.355,38.0425,-2.69,-7.06
29-APR-2020,35.355,35.355,31.4825,33.8375,35.355,-1.52,-4.29
30-APR-2020,33.8375,34.2525,32.535,33.9875,33.8375,0.15,0.44
04-MAY-2020,33.9875,43.92,33.9875,43.67,33.9875,9.68,28.49
05-MAY-2020,43.67,43.865,38.1475,43.6075,43.67,-0.06,-0.14
06-MAY-2020,43.6075,43.63,40.1975,41.2475,43.6075,-2.36,-5.41
07-MAY-2020,41.2475,41.715,39.6575,39.93,41.2475,-1.32,-3.19
08-MAY-2020,39.93,39.93,36.5475,38.4075,39.93,-1.52,-3.81
11-MAY-2020,38.4075,38.495,36.9475,38.0375,38.4075,-0.37,-0.96
12-MAY-2020,38.0375,38.8125,35.245,38.205,38.0375,0.17,0.44
13-MAY-2020,38.205,39.0475,33.44,38.835,38.205,0.63,1.65
14-MAY-2020,38.835,38.835,35.795,38.1825,38.835,-0.65,-1.68
15-MAY-2020,38.1825,38.46,34.055,38.0175,38.1825,-0.17,-0.43
18-MAY-2020,38.0175,41.245,27.935,40.915,38.0175,2.9,7.62
19-MAY-2020,40.915,40.915,37.9525,39.4525,40.915,-1.46,-3.57
20-MAY-2020,39.4525,39.4525,34.095,35.81,39.4525,-3.64,-9.23
21-MAY-2020,35.81,35.81,32.575,32.985,35.81,-2.83,-7.89
22-MAY-2020,32.985,34.36,26.335,32.3775,32.985,-0.61,-1.84
26-MAY-2020,32.3775,33.21,30.9725,31.47,32.3775,-0.91,-2.8
27-MAY-2020,31.47,32.015,28.855,31.2725,31.47,-0.2,-0.63
28-MAY-2020,31.2725,31.2725,29.195,30.0175,31.2725,-1.26,-4.01
29-MAY-2020,30.0175,30.5675,27.41,30.22,30.0175,0.2,0.67
01-JUN-2020,30.22,32.1725,28.8325,30.7425,30.22,0.52,1.73
02-JUN-2020,30.7425,30.9175,27.9025,30.115,30.7425,-0.63,-2.04
03-JUN-2020,30.115,30.4025,29.335,30.0425,30.115,-0.07,-0.24
04-JUN-2020,30.0425,30.265,28.45,29.69,30.0425,-0.35,-1.17
05-JUN-2020,29.69,29.69,25.92,28.68,29.69,-1.01,-3.4
08-JUN-2020,28.68,30.145,27.7975,29.6475,28.68,0.97,3.37
09-JUN-2020,29.6475,30.34,27.24,30.205,29.6475,0.56,1.88
10-JUN-2020,30.205,30.205,28.7275,29.4375,30.205,-0.77,-2.54
11-JUN-2020,29.4375,30.42,28.39,29.66,29.4375,0.22,0.76
12-JUN-2020,29.66,32.875,29.66,30.8225,29.66,1.16,3.92
15-JUN-2020,30.8225,33.7775,29.915,32.5775,30.8225,1.76,5.69
16-JUN-2020,32.5775,35.3125,30.4075,32.965,32.5775,0.39,1.19
17-JUN-2020,32.965,34.0175,29.05,33.355,32.965,0.39,1.18
18-JUN-2020,33.355,33.4225,31.2175,31.455,33.355,-1.9,-5.7
19-JUN-2020,31.455,31.9125,29.6775,29.965,31.455,-1.49,-4.74
22-JUN-2020,29.965,30.9825,29.965,30.46,29.965,0.5,1.65
23-JUN-2020,30.46,31.1475,29.2425,29.34,30.46,-1.12,-3.68
24-JUN-2020,29.34,30.53,27.79,29.5775,29.34,0.24,0.81
25-JUN-2020,29.5775,31.285,29.0575,29.7275,29.5775,0.15,0.51
26-JUN-2020,29.7275,30.065,28.315,28.735,29.7275,-0.99,-3.34
29-JUN-2020,28.735,30.45,27.98,28.91,28.735,0.18,0.61
30-JUN-2020,28.91,29.6325,28.405,29.1175,28.91,0.21,0.72
01-JUL-2020,29.1175,29.1625,27.9375,28.1175,29.1175,-1.0,-3.43
02-JUL-2020,28.1175,28.1175,26.315,26.5075,28.1175,-1.61,-5.73
03-JUL-2020,26.5075,26.775,25.6275,25.7675,26.5075,-0.74,-2.79
06-JUL-2020,25.7675,26.175,24.5425,25.1975,25.7675,-0.57,-2.21
07-JUL-2020,25.1975,25.645,24.24,25.1025,25.1975,-0.1,-0.38
08-JUL-2020,25.1025,26.355,25.03,26.1,25.1025,1.0,3.97
09-JUL-2020,26.1,27.6575,24.735,24.9125,26.1,-1.19,-4.55
10-JUL-2020,24.9125,25.4775,23.485,24.9425,24.9125,0.03,0.12
13-JUL-2020,24.9425,25.9075,22.805,25.2525,24.9425,0.31,1.24
14-JUL-2020,25.2525,27.265,25.2525,26.6375,25.2525,1.39,5.48
15-JUL-2020,26.6375,26.6375,23.74,26.29,26.6375,-0.35,-1.3
16-JUL-2020,26.29,26.5975,25.245,25.3625,26.29,-0.93,-3.53
17-JUL-2020,25.3625,25.5025,23.77,24.1575,25.3625,-1.21,-4.75
20-JUL-2020,24.1575,25.12,24.1575,24.7125,24.1575,0.56,2.3
21-JUL-2020,24.7125,24.7125,23.725,24.4275,24.7125,-0.29,-1.15
22-JUL-2020,24.4275,25.8025,23.73,24.885,24.4275,0.46,1.87
23-JUL-2020,24.885,24.935,24.0075,24.64,24.885,-0.25,-0.98
24-JUL-2020,24.64,25.295,22.7375,24.535,24.64,-0.11,-0.43
27-JUL-2020,24.535,25.7175,23.29,25.0175,24.535,0.48,1.97
28-JUL-2020,25.0175,25.215,23.545,23.6425,25.0175,-1.38,-5.5
29-JUL-2020,23.6425,24.4975,23.6425,24.1125,23.6425,0.47,1.99
30-JUL-2020,24.1125,25.1425,22.09,24.7275,24.1125,0.62,2.55
31-JUL-2020,24.7275,25.3725,23.9675,24.1925,24.7275,-0.54,-2.16
03-AUG-2020,24.1925,25.69,23.2625,25.185,24.1925,0.99,4.1
04-AUG-2020,25.185,25.185,23.555,23.815,25.185,-1.37,-5.44
05-AUG-2020,23.815,23.9325,21.825,23.5675,23.815,-0.25,-1.04
06-AUG-2020,23.5675,23.705,22.525,23.15,23.5675,-0.42,-1.77
07-AUG-2020,23.15,23.31,21.755,22.5775,23.15,-0.57,-2.47
10-AUG-2020,22.5775,23.015,21.4525,22.51,22.5775,-0.07,-0.3
11-AUG-2020,22.51,22.51,20.215,21.36,22.51,-1.15,-5.11
12-AUG-2020,21.36,21.9225,16.85,20.845,21.36,-0.52,-2.41
13-AUG-2020,20.845,21.19,19.46,20.5675,20.845,-0.28,-1.33
14-AUG-2020,20.5675,22.97,16.34,21.6725,20.5675,1.11,5.37
17-AUG-2020,21.6725,22.8775,19.5575,21.3075,21.6725,-0.37,-1.68
18-AUG-2020,21.3075,21.3075,18.2525,20.43,21.3075,-0.88,-4.12
19-AUG-2020,20.43,20.43,17.835,19.9575,20.43,-0.47,-2.31
20-AUG-2020,19.9575,21.08,17.6625,20.6175,19.9575,0.66,3.31
21-AUG-2020,20.6175,20.6175,14.885,19.9375,20.6175,-0.68,-3.3
24-AUG-2020,19.9375,20.0675,17.8875,19.23,19.9375,-0.71,-3.55
25-AUG-2020,19.23,19.805,15.4225,19.315,19.23,0.09,0.44
26-AUG-2020,19.315,19.5925,17.2225,19.3025,19.315,-0.01,-0.06
27-AUG-2020,19.3025,19.47,17.4525,18.895,19.3025,-0.41,-2.11
28-AUG-2020,18.895,18.895,16.655,18.3475,18.895,-0.55,-2.9
31-AUG-2020,18.3475,23.8725,16.4,22.835,18.3475,4.49,24.46
01-SEP-2020,22.835,23.2425,21.11,21.8,22.835,-1.04,-4.53
02-SEP-2020,21.8,22.495,19.8525,21.105,21.8,-0.7,-3.19
03-SEP-2020,21.105,21.105,18.16,20.5025,21.105,-0.6,-2.85
04-SEP-2020,20.5025,22.6475,19.8575,22.1525,20.5025,1.65,8.05
07-SEP-2020,22.1525,23.2475,17.245,22.0075,22.1525,-0.15,-0.65
08-SEP-2020,22.0075,23.0725,17.57,22.7225,22.0075,0.72,3.25
09-SEP-2020,22.7225,23.27,20.1975,22.23,22.7225,-0.49,-2.17
10-SEP-2020,22.23,22.23,17.7,21.2625,22.23,-0.97,-4.35
11-SEP-2020,21.2625,21.345,18.1725,20.7125,21.2625,-0.55,-2.59
14-SEP-2020,20.7125,21.74,17.5325,21.19,20.7125,0.48,2.31
15-SEP-2020,21.19,21.19,18.8975,20.5975,21.19,-0.59,-2.8
16-SEP-2020,20.5975,20.5975,16.325,19.66,20.5975,-0.94,-4.55
17-SEP-2020,19.66,20.6825,17.5525,20.1,19.66,0.44,2.24
18-SEP-2020,20.1,20.77,17.5825,20.045,20.1,-0.06,-0.27
21-SEP-2020,20.045,22.9925,18.2675,22.1875,20.045,2.14,10.69
22-SEP-2020,22.1875,23.275,15.755,21.41,22.1875,-0.78,-3.5
23-SEP-2020,21.41,22.4775,19.37,20.99,21.41,-0.42,-1.96
24-SEP-2020,20.99,23.8175,20.925,23.51,20.99,2.52,12.01
25-SEP-2020,23.51,23.51,18.6675,20.675,23.51,-2.84,-12.06
28-SEP-2020,20.675,21.0975,19.35,19.5725,20.675,-1.1,-5.33
29-SEP-2020,19.5725,20.1975,18.4275,19.775,19.5725,0.2,1.03
30-SEP-2020,19.775,20.215,17.675,19.53,19.775,-0.25,-1.24
01-OCT-2020,19.53,19.53,17.375,18.35,19.53,-1.18,-6.04
05-OCT-2020,18.35,20.025,18.35,19.705,18.35,1.36,7.38
06-OCT-2020,19.705,19.8925,18.36,19.635,19.705,-0.07,-0.36
07-OCT-2020,19.635,20.3375,19.0675,20.06,19.635,0.43,2.16
08-OCT-2020,20.06,20.855,18.9775,20.38,20.06,0.32,1.6
09-OCT-2020,20.38,21.0075,17.51,20.38,20.38,0.0,0.0
12-OCT-2020,20.38,22.1,19.39,21.1275,20.38,0.75,3.67
13-OCT-2020,21.1275,21.65,20.525,20.715,21.1275,-0.41,-1.95
14-OCT-2020,20.715,20.9625,18.425,20.21,20.715,-0.51,-2.44
15-OCT-2020,20.21,22.275,19.0375,22.0575,20.21,1.85,9.14
16-OCT-2020,22.0575,22.4175,20.485,21.645,22.0575,-0.41,-1.87
19-OCT-2020,21.645,22.3175,15.465,21.8175,21.645,0.17,0.8
20-OCT-2020,21.8175,22.7925,18.79,22.69,21.8175,0.87,4.0
21-OCT-2020,22.69,23.545,18.3775,22.915,22.69,0.23,0.99
22-OCT-2020,22.915,23.515,17.44,22.635,22.915,-0.28,-1.22
23-OCT-2020,22.635,22.78,19.8325,21.8275,22.635,-0.81,-3.57
26-OCT-2020,21.8275,23.405,21.32,22.8325,21.8275,1.01,4.6
27-OCT-2020,22.8325,23.1675,22.1225,22.195,22.8325,-0.64,-2.79
28-OCT-2020,22.195,23.465,20.08,23.28,22.195,1.09,4.89
29-OCT-2020,23.28,24.36,22.2825,24.0225,23.28,0.74,3.19
30-OCT-2020,24.0225,26.3,21.725,24.7525,24.0225,0.73,3.04
02-NOV-2020,24.7525,25.9175,24.22,25.21,24.7525,0.46,1.85
03-NOV-2020,25.21,25.3325,22.9175,24.24,25.21,-0.97,-3.85
04-NOV-2020,24.24,24.24,20.6725,23.2,24.24,-1.04,-4.29
05-NOV-2020,23.2,23.2,19.99,20.965,23.2,-2.24,-9.63
06-NOV-2020,20.965,20.965,19.2825,20.4975,20.965,-0.47,-2.23
09-NOV-2020,20.4975,21.0475,17.58,20.1125,20.4975,-0.39,-1.88
10-NOV-2020,20.1125,21.845,19.895,21.5775,20.1125,1.47,7.28
11-NOV-2020,21.5775,22.375,18.995,22.0325,21.5775,0.46,2.11
12-NOV-2020,22.0325,22.0325,19.7875,20.62,22.0325,-1.41,-6.41
13-NOV-2020,20.62,29.525,19.5575,19.7025,20.62,-0.92,-4.45
14-NOV-2020,19.7025,19.7025,16.175,19.13,19.7025,-0.57,-2.91
17-NOV-2020,19.13,20.405,18.4025,19.8025,19.13,0.67,3.52
18-NOV-2020,19.8025,19.8025,15.72,19.12,19.8025,-0.68,-3.45
19-NOV-2020,19.12,19.9825,16.325,19.57,19.12,0.45,2.35
20-NOV-2020,19.57,19.8075,16.9975,19.6175,19.57,0.05,0.24
23-NOV-2020,19.6175,20.8625,16.91,20.7975,19.6175,1.18,6.02
24-NOV-2020,20.7975,22.0,20.025,21.0575,20.7975,0.26,1.25
25-NOV-2020,21.0575,23.495,20.68,23.1275,21.0575,2.07,9.83
26-NOV-2020,23.1275,23.1275,19.4375,20.0225,23.1275,-3.11,-13.43
27-NOV-2020,20.0225,21.28,17.625,19.8175,20.0225,-0.21,-1.02
01-DEC-2020,19.8175,21.235,19.245,20.1825,19.8175,0.37,1.84
02-DEC-2020,20.1825,20.5525,17.9625,19.9075,20.1825,-0.28,-1.36
03-DEC-2020,19.9075,19.9075,17.7225,19.0,19.9075,-0.91,-4.56
04-DEC-2020,19.0,19.035,16.53,18.0275,19.0,-0.97,-5.12
07-DEC-2020,18.0275,18.315,16.95,18.025,18.0275,0.0,-0.01
08-DEC-2020,18.025,18.795,16.2675,18.6175,18.025,0.59,3.29
09-DEC-2020,18.6175,19.63,16.22,18.92,18.6175,0.3,1.62
10-DEC-2020,18.92,19.385,17.4225,18.7125,18.92,-0.21,-1.1
11-DEC-2020,18.7125,19.285,17.3625,18.79,18.7125,0.08,0.41
14-DEC-2020,18.79,19.6425,15.3275,19.4025,18.79,0.61,3.26
15-DEC-2020,19.4025,19.8275,15.6925,19.345,19.4025,-0.06,-0.3
16-DEC-2020,19.345,19.3975,18.6075,19.2,19.345,-0.15,-0.75
17-DEC-2020,19.2,21.6225,14.0525,19.1575,19.2,-0.04,-0.22
18-DEC-2020,19.1575,19.4925,14.555,18.6225,19.1575,-0.54,-2.79
21-DEC-2020,18.6225,23.68,18.6225,23.19,18.6225,4.57,24.53
22-DEC-2020,23.19,24.48,16.5925,21.985,23.19,-1.21,-5.2
23-DEC-2020,21.985,22.0825,19.395,20.495,21.985,-1.49,-6.78
24-DEC-2020,20.495,20.9525,15.645,19.9675,20.495,-0.53,-2.57
28-DEC-2020,19.9675,21.0225,18.5975,20.4275,19.9675,0.46,2.3
29-DEC-2020,20.4275,21.2125,17.6275,20.79,20.4275,0.36,1.77
30-DEC-2020,20.79,21.5875,20.79,21.11,20.79,0.32,1.54
31-DEC-2020,21.11,21.505,19.19,21.095,21.11,-0.02,-0.07
01-JAN-2021,21.095,21.3325,19.2625,19.56,21.095,-1.54,-7.28
04-JAN-2021,19.56,21.0275,19.335,20.03,19.56,0.47,2.4
05-JAN-2021,20.03,21.005,20.03,20.46,20.03,0.43,2.15
06-JAN-2021,20.46,21.63,20.425,20.995,20.46,0.54,2.61
07-JAN-2021,20.995,20.995,20.1375,20.615,20.995,-0.38,-1.81
08-JAN-2021,20.615,20.85,17.38,20.64,20.615,0.03,0.12
11-JAN-2021,20.64,22.745,20.64,22.3825,20.64,1.74,8.44
12-JAN-2021,22.3825,23.26,22.2925,22.8475,22.3825,0.47,2.08
13-JAN-2021,22.8475,24.0475,22.37,23.2925,22.8475,0.45,1.95
14-JAN-2021,23.2925,23.7025,22.8075,23.0275,23.2925,-0.27,-1.14
15-JAN-2021,23.0275,24.6775,23.0275,24.01,23.0275,0.98,4.27
18-JAN-2021,24.01,25.4125,23.5675,24.395,24.01,0.39,1.6
19-JAN-2021,24.395,24.395,20.36,22.8975,24.395,-1.5,-6.14
20-JAN-2021,22.8975,23.185,19.33,21.55,22.8975,-1.35,-5.88
21-JAN-2021,21.55,22.7775,18.6175,22.18,21.55,0.63,2.92
22-JAN-2021,22.18,23.04,18.73,22.4225,22.18,0.24,1.09
25-JAN-2021,22.4225,23.81,20.3375,23.245,22.4225,0.82,3.67
27-JAN-2021,23.245,24.7475,20.83,24.3925,23.245,1.15,4.94
28-JAN-2021,24.3925,25.295,23.435,24.29,24.3925,-0.1,-0.42
29-JAN-2021,24.29,25.99,22.08,25.3425,24.29,1.05,4.33
01-FEB-2021,25.3425,25.925,22.6,23.3225,25.3425,-2.02,-7.97
02-FEB-2021,23.3225,23.61,21.0025,23.345,23.3225,0.02,0.1
03-FEB-2021,23.345,24.1975,20.9475,23.745,23.345,0.4,1.71
04-FEB-2021,23.745,23.9325,22.09,23.1225,23.745,-0.62,-2.62
05-FEB-2021,23.1225,23.935,20.08,23.415,23.1225,0.29,1.27
08-FEB-2021,23.415,24.345,22.1775,23.9575,23.415,0.54,2.32
09-FEB-2021,23.9575,24.4675,21.4325,24.27,23.9575,0.31,1.3
10-FEB-2021,24.27,24.955,20.9075,23.9525,24.27,-0.32,-1.31
11-FEB-2021,23.9525,24.2225,21.0175,23.045,23.9525,-0.91,-3.79
12-FEB-2021,0.0,0.0,0.0,23.045,0.0,23.05,
15-FEB-2021,22.0425,22.39,20.8225,21.475,22.0425,-0.57,-2.57
16-FEB-2021,21.475,22.115,20.535,21.78,21.475,0.31,1.42
17-FEB-2021,21.78,21.88,21.0975,21.505,21.78,-0.28,-1.26
18-FEB-2021,21.505,22.085,19.9625,21.5425,21.505,0.04,0.17
19-FEB-2021,21.5425,22.8675,19.345,22.25,21.5425,0.71,3.28
22-FEB-2021,22.25,25.82,20.0225,25.47,22.25,3.22,14.47
23-FEB-2021,25.47,25.6425,23.8575,25.2275,25.47,-0.24,-0.95
24-FEB-2021,25.2275,25.2275,23.4825,24.1675,25.2275,-1.06,-4.2
25-FEB-2021,24.1675,24.1675,22.6275,22.8925,24.1675,-1.28,-5.28
26-FEB-2021,22.8925,29.645,22.8925,28.1425,22.8925,5.25,22.93
01-MAR-2021,28.1425,28.1425,24.95,25.625,28.1425,-2.52,-8.95
02-MAR-2021,25.625,25.625,23.21,23.605,25.625,-2.02,-7.88
03-MAR-2021,23.605,23.605,21.815,22.09,23.605,-1.52,-6.42
04-MAR-2021,22.09,24.5775,22.09,24.15,22.09,2.06,9.33
05-MAR-2021,24.15,26.4075,22.8625,25.56,24.15,1.41,5.84
08-MAR-2021,25.56,25.6525,21.2025,24.675,25.56,-0.89,-3.46
09-MAR-2021,24.675,24.675,21.4375,22.495,24.675,-2.18,-8.83
10-MAR-2021,22.495,22.495,19.315,20.7475,22.495,-1.75,-7.77
12-MAR-2021,20.7475,22.67,18.5375,21.7075,20.7475,0.96,4.63
15-MAR-2021,21.7075,22.9325,20.995,21.2275,21.7075,-0.48,-2.21
16-MAR-2021,21.2275,21.2275,18.0625,20.19,21.2275,-1.04,-4.89
17-MAR-2021,20.19,20.42,18.62,20.1575,20.19,-0.03,-0.16
18-MAR-2021,20.1575,20.9475,16.6825,20.08,20.1575,-0.08,-0.38
19-MAR-2021,20.08,21.865,18.725,19.9875,20.08,-0.09,-0.46
22-MAR-2021,19.9875,21.2325,18.97,20.4925,19.9875,0.51,2.53
23-MAR-2021,20.4925,22.135,20.4925,20.665,20.4925,0.17,0.84
24-MAR-2021,20.665,22.6875,19.745,22.455,20.665,1.79,8.66
25-MAR-2021,22.455,23.3125,21.12,22.6975,22.455,0.24,1.08
26-MAR-2021,22.6975,22.9175,18.225,20.65,22.6975,-2.05,-9.02
30-MAR-2021,0.0,0.0,0.0,20.65,0.0,20.65,
31-MAR-2021,20.485,20.83,19.995,20.645,20.485,0.16,0.78
01-APR-2021,20.645,20.675,19.73,19.9875,20.645,-0.66,-3.18
05-APR-2021,19.9875,23.305,19.9875,21.215,19.9875,1.23,6.14
06-APR-2021,21.215,22.24,19.805,20.84,21.215,-0.38,-1.77
07-APR-2021,20.84,21.2975,19.43,20.2475,20.84,-0.59,-2.84
08-APR-2021,20.2475,20.585,19.17,20.3125,20.2475,0.07,0.32
09-APR-2021,20.3125,20.9675,19.6825,19.785,20.3125,-0.53,-2.6
12-APR-2021,19.785,23.3025,19.785,22.995,19.785,3.21,16.22
13-APR-2021,22.995,22.995,20.2975,20.46,22.995,-2.54,-11.02
15-APR-2021,20.46,21.545,18.245,20.89,20.46,0.43,2.1
16-APR-2021,20.89,21.09,19.4825,20.4025,20.89,-0.49,-2.33
19-APR-2021,20.4025,23.1075,19.8075,22.485,20.4025,2.08,10.21
20-APR-2021,22.485,22.745,21.2375,22.425,22.485,-0.06,-0.27
22-APR-2021,22.425,23.6075,22.425,23.025,22.425,0.6,2.68
23-APR-2021,23.025,23.0525,20.21,22.69,23.025,-0.34,-1.45
26-APR-2021,22.69,23.555,22.6175,23.495,22.69,0.81,3.55
27-APR-2021,23.495,23.625,22.32,23.0825,23.495,-0.41,-1.76
28-APR-2021,23.0825,23.1125,20.9675,22.58,23.0825,-0.5,-2.18
29-APR-2021,22.58,23.4225,22.1075,23.305,22.58,0.73,3.21
30-APR-2021,23.305,23.765,22.5975,23.0275,23.305,-0.28,-1.19
03-MAY-2021,23.0275,24.54,21.84,23.6925,23.0275,0.67,2.89
04-MAY-2021,23.6925,23.6925,22.1775,23.01,23.6925,-0.68,-2.88
05-MAY-2021,23.01,23.19,21.135,21.9625,23.01,-1.05,-4.55
06-MAY-2021,21.9625,22.6125,20.1225,22.035,21.9625,0.07,0.33
07-MAY-2021,22.035,22.035,20.31,20.8225,22.035,-1.21,-5.5
10-MAY-2021,20.8225,21.1475,20.135,20.225,20.8225,-0.6,-2.87
11-MAY-2021,20.225,21.1175,19.7225,19.83,20.225,-0.4,-1.95
12-MAY-2021,19.83,20.905,18.36,20.08,19.83,0.25,1.26
14-MAY-2021,20.08,21.1525,18.2275,20.2675,20.08,0.19,0.93
17-MAY-2021,20.2675,20.425,18.3625,19.6075,20.2675,-0.66,-3.26
18-MAY-2021,19.6075,19.6075,18.305,19.24,19.6075,-0.37,-1.87
19-MAY-2021,19.24,19.5675,17.23,19.3175,19.24,0.08,0.4
20-MAY-2021,19.3175,19.8375,18.0925,19.6525,19.3175,0.34,1.73
21-MAY-2021,19.6525,19.6525,17.13,19.08,19.6525,-0.57,-2.91
24-MAY-2021,19.08,19.885,18.72,19.13,19.08,0.05,0.26
25-MAY-2021,19.13,21.05,17.6875,18.8425,19.13,-0.29,-1.5
26-MAY-2021,18.8425,21.3025,17.23,20.8725,18.8425,2.03,10.77
27-MAY-2021,20.8725,21.3225,18.3525,19.91,20.8725,-0.96,-4.61
28-MAY-2021,19.91,19.91,17.355,17.4025,19.91,-2.51,-12.59
31-MAY-2021,17.4025,17.99,16.4325,16.885,17.4025,-0.52,-2.97
01-JUN-2021,16.885,17.9625,15.31,17.3875,16.885,0.5,2.98
02-JUN-2021,17.3875,17.6475,15.1675,17.21,17.3875,-0.18,-1.02
03-JUN-2021,17.21,17.21,14.1475,15.745,17.21,-1.47,-8.51
04-JUN-2021,15.745,16.3825,14.9425,15.94,15.745,0.2,1.24
07-JUN-2021,15.94,15.94,14.7425,15.5675,15.94,-0.37,-2.34
08-JUN-2021,15.5675,15.6,13.5675,15.225,15.5675,-0.34,-2.2
09-JUN-2021,15.225,15.7425,11.945,14.7525,15.225,-0.47,-3.1
10-JUN-2021,14.7525,15.2,14.1775,15.0025,14.7525,0.25,1.69
11-JUN-2021,15.0025,15.0025,13.9375,14.1025,15.0025,-0.9,-6.0
14-JUN-2021,14.1025,15.3075,13.74,14.715,14.1025,0.61,4.34
15-JUN-2021,14.715,15.1625,13.2775,14.605,14.715,-0.11,-0.75
16-JUN-2021,14.605,15.3225,13.6175,14.865,14.605,0.26,1.78
17-JUN-2021,14.865,16.05,14.5275,15.2875,14.865,0.42,2.84
18-JUN-2021,15.2875,16.62,10.6,14.7975,15.2875,-0.49,-3.21
21-JUN-2021,14.7975,16.46,14.375,15.06,14.7975,0.26,1.77
22-JUN-2021,15.06,15.1125,14.425,14.7375,15.06,-0.32,-2.14
23-JUN-2021,14.7375,15.535,13.625,15.365,14.7375,0.63,4.26
24-JUN-2021,15.365,15.6375,14.925,15.0975,15.365,-0.27,-1.74
25-JUN-2021,15.0975,15.2675,13.275,13.3675,15.0975,-1.73,-11.46
28-JUN-2021,13.3675,13.77,13.1175,13.4025,13.3675,0.04,0.26
29-JUN-2021,13.4025,13.4025,12.9025,13.0025,13.4025,-0.4,-2.98
30-JUN-2021,13.0025,13.14,12.6,13.045,13.0025,0.04,0.33
01-JUL-2021,13.045,13.2825,12.33,12.84,13.045,-0.21,-1.57
02-JUL-2021,12.84,13.02,12.0225,12.09,12.84,-0.75,-5.84
05-JUL-2021,12.09,12.6225,11.9875,12.0675,12.09,-0.02,-0.19
06-JUL-2021,12.0675,12.36,11.29,12.275,12.0675,0.21,1.72
07-JUL-2021,12.275,12.585,11.1475,12.2125,12.275,-0.06,-0.51
08-JUL-2021,12.2125,14.0075,12.055,13.56,12.2125,1.35,11.03
09-JUL-2021,13.56,14.0025,12.175,12.9425,13.56,-0.62,-4.55
12-JUL-2021,12.9425,13.6075,11.81,12.9925,12.9425,0.05,0.39
13-JUL-2021,12.9925,12.9925,10.6725,12.6225,12.9925,-0.37,-2.85
14-JUL-2021,12.6225,12.96,10.485,12.59,12.6225,-0.03,-0.26
15-JUL-2021,12.59,12.945,11.0825,12.27,12.59,-0.32,-2.54
16-JUL-2021,12.27,12.37,11.625,11.705,12.27,-0.57,-4.6
19-JUL-2021,11.705,13.1975,11.705,12.68,11.705,0.98,8.33
20-JUL-2021,12.68,14.0925,11.7875,13.205,12.68,0.53,4.14
22-JUL-2021,13.205,13.205,11.7175,11.885,13.205,-1.32,-10.0
23-JUL-2021,11.885,12.115,11.5675,11.7625,11.885,-0.12,-1.03
26-JUL-2021,11.7625,12.54,10.395,12.45,11.7625,0.69,5.84
27-JUL-2021,12.45,13.525,12.1025,13.2325,12.45,0.78,6.29
28-JUL-2021,13.2325,15.98,11.355,13.6925,13.2325,0.46,3.48
29-JUL-2021,13.6925,13.6925,12.435,12.945,13.6925,-0.75,-5.46
30-JUL-2021,12.945,13.32,12.175,12.8025,12.945,-0.14,-1.1
02-AUG-2021,12.8025,13.09,11.5175,12.805,12.8025,0.0,0.02
03-AUG-2021,12.805,13.905,11.9625,13.7475,12.805,0.94,7.36
04-AUG-2021,13.7475,14.0575,12.65,13.2125,13.7475,-0.54,-3.89
05-AUG-2021,13.2125,13.4175,11.2025,12.8725,13.2125,-0.34,-2.57
06-AUG-2021,12.8725,13.1625,11.64,12.6075,12.8725,-0.27,-2.06
09-AUG-2021,12.6075,13.11,12.03,12.605,12.6075,0.0,-0.02
10-AUG-2021,12.605,13.0675,9.9825,12.705,12.605,0.1,0.79
11-AUG-2021,12.705,13.3275,10.4725,12.7125,12.705,0.01,0.06
12-AUG-2021,12.7125,12.8175,11.3625,12.3725,12.7125,-0.34,-2.67
13-AUG-2021,12.3725,13.1625,11.395,12.99,12.3725,0.62,4.99
16-AUG-2021,12.99,13.6575,11.375,13.4575,12.99,0.47,3.6
17-AUG-2021,13.4575,13.61,12.0275,13.4125,13.4575,-0.05,-0.33
18-AUG-2021,13.4125,13.4125,11.12,12.905,13.4125,-0.51,-3.78
20-AUG-2021,12.905,14.14,12.3475,14.015,12.905,1.11,8.6
23-AUG-2021,14.015,14.44,12.725,13.685,14.015,-0.33,-2.35
24-AUG-2021,13.685,14.5075,13.0975,13.1875,13.685,-0.5,-3.64
25-AUG-2021,13.1875,13.9725,12.265,13.4975,13.1875,0.31,2.35
26-AUG-2021,13.4975,14.195,12.1125,13.5375,13.4975,0.04,0.3
27-AUG-2021,13.5375,13.76,12.94,13.405,13.5375,-0.13,-0.98
30-AUG-2021,13.405,13.685,12.4025,13.3175,13.405,-0.09,-0.65
31-AUG-2021,13.3175,14.765,12.635,14.52,13.3175,1.2,9.03
01-SEP-2021,14.52,15.63,13.9,14.185,14.52,-0.34,-2.31
02-SEP-2021,14.185,14.385,13.61,14.24,14.185,0.06,0.39
03-SEP-2021,14.24,14.645,13.58,14.5425,14.24,0.3,2.12
06-SEP-2021,14.5425,15.28,14.055,15.105,14.5425,0.56,3.87
07-SEP-2021,15.105,15.23,14.585,14.895,15.105,-0.21,-1.39
08-SEP-2021,14.895,15.0625,12.485,14.41,14.895,-0.49,-3.26
09-SEP-2021,14.41,14.41,13.6375,13.9425,14.41,-0.47,-3.24
13-SEP-2021,13.9425,14.7775,11.9175,14.025,13.9425,0.08,0.59
14-SEP-2021,14.025,14.025,10.8725,13.575,14.025,-0.45,-3.21
15-SEP-2021,13.575,13.875,12.37,13.73,13.575,0.16,1.14
16-SEP-2021,13.73,14.525,9.025,14.4125,13.73,0.68,4.97
17-SEP-2021,14.4125,15.65,12.1375,15.2325,14.4125,0.82,5.69
20-SEP-2021,15.2325,17.8075,10.2275,17.4925,15.2325,2.26,14.84
21-SEP-2021,17.4925,17.9975,13.0025,16.52,17.4925,-0.97,-5.56
22-SEP-2021,16.52,16.86,13.2775,16.4925,16.52,-0.03,-0.17
23-SEP-2021,16.4925,16.9375,10.3125,16.6025,16.4925,0.11,0.67
24-SEP-2021,16.6025,17.33,12.7725,16.9225,16.6025,0.32,1.93
27-SEP-2021,16.9225,18.1375,13.515,18.0525,16.9225,1.13,6.68
28-SEP-2021,18.0525,18.57,15.3725,18.535,18.0525,0.48,2.67
29-SEP-2021,18.535,19.435,16.7575,18.8375,18.535,0.3,1.63
30-SEP-2021,18.8375,19.1375,17.15,18.4025,18.8375,-0.44,-2.31
01-OCT-2021,18.4025,19.075,16.9975,17.21,18.4025,-1.19,-6.48
04-OCT-2021,17.21,17.53,15.3175,16.735,17.21,-0.48,-2.76
05-OCT-2021,16.735,17.1325,16.295,16.3975,16.735,-0.34,-2.02
06-OCT-2021,16.3975,17.59,16.1075,17.3325,16.3975,0.94,5.7
07-OCT-2021,17.3325,17.3325,14.4525,16.155,17.3325,-1.18,-6.79
08-OCT-2021,16.155,16.4025,15.5325,15.6525,16.155,-0.5,-3.11
11-OCT-2021,15.6525,16.41,12.23,16.085,15.6525,0.43,2.76
12-OCT-2021,16.085,16.3975,13.9375,15.8475,16.085,-0.24,-1.48
13-OCT-2021,15.8475,16.22,13.38,16.1,15.8475,0.25,1.59
14-OCT-2021,16.1,16.285,12.6125,15.7675,16.1,-0.33,-2.07
18-OCT-2021,15.7675,17.315,14.155,17.185,15.7675,1.42,8.99
19-OCT-2021,17.185,17.5425,14.235,17.3825,17.185,0.2,1.15
20-OCT-2021,17.3825,18.865,15.2325,18.3125,17.3825,0.93,5.35
21-OCT-2021,18.3125,18.795,14.9075,18.035,18.3125,-0.28,-1.52
22-OCT-2021,18.035,18.035,14.355,17.545,18.035,-0.49,-2.72
25-OCT-2021,17.545,18.7575,14.5075,17.61,17.545,0.07,0.37
26-OCT-2021,17.61,17.725,16.645,16.7525,17.61,-0.86,-4.87
27-OCT-2021,16.7525,17.0325,15.4025,16.8275,16.7525,0.08,0.45
28-OCT-2021,16.8275,18.4325,16.8125,17.9125,16.8275,1.09,6.45
29-OCT-2021,17.9125,19.64,16.2825,17.425,17.9125,-0.49,-2.72
01-NOV-2021,17.425,18.095,15.3825,17.235,17.425,-0.19,-1.09
02-NOV-2021,17.235,17.7875,16.36,17.0625,17.235,-0.17,-1.0
03-NOV-2021,17.0625,17.0625,15.7,16.125,17.0625,-0.94,-5.49
04-NOV-2021,16.125,16.4125,14.305,15.7475,16.125,-0.38,-2.34
08-NOV-2021,15.7475,16.925,13.99,16.34,15.7475,0.59,3.76
09-NOV-2021,16.34,16.615,14.6425,16.0025,16.34,-0.34,-2.07
10-NOV-2021,16.0025,16.685,15.14,16.305,16.0025,0.3,1.89
11-NOV-2021,16.305,17.285,14.645,16.3525,16.305,0.05,0.29
12-NOV-2021,16.3525,16.3525,14.645,15.2175,16.3525,-1.14,-6.94
15-NOV-2021,15.2175,15.8425,13.4275,15.465,15.2175,0.25,1.63
16-NOV-2021,15.465,15.6825,13.58,15.195,15.465,-0.27,-1.75
17-NOV-2021,15.195,15.4125,13.915,14.98,15.195,-0.22,-1.41
18-NOV-2021,14.98,16.1475,12.08,14.8575,14.98,-0.12,-0.82
22-NOV-2021,14.8575,18.0825,13.5625,17.52,14.8575,2.66,17.92
23-NOV-2021,17.52,20.025,16.7925,18.015,17.52,0.5,2.83
24-NOV-2021,18.015,18.015,15.5775,17.095,18.015,-0.92,-5.11
25-NOV-2021,17.095,18.0725,16.0025,16.6625,17.095,-0.43,-2.53
26-NOV-2021,16.6625,21.3925,16.05,20.8025,16.6625,4.14,24.85
29-NOV-2021,20.8025,23.82,18.8925,20.83,20.8025,0.03,0.13
30-NOV-2021,20.83,21.965,18.8075,21.1675,20.83,0.34,1.62
01-DEC-2021,21.1675,21.1675,18.935,19.4475,21.1675,-1.72,-8.13
02-DEC-2021,19.4475,22.965,18.0025,18.0875,19.4475,-1.36,-6.99
03-DEC-2021,18.0875,18.8325,17.21,18.455,18.0875,0.37,2.03
06-DEC-2021,18.455,20.4775,18.3,20.0775,18.455,1.62,8.79
07-DEC-2021,20.0775,20.0775,18.2425,18.46,20.0775,-1.62,-8.06
08-DEC-2021,18.46,18.46,16.565,17.265,18.46,-1.2,-6.47
09-DEC-2021,17.265,17.435,15.54,16.6025,17.265,-0.66,-3.84
10-DEC-2021,16.6025,16.9325,15.21,16.06,16.6025,-0.54,-3.27
13-DEC-2021,16.06,16.86,14.675,16.57,16.06,0.51,3.18
14-DEC-2021,16.57,17.33,13.9375,16.9525,16.57,0.38,2.31
15-DEC-2021,16.9525,17.7125,15.7675,17.2175,16.9525,0.27,1.56
16-DEC-2021,17.2175,17.2175,15.2625,15.895,17.2175,-1.32,-7.68
17-DEC-2021,15.895,16.9075,13.76,16.3375,15.895,0.44,2.78
20-DEC-2021,16.3375,20.135,16.3375,18.965,16.3375,2.63,16.08
21-DEC-2021,18.965,18.965,16.6275,17.5375,18.965,-1.43,-7.53
22-DEC-2021,17.5375,17.5375,15.69,16.58,17.5375,-0.96,-5.46
23-DEC-2021,16.58,16.58,15.68,15.825,16.58,-0.76,-4.55
24-DEC-2021,15.825,16.6525,15.3325,16.1475,15.825,0.32,2.04
27-DEC-2021,16.1475,17.2775,15.2625,17.1175,16.1475,0.97,6.01
28-DEC-2021,17.1175,17.1175,15.2075,16.475,17.1175,-0.64,-3.75
29-DEC-2021,16.475,16.8625,15.8,16.2425,16.475,-0.23,-1.41
30-DEC-2021,16.2425,16.7875,15.2925,16.565,16.2425,0.32,1.99
31-DEC-2021,16.565,16.7675,15.4,16.2225,16.565,-0.34,-2.07
03-JAN-2022,16.2225,16.81,15.4525,16.4525,16.2225,0.23,1.42
04-JAN-2022,16.4525,16.675,15.71,16.12,16.4525,-0.33,-2.02
05-JAN-2022,16.12,17.38,15.0875,17.2275,16.12,1.11,6.87
06-JAN-2022,17.2275,18.4175,16.4,17.9775,17.2275,0.75,4.35
07-JAN-2022,17.9775,18.09,16.86,17.6025,17.9775,-0.38,-2.09
10-JAN-2022,17.6025,18.39,15.8425,17.6775,17.6025,0.08,0.43
11-JAN-2022,17.6775,18.2475,16.4375,17.7575,17.6775,0.08,0.45
12-JAN-2022,17.7575,17.925,16.5475,17.1825,17.7575,-0.58,-3.24
13-JAN-2022,17.1825,17.525,16.6075,16.705,17.1825,-0.48,-2.78
14-JAN-2022,16.705,17.1,15.3425,16.555,16.705,-0.15,-0.9
17-JAN-2022,16.555,17.5475,16.2675,16.765,16.555,0.21,1.27
18-JAN-2022,16.765,17.875,16.765,17.78,16.765,1.02,6.05
19-JAN-2022,17.78,18.4475,15.94,17.8175,17.78,0.04,0.21
20-JAN-2022,17.8175,18.45,17.32,17.79,17.8175,-0.03,-0.15
21-JAN-2022,17.79,19.605,16.9825,18.8875,17.79,1.1,6.17
24-JAN-2022,18.8875,23.9,18.8875,22.825,18.8875,3.94,20.85
25-JAN-2022,22.825,24.1375,21.18,21.3575,22.825,-1.47,-6.43
27-JAN-2022,21.3575,23.8675,20.4425,21.065,21.3575,-0.29,-1.37
28-JAN-2022,21.065,21.32,20.2825,20.695,21.065,-0.37,-1.76
31-JAN-2022,20.695,22.11,20.695,21.9525,20.695,1.26,6.08
01-FEB-2022,21.9525,22.07,19.745,19.9775,21.9525,-1.98,-9.0
02-FEB-2022,19.9775,19.9775,18.5475,18.65,19.9775,-1.33,-6.64
03-FEB-2022,18.65,19.595,17.4075,19.16,18.65,0.51,2.73
04-FEB-2022,19.16,19.7775,18.595,18.8975,19.16,-0.26,-1.37
07-FEB-2022,18.8975,21.0825,18.1825,20.4375,18.8975,1.54,8.15
08-FEB-2022,20.4375,20.9375,19.555,19.685,20.4375,-0.75,-3.68
09-FEB-2022,19.685,19.685,17.885,18.555,19.685,-1.13,-5.74
10-FEB-2022,18.555,18.925,16.8,17.71,18.555,-0.85,-4.55
11-FEB-2022,17.71,19.5325,16.855,18.68,17.71,0.97,5.48
14-FEB-2022,18.68,23.535,18.68,22.9775,18.68,4.3,23.01
15-FEB-2022,22.9775,23.14,20.435,20.6125,22.9775,-2.37,-10.29
16-FEB-2022,20.6125,21.02,19.3525,20.5925,20.6125,-0.02,-0.1
17-FEB-2022,20.5925,22.37,19.4625,22.005,20.5925,1.41,6.86
18-FEB-2022,22.005,23.21,21.635,22.165,22.005,0.16,0.73
21-FEB-2022,22.165,23.755,20.57,22.9025,22.165,0.74,3.33
22-FEB-2022,22.9025,27.815,22.9025,26.6625,22.9025,3.76,16.42
23-FEB-2022,26.6625,26.6625,23.9075,24.5425,26.6625,-2.12,-7.95
24-FEB-2022,24.5425,33.9725,24.5425,31.9825,24.5425,7.44,30.31
25-FEB-2022,31.9825,31.9825,26.15,26.74,31.9825,-5.24,-16.39
28-FEB-2022,26.74,29.785,26.74,28.57,26.74,1.83,6.84
02-MAR-2022,28.57,30.8425,28.57,29.2325,28.57,0.66,2.32
03-MAR-2022,29.2325,29.2325,27.2225,28.155,29.2325,-1.08,-3.69
04-MAR-2022,28.155,29.925,27.2225,27.9575,28.155,-0.2,-0.7
07-MAR-2022,27.9575,30.2775,27.9575,29.33,27.9575,1.37,4.91
08-MAR-2022,29.33,30.0575,27.1125,28.5875,29.33,-0.74,-2.53
09-MAR-2022,28.5875,28.5875,27.305,27.4675,28.5875,-1.12,-3.92
10-MAR-2022,27.4675,27.4675,22.9625,25.5825,27.4675,-1.89,-6.86
11-MAR-2022,25.5825,25.8725,24.58,25.345,25.5825,-0.24,-0.93
14-MAR-2022,25.345,26.2125,25.09,25.6775,25.345,0.33,1.31
15-MAR-2022,25.6775,27.5425,23.6575,26.73,25.6775,1.05,4.1
16-MAR-2022,26.73,26.73,24.0125,24.1175,26.73,-2.61,-9.77
17-MAR-2022,24.1175,24.1175,20.77,22.61,24.1175,-1.51,-6.25
21-MAR-2022,22.61,24.7125,22.61,24.6225,22.61,2.01,8.9
22-MAR-2022,24.6225,25.1575,23.76,24.07,24.6225,-0.55,-2.24
23-MAR-2022,24.07,24.975,20.455,24.7475,24.07,0.68,2.81
24-MAR-2022,24.7475,25.53,23.8125,23.93,24.7475,-0.82,-3.3
25-MAR-2022,23.93,24.2725,22.91,23.43,23.93,-0.5,-2.09
28-MAR-2022,23.43,24.2125,19.59,22.61,23.43,-0.82,-3.5
29-MAR-2022,22.61,22.61,21.1025,21.3025,22.61,-1.31,-5.78
30-MAR-2022,21.3025,21.3025,19.73,20.61,21.3025,-0.69,-3.25
31-MAR-2022,20.61,20.9425,20.2125,20.56,20.61,-0.05,-0.24
01-APR-2022,20.56,20.855,18.12,18.435,20.56,-2.13,-10.34
04-APR-2022,18.435,18.825,17.5925,17.9075,18.435,-0.53,-2.86
05-APR-2022,17.9075,18.63,16.79,18.4875,17.9075,0.58,3.24
06-APR-2022,18.4875,19.2825,16.81,19.0225,18.4875,0.54,2.89
07-APR-2022,19.0225,19.49,17.7175,18.9975,19.0225,-0.03,-0.13
08-APR-2022,18.9975,20.0875,17.53,17.6875,18.9975,-1.31,-6.9
11-APR-2022,17.6875,19.145,16.6425,18.27,17.6875,0.58,3.29
12-APR-2022,18.27,18.6725,15.085,18.1575,18.27,-0.11,-0.62
13-APR-2022,18.1575,18.4025,16.1925,17.785,18.1575,-0.37,-2.05
18-APR-2022,17.785,20.4825,17.785,19.335,17.785,1.55,8.72
19-APR-2022,19.335,20.8075,14.6275,19.775,19.335,0.44,2.28
20-APR-2022,19.775,20.265,17.835,18.6725,19.775,-1.1,-5.58
21-APR-2022,18.6725,18.6725,13.35,17.8525,18.6725,-0.82,-4.39
22-APR-2022,17.8525,18.76,17.8125,18.3525,17.8525,0.5,2.8
25-APR-2022,18.3525,21.755,18.3525,21.2575,18.3525,2.91,15.83
26-APR-2022,21.2575,21.2575,19.005,19.1875,21.2575,-2.07,-9.74
27-APR-2022,19.1875,21.365,19.1875,20.605,19.1875,1.42,7.39
28-APR-2022,20.605,20.605,19.0225,19.3775,20.605,-1.23,-5.96
29-APR-2022,19.3775,19.6475,18.2075,19.415,19.3775,0.04,0.19
02-MAY-2022,19.415,21.0625,19.415,20.2825,19.415,0.87,4.47
04-MAY-2022,20.2825,22.3875,18.4275,21.8775,20.2825,1.6,7.86
05-MAY-2022,21.8775,21.8775,19.615,20.2925,21.8775,-1.59,-7.24
06-MAY-2022,20.2925,21.81,19.3325,21.25,20.2925,0.96,4.72
09-MAY-2022,21.25,22.52,18.96,22.0325,21.25,0.78,3.68
10-MAY-2022,22.0325,22.515,21.2175,22.3025,22.0325,0.27,1.23
11-MAY-2022,22.3025,24.1875,20.4825,22.8025,22.3025,0.5,2.24
12-MAY-2022,22.8025,25.315,21.15,24.265,22.8025,1.46,6.41
13-MAY-2022,24.265,24.265,20.9675,23.485,24.265,-0.78,-3.21
16-MAY-2022,23.485,24.7125,21.275,24.5275,23.485,1.04,4.44
17-MAY-2022,24.5275,24.84,17.095,22.7425,24.5275,-1.79,-7.28
18-MAY-2022,22.7425,23.06,21.34,22.295,22.7425,-0.45,-1.97
19-MAY-2022,22.295,25.1475,22.295,24.5575,22.295,2.26,10.15
20-MAY-2022,24.5575,24.5575,22.4425,23.1,24.5575,-1.46,-5.94
23-MAY-2022,23.1,23.975,20.5,23.3975,23.1,0.3,1.29
24-MAY-2022,23.3975,25.99,23.155,25.635,23.3975,2.24,9.56
25-MAY-2022,25.635,25.635,24.3625,25.2825,25.635,-0.35,-1.38
26-MAY-2022,25.2825,25.2825,22.535,22.7175,25.2825,-2.57,-10.15
27-MAY-2022,22.7175,22.7175,21.2,21.48,22.7175,-1.24,-5.45
30-MAY-2022,21.48,21.48,19.72,19.98,21.48,-1.5,-6.98
31-MAY-2022,19.98,20.75,19.68,20.4775,19.98,0.5,2.49
01-JUN-2022,20.4775,21.3375,18.23,20.845,20.4775,0.37,1.79
02-JUN-2022,20.845,20.9975,18.3825,20.32,20.845,-0.53,-2.52
03-JUN-2022,20.32,20.32,18.735,19.975,20.32,-0.35,-1.7
06-JUN-2022,19.975,20.6825,18.65,20.2025,19.975,0.23,1.14
07-JUN-2022,20.2025,21.07,19.4325,20.425,20.2025,0.22,1.1
08-JUN-2022,20.425,20.6875,19.3875,19.8375,20.425,-0.59,-2.88
09-JUN-2022,19.8375,19.8375,18.155,19.14,19.8375,-0.7,-3.52
10-JUN-2022,19.14,19.755,18.255,19.575,19.14,0.44,2.27
13-JUN-2022,19.575,22.8025,19.575,22.365,19.575,2.79,14.25
14-JUN-2022,22.365,22.635,18.9475,21.8875,22.365,-0.48,-2.14
15-JUN-2022,21.8875,22.365,20.95,22.1475,21.8875,0.26,1.19
16-JUN-2022,22.1475,28.13,19.7475,22.8675,22.1475,0.72,3.25
17-JUN-2022,22.8675,23.69,18.0225,22.7575,22.8675,-0.11,-0.48
20-JUN-2022,22.7575,23.635,16.0025,22.4125,22.7575,-0.35,-1.52
21-JUN-2022,22.4125,22.4125,20.48,21.1425,22.4125,-1.27,-5.67
22-JUN-2022,21.1425,21.785,19.32,21.3,21.1425,0.16,0.74
23-JUN-2022,21.3,21.71,18.355,20.88,21.3,-0.42,-1.97
24-JUN-2022,20.88,21.2725,18.6825,20.55,20.88,-0.33,-1.58
27-JUN-2022,20.55,21.12,19.545,21.005,20.55,0.46,2.21
28-JUN-2022,21.005,21.68,20.5125,21.45,21.005,0.45,2.12
29-JUN-2022,21.45,22.085,21.45,21.9,21.45,0.45,2.1
30-JUN-2022,21.9,22.2725,21.5375,21.84,21.9,-0.06,-0.27
01-JUL-2022,21.84,22.43,21.1425,21.25,21.84,-0.59,-2.7
04-JUL-2022,21.25,22.2475,20.9225,20.9725,21.25,-0.28,-1.31
05-JUL-2022,20.9725,20.9925,20.235,20.7875,20.9725,-0.19,-0.88
06-JUL-2022,20.7875,20.7875,19.8225,20.2675,20.7875,-0.52,-2.5
07-JUL-2022,20.2675,20.2675,19.0125,19.2025,20.2675,-1.07,-5.25
08-JUL-2022,19.2025,19.2025,18.22,18.395,19.2025,-0.81,-4.21
11-JUL-2022,18.395,19.215,16.6475,18.3675,18.395,-0.03,-0.15
12-JUL-2022,18.3675,18.6375,17.3,18.5475,18.3675,0.18,0.98
13-JUL-2022,18.5475,18.7625,17.735,18.52,18.5475,-0.03,-0.15
14-JUL-2022,18.52,18.69,17.75,18.34,18.52,-0.18,-0.97
15-JUL-2022,18.34,18.34,17.53,17.5975,18.34,-0.74,-4.05
18-JUL-2022,17.5975,18.1825,16.47,17.16,17.5975,-0.44,-2.49
19-JUL-2022,17.16,17.6675,16.3525,17.2025,17.16,0.04,0.25
20-JUL-2022,17.2025,17.2725,15.6575,16.8225,17.2025,-0.38,-2.21
21-JUL-2022,16.8225,17.2075,15.9725,16.8575,16.8225,0.04,0.21
22-JUL-2022,16.8575,16.9625,16.1625,16.65,16.8575,-0.21,-1.23
25-JUL-2022,16.65,17.9075,16.1775,17.68,16.65,1.03,6.19
26-JUL-2022,17.68,18.2675,17.355,18.17,17.68,0.49,2.77
27-JUL-2022,18.17,18.635,17.7525,18.13,18.17,-0.04,-0.22
28-JUL-2022,18.13,18.13,16.8375,17.0125,18.13,-1.12,-6.16
29-JUL-2022,17.0125,18.645,16.49,16.55,17.0125,-0.46,-2.72
01-AUG-2022,16.55,17.625,15.8925,17.485,16.55,0.94,5.65
02-AUG-2022,17.485,18.755,17.485,18.53,17.485,1.05,5.98
03-AUG-2022,18.53,19.1725,17.95,18.45,18.53,-0.08,-0.43
04-AUG-2022,18.45,21.06,17.625,19.2575,18.45,0.81,4.38
05-AUG-2022,19.2575,19.39,18.0075,18.915,19.2575,-0.34,-1.78
08-AUG-2022,18.915,20.18,17.78,19.3025,18.915,0.39,2.05
10-AUG-2022,19.3025,20.77,18.8575,19.5875,19.3025,0.29,1.48
11-AUG-2022,19.5875,19.5875,18.2,18.355,19.5875,-1.23,-6.29
12-AUG-2022,18.355,18.525,17.41,17.6075,18.355,-0.75,-4.07
16-AUG-2022,17.6075,18.355,17.005,17.685,17.6075,0.08,0.44
17-AUG-2022,17.685,17.7875,16.5475,17.6775,17.685,-0.01,-0.04
18-AUG-2022,17.6775,18.44,16.715,17.35,17.6775,-0.33,-1.85
19-AUG-2022,17.35,18.5675,16.875,18.285,17.35,0.94,5.39
22-AUG-2022,18.285,19.295,17.2,19.0375,18.285,0.75,4.12
23-AUG-2022,19.0375,19.59,18.1775,19.05,19.0375,0.01,0.07
24-AUG-2022,19.05,19.3425,17.9875,18.43,19.05,-0.62,-3.25
25-AUG-2022,18.43,20.215,17.275,19.57,18.43,1.14,6.19
26-AUG-2022,19.57,19.57,15.825,18.215,19.57,-1.36,-6.92
29-AUG-2022,18.215,21.205,18.215,19.8225,18.215,1.61,8.83
30-AUG-2022,19.8225,19.8225,17.2575,18.7,19.8225,-1.12,-5.66
01-SEP-2022,18.7,20.9875,18.105,19.8725,18.7,1.17,6.27
02-SEP-2022,19.8725,20.1425,17.4025,19.55,19.8725,-0.32,-1.62
05-SEP-2022,19.55,20.29,19.45,19.6625,19.55,0.11,0.58
06-SEP-2022,19.6625,20.0,18.645,19.525,19.6625,-0.14,-0.7
07-SEP-2022,19.525,20.175,18.2775,19.3675,19.525,-0.16,-0.81
08-SEP-2022,19.3675,19.3675,17.3025,18.305,19.3675,-1.06,-5.49
09-SEP-2022,18.305,18.51,16.545,17.7175,18.305,-0.59,-3.21
12-SEP-2022,17.7175,18.3825,16.3925,17.9375,17.7175,0.22,1.24
13-SEP-2022,17.9375,17.9375,16.8575,17.47,17.9375,-0.47,-2.61
14-SEP-2022,17.47,18.565,17.26,18.2775,17.47,0.81,4.62
15-SEP-2022,18.2775,19.215,16.78,18.3925,18.2775,0.12,0.63
16-SEP-2022,18.3925,20.2425,18.3,19.8225,18.3925,1.43,7.77
19-SEP-2022,19.8225,21.205,16.4725,19.94,19.8225,0.12,0.59
20-SEP-2022,19.94,19.94,18.1125,18.7975,19.94,-1.14,-5.73
21-SEP-2022,18.7975,20.29,18.305,19.325,18.7975,0.53,2.81
22-SEP-2022,19.325,20.1375,17.4075,18.815,19.325,-0.51,-2.64
23-SEP-2022,18.815,20.8125,17.345,20.5925,18.815,1.78,9.45
26-SEP-2022,20.5925,22.8975,18.805,21.8925,20.5925,1.3,6.31
27-SEP-2022,21.8925,22.2925,20.7875,21.5675,21.8925,-0.33,-1.48
28-SEP-2022,21.5675,22.3625,21.49,22.095,21.5675,0.53,2.45
29-SEP-2022,22.095,22.2875,21.065,21.3025,22.095,-0.79,-3.59
30-SEP-2022,21.3025,21.9875,19.6975,19.9675,21.3025,-1.34,-6.27
03-OCT-2022,19.9675,21.68,19.9675,21.365,19.9675,1.4,7.0
04-OCT-2022,21.365,21.365,19.4475,19.57,21.365,-1.8,-8.4
06-OCT-2022,19.57,20.02,18.585,19.315,19.57,-0.26,-1.3
07-OCT-2022,19.315,19.725,18.6875,18.8125,19.315,-0.5,-2.6
10-OCT-2022,18.8125,20.34,18.8125,19.6225,18.8125,0.81,4.31
11-OCT-2022,19.6225,20.8175,19.09,20.49,19.6225,0.87,4.42
12-OCT-2022,20.49,20.885,19.885,20.175,20.49,-0.32,-1.54
13-OCT-2022,20.175,20.9425,18.4025,20.29,20.175,0.12,0.57
14-OCT-2022,20.29,20.63,18.075,18.2575,20.29,-2.03,-10.02
17-OCT-2022,18.2575,19.0775,18.2575,18.4175,18.2575,0.16,0.88
18-OCT-2022,18.4175,18.4175,16.575,17.4525,18.4175,-0.97,-5.24
19-OCT-2022,17.4525,17.555,16.2275,17.4875,17.4525,0.04,0.2
20-OCT-2022,17.4875,17.7625,15.5675,17.2325,17.4875,-0.26,-1.46
21-OCT-2022,17.2325,17.4275,16.585,17.28,17.2325,0.05,0.28
24-OCT-2022,17.28,17.6725,17.07,17.4225,17.28,0.14,0.82
25-OCT-2022,17.4225,17.6175,16.49,16.88,17.4225,-0.54,-3.11
27-OCT-2022,16.88,17.07,14.79,16.5975,16.88,-0.28,-1.67
28-OCT-2022,16.5975,17.0375,15.8475,15.9225,16.5975,-0.68,-4.07
31-OCT-2022,15.9225,16.63,15.07,15.8025,15.9225,-0.12,-0.75
01-NOV-2022,15.8025,16.2025,15.1075,16.13,15.8025,0.33,2.07
02-NOV-2022,16.13,16.855,14.68,16.6625,16.13,0.53,3.3
03-NOV-2022,16.6625,16.7325,14.985,15.9425,16.6625,-0.72,-4.32
04-NOV-2022,15.9425,16.2075,15.4825,15.655,15.9425,-0.29,-1.8
07-NOV-2022,15.655,16.355,15.2775,15.585,15.655,-0.07,-0.45
09-NOV-2022,15.585,16.0675,15.0175,15.915,15.585,0.33,2.12
10-NOV-2022,15.915,16.2925,15.4925,15.5675,15.915,-0.35,-2.18
11-NOV-2022,15.5675,15.5675,14.2775,14.405,15.5675,-1.16,-7.47
14-NOV-2022,14.405,15.27,12.555,14.91,14.405,0.51,3.51
15-NOV-2022,14.91,15.015,13.8275,14.635,14.91,-0.28,-1.84
16-NOV-2022,14.635,15.5325,13.9275,15.1,14.635,0.47,3.18
17-NOV-2022,15.1,16.2625,13.09,14.8775,15.1,-0.22,-1.47
18-NOV-2022,14.8775,15.6925,13.86,14.39,14.8775,-0.49,-3.28
21-NOV-2022,14.39,15.5475,13.3625,14.7975,14.39,0.41,2.83
22-NOV-2022,14.7975,16.2725,13.32,13.8425,14.7975,-0.96,-6.45
23-NOV-2022,13.8425,14.3275,11.875,14.0425,13.8425,0.2,1.44
24-NOV-2022,14.0425,14.0425,12.9975,13.4775,14.0425,-0.57,-4.02
25-NOV-2022,13.4775,15.7725,12.7725,13.3325,13.4775,-0.15,-1.08
28-NOV-2022,13.3325,14.0575,12.41,13.565,13.3325,0.23,1.74
29-NOV-2022,13.565,14.62,12.4075,13.615,13.565,0.05,0.37
30-NOV-2022,13.615,14.05,12.7525,13.8075,13.615,0.19,1.41
01-DEC-2022,13.8075,14.23,12.985,13.36,13.8075,-0.45,-3.24
02-DEC-2022,13.36,14.0925,12.96,13.45,13.36,0.09,0.67
05-DEC-2022,13.45,14.4175,13.45,13.7325,13.45,0.28,2.1
06-DEC-2022,13.7325,14.2525,12.18,14.0425,13.7325,0.31,2.26
07-DEC-2022,14.0425,14.4625,13.795,14.0775,14.0425,0.04,0.25
08-DEC-2022,14.0775,14.89,13.26,13.3975,14.0775,-0.68,-4.83
09-DEC-2022,13.3975,13.9625,11.9125,13.4775,13.3975,0.08,0.6
12-DEC-2022,13.4775,14.15,12.5275,13.3175,13.4775,-0.16,-1.19
13-DEC-2022,13.3175,13.5775,11.4325,12.8825,13.3175,-0.44,-3.27
14-DEC-2022,12.8825,13.0825,11.5275,12.885,12.8825,0.0,0.02
15-DEC-2022,12.885,13.8825,12.5875,13.7325,12.885,0.85,6.58
16-DEC-2022,13.7325,14.22,12.4925,14.07,13.7325,0.34,2.46
19-DEC-2022,14.07,14.4875,13.5,13.5525,14.07,-0.52,-3.68
20-DEC-2022,13.5525,14.9225,13.04,13.78,13.5525,0.23,1.68
21-DEC-2022,13.78,16.01,12.4625,15.5625,13.78,1.78,12.94
22-DEC-2022,15.5625,16.3,14.44,15.1875,15.5625,-0.38,-2.41
23-DEC-2022,15.1875,16.48,14.4825,16.16,15.1875,0.97,6.4
26-DEC-2022,16.16,17.23,14.3075,15.9325,16.16,-0.23,-1.41
27-DEC-2022,15.9325,16.1325,14.925,15.29,15.9325,-0.64,-4.03
28-DEC-2022,15.29,15.6475,15.2725,15.395,15.29,0.11,0.69
29-DEC-2022,15.395,15.77,14.71,14.8125,15.395,-0.58,-3.78
30-DEC-2022,14.8125,15.115,14.2825,14.8675,14.8125,0.06,0.37
02-JAN-2023,14.8675,15.4525,14.5675,14.685,14.8675,-0.18,-1.23
03-JAN-2023,14.685,14.99,14.305,14.385,14.685,-0.3,-2.04
04-JAN-2023,14.385,15.6825,14.33,15.1975,14.385,0.81,5.65
05-JAN-2023,15.1975,15.6,14.8125,14.9825,15.1975,-0.22,-1.41
06-JAN-2023,14.9825,15.4375,14.6225,15.025,14.9825,0.04,0.28
09-JAN-2023,15.025,15.3775,14.53,14.6525,15.025,-0.37,-2.48
10-JAN-2023,14.6525,15.935,14.5625,15.51,14.6525,0.86,5.85
11-JAN-2023,15.51,16.225,15.115,15.435,15.51,-0.08,-0.48
12-JAN-2023,15.435,16.0425,14.4175,15.275,15.435,-0.16,-1.04
13-JAN-2023,15.275,15.6025,14.395,14.46,15.275,-0.82,-5.34
16-JAN-2023,14.46,15.3625,14.46,15.0225,14.46,0.56,3.89
17-JAN-2023,15.0225,15.31,13.84,14.59,15.0225,-0.43,-2.88
18-JAN-2023,14.59,14.75,12.4725,14.3725,14.59,-0.22,-1.49
19-JAN-2023,14.3725,14.8325,13.8925,13.96,14.3725,-0.41,-2.87
20-JAN-2023,13.96,14.185,11.6425,13.7875,13.96,-0.17,-1.24
23-JAN-2023,13.7875,14.26,13.48,13.6175,13.7875,-0.17,-1.23
24-JAN-2023,13.6175,13.81,13.3,13.6575,13.6175,0.04,0.29
25-JAN-2023,13.6575,15.4225,13.5175,14.655,13.6575,1.0,7.3
27-JAN-2023,14.655,18.0125,14.5825,17.32,14.655,2.67,18.18
30-JAN-2023,17.32,19.39,17.29,17.71,17.32,0.39,2.25
31-JAN-2023,17.71,18.3675,16.565,16.875,17.71,-0.84,-4.71
01-FEB-2023,16.875,18.54,14.8475,16.78,16.875,-0.1,-0.56
02-FEB-2023,16.78,17.7675,15.5075,15.7325,16.78,-1.05,-6.24
03-FEB-2023,15.7325,15.7575,14.27,14.3975,15.7325,-1.34,-8.49
06-FEB-2023,14.3975,15.205,14.185,14.6875,14.3975,0.29,2.01
07-FEB-2023,14.6875,14.875,13.665,14.125,14.6875,-0.56,-3.83
08-FEB-2023,14.125,14.2475,13.535,13.595,14.125,-0.53,-3.75
09-FEB-2023,13.595,13.815,12.0625,13.04,13.595,-0.56,-4.08
10-FEB-2023,13.04,13.2775,12.2075,12.745,13.04,-0.3,-2.26
13-FEB-2023,12.745,14.095,11.83,13.68,12.745,0.94,7.34
14-FEB-2023,13.68,13.68,12.4525,13.4525,13.68,-0.23,-1.66
15-FEB-2023,13.4525,13.4525,11.28,12.86,13.4525,-0.59,-4.4
16-FEB-2023,12.86,13.1625,10.1725,12.89,12.86,0.03,0.23
17-FEB-2023,12.89,13.52,10.8025,13.085,12.89,0.2,1.51
20-FEB-2023,13.085,13.7075,10.9225,13.3825,13.085,0.3,2.27
21-FEB-2023,13.3825,14.295,13.3825,14.0075,13.3825,0.63,4.67
22-FEB-2023,14.0075,15.915,12.3775,15.5875,14.0075,1.58,11.28
23-FEB-2023,15.5875,16.01,14.5175,15.075,15.5875,-0.51,-3.29
24-FEB-2023,15.075,15.1425,14.0075,14.185,15.075,-0.89,-5.9
27-FEB-2023,14.185,15.0975,13.75,13.875,14.185,-0.31,-2.19
28-FEB-2023,13.875,14.5675,13.5,14.02,13.875,0.15,1.05
01-MAR-2023,14.02,14.02,12.275,12.995,14.02,-1.03,-7.31
02-MAR-2023,12.995,13.55,11.1,12.97,12.995,-0.03,-0.19
03-MAR-2023,12.97,12.97,11.98,12.18,12.97,-0.79,-6.09
06-MAR-2023,12.18,12.4725,11.8375,12.2675,12.18,0.09,0.72
08-MAR-2023,12.2675,12.8475,11.8975,12.45,12.2675,0.18,1.49
09-MAR-2023,12.45,12.8425,11.78,12.725,12.45,0.28,2.21
10-MAR-2023,12.725,13.8175,12.725,13.4125,12.725,0.69,5.4
13-MAR-2023,13.4125,16.4275,13.4125,16.215,13.4125,2.8,20.89
14-MAR-2023,16.215,16.6425,15.0025,16.2175,16.215,0.0,0.02
15-MAR-2023,16.2175,16.505,14.5175,16.295,16.2175,0.08,0.48
16-MAR-2023,16.295,17.355,13.95,16.2175,16.295,-0.08,-0.48
17-MAR-2023,16.2175,16.2175,14.6,14.7675,16.2175,-1.45,-8.94
20-MAR-2023,14.7675,17.22,14.52,16.0075,14.7675,1.24,8.4
21-MAR-2023,16.0075,16.035,14.0825,15.0825,16.0075,-0.93,-5.78
22-MAR-2023,15.0825,15.0925,14.2425,14.8075,15.0825,-0.28,-1.82
23-MAR-2023,14.8075,15.0575,13.9025,14.49,14.8075,-0.32,-2.14
24-MAR-2023,14.49,15.43,14.2025,15.24,14.49,0.75,5.18
27-MAR-2023,15.24,16.0925,15.0975,15.445,15.24,0.21,1.35
28-MAR-2023,15.445,15.6075,14.865,15.1,15.445,-0.35,-2.23
29-MAR-2023,15.1,15.1,13.32,13.6275,15.1,-1.47,-9.75
31-MAR-2023,13.6275,13.6275,12.0725,12.935,13.6275,-0.69,-5.08
03-APR-2023,12.935,13.49,12.465,12.585,12.935,-0.35,-2.71
05-APR-2023,12.585,12.805,12.0525,12.4125,12.585,-0.17,-1.37
06-APR-2023,12.4125,12.57,11.65,11.7975,12.4125,-0.62,-4.95
10-APR-2023,11.7975,12.5625,11.7975,12.2725,11.7975,0.48,4.03
11-APR-2023,12.2725,12.2725,11.665,11.975,12.2725,-0.3,-2.42
12-APR-2023,11.975,12.395,11.975,12.2725,11.975,0.3,2.48
13-APR-2023,12.2725,12.51,11.84,11.9075,12.2725,-0.37,-2.97
17-APR-2023,11.9075,13.2725,11.9075,12.265,11.9075,0.36,3.0
18-APR-2023,12.265,12.525,11.8625,12.075,12.265,-0.19,-1.55
19-APR-2023,12.075,12.47,11.1075,12.1525,12.075,0.08,0.64
20-APR-2023,12.1525,12.3975,11.58,11.94,12.1525,-0.21,-1.75
21-APR-2023,11.94,12.04,11.52,11.63,11.94,-0.31,-2.6
24-APR-2023,11.63,12.205,11.58,11.6675,11.63,0.04,0.32
25-APR-2023,11.6675,11.8125,11.425,11.52,11.6675,-0.15,-1.26
26-APR-2023,11.52,11.8975,11.2975,11.6525,11.52,0.13,1.15
27-APR-2023,11.6525,12.02,10.96,11.425,11.6525,-0.23,-1.95
28-APR-2023,11.425,11.5425,10.7875,10.9475,11.425,-0.48,-4.18
02-MAY-2023,10.9475,12.0625,10.9475,11.8975,10.9475,0.95,8.68
03-MAY-2023,11.8975,12.25,11.13,11.84,11.8975,-0.06,-0.48
04-MAY-2023,11.84,12.03,11.185,11.7325,11.84,-0.11,-0.91
05-MAY-2023,11.7325,12.375,11.53,12.295,11.7325,0.56,4.79
08-MAY-2023,12.295,12.91,11.7225,12.635,12.295,0.34,2.77
09-MAY-2023,12.635,12.815,11.6575,12.6775,12.635,0.04,0.34
10-MAY-2023,12.6775,13.2975,11.5425,13.0825,12.6775,0.41,3.19
11-MAY-2023,13.0825,13.74,12.815,13.215,13.0825,0.13,1.01
12-MAY-2023,13.215,13.51,12.7375,12.8525,13.215,-0.36,-2.74
15-MAY-2023,12.8525,13.615,12.5375,13.1725,12.8525,0.32,2.49
16-MAY-2023,13.1725,13.485,11.71,13.2925,13.1725,0.12,0.91
17-MAY-2023,13.2925,13.58,11.895,13.105,13.2925,-0.19,-1.41
18-MAY-2023,13.105,13.105,11.1375,12.795,13.105,-0.31,-2.37
19-MAY-2023,12.795,12.82,11.6875,12.3025,12.795,-0.49,-3.85
22-MAY-2023,12.3025,12.82,11.555,12.57,12.3025,0.27,2.17
23-MAY-2023,12.57,13.075,12.3175,12.605,12.57,0.04,0.28
24-MAY-2023,12.605,13.4375,12.41,13.1125,12.605,0.51,4.03
25-MAY-2023,13.1125,13.1325,8.1825,12.52,13.1125,-0.59,-4.52
26-MAY-2023,12.52,12.8575,11.7,11.9,12.52,-0.62,-4.95
29-MAY-2023,11.9,12.4925,8.8075,12.2975,11.9,0.4,3.34
30-MAY-2023,12.2975,12.38,11.7675,12.01,12.2975,-0.29,-2.34
31-MAY-2023,12.01,12.4675,11.58,11.9725,12.01,-0.04,-0.31
01-JUN-2023,11.9725,11.9725,11.22,11.5975,11.9725,-0.38,-3.13
02-JUN-2023,11.5975,11.735,10.86,11.125,11.5975,-0.47,-4.07
05-JUN-2023,11.125,11.335,10.3225,11.1375,11.125,0.01,0.11
06-JUN-2023,11.1375,11.6175,10.465,11.38,11.1375,0.24,2.18
07-JUN-2023,11.38,11.5375,9.6375,11.4425,11.38,0.06,0.55
08-JUN-2023,11.4425,11.5675,10.13,11.2575,11.4425,-0.19,-1.62
09-JUN-2023,11.2575,11.2975,10.3075,11.12,11.2575,-0.14,-1.22
12-JUN-2023,11.12,11.8025,10.5825,11.245,11.12,0.13,1.12
13-JUN-2023,11.245,11.25,9.99,11.11,11.245,-0.14,-1.2
14-JUN-2023,11.11,11.3675,10.6325,11.1625,11.11,0.05,0.47
15-JUN-2023,11.1625,11.37,9.6925,11.08,11.1625,-0.08,-0.74
16-JUN-2023,11.08,11.08,10.5575,10.84,11.08,-0.24,-2.17
19-JUN-2023,10.84,11.4975,10.33,11.225,10.84,0.39,3.55
20-JUN-2023,11.225,11.4375,10.5675,11.1325,11.225,-0.09,-0.82
21-JUN-2023,11.1325,11.4325,10.77,11.2925,11.1325,0.16,1.44
22-JUN-2023,11.2925,11.7125,10.6925,11.5475,11.2925,0.26,2.26
23-JUN-2023,11.5475,11.8375,11.1425,11.235,11.5475,-0.31,-2.71
26-JUN-2023,11.235,11.925,11.235,11.395,11.235,0.16,1.42
27-JUN-2023,11.395,11.4225,10.6925,10.7775,11.395,-0.62,-5.42
28-JUN-2023,10.7775,11.535,10.6525,10.8875,10.7775,0.11,1.02
30-JUN-2023,10.8875,11.215,10.07,10.8,10.8875,-0.09,-0.8
03-JUL-2023,10.8,12.03,10.8,11.54,10.8,0.74,6.85
04-JUL-2023,11.54,11.99,11.5225,11.7,11.54,0.16,1.39
05-JUL-2023,11.7,12.21,11.5675,11.8825,11.7,0.18,1.56
06-JUL-2023,11.8825,12.205,11.7775,11.84,11.8825,-0.04,-0.36
07-JUL-2023,11.84,12.0725,11.08,11.5325,11.84,-0.31,-2.6
10-JUL-2023,11.5325,12.01,11.36,11.4625,11.5325,-0.07,-0.61
11-JUL-2023,11.4625,11.4625,10.945,11.0125,11.4625,-0.45,-3.93
12-JUL-2023,11.0125,11.2,10.72,10.935,11.0125,-0.08,-0.7
13-JUL-2023,10.935,11.1725,10.695,10.9375,10.935,0.0,0.02
14-JUL-2023,10.9375,10.9375,10.6125,10.6825,10.9375,-0.26,-2.33
17-JUL-2023,10.6825,11.3975,9.8575,11.315,10.6825,0.63,5.92
18-JUL-2023,11.315,12.02,11.0675,11.71,11.315,0.4,3.49
19-JUL-2023,11.71,11.9375,11.54,11.6,11.71,-0.11,-0.94
20-JUL-2023,11.6,12.255,11.37,11.785,11.6,0.19,1.59
21-JUL-2023,11.785,12.0325,11.06,11.485,11.785,-0.3,-2.55
24-JUL-2023,11.485,11.995,10.5375,11.6525,11.485,0.17,1.46
25-JUL-2023,11.6525,11.6525,10.1125,10.2425,11.6525,-1.41,-12.1
26-JUL-2023,10.2425,10.8625,10.2175,10.4575,10.2425,0.22,2.1
27-JUL-2023,10.4575,10.9825,9.8875,10.5125,10.4575,0.06,0.53
28-JUL-2023,10.5125,10.81,10.035,10.135,10.5125,-0.38,-3.59
31-JUL-2023,10.135,11.1875,10.135,10.4125,10.135,0.28,2.74
01-AUG-2023,10.4125,10.7025,10.195,10.2825,10.4125,-0.13,-1.25
02-AUG-2023,10.2825,11.805,9.95,11.2775,10.2825,1.0,9.68
03-AUG-2023,11.2775,11.96,10.9825,11.185,11.2775,-0.09,-0.82
04-AUG-2023,11.185,11.185,10.4825,10.5725,11.185,-0.61,-5.48
07-AUG-2023,10.5725,11.4175,10.4025,11.1025,10.5725,0.53,5.01
08-AUG-2023,11.1025,11.53,11.1025,11.325,11.1025,0.22,2.0
09-AUG-2023,11.325,11.765,10.485,11.14,11.325,-0.19,-1.63
10-AUG-2023,11.14,11.91,10.6275,11.4,11.14,0.26,2.33
11-AUG-2023,11.4,11.865,11.355,11.5225,11.4,0.12,1.07
14-AUG-2023,11.5225,12.755,10.4775,11.995,11.5225,0.47,4.1
16-AUG-2023,11.995,12.6825,11.995,12.125,11.995,0.13,1.08
17-AUG-2023,12.125,12.665,12.1125,12.24,12.125,0.12,0.95
18-AUG-2023,12.24,12.4925,10.7875,12.1425,12.24,-0.1,-0.8
21-AUG-2023,12.1425,12.59,11.1725,11.96,12.1425,-0.18,-1.5
22-AUG-2023,11.96,12.085,11.59,11.7475,11.96,-0.21,-1.78
23-AUG-2023,11.7475,11.885,10.3075,11.7275,11.7475,-0.02,-0.17
24-AUG-2023,11.7275,12.235,10.1975,11.7,11.7275,-0.03,-0.23
25-AUG-2023,11.7,12.2425,9.98,12.0825,11.7,0.38,3.27
28-AUG-2023,12.0825,12.72,9.5,12.3975,12.0825,0.32,2.61
29-AUG-2023,12.3975,12.4625,10.6475,12.225,12.3975,-0.17,-1.39
30-AUG-2023,12.225,12.2425,11.4625,11.8,12.225,-0.43,-3.48
31-AUG-2023,11.8,12.28,11.76,12.0625,11.8,0.26,2.22
01-SEP-2023,12.0625,12.18,10.4075,11.365,12.0625,-0.7,-5.78
04-SEP-2023,11.365,11.5425,10.86,10.9625,11.365,-0.4,-3.54
05-SEP-2023,10.9625,11.085,9.365,10.815,10.9625,-0.15,-1.35
06-SEP-2023,10.815,10.975,9.805,10.6775,10.815,-0.14,-1.27
07-SEP-2023,10.6775,11.025,9.8,10.8725,10.6775,0.2,1.83
08-SEP-2023,10.8725,10.97,10.0775,10.78,10.8725,-0.09,-0.85
11-SEP-2023,10.78,11.5,10.3375,11.3475,10.78,0.57,5.26
12-SEP-2023,11.3475,12.0225,10.7125,11.69,11.3475,0.34,3.02
13-SEP-2023,11.69,12.0475,11.535,11.8275,11.69,0.14,1.18
14-SEP-2023,11.8275,12.0425,11.21,11.3175,11.8275,-0.51,-4.31
15-SEP-2023,11.3175,11.32,10.0725,10.9025,11.3175,-0.42,-3.67
18-SEP-2023,10.9025,11.4075,10.45,10.835,10.9025,-0.07,-0.62
20-SEP-2023,10.835,11.47,10.835,11.1275,10.835,0.29,2.7
21-SEP-2023,11.1275,11.39,10.62,10.8175,11.1275,-0.31,-2.79
22-SEP-2023,10.8175,11.0725,10.3925,10.66,10.8175,-0.16,-1.46
25-SEP-2023,10.66,11.305,10.2725,10.9,10.66,0.24,2.25
26-SEP-2023,10.9,11.29,9.2475,11.185,10.9,0.29,2.61
27-SEP-2023,11.185,11.8225,9.39,11.585,11.185,0.4,3.58
28-SEP-2023,11.585,13.0225,9.3975,12.8225,11.585,1.24,10.68
29-SEP-2023,12.8225,12.8225,11.3075,11.4525,12.8225,-1.37,-10.68
03-OCT-2023,11.4525,12.4075,10.775,11.7875,11.4525,0.34,2.93
04-OCT-2023,11.7875,12.22,11.115,11.655,11.7875,-0.13,-1.12
05-OCT-2023,11.655,11.655,10.8425,10.94,11.655,-0.72,-6.13
06-OCT-2023,10.94,10.94,9.73,10.3,10.94,-0.64,-5.85
09-OCT-2023,10.3,11.6325,10.12,11.4,10.3,1.1,10.68
10-OCT-2023,11.4,11.4,10.855,11.27,11.4,-0.13,-1.14
11-OCT-2023,11.27,11.3225,10.39,10.985,11.27,-0.29,-2.53
12-OCT-2023,10.985,11.1175,10.565,10.6175,10.985,-0.37,-3.35
13-OCT-2023,10.6175,11.025,10.4025,10.6175,10.6175,0.0,0.0
16-OCT-2023,10.6175,11.1525,9.1525,11.07,10.6175,0.45,4.26
17-OCT-2023,11.07,11.07,10.4275,10.695,11.07,-0.38,-3.39
18-OCT-2023,10.695,11.17,10.485,10.965,10.695,0.27,2.52
19-OCT-2023,10.965,11.2125,10.0475,10.8975,10.965,-0.07,-0.62
20-OCT-2023,10.8975,11.09,10.075,10.8175,10.8975,-0.08,-0.73
23-OCT-2023,10.8175,11.3575,8.825,10.905,10.8175,0.09,0.81
25-OCT-2023,10.905,12.1775,9.965,11.3125,10.905,0.41,3.74
26-OCT-2023,11.3125,12.7,11.3125,11.73,11.3125,0.42,3.69
27-OCT-2023,11.73,12.305,10.6725,10.905,11.73,-0.83,-7.03
30-OCT-2023,10.905,12.1925,10.905,11.49,10.905,0.59,5.36
31-OCT-2023,11.49,12.285,11.2625,11.825,11.49,0.34,2.92
01-NOV-2023,11.825,12.195,11.825,12.0475,11.825,0.22,1.88
02-NOV-2023,12.0475,12.0475,10.9475,11.075,12.0475,-0.97,-8.07
03-NOV-2023,11.075,11.075,10.635,10.8825,11.075,-0.19,-1.74
06-NOV-2023,10.8825,11.28,10.38,11.105,10.8825,0.22,2.04
07-NOV-2023,11.105,12.1775,11.0,11.1925,11.105,0.09,0.79
08-NOV-2023,11.1925,11.3325,10.63,11.0375,11.1925,-0.16,-1.38
09-NOV-2023,11.0375,11.2525,10.37,10.9825,11.0375,-0.06,-0.5
10-NOV-2023,10.9825,11.3575,9.86,11.1075,10.9825,0.13,1.14
12-NOV-2023,11.1075,11.54,9.7525,11.3475,11.1075,0.24,2.16
13-NOV-2023,11.3475,11.6325,10.5025,11.1875,11.3475,-0.16,-1.41
15-NOV-2023,11.1875,11.4175,8.395,11.135,11.1875,-0.05,-0.47
16-NOV-2023,11.135,11.8075,10.6175,11.6475,11.135,0.51,4.6
17-NOV-2023,11.6475,12.09,10.19,11.8275,11.6475,0.18,1.55
20-NOV-2023,11.8275,12.67,11.2,12.1475,11.8275,0.32,2.71
21-NOV-2023,12.1475,12.435,10.755,12.2325,12.1475,0.09,0.7
22-NOV-2023,12.2325,12.7075,11.0225,11.865,12.2325,-0.37,-3.0
23-NOV-2023,11.865,12.14,10.975,11.315,11.865,-0.55,-4.64
24-NOV-2023,11.315,11.465,8.6775,11.33,11.315,0.02,0.13
28-NOV-2023,11.33,12.4925,11.065,12.175,11.33,0.85,7.46
29-NOV-2023,12.175,14.46,11.3325,12.7075,12.175,0.53,4.37
30-NOV-2023,12.7075,13.3525,11.7625,12.69,12.7075,-0.02,-0.14
01-DEC-2023,12.69,12.755,11.7775,12.3825,12.69,-0.31,-2.42
04-DEC-2023,12.3825,13.16,11.34,12.9925,12.3825,0.61,4.93
05-DEC-2023,12.9925,13.8825,11.475,13.4575,12.9925,0.47,3.58
06-DEC-2023,13.4575,14.0875,12.6875,13.74,13.4575,0.28,2.1
07-DEC-2023,13.74,13.74,12.545,12.6725,13.74,-1.07,-7.77
08-DEC-2023,12.6725,12.875,12.135,12.47,12.6725,-0.2,-1.6
11-DEC-2023,12.47,13.1225,12.2275,12.7575,12.47,0.29,2.31
12-DEC-2023,12.7575,12.8675,11.6925,12.7125,12.7575,-0.05,-0.35
13-DEC-2023,12.7125,12.8175,11.54,12.065,12.7125,-0.65,-5.09
14-DEC-2023,12.065,12.5125,11.0,12.32,12.065,0.26,2.11
15-DEC-2023,12.32,13.3425,10.8,13.1275,12.32,0.81,6.55
18-DEC-2023,13.1275,14.1175,13.125,13.9,13.1275,0.77,5.88
19-DEC-2023,13.9,14.12,13.5525,13.8675,13.9,-0.03,-0.23
20-DEC-2023,13.8675,14.87,12.7775,14.45,13.8675,0.58,4.2
21-DEC-2023,14.45,15.01,12.2825,13.7575,14.45,-0.69,-4.79
22-DEC-2023,13.7575,13.9875,12.225,13.7075,13.7575,-0.05,-0.36
26-DEC-2023,13.7075,14.95,13.7075,14.6775,13.7075,0.97,7.08
27-DEC-2023,14.6775,15.7325,14.47,15.5575,14.6775,0.88,6.0
28-DEC-2023,15.5575,16.47,14.9625,15.14,15.5575,-0.42,-2.68
29-DEC-2023,15.14,15.4275,14.3725,14.5025,15.14,-0.64,-4.21
01-JAN-2024,14.5025,14.8675,14.3275,14.68,14.5025,0.18,1.22
02-JAN-2024,14.68,15.08,14.2425,14.58,14.68,-0.1,-0.68
03-JAN-2024,14.58,14.78,14.0225,14.0975,14.58,-0.48,-3.31
04-JAN-2024,14.0975,14.2075,13.2125,13.33,14.0975,-0.77,-5.44
05-JAN-2024,13.33,13.4675,12.4875,12.63,13.33,-0.7,-5.25
08-JAN-2024,12.63,13.595,12.63,13.4625,12.63,0.83,6.59
09-JAN-2024,13.4625,13.505,12.775,13.2625,13.4625,-0.2,-1.49
10-JAN-2024,13.2625,14.5575,12.81,12.97,13.2625,-0.29,-2.21
11-JAN-2024,12.97,13.19,12.63,12.7675,12.97,-0.2,-1.56
12-JAN-2024,12.7675,13.285,12.42,13.1,12.7675,0.33,2.6
15-JAN-2024,13.1,13.885,11.7875,13.785,13.1,0.69,5.23
16-JAN-2024,13.785,14.0425,12.485,13.5725,13.785,-0.21,-1.54
17-JAN-2024,13.5725,15.23,12.715,15.08,13.5725,1.51,11.11
18-JAN-2024,15.08,15.705,12.98,14.07,15.08,-1.01,-6.7
19-JAN-2024,14.07,14.1125,13.6775,13.8775,14.07,-0.19,-1.37
20-JAN-2024,13.8775,14.2475,13.0975,13.8025,13.8775,-0.08,-0.54
23-JAN-2024,13.8025,15.405,12.195,14.8525,13.8025,1.05,7.61
24-JAN-2024,14.8525,15.6475,14.03,14.375,14.8525,-0.48,-3.21
25-JAN-2024,14.375,15.3375,13.36,13.865,14.375,-0.51,-3.55
29-JAN-2024,13.865,15.8475,13.795,15.68,13.865,1.82,13.09
30-JAN-2024,15.68,16.575,14.9875,16.1025,15.68,0.42,2.69
31-JAN-2024,16.1025,16.5325,15.8,16.0475,16.1025,-0.06,-0.34
01-FEB-2024,16.0475,16.1075,14.36,14.455,16.0475,-1.59,-9.92
02-FEB-2024,14.455,15.1325,14.025,14.6975,14.455,0.24,1.68
05-FEB-2024,14.6975,16.05,14.6975,15.6175,14.6975,0.92,6.26
06-FEB-2024,15.6175,15.9825,15.0875,15.785,15.6175,0.17,1.07
07-FEB-2024,15.785,16.0175,14.74,15.505,15.785,-0.28,-1.77
08-FEB-2024,15.505,16.0275,15.2425,15.8275,15.505,0.32,2.08
09-FEB-2024,15.8275,16.3325,15.265,15.4475,15.8275,-0.38,-2.4
12-FEB-2024,15.4475,16.535,15.4475,16.0625,15.4475,0.62,3.98
13-FEB-2024,16.0625,16.57,15.7525,15.8075,16.0625,-0.26,-1.59
14-FEB-2024,15.8075,16.1975,15.34,15.435,15.8075,-0.37,-2.36
15-FEB-2024,15.435,15.6625,15.1125,15.225,15.435,-0.21,-1.36
16-FEB-2024,15.225,15.5525,14.9025,15.2225,15.225,0.0,-0.02
19-FEB-2024,15.2225,16.1175,13.7,16.0175,15.2225,0.8,5.22
20-FEB-2024,16.0175,16.36,14.2125,16.0725,16.0175,0.06,0.34
21-FEB-2024,16.0725,16.31,15.68,15.9275,16.0725,-0.15,-0.9
22-FEB-2024,15.9275,16.15,15.1325,15.1975,15.9275,-0.73,-4.58
23-FEB-2024,15.1975,15.4425,14.84,14.9725,15.1975,-0.23,-1.48
26-FEB-2024,14.9725,15.96,13.7575,15.6,14.9725,0.63,4.19
27-FEB-2024,15.6,15.9975,15.53,15.7275,15.6,0.13,0.82
28-FEB-2024,15.7275,16.74,15.31,16.33,15.7275,0.6,3.83
29-FEB-2024,16.33,16.5525,15.37,15.5725,16.33,-0.76,-4.64
01-MAR-2024,15.5725,15.6425,15.0,15.235,15.5725,-0.34,-2.17
04-MAR-2024,14.9925,15.3025,14.8225,14.9225,14.9925,-0.07,-0.47
05-MAR-2024,14.9225,15.165,14.1775,14.38,14.9225,-0.54,-3.64
06-MAR-2024,14.38,14.71,13.905,14.295,14.38,-0.09,-0.59
07-MAR-2024,14.295,14.4325,13.56,13.6125,14.295,-0.68,-4.77
11-MAR-2024,13.6125,14.5525,13.6125,13.995,13.6125,0.38,2.81
12-MAR-2024,13.995,14.195,13.5775,13.6375,13.995,-0.36,-2.55
13-MAR-2024,13.6375,15.005,13.5325,14.4325,13.6375,0.8,5.83
14-MAR-2024,14.4325,14.6825,13.5225,13.6225,14.4325,-0.81,-5.61
15-MAR-2024,13.6225,14.3325,13.59,13.69,13.6225,0.07,0.5
18-MAR-2024,13.69,14.615,13.69,13.895,13.69,0.21,1.5
19-MAR-2024,13.895,14.445,13.875,14.1125,13.895,0.22,1.57
20-MAR-2024,14.1125,14.2825,13.085,13.4725,14.1125,-0.64,-4.53
21-MAR-2024,13.4725,13.4725,12.3425,12.5125,13.4725,-0.96,-7.13
22-MAR-2024,12.5125,13.0475,11.81,12.22,12.5125,-0.29,-2.34
26-MAR-2024,12.22,13.1025,12.085,12.82,12.22,0.6,4.91
27-MAR-2024,12.82,13.01,12.5325,12.7025,12.82,-0.12,-0.92
28-MAR-2024,12.7025,13.18,12.26,12.8325,12.7025,0.13,1.02
01-APR-2024,12.8325,13.3575,12.005,12.0825,12.8325,-0.75,-5.84
02-APR-2024,12.0825,12.305,11.5975,11.6525,12.0825,-0.43,-3.56
03-APR-2024,11.6525,11.8275,11.3125,11.3725,11.6525,-0.28,-2.4
04-APR-2024,11.3725,11.8375,10.86,11.22,11.3725,-0.15,-1.34
05-APR-2024,11.22,11.6825,11.035,11.3375,11.22,0.12,1.05
08-APR-2024,11.3375,11.7425,11.1325,11.61,11.3375,0.27,2.4
09-APR-2024,11.61,11.6125,10.6175,11.355,11.61,-0.26,-2.2
10-APR-2024,11.355,11.355,10.985,11.1075,11.355,-0.25,-2.18
12-APR-2024,11.1075,11.605,11.1075,11.5325,11.1075,0.43,3.83
15-APR-2024,11.5325,12.7375,11.3075,12.4675,11.5325,0.94,8.11
16-APR-2024,12.4675,12.925,12.34,12.615,12.4675,0.15,1.18
18-APR-2024,12.615,13.3875,12.0275,13.04,12.615,0.43,3.37
19-APR-2024,13.04,14.4125,11.915,13.4575,13.04,0.42,3.2
22-APR-2024,13.4575,13.4575,12.6125,12.7,13.4575,-0.76,-5.63
23-APR-2024,12.7,12.7,9.8575,10.195,12.7,-2.51,-19.72
24-APR-2024,10.195,11.1325,9.945,10.275,10.195,0.08,0.78
25-APR-2024,10.275,11.4575,10.26,10.73,10.275,0.46,4.43
26-APR-2024,10.73,11.315,10.5875,10.925,10.73,0.2,1.82
29-APR-2024,10.925,12.4875,10.925,12.235,10.925,1.31,11.99
30-APR-2024,12.235,13.2125,12.235,12.87,12.235,0.64,5.19
02-MAY-2024,12.87,13.9475,12.87,13.445,12.87,0.58,4.47
03-MAY-2024,13.445,15.3125,13.445,14.6175,13.445,1.17,8.72
06-MAY-2024,14.6175,16.9625,14.6175,16.6,14.6175,1.98,13.56
07-MAY-2024,16.6,17.6425,16.6,17.0075,16.6,0.41,2.45
08-MAY-2024,17.0075,18.3175,16.4625,17.08,17.0075,0.07,0.43
09-MAY-2024,17.08,19.1725,17.08,18.2,17.08,1.12,6.56
10-MAY-2024,18.2,19.0075,17.995,18.4725,18.2,0.27,1.5
13-MAY-2024,18.4725,21.485,18.4725,20.6,18.4725,2.13,11.52
14-MAY-2024,20.6,21.875,20.1125,20.195,20.6,-0.41,-1.97
15-MAY-2024,20.195,20.6575,19.87,20.2725,20.195,0.08,0.38
16-MAY-2024,20.2725,21.1125,18.965,19.995,20.2725,-0.28,-1.37
17-MAY-2024,19.995,20.3675,18.98,19.7975,19.995,-0.2,-0.99
18-MAY-2024,19.7975,20.945,17.3375,20.525,19.7975,0.73,3.67
21-MAY-2024,20.525,22.3025,20.525,21.81,20.525,1.29,6.26
22-MAY-2024,21.81,22.2925,18.185,21.4675,21.81,-0.34,-1.57
23-MAY-2024,21.4675,24.215,18.84,21.38,21.4675,-0.09,-0.41
24-MAY-2024,21.38,21.8975,20.59,21.71,21.38,0.33,1.54
27-MAY-2024,21.71,26.195,18.435,23.1925,21.71,1.48,6.83
28-MAY-2024,23.1925,24.475,22.025,24.195,23.1925,1.0,4.32
29-MAY-2024,24.195,24.7725,23.545,24.175,24.195,-0.02,-0.08
30-MAY-2024,24.175,24.52,22.7525,24.175,24.175,0.0,0.0
31-MAY-2024,24.175,24.81,22.5975,24.6025,24.175,0.43,1.77
03-JUN-2024,24.6025,24.6025,19.115,20.9375,24.6025,-3.67,-14.9
04-JUN-2024,20.9375,31.71,18.8025,26.7475,20.9375,5.81,27.75
05-JUN-2024,26.7475,26.925,18.6575,18.885,26.7475,-7.86,-29.4
06-JUN-2024,18.885,18.885,16.5575,16.8,18.885,-2.09,-11.04
07-JUN-2024,16.8,17.145,16.3725,16.8825,16.8,0.08,0.49
10-JUN-2024,16.8825,17.25,16.17,16.3975,16.8825,-0.49,-2.87
11-JUN-2024,16.3975,16.3975,14.675,14.765,16.3975,-1.63,-9.96
12-JUN-2024,14.765,14.765,13.165,14.3875,14.765,-0.38,-2.56
13-JUN-2024,14.3875,14.3875,13.3125,13.4875,14.3875,-0.9,-6.26
14-JUN-2024,13.4875,13.4875,12.655,12.8225,13.4875,-0.67,-4.93
18-JUN-2024,12.8225,13.42,12.625,12.965,12.8225,0.14,1.11
19-JUN-2024,12.965,13.815,11.63,13.7125,12.965,0.75,5.77
20-JUN-2024,13.7125,14.06,13.1025,13.345,13.7125,-0.37,-2.68
21-JUN-2024,13.345,13.59,12.475,13.18,13.345,-0.17,-1.24
24-JUN-2024,13.18,14.2675,13.15,14.0575,13.18,0.88,6.66
25-JUN-2024,14.0575,14.455,13.8425,14.3125,14.0575,0.26,1.81
26-JUN-2024,14.3125,14.5475,13.985,14.045,14.3125,-0.27,-1.87
27-JUN-2024,14.045,14.61,13.915,14.1525,14.045,0.11,0.77
28-JUN-2024,14.1525,14.29,13.6875,13.8025,14.1525,-0.35,-2.47
01-JUL-2024,13.8025,14.2275,13.7925,13.83,13.8025,0.03,0.2
02-JUL-2024,13.83,14.0125,13.3225,13.64,13.83,-0.19,-1.37
03-JUL-2024,13.64,13.715,12.87,13.205,13.64,-0.44,-3.19
04-JUL-2024,13.205,13.205,12.2575,12.855,13.205,-0.35,-2.65
05-JUL-2024,12.855,12.99,12.08,12.695,12.855,-0.16,-1.24
08-JUL-2024,12.695,13.7575,12.695,13.6,12.695,0.91,7.13
09-JUL-2024,13.6,14.4025,12.79,14.28,13.6,0.68,5.0
10-JUL-2024,14.28,14.915,13.4075,14.4325,14.28,0.15,1.07
11-JUL-2024,14.4325,14.4325,12.68,13.995,14.4325,-0.44,-3.03
12-JUL-2024,13.995,14.0525,13.2225,13.725,13.995,-0.27,-1.93
15-JUL-2024,13.725,14.34,13.5675,14.1875,13.725,0.46,3.37
16-JUL-2024,14.1875,14.5875,13.8025,14.2225,14.1875,0.04,0.25
18-JUL-2024,14.2225,14.71,13.75,14.51,14.2225,0.29,2.02
19-JUL-2024,14.51,14.965,12.7375,14.825,14.51,0.32,2.17
22-JUL-2024,14.825,15.625,13.115,15.4375,14.825,0.61,4.13
23-JUL-2024,15.4375,16.065,12.5925,12.7475,15.4375,-2.69,-17.43
24-JUL-2024,12.7475,14.0375,11.6175,11.7625,12.7475,-0.99,-7.73
25-JUL-2024,11.7625,13.2175,11.275,12.6175,11.7625,0.86,7.27
26-JUL-2024,12.6175,13.135,11.9775,12.2475,12.6175,-0.37,-2.93
29-JUL-2024,12.2475,13.255,12.0275,12.945,12.2475,0.7,5.7
30-JUL-2024,12.945,13.26,11.715,12.88,12.945,-0.07,-0.5
31-JUL-2024,12.88,13.3875,11.6225,13.25,12.88,0.37,2.87
01-AUG-2024,13.25,13.305,11.9825,12.93,13.25,-0.32,-2.42
02-AUG-2024,12.93,14.51,11.6925,14.32,12.93,1.39,10.75
05-AUG-2024,14.32,23.1525,13.9075,20.3675,14.32,6.05,42.23
06-AUG-2024,20.3675,20.3675,14.8675,18.7425,20.3675,-1.63,-7.98
07-AUG-2024,18.7425,18.7425,13.7225,16.17,18.7425,-2.57,-13.73
08-AUG-2024,16.17,17.23,14.38,16.6025,16.17,0.43,2.67
09-AUG-2024,16.6025,16.6025,13.4325,15.335,16.6025,-1.27,-7.63
12-AUG-2024,15.335,16.5575,13.395,15.8675,15.335,0.53,3.47
13-AUG-2024,15.8675,16.375,14.2225,16.1675,15.8675,0.3,1.89
14-AUG-2024,16.1675,16.22,13.8225,15.435,16.1675,-0.73,-4.53
16-AUG-2024,15.435,15.435,12.95,14.4025,15.435,-1.03,-6.69
19-AUG-2024,14.4025,14.83,13.1975,14.315,14.4025,-0.09,-0.61
20-AUG-2024,14.315,14.315,11.425,13.82,14.315,-0.5,-3.46
21-AUG-2024,13.82,14.045,11.8225,13.3325,13.82,-0.49,-3.53
22-AUG-2024,13.3325,13.7825,10.9575,13.0,13.3325,-0.33,-2.49
23-AUG-2024,13.0,13.62,10.84,13.5525,13.0,0.55,4.25
26-AUG-2024,13.5525,13.9925,12.01,13.795,13.5525,0.24,1.79
27-AUG-2024,13.795,14.01,12.71,13.6325,13.795,-0.16,-1.18
28-AUG-2024,13.6325,14.085,12.035,13.95,13.6325,0.32,2.33
29-AUG-2024,13.95,14.135,12.4825,13.7875,13.95,-0.16,-1.16
30-AUG-2024,13.7875,13.905,12.54,13.3925,13.7875,-0.4,-2.86
02-SEP-2024,13.3925,14.25,12.6275,14.06,13.3925,0.67,4.98
03-SEP-2024,14.06,14.15,12.69,13.8425,14.06,-0.22,-1.55
04-SEP-2024,13.8425,14.555,12.805,14.3775,13.8425,0.54,3.86
05-SEP-2024,14.3775,14.3775,13.335,14.2075,14.3775,-0.17,-1.18
06-SEP-2024,14.2075,15.6725,12.3525,15.2175,14.2075,1.01,7.11
09-SEP-2024,15.2175,15.5625,14.11,14.2375,15.2175,-0.98,-6.44
10-SEP-2024,14.2375,14.2375,12.1675,13.36,14.2375,-0.88,-6.16
11-SEP-2024,13.36,13.765,11.325,13.6275,13.36,0.27,2.0
12-SEP-2024,13.6275,13.6275,11.14,13.1825,13.6275,-0.45,-3.27
13-SEP-2024,13.1825,13.1825,12.4675,12.55,13.1825,-0.63,-4.8
16-SEP-2024,12.55,12.955,12.31,12.46,12.55,-0.09,-0.72
17-SEP-2024,12.46,12.75,11.8825,12.59,12.46,0.13,1.04
18-SEP-2024,12.59,13.8475,12.26,13.3725,12.59,0.78,6.22
19-SEP-2024,13.3725,13.3725,12.1,12.47,13.3725,-0.9,-6.75
20-SEP-2024,12.47,13.11,10.9025,12.79,12.47,0.32,2.57
23-SEP-2024,12.79,14.03,12.4275,13.785,12.79,1.0,7.78
24-SEP-2024,13.785,14.105,12.7425,13.3925,13.785,-0.39,-2.85
25-SEP-2024,13.3925,13.61,8.98,12.7425,13.3925,-0.65,-4.85
26-SEP-2024,12.7425,12.7425,11.3525,12.0025,12.7425,-0.74,-5.81
27-SEP-2024,12.0025,12.08,10.5025,11.9625,12.0025,-0.04,-0.33
30-SEP-2024,11.9625,13.2375,11.6,12.7875,11.9625,0.83,6.9
01-OCT-2024,12.7875,12.7875,11.7125,11.9875,12.7875,-0.8,-6.26
03-OCT-2024,11.9875,13.9275,11.685,13.17,11.9875,1.18,9.86
04-OCT-2024,13.17,14.48,12.285,14.1275,13.17,0.96,7.27
07-OCT-2024,14.1275,15.5,13.6175,15.08,14.1275,0.95,6.74
08-OCT-2024,15.08,15.555,13.8775,14.5875,15.08,-0.49,-3.27
09-OCT-2024,14.5875,14.5875,12.7,14.1225,14.5875,-0.47,-3.19
10-OCT-2024,14.1225,14.1225,11.7275,13.495,14.1225,-0.63,-4.44
11-OCT-2024,13.495,13.7025,11.535,13.22,13.495,-0.28,-2.04
14-OCT-2024,13.22,13.735,12.915,12.995,13.22,-0.23,-1.7
15-OCT-2024,12.995,13.3625,10.9225,13.0025,12.995,0.01,0.06
16-OCT-2024,13.0025,13.56,11.435,13.0525,13.0025,0.05,0.38
17-OCT-2024,13.0525,13.465,11.0625,13.3875,13.0525,0.34,2.57
18-OCT-2024,13.3875,14.06,12.8675,13.0375,13.3875,-0.35,-2.61
21-OCT-2024,13.0375,14.195,12.5525,13.7625,13.0375,0.73,5.56
22-OCT-2024,13.7625,14.515,9.47,14.395,13.7625,0.63,4.6
23-OCT-2024,14.395,15.0325,11.74,14.6225,14.395,0.23,1.58
24-OCT-2024,14.6225,14.8975,12.695,13.97,14.6225,-0.65,-4.46
25-OCT-2024,13.97,15.08,13.35,14.6325,13.97,0.66,4.74
28-OCT-2024,14.6325,15.4775,13.535,14.29,14.6325,-0.34,-2.34
29-OCT-2024,14.29,15.0275,13.5575,14.515,14.29,0.23,1.57
30-OCT-2024,14.515,15.7,14.28,15.51,14.515,1.0,6.85
31-OCT-2024,15.51,16.24,14.6525,15.55,15.51,0.04,0.26
01-NOV-2024,15.55,16.125,13.6325,15.9025,15.55,0.35,2.27
04-NOV-2024,15.9025,17.6,14.7775,16.6875,15.9025,0.79,4.94
05-NOV-2024,16.6875,19.02,15.795,16.1225,16.6875,-0.57,-3.39
06-NOV-2024,16.1225,20.75,14.7125,14.8675,16.1225,-1.26,-7.78
07-NOV-2024,14.8675,15.5225,14.2675,14.94,14.8675,0.07,0.49
08-NOV-2024,14.94,15.725,14.3925,14.47,14.94,-0.47,-3.15
11-NOV-2024,14.47,15.47,13.1175,14.27,14.47,-0.2,-1.38
12-NOV-2024,14.27,14.8375,12.74,14.59,14.27,0.32,2.24
13-NOV-2024,14.59,15.865,13.9325,15.435,14.59,0.85,5.79
14-NOV-2024,15.435,15.685,13.4075,14.775,15.435,-0.66,-4.28
18-NOV-2024,14.775,16.58,13.755,15.1675,14.775,0.39,2.66
19-NOV-2024,15.1675,16.185,12.7325,15.6625,15.1675,0.5,3.26
21-NOV-2024,15.6625,16.78,14.8375,15.99,15.6625,0.33,2.09
22-NOV-2024,15.99,18.67,12.7525,16.0975,15.99,0.11,0.67
25-NOV-2024,16.0975,16.865,13.63,15.3025,16.0975,-0.8,-4.94
26-NOV-2024,15.3025,16.26,13.8725,15.305,15.3025,0.0,0.02
27-NOV-2024,15.305,15.305,13.245,14.625,15.305,-0.68,-4.44
28-NOV-2024,14.625,15.5625,14.27,15.205,14.625,0.58,3.97
29-NOV-2024,15.205,15.4575,14.3325,14.425,15.205,-0.78,-5.13
02-DEC-2024,14.425,15.08,13.3125,14.7,14.425,0.28,1.91
03-DEC-2024,14.7,14.89,14.235,14.3725,14.7,-0.33,-2.23
04-DEC-2024,14.3725,14.7975,14.11,14.45,14.3725,0.08,0.54
05-DEC-2024,14.45,15.705,14.055,14.5275,14.45,0.08,0.54
06-DEC-2024,14.5275,15.0225,14.045,14.14,14.5275,-0.39,-2.67
09-DEC-2024,14.14,14.635,13.45,14.1075,14.14,-0.03,-0.23
10-DEC-2024,14.1075,14.6725,13.6975,13.7775,14.1075,-0.33,-2.34
11-DEC-2024,13.7775,14.11,13.175,13.2675,13.7775,-0.51,-3.7
12-DEC-2024,13.2675,13.4,12.9475,13.19,13.2675,-0.08,-0.58
13-DEC-2024,13.19,14.72,12.47,13.0525,13.19,-0.14,-1.04
16-DEC-2024,13.0525,14.505,13.0525,14.02,13.0525,0.97,7.41
17-DEC-2024,14.02,14.975,13.18,14.485,14.02,0.47,3.32
18-DEC-2024,14.485,15.2425,14.27,14.3725,14.485,-0.11,-0.78
19-DEC-2024,14.3725,15.435,13.87,14.51,14.3725,0.14,0.96
20-DEC-2024,14.51,15.5525,14.3975,15.0725,14.51,0.56,3.88
23-DEC-2024,15.0725,16.8825,13.4175,13.52,15.0725,-1.55,-10.3
24-DEC-2024,13.52,15.03,12.975,13.1775,13.52,-0.34,-2.53
26-DEC-2024,13.1775,14.3875,13.0825,14.035,13.1775,0.86,6.51
27-DEC-2024,14.035,14.2375,13.035,13.2375,14.035,-0.8,-5.68
30-DEC-2024,13.2375,14.37,13.2375,13.9725,13.2375,0.74,5.55
31-DEC-2024,13.9725,14.6375,13.9725,14.4475,13.9725,0.48,3.4
01-JAN-2025,14.4475,14.835,14.305,14.5075,14.4475,0.06,0.42
02-JAN-2025,14.5075,14.8025,13.63,13.7375,14.5075,-0.77,-5.31
03-JAN-2025,13.7375,13.9775,13.225,13.54,13.7375,-0.2,-1.44
06-JAN-2025,13.54,15.92,13.54,15.65,13.54,2.11,15.58
07-JAN-2025,15.65,15.65,14.345,14.66,15.65,-0.99,-6.33
08-JAN-2025,14.66,14.88,14.095,14.465,14.66,-0.2,-1.33
09-JAN-2025,14.465,14.885,13.7475,14.6575,14.465,0.19,1.33
10-JAN-2025,14.6575,15.515,14.6575,14.915,14.6575,0.26,1.76
13-JAN-2025,14.915,16.185,14.45,15.9975,14.915,1.08,7.26
14-JAN-2025,15.9975,15.9975,15.115,15.47,15.9975,-0.53,-3.3
15-JAN-2025,15.47,15.6625,15.1975,15.2575,15.47,-0.21,-1.37
16-JAN-2025,15.2575,15.5725,13.9575,15.465,15.2575,0.21,1.36
17-JAN-2025,15.465,16.3825,14.0525,15.7475,15.465,0.28,1.83
20-JAN-2025,15.7475,17.02,15.1825,16.415,15.7475,0.67,4.24
21-JAN-2025,16.415,17.445,15.2025,17.055,16.415,0.64,3.9
22-JAN-2025,17.055,17.295,15.905,16.7725,17.055,-0.28,-1.66
23-JAN-2025,16.7725,17.0825,15.6675,16.695,16.7725,-0.08,-0.46
24-JAN-2025,16.695,17.31,16.1175,16.745,16.695,0.05,0.3
27-JAN-2025,16.745,18.5225,16.745,18.1325,16.745,1.39,8.29
28-JAN-2025,18.1325,18.5025,16.8275,18.195,18.1325,0.06,0.34
29-JAN-2025,18.195,19.01,17.2875,18.64,18.195,0.45,2.45
30-JAN-2025,18.64,18.985,17.2175,17.39,18.64,-1.25,-6.71
31-JAN-2025,17.39,17.9425,16.1075,16.2475,17.39,-1.14,-6.57
01-FEB-2025,16.2475,16.58,14.0125,14.095,16.2475,-2.15,-13.25
03-FEB-2025,14.095,15.1125,14.095,14.3525,14.095,0.26,1.83
04-FEB-2025,14.3525,15.1325,13.665,14.0175,14.3525,-0.34,-2.33
05-FEB-2025,14.0175,14.2975,13.4975,14.0825,14.0175,0.07,0.46
06-FEB-2025,14.0825,14.64,13.15,14.175,14.0825,0.09,0.66
07-FEB-2025,14.175,14.505,13.55,13.685,14.175,-0.49,-3.46
10-FEB-2025,13.685,14.7175,13.685,14.445,13.685,0.76,5.55
11-FEB-2025,14.445,15.4325,13.845,14.87,14.445,0.43,2.94
12-FEB-2025,14.87,15.6225,14.6075,14.895,14.87,0.03,0.17
13-FEB-2025,14.895,15.465,12.195,14.955,14.895,0.06,0.4
14-FEB-2025,14.955,15.6775,14.3575,15.015,14.955,0.06,0.4
17-FEB-2025,15.015,16.31,14.4975,15.7225,15.015,0.71,4.71
18-FEB-2025,15.7225,16.3225,14.78,15.665,15.7225,-0.06,-0.37
19-FEB-2025,15.665,16.0225,14.7525,15.42,15.665,-0.25,-1.56
20-FEB-2025,15.42,15.9025,14.6375,14.6825,15.42,-0.74,-4.78
21-FEB-2025,14.6825,15.2425,12.0825,14.53,14.6825,-0.15,-1.04
24-FEB-2025,14.53,15.58,14.365,14.44,14.53,-0.09,-0.62
25-FEB-2025,14.4425,15.0775,13.605,13.72,14.4425,-0.72,-5.0
27-FEB-2025,13.715,14.0075,12.91,13.31,13.715,-0.41,-2.95
28-FEB-2025,13.3075,14.1225,13.2325,13.91,13.3075,0.6,4.53
03-MAR-2025,13.91,14.36,13.5675,13.76,13.91,-0.15,-1.08
04-MAR-2025,13.7625,14.1975,13.3725,13.83,13.7625,0.07,0.49
05-MAR-2025,13.83,14.13,13.095,13.67,13.83,-0.16,-1.16
06-MAR-2025,13.67,14.1775,13.28,13.73,13.67,0.06,0.44
07-MAR-2025,13.725,13.86,13.3325,13.47,13.725,-0.26,-1.86
10-MAR-2025,13.47,14.2075,13.47,13.99,13.47,0.52,3.86
11-MAR-2025,13.985,14.5025,13.675,14.07,13.985,0.09,0.61
12-MAR-2025,14.0725,14.3725,13.635,13.69,14.0725,-0.38,-2.72
13-MAR-2025,13.6925,13.9275,13.2225,13.28,13.6925,-0.41,-3.01
17-MAR-2025,13.28,14.0975,13.28,13.42,13.28,0.14,1.05
18-MAR-2025,13.415,13.6525,11.3425,13.21,13.415,-0.21,-1.53
19-MAR-2025,13.21,13.5725,12.585,13.3,13.21,0.09,0.68
20-MAR-2025,13.2975,13.2975,12.5125,12.6,13.2975,-0.7,-5.25
21-MAR-2025,12.6025,12.835,10.695,12.58,12.6025,-0.02,-0.18
24-MAR-2025,12.575,13.9525,12.575,13.7,12.575,1.13,8.95
25-MAR-2025,13.7,14.475,13.49,13.64,13.7,-0.06,-0.44
26-MAR-2025,13.635,13.915,13.305,13.47,13.635,-0.17,-1.21
27-MAR-2025,13.47,13.85,12.9775,13.3,13.47,-0.17,-1.26
28-MAR-2025,13.3,13.61,12.5725,12.72,13.3,-0.58,-4.36
01-APR-2025,12.7175,14.0525,12.7175,13.78,12.7175,1.06,8.35
02-APR-2025,13.7825,14.1425,13.5125,13.72,13.7825,-0.06,-0.45
03-APR-2025,13.7225,14.1075,13.41,13.6,13.7225,-0.12,-0.89
04-APR-2025,13.6,14.2475,13.395,13.76,13.6,0.16,1.18
07-APR-2025,13.755,23.1875,13.755,22.79,13.755,9.04,65.69
08-APR-2025,22.7925,22.7925,19.3825,20.44,22.7925,-2.35,-10.32
09-APR-2025,20.4425,21.7475,19.6975,21.43,20.4425,0.99,4.83
11-APR-2025,21.43,21.43,18.855,20.11,21.43,-1.32,-6.16
15-APR-2025,20.1075,20.1075,15.9725,16.13,20.1075,-3.98,-19.78
16-APR-2025,16.125,16.125,15.115,15.87,16.125,-0.26,-1.58
17-APR-2025,15.865,16.4625,15.09,15.47,15.865,-0.4,-2.49
21-APR-2025,15.4675,16.3325,14.2175,15.52,15.4675,0.05,0.34
22-APR-2025,15.515,16.0075,14.54,15.23,15.515,-0.29,-1.84
23-APR-2025,15.23,16.5175,12.8425,15.96,15.23,0.73,4.79
24-APR-2025,15.96,16.7625,15.5525,16.25,15.96,0.29,1.82
25-APR-2025,16.25,17.575,15.915,17.16,16.25,0.91,5.6
28-APR-2025,17.1575,18.0725,16.6225,16.94,17.1575,-0.22,-1.27
29-APR-2025,16.94,17.585,16.065,17.37,16.94,0.43,2.54
30-APR-2025,17.37,18.56,15.985,18.22,17.37,0.85,4.89
02-MAY-2025,18.2225,18.8625,17.35,18.26,18.2225,0.04,0.21
05-MAY-2025,18.2575,18.795,18.0675,18.34,18.2575,0.08,0.45
06-MAY-2025,18.3375,19.3025,17.9875,19.0,18.3375,0.66,3.61
07-MAY-2025,18.995,19.73,18.365,19.06,18.995,0.07,0.34
08-MAY-2025,19.06,21.8925,18.1525,21.01,19.06,1.95,10.23
09-MAY-2025,21.0075,22.7475,21.0025,21.63,21.0075,0.62,2.96
12-MAY-2025,21.6325,21.6325,17.2075,18.39,21.6325,-3.24,-14.99
13-MAY-2025,18.3925,18.9025,17.8925,18.2,18.3925,-0.19,-1.05
14-MAY-2025,18.2,19.2425,17.0825,17.23,18.2,-0.97,-5.33
15-MAY-2025,17.225,17.6725,16.72,16.89,17.225,-0.34,-1.94
16-MAY-2025,16.8925,17.055,16.215,16.55,16.8925,-0.34,-2.03
19-MAY-2025,16.55,17.4475,15.8275,17.36,16.55,0.81,4.89
20-MAY-2025,17.355,17.66,15.9675,17.39,17.355,0.04,0.2
21-MAY-2025,17.385,17.9975,17.0425,17.55,17.385,0.17,0.95
22-MAY-2025,17.5475,18.2025,16.705,17.26,17.5475,-0.29,-1.64
23-MAY-2025,17.2575,17.5225,15.485,17.28,17.2575,0.02,0.13
26-MAY-2025,17.2775,18.4125,16.0575,18.02,17.2775,0.74,4.3
27-MAY-2025,18.02,19.185,17.42,18.54,18.02,0.52,2.89
28-MAY-2025,18.535,19.035,17.875,18.02,18.535,-0.52,-2.78
29-MAY-2025,18.0175,18.0175,16.2075,16.42,18.0175,-1.6,-8.87
30-MAY-2025,16.42,16.545,15.2875,16.08,16.42,-0.34,-2.07
02-JUN-2025,16.0775,17.7275,16.0775,17.16,16.0775,1.08,6.73
03-JUN-2025,17.1575,17.7275,16.2575,16.56,17.1575,-0.6,-3.48
04-JUN-2025,16.555,17.06,15.63,15.75,16.555,-0.81,-4.86
05-JUN-2025,15.745,15.9325,14.9825,15.08,15.745,-0.67,-4.22
06-JUN-2025,15.0825,15.61,14.3675,14.63,15.0825,-0.45,-3.0
09-JUN-2025,14.63,15.52,14.63,14.69,14.63,0.06,0.41
10-JUN-2025,14.6925,14.74,13.9325,14.02,14.6925,-0.67,-4.58
11-JUN-2025,14.015,14.155,13.5575,13.67,14.015,-0.35,-2.46
12-JUN-2025,13.6675,14.2725,13.13,14.02,13.6675,0.35,2.58
13-JUN-2025,14.015,15.975,14.015,15.08,14.015,1.07,7.6
16-JUN-2025,15.08,15.4725,14.5525,14.84,15.08,-0.24,-1.59
17-JUN-2025,14.8375,15.0225,14.3,14.4,14.8375,-0.44,-2.95
18-JUN-2025,14.4025,14.8175,14.105,14.28,14.4025,-0.12,-0.85
19-JUN-2025,14.275,14.37,13.74,14.26,14.275,-0.02,-0.11
20-JUN-2025,14.255,14.255,13.3225,13.67,14.255,-0.59,-4.1
23-JUN-2025,13.6725,14.5225,13.6625,14.05,13.6725,0.38,2.76
24-JUN-2025,14.0475,14.3425,13.3075,13.64,14.0475,-0.41,-2.9
25-JUN-2025,13.6425,13.6425,12.9,12.96,13.6425,-0.68,-5.0
26-JUN-2025,12.9625,13.33,12.515,12.59,12.9625,-0.37,-2.87
27-JUN-2025,12.59,12.9225,12.3225,12.39,12.59,-0.2,-1.59
30-JUN-2025,12.3875,13.0275,12.3875,12.79,12.3875,0.4,3.25
01-JUL-2025,12.785,12.9925,12.4375,12.53,12.785,-0.26,-1.99
02-JUL-2025,12.5275,12.6625,12.34,12.45,12.5275,-0.08,-0.62
03-JUL-2025,12.445,12.66,12.19,12.39,12.445,-0.06,-0.44
04-JUL-2025,12.385,12.6975,12.24,12.32,12.385,-0.07,-0.52
07-JUL-2025,12.315,12.79,11.94,12.56,12.315,0.25,1.99
08-JUL-2025,12.56,12.71,12.055,12.2,12.56,-0.36,-2.87
09-JUL-2025,12.195,12.355,11.75,11.94,12.195,-0.26,-2.09
10-JUL-2025,11.94,12.1875,11.6125,11.67,11.94,-0.27,-2.26
11-JUL-2025,11.6725,12.1225,11.535,11.82,11.6725,0.15,1.26
14-JUL-2025,11.8175,12.42,11.8175,11.98,11.8175,0.16,1.38
15-JUL-2025,11.98,12.025,11.405,11.48,11.98,-0.5,-4.17
16-JUL-2025,11.48,11.6675,11.1975,11.24,11.48,-0.24,-2.09
17-JUL-2025,11.24,11.5425,10.7275,11.24,11.24,0.0,0.0
18-JUL-2025,11.2425,11.86,9.9,11.39,11.2425,0.15,1.31
21-JUL-2025,11.3925,11.9425,11.0875,11.2,11.3925,-0.19,-1.69
22-JUL-2025,11.2025,11.2275,10.6875,10.75,11.2025,-0.45,-4.04
23-JUL-2025,10.7525,10.7525,10.22,10.52,10.7525,-0.23,-2.16
24-JUL-2025,10.515,11.105,9.8675,10.72,10.515,0.21,1.95
25-JUL-2025,10.7225,11.5825,10.6125,11.28,10.7225,0.56,5.2
28-JUL-2025,11.275,12.23,10.325,12.06,11.275,0.79,6.96
29-JUL-2025,12.0625,12.3,11.4,11.53,12.0625,-0.53,-4.41
30-JUL-2025,11.525,11.775,10.6125,11.21,11.525,-0.32,-2.73
31-JUL-2025,11.205,12.12,11.205,11.54,11.205,0.34,2.99
01-AUG-2025,11.5425,12.11,11.4025,11.98,11.5425,0.44,3.79
04-AUG-2025,11.975,12.63,11.8025,11.97,11.975,-0.01,-0.04
05-AUG-2025,11.9675,12.1775,11.64,11.71,11.9675,-0.26,-2.15
06-AUG-2025,11.7125,12.0475,10.6575,11.96,11.7125,0.25,2.11
07-AUG-2025,11.96,12.3075,11.555,11.69,11.96,-0.27,-2.26
08-AUG-2025,11.6875,12.1975,10.8975,12.03,11.6875,0.34,2.93
11-AUG-2025,12.0325,12.73,12.0325,12.22,12.0325,0.19,1.56
12-AUG-2025,12.2175,12.4225,11.595,12.23,12.2175,0.01,0.1
13-AUG-2025,12.2325,12.3525,10.7775,12.14,12.2325,-0.09,-0.76
14-AUG-2025,12.14,12.47,11.4725,12.36,12.14,0.22,1.81
18-AUG-2025,12.355,13.465,11.75,12.34,12.355,-0.02,-0.12
19-AUG-2025,12.34,12.34,11.76,11.79,12.34,-0.55,-4.46
20-AUG-2025,11.79,11.99,10.185,11.79,11.79,0.0,0.0
21-AUG-2025,11.785,11.8925,10.0875,11.37,11.785,-0.42,-3.52
22-AUG-2025,11.3725,11.785,10.695,11.73,11.3725,0.36,3.14
25-AUG-2025,11.7275,12.3475,11.545,11.76,11.7275,0.03,0.28
26-AUG-2025,11.7575,12.5475,10.9275,12.19,11.7575,0.43,3.68
28-AUG-2025,12.1925,13.145,11.575,12.18,12.1925,-0.01,-0.1
29-AUG-2025,12.1775,12.2025,11.5925,11.75,12.1775,-0.43,-3.51
01-SEP-2025,11.7525,12.195,11.235,11.29,11.7525,-0.46,-3.94
02-SEP-2025,11.2925,11.7825,10.78,11.4,11.2925,0.11,0.95
03-SEP-2025,11.4,11.5775,10.85,10.93,11.4,-0.47,-4.12
04-SEP-2025,10.93,11.2375,10.4925,10.85,10.93,-0.08,-0.73
05-SEP-2025,10.8525,11.435,9.9525,10.78,10.8525,-0.07,-0.67
08-SEP-2025,10.78,11.0825,10.42,10.84,10.78,0.06,0.56
09-SEP-2025,10.8375,11.45,9.8525,10.69,10.8375,-0.15,-1.36
10-SEP-2025,10.685,10.84,10.2475,10.54,10.685,-0.15,-1.36
11-SEP-2025,10.5375,10.7775,10.1825,10.36,10.5375,-0.18,-1.68
12-SEP-2025,10.36,10.36,9.85,10.12,10.36,-0.24,-2.32
15-SEP-2025,10.1225,10.6825,9.9025,10.4,10.1225,0.28,2.74
16-SEP-2025,10.3975,10.5,9.755,10.27,10.3975,-0.13,-1.23
17-SEP-2025,10.2725,10.3575,9.615,10.25,10.2725,-0.02,-0.22
18-SEP-2025,10.2475,10.2475,9.4925,9.89,10.2475,-0.36,-3.49
19-SEP-2025,9.885,10.255,9.3975,9.97,9.885,0.09,0.86
22-SEP-2025,9.9675,10.7325,9.9675,10.56,9.9675,0.59,5.94
23-SEP-2025,10.5575,10.9025,9.9625,10.63,10.5575,0.07,0.69
24-SEP-2025,10.625,10.8925,10.1125,10.52,10.625,-0.11,-0.99
25-SEP-2025,10.5225,10.8975,10.285,10.78,10.5225,0.26,2.45
26-SEP-2025,10.7825,11.6775,10.17,11.43,10.7825,0.65,6.01
29-SEP-2025,11.425,11.725,10.615,11.37,11.425,-0.06,-0.48
30-SEP-2025,11.365,11.7875,10.93,11.07,11.365,-0.3,-2.6
01-OCT-2025,11.065,11.255,10.1525,10.29,11.065,-0.78,-7.0
03-OCT-2025,10.2875,10.6225,9.945,10.06,10.2875,-0.23,-2.21
06-OCT-2025,10.06,10.5375,9.6575,10.19,10.06,0.13,1.29
07-OCT-2025,10.1925,10.45,10.0,10.05,10.1925,-0.14,-1.4
08-OCT-2025,10.05,10.5225,9.6875,10.31,10.05,0.26,2.59
09-OCT-2025,10.3125,10.565,9.9975,10.12,10.3125,-0.19,-1.87
10-OCT-2025,10.12,10.3425,9.71,10.1,10.12,-0.02,-0.2
13-OCT-2025,10.1025,11.2575,9.7775,11.01,10.1025,0.91,8.98
14-OCT-2025,11.0075,11.6675,10.0125,11.16,11.0075,0.15,1.39
15-OCT-2025,11.155,11.155,10.4325,10.53,11.155,-0.63,-5.6
16-OCT-2025,10.53,11.0575,10.3825,10.87,10.53,0.34,3.23
17-OCT-2025,10.865,11.81,9.775,11.63,10.865,0.77,7.04
20-OCT-2025,11.625,11.8775,10.6675,11.36,11.625,-0.27,-2.28
21-OCT-2025,11.355,11.595,10.7,11.3,11.355,-0.06,-0.48
23-OCT-2025,11.2975,12.05,10.7375,11.73,11.2975,0.43,3.83
24-OCT-2025,11.7325,11.94,11.4375,11.59,11.7325,-0.14,-1.21
27-OCT-2025,11.59,12.7275,11.2775,11.86,11.59,0.27,2.33
28-OCT-2025,11.8575,12.635,10.705,11.95,11.8575,0.09,0.78
29-OCT-2025,11.9525,12.1025,11.2275,11.97,11.9525,0.02,0.15
30-OCT-2025,11.9725,12.2725,11.705,12.07,11.9725,0.1,0.81
31-OCT-2025,12.0675,12.2875,11.77,12.15,12.0675,0.08,0.68
03-NOV-2025,12.1525,12.94,11.7875,12.67,12.1525,0.52,4.26
04-NOV-2025,12.665,12.935,10.98,12.65,12.665,-0.02,-0.12
06-NOV-2025,12.6525,12.865,12.0575,12.41,12.6525,-0.24,-1.92
07-NOV-2025,12.41,12.6675,11.9575,12.56,12.41,0.15,1.21
10-NOV-2025,12.5575,12.9275,11.405,12.3,12.5575,-0.26,-2.05
11-NOV-2025,12.3,13.005,11.9925,12.49,12.3,0.19,1.54
12-NOV-2025,12.49,12.7125,11.4425,12.11,12.49,-0.38,-3.04
13-NOV-2025,12.11,12.2725,11.23,12.16,12.11,0.05,0.41
14-NOV-2025,12.1625,12.445,11.8025,11.94,12.1625,-0.22,-1.83
17-NOV-2025,11.9375,12.28,10.895,11.79,11.9375,-0.15,-1.24
18-NOV-2025,11.7875,12.29,10.94,12.1,11.7875,0.31,2.65
19-NOV-2025,12.095,12.375,10.765,11.97,12.095,-0.13,-1.03
20-NOV-2025,11.9725,12.3775,11.055,12.14,11.9725,0.17,1.4
21-NOV-2025,12.135,13.85,12.135,13.63,12.135,1.5,12.32
24-NOV-2025,13.63,13.63,11.9375,13.24,13.63,-0.39,-2.86
25-NOV-2025,13.235,13.235,10.855,12.24,13.235,-1.0,-7.52
26-NOV-2025,12.2425,12.5725,11.585,11.97,12.2425,-0.27,-2.23
27-NOV-2025,11.9675,12.2425,11.5075,11.79,11.9675,-0.18,-1.48
28-NOV-2025,11.785,11.785,10.8175,11.62,11.785,-0.17,-1.4
01-DEC-2025,11.6175,12.01,10.9,11.63,11.6175,0.01,0.11
02-DEC-2025,11.625,11.94,11.03,11.23,11.625,-0.4,-3.4
03-DEC-2025,11.2275,11.3725,10.915,11.21,11.2275,-0.02,-0.16
04-DEC-2025,11.2125,11.27,10.58,10.82,11.2125,-0.39,-3.5
05-DEC-2025,10.8175,10.8675,10.1575,10.32,10.8175,-0.5,-4.6
08-DEC-2025,10.315,11.61,10.135,11.13,10.315,0.82,7.9
09-DEC-2025,11.125,11.8825,10.455,10.95,11.125,-0.18,-1.57
10-DEC-2025,10.9525,11.4225,10.49,10.91,10.9525,-0.04,-0.39
11-DEC-2025,10.9125,11.1925,10.3175,10.4,10.9125,-0.51,-4.7
12-DEC-2025,10.4,10.4,9.9625,10.11,10.4,-0.29,-2.79
15-DEC-2025,10.1075,10.8425,10.0475,10.25,10.1075,0.14,1.41
16-DEC-2025,10.25,10.4275,9.6625,10.06,10.25,-0.19,-1.85
17-DEC-2025,10.0625,10.1775,9.4825,9.84,10.0625,-0.22,-2.21
18-DEC-2025,9.8375,9.9475,9.6125,9.71,9.8375,-0.13,-1.3
19-DEC-2025,9.7075,10.3075,9.435,9.52,9.7075,-0.19,-1.93
22-DEC-2025,9.5225,9.8975,8.8625,9.68,9.5225,0.16,1.65
23-DEC-2025,9.675,9.785,9.3225,9.38,9.675,-0.3,-3.05
24-DEC-2025,9.3775,9.68,8.8825,9.19,9.3775,-0.19,-2.0
26-DEC-2025,9.19,9.395,9.02,9.15,9.19,-0.04,-0.44
29-DEC-2025,9.15,9.77,9.0475,9.72,9.15,0.57,6.23
30-DEC-2025,9.72,9.9875,9.5875,9.68,9.72,-0.04,-0.41
31-DEC-2025,9.6775,9.73,9.3125,9.48,9.6775,-0.2,-2.04
01-JAN-2026,9.475,9.475,8.72,9.19,9.475,-0.29,-3.01
02-JAN-2026,9.185,9.555,8.9675,9.45,9.185,0.27,2.89
05-JAN-2026,9.45,10.215,9.2925,10.02,9.45,0.57,6.03
06-JAN-2026,10.0225,10.285,9.6475,10.02,10.0225,0.0,-0.02
07-JAN-2026,10.0175,10.24,9.745,9.95,10.0175,-0.07,-0.67
08-JAN-2026,9.95,10.99,9.475,10.6,9.95,0.65,6.53
09-JAN-2026,10.6,11.035,10.2175,10.93,10.6,0.33,3.11
12-JAN-2026,10.925,11.945,10.5175,11.37,10.925,0.45,4.07
13-JAN-2026,11.3675,11.68,10.6375,11.2,11.3675,-0.17,-1.47
14-JAN-2026,11.1975,11.4725,11.0125,11.32,11.1975,0.12,1.09
16-JAN-2026,11.32,11.575,10.875,11.37,11.32,0.05,0.44
19-JAN-2026,11.3725,12.125,10.3925,11.83,11.3725,0.46,4.02
20-JAN-2026,11.8275,12.9025,10.995,12.73,11.8275,0.9,7.63
21-JAN-2026,12.73,14.43,12.4325,13.78,12.73,1.05,8.25
22-JAN-2026,13.78,14.3275,12.9075,13.35,13.78,-0.43,-3.12
23-JAN-2026,13.35,14.4325,12.2825,14.19,13.35,0.84,6.29
27-JAN-2026,14.1925,16.0575,13.9225,14.45,14.1925,0.26,1.81
28-JAN-2026,14.4525,14.51,13.44,13.53,14.4525,-0.92,-6.38
29-JAN-2026,13.525,14.1925,13.0725,13.37,13.525,-0.16,-1.15
30-JAN-2026,13.37,14.23,12.8825,13.63,13.37,0.26,1.94
01-FEB-2026,13.6325,16.1125,13.3475,15.1,13.6325,1.47,10.76
02-FEB-2026,15.095,15.5525,13.58,13.87,15.095,-1.23,-8.12
03-FEB-2026,13.865,15.465,11.85,12.9,13.865,-0.97,-6.96
04-FEB-2026,12.895,13.145,12.06,12.25,12.895,-0.65,-5.0
05-FEB-2026,12.2525,12.545,10.935,12.17,12.2525,-0.08,-0.67
06-FEB-2026,12.1675,12.345,11.16,11.94,12.1675,-0.23,-1.87
09-FEB-2026,11.94,12.28,10.67,12.19,11.94,0.25,2.09
10-FEB-2026,12.19,12.19,10.355,11.67,12.19,-0.52,-4.27
11-FEB-2026,11.665,11.7125,10.5575,11.55,11.665,-0.12,-0.99
12-FEB-2026,11.5475,12.1075,10.8475,11.73,11.5475,0.18,1.58
13-FEB-2026,11.725,13.5825,10.9625,13.29,11.725,1.57,13.35
16-FEB-2026,13.2925,13.8325,13.235,13.33,13.2925,0.04,0.28
17-FEB-2026,13.33,13.4775,11.625,12.67,13.33,-0.66,-4.95
18-FEB-2026,12.6725,12.7675,11.3525,12.22,12.6725,-0.45,-3.57
19-FEB-2026,12.2225,13.68,9.73,13.46,12.2225,1.24,10.12
20-FEB-2026,13.46,14.7825,13.095,14.36,13.46,0.9,6.69
23-FEB-2026,14.3625,14.4775,12.7725,14.17,14.3625,-0.19,-1.34
24-FEB-2026,14.1675,14.9475,12.3475,14.15,14.1675,-0.02,-0.12
25-FEB-2026,14.15,14.15,12.8375,13.49,14.15,-0.66,-4.66
26-FEB-2026,13.4875,13.605,11.8125,13.06,13.4875,-0.43,-3.17
27-FEB-2026,13.0625,14.035,11.2,13.7,13.0625,0.64,4.88
02-MAR-2026,13.7025,17.8125,12.825,17.13,13.7025,3.43,25.01
04-MAR-2026,17.13,21.3675,16.9675,21.14,17.13,4.01,23.41
05-MAR-2026,21.14,21.14,17.3025,17.86,21.14,-3.28,-15.52
06-MAR-2026,17.8575,20.1425,17.1975,19.88,17.8575,2.02,11.33
09-MAR-2026,19.88,24.4925,19.2175,23.36,19.88,3.48,17.51
10-MAR-2026,23.3625,23.3625,18.7775,18.91,23.3625,-4.45,-19.06
11-MAR-2026,18.905,21.385,17.24,21.06,18.905,2.16,11.4
12-MAR-2026,21.0625,22.355,20.8225,21.52,21.0625,0.46,2.17
13-MAR-2026,21.5175,22.8825,21.2475,22.65,21.5175,1.13,5.26
16-MAR-2026,22.645,22.875,19.82,21.6,22.645,-1.05,-4.61
17-MAR-2026,21.6025,21.6025,19.6275,19.79,21.6025,-1.81,-8.39
18-MAR-2026,19.79,19.79,18.5925,18.72,19.79,-1.07,-5.41
19-MAR-2026,18.7225,23.195,18.7225,22.8,18.7225,4.08,21.78
20-MAR-2026,22.8025,23.1375,21.685,22.81,22.8025,0.01,0.03
23-MAR-2026,22.8125,27.1725,22.8125,26.73,22.8125,3.92,17.17
24-MAR-2026,26.73,26.73,24.63,24.74,26.73,-1.99,-7.44
25-MAR-2026,24.74,25.23,24.135,24.64,24.74,-0.1,-0.4
27-MAR-2026,24.64,27.0875,23.385,26.8,24.64,2.16,8.77
30-MAR-2026,26.8025,28.9075,26.8025,27.89,26.8025,1.09,4.06
01-APR-2026,27.8875,27.8875,23.6475,25.01,27.8875,-2.88,-10.32
02-APR-2026,25.01,26.595,25.01,25.52,25.01,0.51,2.04
06-APR-2026,25.52,26.56,25.0825,25.47,25.52,-0.05,-0.2
07-APR-2026,25.4675,26.255,24.545,24.7,25.4675,-0.77,-3.01
08-APR-2026,24.695,24.695,19.305,19.7,24.695,-5.0,-20.23
09-APR-2026,19.6975,20.9425,19.1725,20.43,19.6975,0.73,3.72
10-APR-2026,20.4275,20.4275,18.37,18.85,20.4275,-1.58,-7.72
13-APR-2026,18.85,21.5075,18.1825,20.5,18.85,1.65,8.75
15-APR-2026,20.5,20.5,17.3375,18.67,20.5,-1.83,-8.93
16-APR-2026,18.6675,18.6675,16.8325,18.09,18.6675,-0.58,-3.09
17-APR-2026,18.085,18.47,16.5925,17.21,18.085,-0.88,-4.84
20-APR-2026,17.205,19.01,16.48,18.79,17.205,1.59,9.21
21-APR-2026,18.79,18.79,17.4525,17.53,18.79,-1.26,-6.71
22-APR-2026,17.5325,18.73,17.245,18.3,17.5325,0.77,4.38
23-APR-2026,18.3,19.12,17.49,18.59,18.3,0.29,1.58
24-APR-2026,18.59,19.895,18.0625,19.71,18.59,1.12,6.02
27-APR-2026,19.7125,19.7125,18.27,18.38,19.7125,-1.33,-6.76
28-APR-2026,18.3775,18.4075,17.2675,18.05,18.3775,-0.33,-1.78
29-APR-2026,18.0475,18.0475,16.75,17.44,18.0475,-0.61,-3.37
30-APR-2026,17.4375,19.48,17.185,18.46,17.4375,1.02,5.86
04-MAY-2026,18.46,18.875,16.7475,18.3,18.46,-0.16,-0.87
05-MAY-2026,18.3,18.8425,17.7125,17.91,18.3,-0.39,-2.13
06-MAY-2026,17.9075,18.0775,16.5775,16.68,17.9075,-1.23,-6.85
07-MAY-2026,16.6775,17.195,15.1675,16.62,16.6775,-0.06,-0.34
08-MAY-2026,16.62,17.425,16.1625,16.84,16.62,0.22,1.32
11-MAY-2026,16.84,18.9675,16.84,18.55,16.84,1.71,10.15
12-MAY-2026,18.5525,19.46,17.63,19.28,18.5525,0.73,3.92
13-MAY-2026,19.28,20.125,18.3575,19.43,19.28,0.15,0.78
14-MAY-2026,19.425,19.425,18.3875,18.61,19.425,-0.82,-4.2
15-MAY-2026,18.6125,19.0125,17.4225,18.79,18.6125,0.18,0.95
18-MAY-2026,18.79,20.0575,17.72,19.63,18.79,0.84,4.47
19-MAY-2026,19.63,19.63,18.2675,18.68,19.63,-0.95,-4.84
20-MAY-2026,18.675,19.455,18.0575,18.44,18.675,-0.24,-1.26
21-MAY-2026,18.44,18.44,17.425,17.82,18.44,-0.62,-3.36
22-MAY-2026,17.8225,19.025,16.465,17.91,17.8225,0.09,0.49
25-MAY-2026,17.91,17.91,16.3925,16.7,17.91,-1.21,-6.76
26-MAY-2026,16.7025,16.96,15.3625,16.13,16.7025,-0.57,-3.43
27-MAY-2026,16.1325,16.3275,14.6975,14.98,16.1325,-1.15,-7.14
29-MAY-2026,14.9825,16.5525,14.5925,16.19,14.9825,1.21,8.06
01-JUN-2026,16.185,16.9175,13.9125,16.54,16.185,0.36,2.19
02-JUN-2026,16.5425,16.5425,15.115,15.36,16.5425,-1.18,-7.15
03-JUN-2026,15.355,16.98,14.85,16.28,15.355,0.93,6.02
04-JUN-2026,16.2775,16.405,15.53,15.89,16.2775,-0.39,-2.38
05-JUN-2026,15.885,16.37,13.46,15.79,15.885,-0.1,-0.6
08-JUN-2026,15.7875,18.44,15.7875,17.03,15.7875,1.24,7.87
09-JUN-2026,17.0275,17.0275,15.5225,15.58,17.0275,-1.45,-8.5
10-JUN-2026,15.575,15.845,14.9025,15.63,15.575,0.06,0.35
11-JUN-2026,15.6325,15.945,15.1225,15.61,15.6325,-0.02,-0.14
12-JUN-2026,15.6125,15.6125,14.395,14.72,15.6125,-0.89,-5.72
15-JUN-2026,14.7175,14.7175,13.5575,14.35,14.7175,-0.37,-2.5
16-JUN-2026,14.3525,14.3525,13.01,13.36,14.3525,-0.99,-6.92
17-JUN-2026,13.3625,13.5325,12.35,13.19,13.3625,-0.17,-1.29
18-JUN-2026,13.1875,13.225,11.9925,12.67,13.1875,-0.52,-3.92
19-JUN-2026,12.6725,13.6425,12.07,12.97,12.6725,0.3,2.35
22-JUN-2026,12.97,13.51,12.6475,12.84,12.97,-0.13,-1.0
23-JUN-2026,12.8425,14.24,12.43,13.94,12.8425,1.1,8.55
24-JUN-2026,13.9425,14.3025,13.295,13.39,13.9425,-0.55,-3.96
25-JUN-2026,13.385,13.385,12.4325,13.05,13.385,-0.34,-2.5
29-JUN-2026,13.05,14.07,12.9175,13.61,13.05,0.56,4.29
30-JUN-2026,13.61,13.9675,13.1525,13.6,13.61,-0.01,-0.07
01-JUL-2026,13.6,14.0725,13.15,13.24,13.6,-0.36,-2.65
02-JUL-2026,13.2425,13.2925,12.1925,12.29,13.2425,-0.95,-7.19
03-JUL-2026,12.2875,12.2875,11.65,11.8,12.2875,-0.49,-3.97
06-JUL-2026,11.7975,12.3575,11.7025,11.82,11.7975,0.02,0.19
07-JUL-2026,11.8175,11.935,11.055,11.65,11.8175,-0.17,-1.42
08-JUL-2026,11.6475,15.16,11.335,14.68,11.6475,3.03,26.04
09-JUL-2026,14.68,14.68,13.0675,13.36,14.68,-1.32,-8.99
10-JUL-2026,13.3625,13.3625,12.1275,12.25,13.3625,-1.11,-8.33
13-JUL-2026,12.2525,13.5225,9.475,13.28,12.2525,1.03,8.39
14-JUL-2026,13.28,13.865,11.6575,13.75,13.28,0.47,3.54
15-JUL-2026,13.75,13.8725,13.04,13.27,13.75,-0.48,-3.49
16-JUL-2026,13.27,13.27,12.775,12.88,13.27,-0.39,-2.94
17-JUL-2026,12.8825,13.35,12.81,13.15,12.8825,0.27,2.08
20-JUL-2026,13.15,13.8425,12.8925,12.98,13.15,-0.17,-1.29
21-JUL-2026,12.98,13.08,12.0975,12.6,12.98,-0.38,-2.93
22-JUL-2026,12.6,13.425,11.725,13.29,12.6,0.69,5.48
23-JUL-2026,13.2925,13.74,12.915,13.48,13.2925,0.19,1.41
24-JUL-2026,13.475,14.7675,13.18,14.03,13.475,0.56,4.12
27-JUL-2026,14.03,14.3325,12.6025,12.66,14.03,-1.37,-9.76
28-JUL-2026,12.66,12.82,11.7225,12.56,12.66,-0.1,-0.79
29-JUL-2026,12.5625,12.5625,11.5625,12.01,12.5625,-0.55,-4.4
30-JUL-2026,12.0075,12.3175,11.3025,12.16,12.0075,0.15,1.27
31-JUL-2026,12.155,12.21,11.645,11.76,12.155,-0.4,-3.25
