date,symbol,expiry,futures_price,price_scan,price_scan_pct,vol_scan
2012-07-05,BANKNIFTY,201207,10536.25,738.8,7.012,0.04
2012-07-05,NIFTY,201207,5322.65,373.3,7.0134,0.04
2012-07-06,BANKNIFTY,201207,10638.25,746.2,7.0143,0.04
2012-07-06,NIFTY,201207,5344.5,374.9,7.0147,0.04
2012-07-09,BANKNIFTY,20120726,10643.55,747.1,7.0193,0.04
2012-07-09,NIFTY,20120726,5327.2,374.0,7.0206,0.04
2012-07-10,BANKNIFTY,20120726,10569.15,742.1,7.0214,0.04
2012-07-10,NIFTY,20120726,5279.4,370.7,7.0216,0.04
2012-07-11,BANKNIFTY,20120726,10759.5,755.7,7.0236,0.04
2012-07-11,NIFTY,20120726,5358.15,376.4,7.0248,0.04
2012-07-12,BANKNIFTY,20120726,10733.9,754.1,7.0254,0.04
2012-07-12,NIFTY,20120726,5322.9,374.0,7.0262,0.04
2012-07-13,BANKNIFTY,20120726,10632.7,747.2,7.0274,0.04
2012-07-13,NIFTY,20120726,5251.4,369.1,7.0286,0.04
2012-07-16,BANKNIFTY,20120726,10617.15,746.7,7.033,0.04
2012-07-16,NIFTY,20120726,5240.45,368.6,7.0337,0.04
2012-07-17,BANKNIFTY,20120726,10578.4,744.2,7.0351,0.04
2012-07-17,NIFTY,20120726,5206.85,366.3,7.035,0.04
2012-07-18,BANKNIFTY,20120726,10560.45,743.1,7.0366,0.04
2012-07-18,NIFTY,20120726,5198.65,365.8,7.0364,0.04
2012-07-19,BANKNIFTY,20120726,10628.1,748.1,7.0389,0.04
2012-07-19,NIFTY,20120726,5223.55,367.7,7.0393,0.04
2012-07-20,BANKNIFTY,20120726,10640.0,749.1,7.0404,0.04
2012-07-20,NIFTY,20120726,5257.0,370.1,7.0401,0.04
2012-07-23,BANKNIFTY,20120726,10509.95,740.5,7.0457,0.04
2012-07-23,NIFTY,20120726,5216.6,367.6,7.0467,0.04
2012-07-24,BANKNIFTY,20120726,10306.65,726.4,7.0479,0.04
2012-07-24,NIFTY,20120726,5120.4,360.9,7.0483,0.04
2012-07-25,BANKNIFTY,20120726,10328.05,730.5,7.073,0.04
2012-07-25,NIFTY,20120726,5135.35,363.3,7.0745,0.04
2012-07-26,BANKNIFTY,20120726,10289.15,730.4,7.0987,0.04
2012-07-26,NIFTY,20120726,5112.55,362.9,7.0982,0.04
2012-07-27,BANKNIFTY,20120830,10151.85,711.3,7.0066,0.04
2012-07-27,NIFTY,20120830,5081.3,355.7,7.0002,0.04
2012-07-30,BANKNIFTY,20120830,10206.5,714.2,6.9975,0.04
2012-07-30,NIFTY,20120830,5123.55,358.5,6.9971,0.04
2012-07-31,BANKNIFTY,20120830,10472.25,732.9,6.9985,0.04
2012-07-31,NIFTY,20120830,5216.7,365.1,6.9987,0.04
2012-08-01,BANKNIFTY,20120830,10435.3,730.5,7.0003,0.04
2012-08-01,NIFTY,20120830,5240.55,366.9,7.0012,0.04
2012-08-02,BANKNIFTY,20120830,10465.55,732.8,7.002,0.04
2012-08-02,NIFTY,20120830,5256.3,368.1,7.003,0.04
2012-08-03,BANKNIFTY,20120830,10428.7,730.4,7.0037,0.04
2012-08-03,NIFTY,20120830,5246.7,367.5,7.0044,0.04
2012-08-06,BANKNIFTY,20120830,10384.4,727.9,7.0096,0.04
2012-08-06,NIFTY,20120830,5241.05,367.4,7.01,0.04
2012-08-07,BANKNIFTY,20120830,10498.5,736.1,7.0115,0.04
2012-08-07,NIFTY,20120830,5296.85,371.4,7.0117,0.04
2012-08-08,BANKNIFTY,20120830,10620.5,744.8,7.0129,0.04
2012-08-08,NIFTY,20120830,5347.7,375.1,7.0142,0.04
2012-08-09,BANKNIFTY,20120830,10559.15,740.7,7.0148,0.04
2012-08-09,NIFTY,20120830,5354.75,375.7,7.0162,0.04
2012-08-10,BANKNIFTY,20120830,10505.7,737.2,7.0171,0.04
2012-08-10,NIFTY,20120830,5350.05,375.4,7.0168,0.04
2012-08-13,BANKNIFTY,20120830,10424.7,732.1,7.0227,0.04
2012-08-13,NIFTY,20120830,5345.1,375.4,7.0233,0.04
2012-08-14,BANKNIFTY,20120830,10459.85,734.7,7.024,0.04
2012-08-14,NIFTY,20120830,5371.9,377.4,7.0254,0.04
2012-08-16,BANKNIFTY,20120830,10576.35,743.3,7.0279,0.04
2012-08-16,NIFTY,20120830,5406.85,380.0,7.0281,0.04
2012-08-17,BANKNIFTY,20120830,10472.7,736.2,7.0297,0.04
2012-08-17,NIFTY,20120830,5382.0,378.4,7.0308,0.04
2012-08-21,BANKNIFTY,20120830,10460.95,736.2,7.0376,0.04
2012-08-21,NIFTY,20120830,5382.35,378.8,7.0378,0.04
2012-08-22,BANKNIFTY,20120830,10512.0,740.0,7.0396,0.04
2012-08-22,NIFTY,20120830,5441.9,383.1,7.0398,0.04
2012-08-23,BANKNIFTY,20120830,10507.55,739.8,7.0407,0.04
2012-08-23,NIFTY,20120830,5431.1,382.4,7.0409,0.04
2012-08-24,BANKNIFTY,20120830,10483.15,738.2,7.0418,0.04
2012-08-24,NIFTY,20120830,5427.15,382.2,7.0424,0.04
2012-08-27,BANKNIFTY,20120830,10366.95,730.7,7.0484,0.04
2012-08-27,NIFTY,20120830,5402.7,380.8,7.0483,0.04
2012-08-28,BANKNIFTY,20120830,10177.45,717.5,7.0499,0.04
2012-08-28,NIFTY,20120830,5362.4,378.0,7.0491,0.04
2012-08-29,BANKNIFTY,20120830,10090.45,713.8,7.074,0.04
2012-08-29,NIFTY,20120830,5346.05,378.2,7.0744,0.04
2012-08-30,BANKNIFTY,20120830,10034.7,712.3,7.0984,0.04
2012-08-30,NIFTY,20120830,5296.6,376.0,7.0989,0.04
2012-08-31,BANKNIFTY,20120927,10128.75,711.5,7.0246,0.04
2012-08-31,NIFTY,20120927,5330.15,375.0,7.0354,0.04
2012-09-03,BANKNIFTY,20120927,10070.7,706.1,7.0114,0.04
2012-09-03,NIFTY,20120927,5291.65,371.1,7.0129,0.04
2012-09-04,BANKNIFTY,20120927,10032.65,703.7,7.0141,0.04
2012-09-04,NIFTY,20120927,5282.9,370.6,7.0151,0.04
2012-09-05,BANKNIFTY,20120927,10088.05,707.8,7.0162,0.04
2012-09-05,NIFTY,20120927,5299.4,371.8,7.0159,0.04
2012-09-06,BANKNIFTY,20120927,9899.95,694.8,7.0182,0.04
2012-09-06,NIFTY,20120927,5253.35,368.7,7.0184,0.04
2012-09-07,BANKNIFTY,20120927,9937.9,697.6,7.0196,0.04
2012-09-07,NIFTY,20120927,5261.1,369.3,7.0194,0.04
2012-09-10,BANKNIFTY,20120927,10179.0,715.0,7.0243,0.04
2012-09-10,NIFTY,20120927,5380.2,378.0,7.0258,0.04
2012-09-11,BANKNIFTY,20120927,10096.0,709.4,7.0265,0.04
2012-09-11,NIFTY,20120927,5371.65,377.4,7.0258,0.04
2012-09-12,BANKNIFTY,20120927,10157.5,713.9,7.0283,0.04
2012-09-12,NIFTY,20120927,5405.35,379.9,7.0282,0.04
2012-09-13,BANKNIFTY,20120927,10216.9,718.2,7.0295,0.04
2012-09-13,NIFTY,20120927,5446.95,382.9,7.0296,0.04
2012-09-14,BANKNIFTY,20120927,10225.9,719.0,7.0312,0.04
2012-09-14,NIFTY,20120927,5450.7,383.3,7.0321,0.04
2012-09-17,BANKNIFTY,20120927,10650.85,749.5,7.037,0.04
2012-09-17,NIFTY,20120927,5584.9,393.0,7.0368,0.04
2012-09-18,BANKNIFTY,20120927,10977.3,772.6,7.0382,0.04
2012-09-18,NIFTY,20120927,5616.7,395.4,7.0397,0.04
2012-09-20,BANKNIFTY,20120927,11062.4,778.9,7.041,0.04
2012-09-20,NIFTY,20120927,5612.25,395.2,7.0417,0.04
2012-09-21,BANKNIFTY,20120927,10952.3,771.4,7.0433,0.04
2012-09-21,NIFTY,20120927,5571.0,392.4,7.0436,0.04
2012-09-24,BANKNIFTY,20120927,11395.4,844.8,7.4135,0.04
2012-09-24,NIFTY,20120927,5707.05,402.3,7.0492,0.04
2012-09-25,BANKNIFTY,20120927,11422.5,826.5,7.2357,0.04
2012-09-25,NIFTY,20120927,5681.65,400.6,7.0508,0.04
2012-09-26,BANKNIFTY,20120927,11444.85,809.7,7.0748,0.04
2012-09-26,NIFTY,20120927,5683.0,402.1,7.0755,0.04
2012-09-27,BANKNIFTY,20120927,11433.75,811.7,7.0992,0.04
2012-09-27,NIFTY,20120927,5669.85,402.5,7.099,0.04
2012-09-28,BANKNIFTY,20121025,11479.5,805.7,7.0186,0.04
2012-09-28,NIFTY,20121025,5684.3,398.6,7.0123,0.04
2012-10-01,BANKNIFTY,20121025,11513.75,807.5,7.0134,0.04
2012-10-01,NIFTY,20121025,5729.55,401.8,7.0128,0.04
2012-10-03,BANKNIFTY,20121025,11504.35,807.2,7.0165,0.04
2012-10-03,NIFTY,20121025,5754.15,403.8,7.0175,0.04
2012-10-04,BANKNIFTY,20121025,11485.2,806.1,7.0186,0.04
2012-10-04,NIFTY,20121025,5768.25,404.9,7.0195,0.04
2012-10-05,BANKNIFTY,20121025,11716.7,822.6,7.0207,0.04
2012-10-05,NIFTY,20121025,5825.7,409.0,7.0206,0.04
2012-10-08,BANKNIFTY,20121025,11575.75,813.3,7.0259,0.04
2012-10-08,NIFTY,20121025,5776.55,405.9,7.0267,0.04
2012-10-09,BANKNIFTY,20121025,11415.7,802.3,7.028,0.04
2012-10-09,NIFTY,20121025,5701.0,400.7,7.0286,0.04
2012-10-10,BANKNIFTY,20121025,11497.75,808.2,7.0292,0.04
2012-10-10,NIFTY,20121025,5723.9,402.4,7.0302,0.04
2012-10-11,BANKNIFTY,20121025,11342.45,797.5,7.0311,0.04
2012-10-11,NIFTY,20121025,5672.45,398.9,7.0322,0.04
2012-10-12,BANKNIFTY,20121025,11513.35,809.7,7.0327,0.04
2012-10-12,NIFTY,20121025,5739.35,403.6,7.0322,0.04
2012-10-15,BANKNIFTY,20121025,11423.8,804.0,7.0379,0.04
2012-10-15,NIFTY,20121025,5686.55,400.2,7.0377,0.04
2012-10-16,BANKNIFTY,20121025,11478.75,808.0,7.0391,0.04
2012-10-16,NIFTY,20121025,5702.75,401.4,7.0387,0.04
2012-10-17,BANKNIFTY,20121025,11355.75,799.5,7.0405,0.04
2012-10-17,NIFTY,20121025,5651.55,397.9,7.0405,0.04
2012-10-18,BANKNIFTY,20121025,11388.05,802.0,7.0425,0.04
2012-10-18,NIFTY,20121025,5669.5,399.3,7.0429,0.04
2012-10-19,BANKNIFTY,20121025,11624.5,818.9,7.0446,0.04
2012-10-19,NIFTY,20121025,5736.45,404.1,7.0444,0.04
2012-10-22,BANKNIFTY,20121025,11505.45,811.0,7.0488,0.04
2012-10-22,NIFTY,20121025,5688.3,401.0,7.0496,0.04
2012-10-23,BANKNIFTY,20121025,11620.7,819.4,7.0512,0.04
2012-10-23,NIFTY,20121025,5724.75,403.7,7.0518,0.04
2012-10-25,BANKNIFTY,20121025,11584.6,822.4,7.0991,0.04
2012-10-25,NIFTY,20121025,5695.5,404.3,7.0986,0.04
2012-10-26,BANKNIFTY,20121129,11687.5,819.5,7.0118,0.04
2012-10-26,NIFTY,20121129,5746.85,402.6,7.0056,0.04
2012-10-29,BANKNIFTY,20121129,11585.3,811.3,7.0028,0.04
2012-10-29,NIFTY,20121129,5699.3,399.1,7.0026,0.04
2012-10-30,BANKNIFTY,20121129,11563.35,809.9,7.004,0.04
2012-10-30,NIFTY,20121129,5702.1,399.4,7.0044,0.04
2012-10-31,BANKNIFTY,20121129,11279.35,790.3,7.0066,0.04
2012-10-31,NIFTY,20121129,5628.0,394.3,7.006,0.04
2012-11-01,BANKNIFTY,20121129,11338.45,794.6,7.008,0.04
2012-11-01,NIFTY,20121129,5646.1,395.7,7.0084,0.04
2012-11-02,BANKNIFTY,20121129,11384.1,797.9,7.0089,0.04
2012-11-02,NIFTY,20121129,5676.0,397.9,7.0102,0.04
2012-11-05,BANKNIFTY,20121129,11536.7,809.2,7.0141,0.04
2012-11-05,NIFTY,20121129,5739.55,402.6,7.0145,0.04
2012-11-06,BANKNIFTY,20121129,11537.65,809.5,7.0162,0.04
2012-11-06,NIFTY,20121129,5739.65,402.7,7.0161,0.04
2012-11-07,BANKNIFTY,20121129,11623.7,815.7,7.0176,0.04
2012-11-07,NIFTY,20121129,5766.65,404.7,7.0179,0.04
2012-11-08,BANKNIFTY,20121129,11734.05,823.7,7.0197,0.04
2012-11-08,NIFTY,20121129,5793.25,406.7,7.0202,0.04
2012-11-09,BANKNIFTY,20121129,11684.75,820.4,7.0211,0.04
2012-11-09,NIFTY,20121129,5765.2,404.8,7.0214,0.04
2012-11-12,BANKNIFTY,20121129,11527.35,809.9,7.0259,0.04
2012-11-12,NIFTY,20121129,5720.6,402.0,7.0272,0.04
2012-11-13,BANKNIFTY,20121129,11638.45,817.9,7.0276,0.04
2012-11-13,NIFTY,20121129,5711.1,401.4,7.0284,0.04
2012-11-15,BANKNIFTY,20121129,11559.1,812.7,7.0308,0.04
2012-11-15,NIFTY,20121129,5680.7,399.4,7.0308,0.04
2012-11-16,BANKNIFTY,20121129,11571.35,813.8,7.0329,0.04
2012-11-16,NIFTY,20121129,5649.15,397.3,7.0329,0.04
2012-11-19,BANKNIFTY,20121129,11360.05,799.5,7.0378,0.04
2012-11-19,NIFTY,20121129,5580.55,392.8,7.0387,0.04
2012-11-20,BANKNIFTY,20121129,11361.85,799.8,7.0393,0.04
2012-11-20,NIFTY,20121129,5589.65,393.5,7.0398,0.04
2012-11-21,BANKNIFTY,20121129,11351.55,799.3,7.0413,0.04
2012-11-21,NIFTY,20121129,5583.85,393.2,7.0417,0.04
2012-11-22,BANKNIFTY,20121129,11482.8,808.7,7.0427,0.04
2012-11-22,NIFTY,20121129,5622.1,396.0,7.0436,0.04
2012-11-23,BANKNIFTY,20121129,11547.0,813.4,7.0443,0.04
2012-11-23,NIFTY,20121129,5640.45,397.3,7.0438,0.04
2012-11-26,BANKNIFTY,20121129,11496.0,810.4,7.0494,0.04
2012-11-26,NIFTY,20121129,5633.35,397.1,7.0491,0.04
2012-11-27,BANKNIFTY,20121129,11455.1,807.7,7.051,0.04
2012-11-27,NIFTY,20121129,5642.75,397.9,7.0515,0.04
2012-11-29,BANKNIFTY,20121129,11676.15,828.9,7.0991,0.04
2012-11-29,NIFTY,20121129,5732.05,406.9,7.0987,0.04
2012-11-30,BANKNIFTY,20121227,12061.25,846.2,7.0159,0.04
2012-11-30,NIFTY,20121227,5869.35,411.4,7.0093,0.04
2012-12-03,BANKNIFTY,20121227,12200.9,855.7,7.0134,0.04
2012-12-03,NIFTY,20121227,5909.05,414.5,7.0147,0.04
2012-12-04,BANKNIFTY,20121227,12179.6,854.5,7.0158,0.04
2012-12-04,NIFTY,20121227,5911.6,414.8,7.0167,0.04
2012-12-05,BANKNIFTY,20121227,12269.55,861.0,7.0174,0.04
2012-12-05,NIFTY,20121227,5923.65,415.7,7.0176,0.04
2012-12-06,BANKNIFTY,20121227,12350.65,866.8,7.0183,0.04
2012-12-06,NIFTY,20121227,5940.45,417.0,7.0197,0.04
2012-12-07,BANKNIFTY,20121227,12515.25,878.7,7.021,0.04
2012-12-07,NIFTY,20121227,5970.65,419.2,7.021,0.04
2012-12-10,BANKNIFTY,20121227,12451.4,874.8,7.0257,0.04
2012-12-10,NIFTY,20121227,5944.9,417.7,7.0262,0.04
2012-12-11,BANKNIFTY,20121227,12473.6,876.6,7.0276,0.04
2012-12-11,NIFTY,20121227,5942.45,417.6,7.0274,0.04
2012-12-12,BANKNIFTY,20121227,12417.0,872.8,7.0291,0.04
2012-12-12,NIFTY,20121227,5928.4,416.7,7.0289,0.04
2012-12-13,BANKNIFTY,20121227,12400.45,871.9,7.0312,0.04
2012-12-13,NIFTY,20121227,5928.25,416.8,7.0307,0.04
2012-12-14,BANKNIFTY,20121227,12341.6,867.9,7.0323,0.04
2012-12-14,NIFTY,20121227,5876.45,413.3,7.0332,0.04
2012-12-17,BANKNIFTY,20121227,12514.85,880.7,7.0372,0.04
2012-12-17,NIFTY,20121227,5914.9,416.3,7.0382,0.04
2012-12-18,BANKNIFTY,20121227,12490.0,879.1,7.0384,0.04
2012-12-18,NIFTY,20121227,5889.35,414.6,7.0398,0.04
2012-12-19,BANKNIFTY,20121227,12549.8,883.6,7.0407,0.04
2012-12-19,NIFTY,20121227,5928.9,417.5,7.0418,0.04
2012-12-20,BANKNIFTY,20121227,12545.9,883.5,7.0421,0.04
2012-12-20,NIFTY,20121227,5946.9,418.8,7.0423,0.04
2012-12-21,BANKNIFTY,20121227,12524.85,882.2,7.0436,0.04
2012-12-21,NIFTY,20121227,5931.15,417.8,7.0442,0.04
2012-12-24,BANKNIFTY,20121227,12347.35,870.3,7.0485,0.04
2012-12-24,NIFTY,20121227,5853.4,412.7,7.0506,0.04
2012-12-26,BANKNIFTY,20121227,12339.35,872.9,7.0741,0.04
2012-12-26,NIFTY,20121227,5865.55,415.0,7.0752,0.04
2012-12-27,BANKNIFTY,20121227,12508.0,887.9,7.0987,0.04
2012-12-27,NIFTY,20121227,5913.75,419.8,7.0987,0.04
2012-12-28,BANKNIFTY,20130131,12578.15,879.8,6.9947,0.04
2012-12-28,NIFTY,20130131,5930.3,414.8,6.9946,0.04
2012-12-31,BANKNIFTY,20130131,12568.2,879.8,7.0002,0.04
2012-12-31,NIFTY,20130131,5954.55,416.8,6.9997,0.04
2013-01-01,BANKNIFTY,20130131,12576.2,880.6,7.0021,0.04
2013-01-01,NIFTY,20130131,5951.75,416.8,7.003,0.04
2013-01-02,BANKNIFTY,20130131,12767.35,894.2,7.0038,0.04
2013-01-02,NIFTY,20130131,6007.5,420.8,7.0046,0.04
2013-01-03,BANKNIFTY,20130131,12874.35,902.0,7.0062,0.04
2013-01-03,NIFTY,20130131,6035.65,422.9,7.0067,0.04
2013-01-04,BANKNIFTY,20130131,12852.0,900.5,7.0067,0.04
2013-01-04,NIFTY,20130131,6039.55,423.2,7.0071,0.04
2013-01-07,BANKNIFTY,20130131,12869.9,902.5,7.0125,0.04
2013-01-07,NIFTY,20130131,6048.0,424.1,7.0122,0.04
2013-01-08,BANKNIFTY,20130131,12796.45,897.7,7.0152,0.04
2013-01-08,NIFTY,20130131,6023.7,422.6,7.0156,0.04
2013-01-09,BANKNIFTY,20130131,12824.8,900.0,7.0177,0.04
2013-01-09,NIFTY,20130131,6043.3,424.1,7.0177,0.04
2013-01-10,BANKNIFTY,20130131,12772.55,896.4,7.0182,0.04
2013-01-10,NIFTY,20130131,5998.75,421.0,7.0181,0.04
2013-01-11,BANKNIFTY,20130131,12867.0,903.3,7.0203,0.04
2013-01-11,NIFTY,20130131,6003.6,421.5,7.0208,0.04
2013-01-14,BANKNIFTY,20130131,12682.7,891.0,7.0253,0.04
2013-01-14,NIFTY,20130131,5977.3,419.9,7.0249,0.04
2013-01-15,BANKNIFTY,20130131,12845.5,902.7,7.0274,0.04
2013-01-15,NIFTY,20130131,6057.5,425.8,7.0293,0.04
2013-01-16,BANKNIFTY,20130131,12910.4,907.4,7.0284,0.04
2013-01-16,NIFTY,20130131,6081.3,427.5,7.0297,0.04
2013-01-17,BANKNIFTY,20130131,12678.15,891.4,7.031,0.04
2013-01-17,NIFTY,20130131,6019.25,423.3,7.0324,0.04
2013-01-18,BANKNIFTY,20130131,12690.1,892.4,7.0323,0.04
2013-01-18,NIFTY,20130131,6054.45,425.8,7.0328,0.04
2013-01-21,BANKNIFTY,20130131,12712.8,894.6,7.037,0.04
2013-01-21,NIFTY,20130131,6074.85,427.5,7.0372,0.04
2013-01-22,BANKNIFTY,20130131,12686.2,892.8,7.0376,0.04
2013-01-22,NIFTY,20130131,6096.45,429.1,7.0385,0.04
2013-01-23,BANKNIFTY,20130131,12604.6,887.3,7.0395,0.04
2013-01-23,NIFTY,20130131,6061.55,426.7,7.0395,0.04
2013-01-24,BANKNIFTY,20130131,12668.7,892.2,7.0426,0.04
2013-01-24,NIFTY,20130131,6069.15,427.4,7.0422,0.04
2013-01-25,BANKNIFTY,20130131,12564.25,884.9,7.043,0.04
2013-01-25,NIFTY,20130131,6019.75,424.0,7.0435,0.04
2013-01-28,BANKNIFTY,20130131,12709.25,895.8,7.0484,0.04
2013-01-28,NIFTY,20130131,6073.7,428.1,7.0484,0.04
2013-01-29,BANKNIFTY,20130131,12781.05,901.1,7.0503,0.04
2013-01-29,NIFTY,20130131,6077.2,428.5,7.0509,0.04
2013-01-30,BANKNIFTY,20130131,12728.8,900.5,7.0745,0.04
2013-01-30,NIFTY,20130131,6049.4,428.0,7.0751,0.04
2013-01-31,BANKNIFTY,20130131,12782.15,907.4,7.099,0.04
2013-01-31,NIFTY,20130131,6060.3,430.2,7.0987,0.04
2013-02-01,BANKNIFTY,20130228,12775.1,896.7,7.0191,0.04
2013-02-01,NIFTY,20130228,6067.2,425.8,7.0181,0.04
2013-02-04,BANKNIFTY,20130228,12684.95,889.6,7.013,0.04
2013-02-04,NIFTY,20130228,6036.1,423.3,7.0128,0.04
2013-02-05,BANKNIFTY,20130228,12584.0,882.6,7.0137,0.04
2013-02-05,NIFTY,20130228,5996.3,420.6,7.0143,0.04
2013-02-06,BANKNIFTY,20130228,12523.4,878.5,7.0149,0.04
2013-02-06,NIFTY,20130228,5974.45,419.1,7.0149,0.04
2013-02-07,BANKNIFTY,20130228,12467.2,874.9,7.0176,0.04
2013-02-07,NIFTY,20130228,5972.9,419.2,7.0184,0.04
2013-02-08,BANKNIFTY,20130228,12418.05,871.7,7.0196,0.04
2013-02-08,NIFTY,20130228,5961.1,418.5,7.0205,0.04
2013-02-11,BANKNIFTY,20130228,12348.3,867.3,7.0236,0.04
2013-02-11,NIFTY,20130228,5921.8,416.0,7.0249,0.04
2013-02-12,BANKNIFTY,20130228,12388.2,870.6,7.0277,0.04
2013-02-12,NIFTY,20130228,5921.35,416.1,7.0271,0.04
2013-02-13,BANKNIFTY,20130228,12457.75,875.4,7.027,0.04
2013-02-13,NIFTY,20130228,5941.4,417.5,7.027,0.04
2013-02-14,BANKNIFTY,20130228,12396.75,871.2,7.0276,0.04
2013-02-14,NIFTY,20130228,5936.55,417.2,7.0277,0.04
2013-02-15,BANKNIFTY,20130228,12341.2,867.5,7.0293,0.04
2013-02-15,NIFTY,20130228,5900.2,414.8,7.0303,0.04
2013-02-18,BANKNIFTY,20130228,12381.4,871.0,7.0347,0.04
2013-02-18,NIFTY,20130228,5892.65,414.6,7.0359,0.04
2013-02-19,BANKNIFTY,20130228,12375.6,870.8,7.0364,0.04
2013-02-19,NIFTY,20130228,5904.6,415.5,7.0369,0.04
2013-02-20,BANKNIFTY,20130228,12448.9,876.2,7.0384,0.04
2013-02-20,NIFTY,20130228,5953.4,419.0,7.038,0.04
2013-02-21,BANKNIFTY,20130228,12412.7,873.9,7.0404,0.04
2013-02-21,NIFTY,20130228,5963.85,419.9,7.0408,0.04
2013-02-22,BANKNIFTY,20130228,12080.9,850.8,7.0425,0.04
2013-02-22,NIFTY,20130228,5853.45,412.2,7.042,0.04
2013-02-25,BANKNIFTY,20130228,12100.5,852.8,7.0476,0.04
2013-02-25,NIFTY,20130228,5853.95,412.6,7.0482,0.04
2013-02-26,BANKNIFTY,20130228,12052.9,849.6,7.0489,0.04
2013-02-26,NIFTY,20130228,5857.8,412.9,7.0487,0.04
2013-02-27,BANKNIFTY,20130228,11848.1,838.0,7.0729,0.04
2013-02-27,NIFTY,20130228,5767.0,407.9,7.073,0.04
2013-02-28,BANKNIFTY,20130228,11935.1,847.2,7.0984,0.04
2013-02-28,NIFTY,20130228,5797.9,411.6,7.0991,0.04
2013-03-01,BANKNIFTY,20130328,11589.55,811.2,6.9994,0.04
2013-03-01,NIFTY,20130328,5729.4,401.5,7.0077,0.04
2013-03-04,BANKNIFTY,20130328,11578.45,811.1,7.0053,0.04
2013-03-04,NIFTY,20130328,5729.95,401.4,7.0053,0.04
2013-03-05,BANKNIFTY,20130328,11623.95,814.8,7.0097,0.04
2013-03-05,NIFTY,20130328,5716.85,400.7,7.0091,0.04
2013-03-06,BANKNIFTY,20130328,11840.25,829.7,7.0075,0.04
2013-03-06,NIFTY,20130328,5802.8,406.6,7.007,0.04
2013-03-07,BANKNIFTY,20130328,11922.35,835.9,7.0112,0.04
2013-03-07,NIFTY,20130328,5841.35,409.6,7.0121,0.04
2013-03-08,BANKNIFTY,20130328,12026.75,843.4,7.0127,0.04
2013-03-08,NIFTY,20130328,5889.4,413.0,7.0126,0.04
2013-03-11,BANKNIFTY,20130328,12243.05,859.4,7.0195,0.04
2013-03-11,NIFTY,20130328,5968.3,419.0,7.0204,0.04
2013-03-12,BANKNIFTY,20130328,12194.65,856.0,7.0195,0.04
2013-03-12,NIFTY,20130328,5957.4,418.2,7.0198,0.04
2013-03-13,BANKNIFTY,20130328,12104.15,850.0,7.0224,0.04
2013-03-13,NIFTY,20130328,5937.25,416.9,7.0218,0.04
2013-03-14,BANKNIFTY,20130328,11823.95,830.5,7.0239,0.04
2013-03-14,NIFTY,20130328,5867.75,412.2,7.0248,0.04
2013-03-15,BANKNIFTY,20130328,12090.4,849.5,7.0262,0.04
2013-03-15,NIFTY,20130328,5939.75,417.4,7.0272,0.04
2013-03-18,BANKNIFTY,20130328,11879.35,835.2,7.0307,0.04
2013-03-18,NIFTY,20130328,5897.1,414.6,7.0306,0.04
2013-03-19,BANKNIFTY,20130328,11794.4,829.4,7.0322,0.04
2013-03-19,NIFTY,20130328,5851.4,411.5,7.0325,0.04
2013-03-20,BANKNIFTY,20130328,11532.95,811.2,7.0338,0.04
2013-03-20,NIFTY,20130328,5751.9,404.6,7.0342,0.04
2013-03-21,BANKNIFTY,20130328,11297.75,794.9,7.0359,0.04
2013-03-21,NIFTY,20130328,5715.5,402.2,7.037,0.04
2013-03-22,BANKNIFTY,20130328,11249.65,791.8,7.0384,0.04
2013-03-22,NIFTY,20130328,5664.45,398.7,7.0386,0.04
2013-03-25,BANKNIFTY,20130328,11237.15,791.5,7.0436,0.04
2013-03-25,NIFTY,20130328,5668.4,399.3,7.0443,0.04
2013-03-26,BANKNIFTY,20130328,11144.1,785.2,7.0459,0.04
2013-03-26,NIFTY,20130328,5645.05,397.8,7.0469,0.04
2013-03-28,BANKNIFTY,20130328,11158.8,792.1,7.0984,0.04
2013-03-28,NIFTY,20130328,5640.35,400.4,7.0989,0.04
2013-04-01,BANKNIFTY,20130425,11422.0,801.1,7.0137,0.04
2013-04-01,NIFTY,20130425,5714.25,400.7,7.0123,0.04
2013-04-02,BANKNIFTY,20130425,11480.6,804.3,7.0057,0.04
2013-04-02,NIFTY,20130425,5726.55,401.2,7.006,0.04
2013-04-03,BANKNIFTY,20130425,11574.2,812.2,7.0173,0.04
2013-04-03,NIFTY,20130425,5766.6,404.7,7.018,0.04
2013-04-04,BANKNIFTY,20130425,11383.2,799.0,7.0191,0.04
2013-04-04,NIFTY,20130425,5688.1,399.3,7.0199,0.04
2013-04-05,BANKNIFTY,20130425,11173.6,784.5,7.021,0.04
2013-04-05,NIFTY,20130425,5593.2,392.7,7.021,0.04
2013-04-08,BANKNIFTY,20130425,11142.4,782.9,7.0263,0.04
2013-04-08,NIFTY,20130425,5572.05,391.5,7.0261,0.04
2013-04-09,BANKNIFTY,20130425,11047.15,776.1,7.0253,0.04
2013-04-09,NIFTY,20130425,5559.0,390.6,7.0264,0.04
2013-04-10,BANKNIFTY,20130425,10944.95,769.1,7.027,0.04
2013-04-10,NIFTY,20130425,5500.85,386.6,7.028,0.04
2013-04-11,BANKNIFTY,20130425,11140.55,783.2,7.0302,0.04
2013-04-11,NIFTY,20130425,5563.85,391.2,7.0311,0.04
2013-04-12,BANKNIFTY,20130425,11309.35,795.2,7.0314,0.04
2013-04-12,NIFTY,20130425,5594.8,393.4,7.0315,0.04
2013-04-15,BANKNIFTY,20130425,11401.5,802.4,7.0377,0.04
2013-04-15,NIFTY,20130425,5535.2,389.6,7.0386,0.04
2013-04-16,BANKNIFTY,20130425,11546.45,812.8,7.0394,0.04
2013-04-16,NIFTY,20130425,5568.05,392.0,7.0402,0.04
2013-04-17,BANKNIFTY,20130425,11868.95,835.7,7.0411,0.04
2013-04-17,NIFTY,20130425,5696.35,401.1,7.0414,0.04
2013-04-18,BANKNIFTY,20130425,11975.3,843.4,7.0428,0.04
2013-04-18,NIFTY,20130425,5694.2,401.1,7.044,0.04
2013-04-22,BANKNIFTY,20130425,12265.4,864.6,7.0491,0.04
2013-04-22,NIFTY,20130425,5783.0,407.7,7.05,0.04
2013-04-23,BANKNIFTY,20130425,12567.85,886.2,7.0513,0.04
2013-04-23,NIFTY,20130425,5832.85,411.3,7.0514,0.04
2013-04-25,BANKNIFTY,20130425,12553.55,891.1,7.0984,0.04
2013-04-25,NIFTY,20130425,5843.0,414.8,7.0991,0.04
2013-04-26,BANKNIFTY,20130530,12676.8,898.0,7.0838,0.04
2013-04-26,NIFTY,20130530,5921.8,417.5,7.0502,0.04
2013-04-29,BANKNIFTY,20130530,12504.65,875.6,7.0022,0.04
2013-04-29,NIFTY,20130530,5887.75,412.3,7.0027,0.04
2013-04-30,BANKNIFTY,20130530,12583.45,881.4,7.0044,0.04
2013-04-30,NIFTY,20130530,5918.2,414.6,7.0055,0.04
2013-05-02,BANKNIFTY,20130530,12495.4,886.6,7.0954,0.04
2013-05-02,NIFTY,20130530,5929.0,415.5,7.0079,0.04
2013-05-03,BANKNIFTY,20130530,12673.35,888.3,7.0092,0.04
2013-05-03,NIFTY,20130530,6007.4,421.1,7.0097,0.04
2013-05-06,BANKNIFTY,20130530,12337.45,865.8,7.0177,0.04
2013-05-06,NIFTY,20130530,5948.25,417.5,7.0189,0.04
2013-05-07,BANKNIFTY,20130530,12340.1,866.1,7.0186,0.04
2013-05-07,NIFTY,20130530,5971.3,419.1,7.0186,0.04
2013-05-08,BANKNIFTY,20130530,12596.6,884.3,7.0201,0.04
2013-05-08,NIFTY,20130530,6050.3,424.8,7.0211,0.04
2013-05-09,BANKNIFTY,20130530,12604.3,884.9,7.0206,0.04
2013-05-09,NIFTY,20130530,6075.2,426.6,7.022,0.04
2013-05-10,BANKNIFTY,20130530,12529.45,879.9,7.0227,0.04
2013-05-10,NIFTY,20130530,6048.95,424.8,7.0227,0.04
2013-05-13,BANKNIFTY,20130530,12749.6,896.1,7.0285,0.04
2013-05-13,NIFTY,20130530,6118.7,430.1,7.0293,0.04
2013-05-14,BANKNIFTY,20130530,12531.5,881.0,7.0303,0.04
2013-05-14,NIFTY,20130530,5994.45,421.4,7.0298,0.04
2013-05-15,BANKNIFTY,20130530,12531.4,881.2,7.0319,0.04
2013-05-15,NIFTY,20130530,6006.0,422.4,7.033,0.04
2013-05-16,BANKNIFTY,20130530,13042.45,926.5,7.1037,0.04
2013-05-16,NIFTY,20130530,6161.5,433.4,7.034,0.04
2013-05-17,BANKNIFTY,20130530,13175.1,926.9,7.0352,0.04
2013-05-17,NIFTY,20130530,6178.05,434.7,7.0362,0.04
2013-05-20,BANKNIFTY,20130530,13265.95,933.9,7.0398,0.04
2013-05-20,NIFTY,20130530,6196.1,436.2,7.0399,0.04
2013-05-21,BANKNIFTY,20130530,13130.95,924.6,7.0414,0.04
2013-05-21,NIFTY,20130530,6164.85,434.1,7.0415,0.04
2013-05-22,BANKNIFTY,20130530,13011.45,916.4,7.043,0.04
2013-05-22,NIFTY,20130530,6116.9,430.8,7.0428,0.04
2013-05-23,BANKNIFTY,20130530,12963.45,913.2,7.0444,0.04
2013-05-23,NIFTY,20130530,6104.05,430.0,7.0445,0.04
2013-05-24,BANKNIFTY,20130530,12592.05,887.3,7.0465,0.04
2013-05-24,NIFTY,20130530,5966.1,420.4,7.0465,0.04
2013-05-27,BANKNIFTY,20130530,12706.6,895.9,7.0507,0.04
2013-05-27,NIFTY,20130530,5985.4,422.1,7.0522,0.04
2013-05-28,BANKNIFTY,20130530,12910.8,910.6,7.053,0.04
2013-05-28,NIFTY,20130530,6083.45,429.1,7.0536,0.04
2013-05-29,BANKNIFTY,20130530,12899.1,912.7,7.0757,0.04
2013-05-29,NIFTY,20130530,6109.4,432.3,7.076,0.04
2013-05-30,BANKNIFTY,20130530,12797.7,908.5,7.0989,0.04
2013-05-30,NIFTY,20130530,6090.25,432.4,7.0999,0.04
2013-05-31,BANKNIFTY,20130627,12802.2,903.8,7.0597,0.04
2013-05-31,NIFTY,20130627,6131.25,432.2,7.0491,0.04
2013-06-03,BANKNIFTY,20130627,12484.05,876.0,7.017,0.04
2013-06-03,NIFTY,20130627,6000.05,421.0,7.0166,0.04
2013-06-04,BANKNIFTY,20130627,12417.5,871.5,7.0183,0.04
2013-06-04,NIFTY,20130627,5959.2,418.3,7.0194,0.04
2013-06-05,BANKNIFTY,20130627,12287.3,862.5,7.0194,0.04
2013-06-05,NIFTY,20130627,5932.35,416.5,7.0208,0.04
2013-06-06,BANKNIFTY,20130627,12310.3,864.4,7.0218,0.04
2013-06-06,NIFTY,20130627,5938.3,417.0,7.0222,0.04
2013-06-07,BANKNIFTY,20130627,12403.55,871.0,7.0222,0.04
2013-06-07,NIFTY,20130627,5936.85,416.9,7.0222,0.04
2013-06-10,BANKNIFTY,20130627,12227.35,859.3,7.0277,0.04
2013-06-10,NIFTY,20130627,5895.2,414.3,7.0278,0.04
2013-06-11,BANKNIFTY,20130627,12094.9,850.1,7.0286,0.04
2013-06-11,NIFTY,20130627,5893.35,414.3,7.03,0.04
2013-06-12,BANKNIFTY,20130627,11820.05,831.1,7.0313,0.04
2013-06-12,NIFTY,20130627,5801.65,407.9,7.0308,0.04
2013-06-13,BANKNIFTY,20130627,11814.35,830.9,7.033,0.04
2013-06-13,NIFTY,20130627,5771.9,406.0,7.0341,0.04
2013-06-14,BANKNIFTY,20130627,11719.8,824.4,7.0342,0.04
2013-06-14,NIFTY,20130627,5705.45,401.3,7.0336,0.04
2013-06-17,BANKNIFTY,20130627,11931.8,839.9,7.0392,0.04
2013-06-17,NIFTY,20130627,5805.95,408.7,7.0393,0.04
2013-06-18,BANKNIFTY,20130627,11984.45,843.8,7.0408,0.04
2013-06-18,NIFTY,20130627,5847.75,411.7,7.0403,0.04
2013-06-19,BANKNIFTY,20130627,11830.4,833.1,7.042,0.04
2013-06-19,NIFTY,20130627,5812.0,409.3,7.0423,0.04
2013-06-20,BANKNIFTY,20130627,11862.1,835.6,7.0443,0.04
2013-06-20,NIFTY,20130627,5822.7,410.2,7.0448,0.04
2013-06-21,BANKNIFTY,20130627,11373.85,801.4,7.046,0.04
2013-06-21,NIFTY,20130627,5648.45,398.0,7.0462,0.04
2013-06-24,BANKNIFTY,20130627,11346.9,800.0,7.0504,0.04
2013-06-24,NIFTY,20130627,5661.85,399.2,7.0507,0.04
2013-06-25,BANKNIFTY,20130627,11188.25,789.0,7.052,0.04
2013-06-25,NIFTY,20130627,5588.3,394.1,7.0522,0.04
2013-06-26,BANKNIFTY,20130627,11199.3,792.4,7.0754,0.04
2013-06-26,NIFTY,20130627,5608.3,396.8,7.0752,0.04
2013-06-27,BANKNIFTY,20130627,11074.6,786.2,7.0991,0.04
2013-06-27,NIFTY,20130627,5581.1,396.2,7.099,0.04
2013-06-28,BANKNIFTY,20130725,11287.65,792.9,7.0245,0.04
2013-06-28,NIFTY,20130725,5687.05,401.0,7.0511,0.04
2013-07-01,BANKNIFTY,20130725,11641.45,840.8,7.2225,0.04
2013-07-01,NIFTY,20130725,5841.45,409.8,7.0154,0.04
2013-07-02,BANKNIFTY,20130725,11739.5,828.4,7.0565,0.04
2013-07-02,NIFTY,20130725,5892.2,413.5,7.0178,0.04
2013-07-03,BANKNIFTY,20130725,11632.45,816.6,7.02,0.04
2013-07-03,NIFTY,20130725,5859.05,411.3,7.0199,0.04
2013-07-04,BANKNIFTY,20130725,11362.45,810.9,7.1367,0.04
2013-07-04,NIFTY,20130725,5767.85,405.1,7.0234,0.04
2013-07-05,BANKNIFTY,20130725,11417.15,802.0,7.0245,0.04
2013-07-05,NIFTY,20130725,5840.1,410.3,7.0256,0.04
2013-07-08,BANKNIFTY,20130725,11479.75,807.1,7.0306,0.04
2013-07-08,NIFTY,20130725,5874.95,413.1,7.0315,0.04
2013-07-09,BANKNIFTY,20130725,11336.45,797.2,7.0322,0.04
2013-07-09,NIFTY,20130725,5829.25,409.9,7.0318,0.04
2013-07-10,BANKNIFTY,20130725,11482.5,807.5,7.0324,0.04
2013-07-10,NIFTY,20130725,5868.35,412.7,7.0326,0.04
2013-07-11,BANKNIFTY,20130725,11388.4,801.2,7.0352,0.04
2013-07-11,NIFTY,20130725,5822.05,409.6,7.0353,0.04
2013-07-12,BANKNIFTY,20130725,11673.9,821.4,7.0362,0.04
2013-07-12,NIFTY,20130725,5941.35,418.1,7.0371,0.04
2013-07-15,BANKNIFTY,20130725,11740.9,826.6,7.0403,0.04
2013-07-15,NIFTY,20130725,6007.25,423.0,7.0415,0.04
2013-07-16,BANKNIFTY,20130725,11819.85,832.4,7.0424,0.04
2013-07-16,NIFTY,20130725,6032.6,424.9,7.0434,0.04
2013-07-17,BANKNIFTY,20130725,11255.85,903.0,8.0225,0.04
2013-07-17,NIFTY,20130725,5969.7,420.6,7.0456,0.04
2013-07-18,BANKNIFTY,20130725,10978.8,901.5,8.2113,0.04
2013-07-18,NIFTY,20130725,5970.85,420.1,7.0358,0.04
2013-07-19,BANKNIFTY,20130725,11206.25,922.8,8.2347,0.04
2013-07-19,NIFTY,20130725,6052.4,426.0,7.0385,0.04
2013-07-22,BANKNIFTY,20130725,10997.6,903.4,8.2145,0.04
2013-07-22,NIFTY,20130725,6042.55,425.7,7.045,0.04
2013-07-23,BANKNIFTY,20130725,11099.55,891.3,8.0301,0.04
2013-07-23,NIFTY,20130725,6043.55,425.9,7.0472,0.04
2013-07-24,BANKNIFTY,20130725,11250.8,890.1,7.9114,0.04
2013-07-24,NIFTY,20130725,6087.0,430.5,7.0724,0.04
2013-07-25,BANKNIFTY,20130725,10734.55,975.4,9.0865,0.04
2013-07-25,NIFTY,20130725,6002.7,426.1,7.0985,0.04
2013-07-26,BANKNIFTY,20130829,10725.6,944.5,8.806,0.04
2013-07-26,NIFTY,20130829,5943.9,416.4,7.0055,0.04
2013-07-29,BANKNIFTY,20130829,10533.55,909.0,8.6296,0.04
2013-07-29,NIFTY,20130829,5925.25,414.0,6.987,0.04
2013-07-30,BANKNIFTY,20130829,10431.75,881.0,8.4454,0.04
2013-07-30,NIFTY,20130829,5877.35,410.4,6.9827,0.04
2013-07-31,BANKNIFTY,20130829,10301.8,853.4,8.284,0.04
2013-07-31,NIFTY,20130829,5797.55,404.9,6.984,0.04
2013-08-01,BANKNIFTY,20130829,10115.9,835.9,8.2632,0.04
2013-08-01,NIFTY,20130829,5781.05,403.9,6.9866,0.04
2013-08-02,BANKNIFTY,20130829,10207.2,831.4,8.1452,0.04
2013-08-02,NIFTY,20130829,5762.05,402.5,6.9854,0.04
2013-08-05,BANKNIFTY,20130829,10060.3,808.4,8.0355,0.04
2013-08-05,NIFTY,20130829,5705.55,399.0,6.9932,0.04
2013-08-06,BANKNIFTY,20130829,10178.05,797.9,7.8394,0.04
2013-08-06,NIFTY,20130829,5723.6,400.5,6.9973,0.04
2013-08-07,BANKNIFTY,20130829,9760.1,848.8,8.6966,0.04
2013-08-07,NIFTY,20130829,5573.35,390.1,6.9994,0.04
2013-08-08,BANKNIFTY,20130829,9827.75,830.6,8.4516,0.04
2013-08-08,NIFTY,20130829,5554.15,388.8,7.0002,0.04
2013-08-12,BANKNIFTY,20130829,9879.85,811.9,8.2177,0.04
2013-08-12,NIFTY,20130829,5589.7,391.8,7.0093,0.04
2013-08-13,BANKNIFTY,20130829,9741.7,791.5,8.1249,0.04
2013-08-13,NIFTY,20130829,5621.75,394.1,7.0103,0.04
2013-08-14,BANKNIFTY,20130829,10023.85,842.9,8.4089,0.04
2013-08-14,NIFTY,20130829,5711.35,400.5,7.0124,0.04
2013-08-16,BANKNIFTY,20130829,10039.8,820.8,8.1755,0.04
2013-08-16,NIFTY,20130829,5748.3,403.2,7.0142,0.04
2013-08-19,BANKNIFTY,20130829,9450.85,956.7,10.1229,0.04
2013-08-19,NIFTY,20130829,5505.0,386.5,7.0209,0.04
2013-08-20,BANKNIFTY,20130829,9154.55,947.2,10.3468,0.04
2013-08-20,NIFTY,20130829,5416.75,380.4,7.0227,0.04
2013-08-21,BANKNIFTY,20130829,9219.6,928.3,10.0688,0.04
2013-08-21,NIFTY,20130829,5398.25,379.3,7.0264,0.04
2013-08-22,BANKNIFTY,20130829,9255.35,905.1,9.7792,0.04
2013-08-22,NIFTY,20130829,5291.6,371.8,7.0262,0.04
2013-08-23,BANKNIFTY,20130829,9307.6,879.6,9.4503,0.04
2013-08-23,NIFTY,20130829,5414.3,380.6,7.0295,0.04
2013-08-26,BANKNIFTY,20130829,9455.7,886.7,9.3774,0.04
2013-08-26,NIFTY,20130829,5460.7,384.2,7.0357,0.04
2013-08-27,BANKNIFTY,20130829,9355.15,856.6,9.1565,0.04
2013-08-27,NIFTY,20130829,5467.1,384.7,7.0366,0.04
2013-08-28,BANKNIFTY,20130829,8864.5,936.1,10.5601,0.04
2013-08-28,NIFTY,20130829,5284.8,373.7,7.0712,0.04
2013-08-29,BANKNIFTY,20130829,8747.2,903.6,10.3302,0.04
2013-08-29,NIFTY,20130829,5288.95,375.4,7.0978,0.04
2013-08-30,BANKNIFTY,20130926,8942.55,903.1,10.0989,0.04
2013-08-30,NIFTY,20130926,5415.15,381.0,7.0358,0.04
2013-09-02,BANKNIFTY,20130926,9065.1,902.5,9.9558,0.04
2013-09-02,NIFTY,20130926,5456.75,381.3,6.9877,0.04
2013-09-03,BANKNIFTY,20130926,9189.0,893.1,9.7192,0.04
2013-09-03,NIFTY,20130926,5554.6,388.3,6.9906,0.04
2013-09-04,BANKNIFTY,20130926,8689.4,963.0,11.0825,0.04
2013-09-04,NIFTY,20130926,5344.55,417.8,7.8173,0.04
2013-09-05,BANKNIFTY,20130926,8899.15,978.1,10.9909,0.04
2013-09-05,NIFTY,20130926,5458.05,429.9,7.8764,0.04
2013-09-06,BANKNIFTY,20130926,9720.4,1366.1,14.0539,0.04
2013-09-06,NIFTY,20130926,5607.15,455.7,8.1271,0.04
2013-09-10,BANKNIFTY,20130926,9982.9,1391.7,13.9408,0.04
2013-09-10,NIFTY,20130926,5697.8,458.6,8.0487,0.04
2013-09-11,BANKNIFTY,20130926,10192.15,1400.3,13.739,0.04
2013-09-11,NIFTY,20130926,5907.15,511.8,8.6641,0.04
2013-09-12,BANKNIFTY,20130926,10409.5,1396.2,13.4127,0.04
2013-09-12,NIFTY,20130926,5939.65,498.8,8.3978,0.04
2013-09-13,BANKNIFTY,20130926,10173.5,1348.2,13.2521,0.04
2013-09-13,NIFTY,20130926,5860.45,485.3,8.2809,0.04
2013-09-16,BANKNIFTY,20130926,10202.95,1310.2,12.8414,0.04
2013-09-16,NIFTY,20130926,5875.9,470.9,8.0141,0.04
2013-09-17,BANKNIFTY,20130926,10388.7,1308.3,12.5935,0.04
2013-09-17,NIFTY,20130926,5862.25,455.9,7.7769,0.04
2013-09-18,BANKNIFTY,20130926,10331.95,1259.0,12.1855,0.04
2013-09-18,NIFTY,20130926,5880.5,443.2,7.5368,0.04
2013-09-19,BANKNIFTY,20130926,10499.6,1252.7,11.9309,0.04
2013-09-19,NIFTY,20130926,5931.45,436.6,7.3608,0.04
2013-09-20,BANKNIFTY,20130926,11214.1,1503.8,13.4099,0.04
2013-09-20,NIFTY,20130926,6145.75,493.3,8.0267,0.04
2013-09-23,BANKNIFTY,20130926,10722.3,1483.8,13.8384,0.04
2013-09-23,NIFTY,20130926,6037.5,483.1,8.0017,0.04
2013-09-24,BANKNIFTY,20130926,10244.45,1457.3,14.2253,0.04
2013-09-24,NIFTY,20130926,5914.4,475.9,8.0465,0.04
2013-09-25,BANKNIFTY,20130926,10203.4,1408.6,13.8052,0.04
2013-09-25,NIFTY,20130926,5914.35,461.6,7.8047,0.04
2013-09-26,BANKNIFTY,20130926,10102.4,1357.0,13.4325,0.04
2013-09-26,NIFTY,20130926,5889.0,446.9,7.5887,0.04
2013-09-27,BANKNIFTY,20131031,10212.85,1317.8,12.9034,0.04
2013-09-27,NIFTY,20131031,5947.3,434.0,7.2974,0.04
2013-09-30,BANKNIFTY,20131031,9993.25,1257.1,12.5795,0.04
2013-09-30,NIFTY,20131031,5888.15,417.3,7.0871,0.04
2013-10-01,BANKNIFTY,20131031,9700.6,1220.9,12.5858,0.04
2013-10-01,NIFTY,20131031,5791.45,409.9,7.0777,0.04
2013-10-03,BANKNIFTY,20131031,9959.75,1246.2,12.5124,0.04
2013-10-03,NIFTY,20131031,5828.45,407.6,6.9933,0.04
2013-10-04,BANKNIFTY,20131031,10318.05,1305.0,12.6477,0.04
2013-10-04,NIFTY,20131031,5966.8,424.1,7.1077,0.04
2013-10-07,BANKNIFTY,20131031,10261.35,1263.4,12.3122,0.04
2013-10-07,NIFTY,20131031,5950.9,416.7,7.0023,0.04
2013-10-08,BANKNIFTY,20131031,10141.85,1217.1,12.0008,0.04
2013-10-08,NIFTY,20131031,5943.2,416.3,7.0046,0.04
2013-10-09,BANKNIFTY,20131031,10197.1,1188.5,11.6553,0.04
2013-10-09,NIFTY,20131031,5959.45,417.6,7.0074,0.04
2013-10-10,BANKNIFTY,20131031,10400.0,1193.3,11.474,0.04
2013-10-10,NIFTY,20131031,6048.5,424.1,7.0117,0.04
2013-10-11,BANKNIFTY,20131031,10363.6,1152.3,11.1187,0.04
2013-10-11,NIFTY,20131031,6059.8,425.0,7.0134,0.04
2013-10-14,BANKNIFTY,20131031,10675.35,1199.5,11.2362,0.04
2013-10-14,NIFTY,20131031,6130.5,430.2,7.0174,0.04
2013-10-15,BANKNIFTY,20131031,10711.85,1168.6,10.9094,0.04
2013-10-15,NIFTY,20131031,6143.35,431.4,7.0222,0.04
2013-10-17,BANKNIFTY,20131031,10427.2,1140.5,10.9377,0.04
2013-10-17,NIFTY,20131031,6110.65,429.3,7.0254,0.04
2013-10-18,BANKNIFTY,20131031,10374.45,1101.4,10.6165,0.04
2013-10-18,NIFTY,20131031,6071.0,426.9,7.0318,0.04
2013-10-21,BANKNIFTY,20131031,10803.05,1198.6,11.095,0.04
2013-10-21,NIFTY,20131031,6210.45,437.0,7.0365,0.04
2013-10-22,BANKNIFTY,20131031,10837.6,1168.3,10.7801,0.04
2013-10-22,NIFTY,20131031,6226.15,438.3,7.0397,0.04
2013-10-23,BANKNIFTY,20131031,10851.55,1134.0,10.4501,0.04
2013-10-23,NIFTY,20131031,6222.65,437.8,7.0356,0.04
2013-10-24,BANKNIFTY,20131031,10916.15,1108.9,10.1583,0.04
2013-10-24,NIFTY,20131031,6190.3,435.9,7.0417,0.04
2013-10-25,BANKNIFTY,20131031,10917.05,1077.2,9.8671,0.04
2013-10-25,NIFTY,20131031,6173.8,435.0,7.0459,0.04
2013-10-28,BANKNIFTY,20131031,10908.15,1043.9,9.5699,0.04
2013-10-28,NIFTY,20131031,6151.55,433.8,7.0519,0.04
2013-10-29,BANKNIFTY,20131031,10775.75,1009.9,9.372,0.04
2013-10-29,NIFTY,20131031,6105.3,430.9,7.0578,0.04
2013-10-30,BANKNIFTY,20131031,11249.1,1138.4,10.1199,0.04
2013-10-30,NIFTY,20131031,6228.95,440.6,7.0734,0.04
2013-10-31,BANKNIFTY,20131031,11249.7,1104.5,9.818,0.04
2013-10-31,NIFTY,20131031,6250.9,443.8,7.0998,0.04
2013-11-01,BANKNIFTY,20131128,11535.75,1117.0,9.6829,0.04
2013-11-01,NIFTY,20131128,6331.3,444.4,7.0191,0.04
2013-11-05,BANKNIFTY,20131128,11684.95,1095.4,9.3745,0.04
2013-11-05,NIFTY,20131128,6353.05,445.5,7.0124,0.04
2013-11-06,BANKNIFTY,20131128,11594.35,1055.7,9.1053,0.04
2013-11-06,NIFTY,20131128,6298.8,442.0,7.0172,0.04
2013-11-07,BANKNIFTY,20131128,11376.75,1029.5,9.0492,0.04
2013-11-07,NIFTY,20131128,6259.15,439.4,7.0201,0.04
2013-11-08,BANKNIFTY,20131128,11148.3,1004.4,9.0094,0.04
2013-11-08,NIFTY,20131128,6227.3,437.4,7.0239,0.04
2013-11-11,BANKNIFTY,20131128,10988.4,975.3,8.8757,0.04
2013-11-11,NIFTY,20131128,6186.6,435.1,7.0329,0.04
2013-11-12,BANKNIFTY,20131128,10840.7,944.2,8.7098,0.04
2013-11-12,NIFTY,20131128,6126.85,430.9,7.033,0.04
2013-11-13,BANKNIFTY,20131128,10685.3,914.5,8.5585,0.04
2013-11-13,NIFTY,20131128,6071.55,427.2,7.0361,0.04
2013-11-14,BANKNIFTY,20131128,10601.0,886.0,8.3577,0.04
2013-11-14,NIFTY,20131128,6033.0,424.6,7.038,0.04
2013-11-18,BANKNIFTY,20131128,10862.25,923.9,8.5056,0.04
2013-11-18,NIFTY,20131128,6088.95,429.0,7.0455,0.04
2013-11-19,BANKNIFTY,20131128,11196.0,987.3,8.8183,0.04
2013-11-19,NIFTY,20131128,6217.05,438.0,7.0451,0.04
2013-11-20,BANKNIFTY,20131128,11233.2,962.0,8.5639,0.04
2013-11-20,NIFTY,20131128,6230.5,439.1,7.0476,0.04
2013-11-21,BANKNIFTY,20131128,11024.05,939.2,8.5196,0.04
2013-11-21,NIFTY,20131128,6149.05,433.6,7.0515,0.04
2013-11-22,BANKNIFTY,20131128,10730.85,938.0,8.7412,0.04
2013-11-22,NIFTY,20131128,6018.5,424.4,7.0516,0.04
2013-11-25,BANKNIFTY,20131128,10713.25,907.2,8.468,0.04
2013-11-25,NIFTY,20131128,6015.25,424.7,7.0604,0.04
2013-11-26,BANKNIFTY,20131128,11116.0,1007.2,9.0608,0.04
2013-11-26,NIFTY,20131128,6133.9,432.7,7.0542,0.04
2013-11-27,BANKNIFTY,20131128,10927.85,980.5,8.9725,0.04
2013-11-27,NIFTY,20131128,6071.95,429.5,7.0735,0.04
2013-11-28,BANKNIFTY,20131128,10924.0,949.6,8.6928,0.04
2013-11-28,NIFTY,20131128,6069.7,430.9,7.0992,0.04
2013-11-29,BANKNIFTY,20131226,11013.15,921.6,8.3682,0.04
2013-11-29,NIFTY,20131226,6148.8,430.7,7.0046,0.04
2013-12-02,BANKNIFTY,20131226,11270.5,989.6,8.7804,0.04
2013-12-02,NIFTY,20131226,6225.5,436.4,7.0099,0.04
2013-12-03,BANKNIFTY,20131226,11383.2,977.9,8.5907,0.04
2013-12-03,NIFTY,20131226,6263.75,439.2,7.0118,0.04
2013-12-04,BANKNIFTY,20131226,11302.0,945.6,8.3667,0.04
2013-12-04,NIFTY,20131226,6248.4,438.3,7.0146,0.04
2013-12-05,BANKNIFTY,20131226,11225.25,915.8,8.1584,0.04
2013-12-05,NIFTY,20131226,6199.15,435.1,7.0187,0.04
2013-12-06,BANKNIFTY,20131226,11726.55,1068.6,9.1127,0.04
2013-12-06,NIFTY,20131226,6279.95,440.8,7.0192,0.04
2013-12-09,BANKNIFTY,20131226,11811.4,1044.8,8.8457,0.04
2013-12-09,NIFTY,20131226,6303.75,442.8,7.0244,0.04
2013-12-10,BANKNIFTY,20131226,12109.7,1088.7,8.9903,0.04
2013-12-10,NIFTY,20131226,6391.75,449.0,7.0247,0.04
2013-12-11,BANKNIFTY,20131226,11924.3,1053.4,8.8341,0.04
2013-12-11,NIFTY,20131226,6369.5,447.6,7.0272,0.04
2013-12-12,BANKNIFTY,20131226,11877.85,1017.3,8.5647,0.04
2013-12-12,NIFTY,20131226,6343.45,445.9,7.0293,0.04
2013-12-13,BANKNIFTY,20131226,11692.95,992.0,8.4837,0.04
2013-12-13,NIFTY,20131226,6264.95,440.5,7.0312,0.04
2013-12-16,BANKNIFTY,20131226,11429.1,977.7,8.5545,0.04
2013-12-16,NIFTY,20131226,6197.75,436.1,7.0364,0.04
2013-12-17,BANKNIFTY,20131226,11420.2,948.4,8.3046,0.04
2013-12-17,NIFTY,20131226,6179.7,435.0,7.0392,0.04
2013-12-18,BANKNIFTY,20131226,11243.7,924.3,8.2206,0.04
2013-12-18,NIFTY,20131226,6160.85,433.6,7.038,0.04
2013-12-19,BANKNIFTY,20131226,11425.4,927.5,8.1179,0.04
2013-12-19,NIFTY,20131226,6249.65,440.0,7.0404,0.04
2013-12-20,BANKNIFTY,20131226,11112.85,934.2,8.4065,0.04
2013-12-20,NIFTY,20131226,6177.8,435.0,7.0413,0.04
2013-12-23,BANKNIFTY,20131226,11326.55,949.2,8.3803,0.04
2013-12-23,NIFTY,20131226,6292.35,443.4,7.0467,0.04
2013-12-24,BANKNIFTY,20131226,11415.65,931.9,8.1634,0.04
2013-12-24,NIFTY,20131226,6302.35,444.5,7.0529,0.04
2013-12-26,BANKNIFTY,20131226,11357.15,901.9,7.9413,0.04
2013-12-26,NIFTY,20131226,6281.7,445.9,7.0984,0.04
2013-12-27,BANKNIFTY,20140130,11515.5,878.9,7.6323,0.04
2013-12-27,NIFTY,20140130,6344.5,443.7,6.9935,0.04
2013-12-30,BANKNIFTY,20140130,11566.85,878.0,7.5907,0.04
2013-12-30,NIFTY,20140130,6372.05,446.0,6.9993,0.04
2013-12-31,BANKNIFTY,20140130,11464.45,851.7,7.4291,0.04
2013-12-31,NIFTY,20140130,6334.7,443.5,7.0011,0.04
2014-01-01,BANKNIFTY,20140130,11479.65,826.6,7.2006,0.04
2014-01-01,NIFTY,20140130,6354.7,445.0,7.0027,0.04
2014-01-02,BANKNIFTY,20140130,11500.55,806.3,7.011,0.04
2014-01-02,NIFTY,20140130,6358.15,445.4,7.0052,0.04
2014-01-03,BANKNIFTY,20140130,11252.25,804.4,7.1488,0.04
2014-01-03,NIFTY,20140130,6257.75,438.6,7.0089,0.04
2014-01-06,BANKNIFTY,20140130,11276.65,790.6,7.0109,0.04
2014-01-06,NIFTY,20140130,6251.75,438.4,7.0124,0.04
2014-01-07,BANKNIFTY,20140130,11119.0,780.1,7.0159,0.04
2014-01-07,NIFTY,20140130,6229.2,436.8,7.0121,0.04
2014-01-08,BANKNIFTY,20140130,11099.7,778.9,7.0173,0.04
2014-01-08,NIFTY,20140130,6195.85,434.6,7.0144,0.04
2014-01-09,BANKNIFTY,20140130,11102.45,779.0,7.0165,0.04
2014-01-09,NIFTY,20140130,6197.5,434.8,7.0157,0.04
2014-01-10,BANKNIFTY,20140130,11008.4,772.5,7.0174,0.04
2014-01-10,NIFTY,20140130,6184.45,434.0,7.0176,0.04
2014-01-13,BANKNIFTY,20140130,10836.25,760.9,7.0218,0.04
2014-01-13,NIFTY,20140130,6178.25,433.8,7.0214,0.04
2014-01-14,BANKNIFTY,20140130,11050.5,776.3,7.025,0.04
2014-01-14,NIFTY,20140130,6285.3,441.4,7.0227,0.04
2014-01-15,BANKNIFTY,20140130,10966.2,770.3,7.0243,0.04
2014-01-15,NIFTY,20140130,6256.5,439.5,7.0247,0.04
2014-01-16,BANKNIFTY,20140130,11147.45,783.4,7.0276,0.04
2014-01-16,NIFTY,20140130,6331.1,444.9,7.0272,0.04
2014-01-17,BANKNIFTY,20140130,11110.35,780.8,7.0277,0.04
2014-01-17,NIFTY,20140130,6329.85,444.9,7.0286,0.04
2014-01-20,BANKNIFTY,20140130,10923.9,768.5,7.035,0.04
2014-01-20,NIFTY,20140130,6261.65,440.4,7.0333,0.04
2014-01-21,BANKNIFTY,20140130,11037.2,776.5,7.0353,0.04
2014-01-21,NIFTY,20140130,6320.15,444.7,7.0362,0.04
2014-01-22,BANKNIFTY,20140130,11189.2,787.5,7.038,0.04
2014-01-22,NIFTY,20140130,6326.4,445.3,7.0388,0.04
2014-01-23,BANKNIFTY,20140130,11223.25,790.4,7.0425,0.04
2014-01-23,NIFTY,20140130,6353.0,447.3,7.0408,0.04
2014-01-24,BANKNIFTY,20140130,11204.65,788.9,7.0408,0.04
2014-01-24,NIFTY,20140130,6357.8,447.7,7.0417,0.04
2014-01-27,BANKNIFTY,20140130,10992.2,774.5,7.0459,0.04
2014-01-27,NIFTY,20140130,6276.15,442.3,7.0473,0.04
2014-01-28,BANKNIFTY,20140130,10554.2,755.4,7.1573,0.04
2014-01-28,NIFTY,20140130,6148.05,433.4,7.0494,0.04
2014-01-29,BANKNIFTY,20140130,10522.45,744.3,7.0734,0.04
2014-01-29,NIFTY,20140130,6139.4,434.3,7.074,0.04
2014-01-30,BANKNIFTY,20140130,10437.5,740.9,7.0984,0.04
2014-01-30,NIFTY,20140130,6120.8,434.5,7.0987,0.04
2014-01-31,BANKNIFTY,20140226,10224.1,729.7,7.1371,0.04
2014-01-31,NIFTY,20140226,6103.85,428.4,7.0185,0.04
2014-02-03,BANKNIFTY,20140226,10276.65,724.8,7.0529,0.04
2014-02-03,NIFTY,20140226,6112.0,428.4,7.0092,0.04
2014-02-04,BANKNIFTY,20140226,10155.75,711.8,7.0088,0.04
2014-02-04,NIFTY,20140226,6039.7,423.3,7.0086,0.04
2014-02-05,BANKNIFTY,20140226,10255.25,719.0,7.011,0.04
2014-02-05,NIFTY,20140226,6037.85,423.3,7.0108,0.04
2014-02-06,BANKNIFTY,20140226,10266.1,720.0,7.0134,0.04
2014-02-06,NIFTY,20140226,6048.95,424.3,7.0144,0.04
2014-02-07,BANKNIFTY,20140226,10220.85,717.0,7.0151,0.04
2014-02-07,NIFTY,20140226,6048.3,424.3,7.0152,0.04
2014-02-10,BANKNIFTY,20140226,10281.25,721.8,7.0205,0.04
2014-02-10,NIFTY,20140226,6075.05,426.5,7.0205,0.04
2014-02-11,BANKNIFTY,20140226,10220.2,717.7,7.0224,0.04
2014-02-11,NIFTY,20140226,6064.6,425.9,7.0227,0.04
2014-02-12,BANKNIFTY,20140226,10263.6,721.0,7.0248,0.04
2014-02-12,NIFTY,20140226,6072.75,426.6,7.0248,0.04
2014-02-13,BANKNIFTY,20140226,10374.75,728.9,7.0257,0.04
2014-02-13,NIFTY,20140226,6099.75,428.6,7.0265,0.04
2014-02-14,BANKNIFTY,20140226,10145.8,713.0,7.0275,0.04
2014-02-14,NIFTY,20140226,6005.45,422.0,7.027,0.04
2014-02-17,BANKNIFTY,20140226,10239.9,720.1,7.0323,0.04
2014-02-17,NIFTY,20140226,6058.0,426.0,7.032,0.04
2014-02-18,BANKNIFTY,20140226,10342.4,727.4,7.0332,0.04
2014-02-18,NIFTY,20140226,6091.2,428.5,7.0347,0.04
2014-02-19,BANKNIFTY,20140226,10571.95,744.0,7.0375,0.04
2014-02-19,NIFTY,20140226,6138.8,432.0,7.0372,0.04
2014-02-20,BANKNIFTY,20140226,10621.6,747.7,7.0394,0.04
2014-02-20,NIFTY,20140226,6159.05,433.6,7.04,0.04
2014-02-21,BANKNIFTY,20140226,10450.25,735.7,7.04,0.04
2014-02-21,NIFTY,20140226,6107.95,430.0,7.04,0.04
2014-02-24,BANKNIFTY,20140226,10567.05,744.5,7.0455,0.04
2014-02-24,NIFTY,20140226,6163.95,434.3,7.0458,0.04
2014-02-25,BANKNIFTY,20140226,10695.5,756.4,7.0721,0.04
2014-02-25,NIFTY,20140226,6193.2,438.0,7.0723,0.04
2014-02-26,BANKNIFTY,20140226,10673.35,757.7,7.099,0.04
2014-02-26,NIFTY,20140226,6209.05,440.8,7.0993,0.04
2014-02-28,BANKNIFTY,20140327,10778.25,756.6,7.0197,0.04
2014-02-28,NIFTY,20140327,6272.75,439.9,7.0129,0.04
2014-03-03,BANKNIFTY,20140327,10782.05,755.2,7.0042,0.04
2014-03-03,NIFTY,20140327,6289.25,440.5,7.004,0.04
2014-03-04,BANKNIFTY,20140327,10657.45,746.7,7.0064,0.04
2014-03-04,NIFTY,20140327,6239.45,437.2,7.007,0.04
2014-03-05,BANKNIFTY,20140327,10962.85,768.0,7.0055,0.04
2014-03-05,NIFTY,20140327,6333.85,443.8,7.0068,0.04
2014-03-06,BANKNIFTY,20140327,11118.55,779.2,7.0081,0.04
2014-03-06,NIFTY,20140327,6352.3,445.2,7.0085,0.04
2014-03-07,BANKNIFTY,20140327,11310.9,792.7,7.0083,0.04
2014-03-07,NIFTY,20140327,6430.1,450.7,7.0092,0.04
2014-03-10,BANKNIFTY,20140327,11932.25,966.8,8.1024,0.04
2014-03-10,NIFTY,20140327,6549.7,459.5,7.0156,0.04
2014-03-11,BANKNIFTY,20140327,12151.15,982.0,8.0815,0.04
2014-03-11,NIFTY,20140327,6567.55,460.9,7.0178,0.04
2014-03-12,BANKNIFTY,20140327,12109.1,947.9,7.828,0.04
2014-03-12,NIFTY,20140327,6545.3,459.4,7.0188,0.04
2014-03-13,BANKNIFTY,20140327,12090.6,917.8,7.591,0.04
2014-03-13,NIFTY,20140327,6549.25,459.9,7.0222,0.04
2014-03-14,BANKNIFTY,20140327,12196.2,905.2,7.422,0.04
2014-03-14,NIFTY,20140327,6519.6,457.9,7.0234,0.04
2014-03-18,BANKNIFTY,20140327,12128.8,874.2,7.2076,0.04
2014-03-18,NIFTY,20140327,6538.85,459.8,7.0318,0.04
2014-03-19,BANKNIFTY,20140327,12180.8,856.4,7.0307,0.04
2014-03-19,NIFTY,20140327,6547.5,460.4,7.0317,0.04
2014-03-20,BANKNIFTY,20140327,12249.25,861.5,7.0331,0.04
2014-03-20,NIFTY,20140327,6550.2,460.7,7.0334,0.04
2014-03-21,BANKNIFTY,20140327,12066.8,849.1,7.0367,0.04
2014-03-21,NIFTY,20140327,6502.55,457.6,7.0372,0.04
2014-03-24,BANKNIFTY,20140327,12102.6,852.2,7.0415,0.04
2014-03-24,NIFTY,20140327,6512.15,458.6,7.0422,0.04
2014-03-25,BANKNIFTY,20140327,12455.3,877.4,7.0444,0.04
2014-03-25,NIFTY,20140327,6598.85,465.3,7.0512,0.04
2014-03-26,BANKNIFTY,20140327,12486.85,883.0,7.0714,0.04
2014-03-26,NIFTY,20140327,6605.95,467.2,7.0724,0.04
2014-03-27,BANKNIFTY,20140327,12551.2,890.9,7.0981,0.04
2014-03-27,NIFTY,20140327,6612.55,469.4,7.0986,0.04
2014-03-28,BANKNIFTY,20140424,12727.55,890.6,6.9974,0.04
2014-03-28,NIFTY,20140424,6683.0,468.3,7.0073,0.04
2014-03-31,BANKNIFTY,20140424,12834.65,898.9,7.0037,0.04
2014-03-31,NIFTY,20140424,6728.65,471.3,7.0044,0.04
2014-04-01,BANKNIFTY,20140424,12824.75,898.4,7.0052,0.04
2014-04-01,NIFTY,20140424,6739.65,472.2,7.0063,0.04
2014-04-02,BANKNIFTY,20140424,12659.5,887.1,7.0074,0.04
2014-04-02,NIFTY,20140424,6756.25,473.5,7.0083,0.04
2014-04-03,BANKNIFTY,20140424,12805.9,898.1,7.0132,0.04
2014-04-03,NIFTY,20140424,6790.2,476.2,7.013,0.04
2014-04-04,BANKNIFTY,20140424,12662.15,888.3,7.0154,0.04
2014-04-04,NIFTY,20140424,6768.45,474.8,7.0149,0.04
2014-04-07,BANKNIFTY,20140424,12659.8,888.9,7.0214,0.04
2014-04-07,NIFTY,20140424,6744.2,473.6,7.0223,0.04
2014-04-09,BANKNIFTY,20140424,12614.35,886.3,7.0261,0.04
2014-04-09,NIFTY,20140424,6736.7,473.3,7.0257,0.04
2014-04-10,BANKNIFTY,20140424,13027.6,915.4,7.0266,0.04
2014-04-10,NIFTY,20140424,6835.5,480.3,7.0266,0.04
2014-04-11,BANKNIFTY,20140424,13005.95,914.2,7.0291,0.04
2014-04-11,NIFTY,20140424,6825.05,479.8,7.03,0.04
2014-04-15,BANKNIFTY,20140424,12907.45,908.3,7.037,0.04
2014-04-15,NIFTY,20140424,6803.55,478.8,7.0375,0.04
2014-04-16,BANKNIFTY,20140424,12616.7,888.1,7.0391,0.04
2014-04-16,NIFTY,20140424,6753.95,475.4,7.0388,0.04
2014-04-17,BANKNIFTY,20140424,12603.85,887.4,7.0407,0.04
2014-04-17,NIFTY,20140424,6697.3,471.6,7.0416,0.04
2014-04-21,BANKNIFTY,20140424,12828.6,904.1,7.0475,0.04
2014-04-21,NIFTY,20140424,6799.95,479.3,7.0486,0.04
2014-04-22,BANKNIFTY,20140424,12996.15,919.3,7.0736,0.04
2014-04-22,NIFTY,20140424,6838.15,483.7,7.0736,0.04
2014-04-23,BANKNIFTY,20140424,13001.85,922.9,7.0982,0.04
2014-04-23,NIFTY,20140424,6829.6,484.8,7.0985,0.04
2014-04-25,BANKNIFTY,20140529,13234.0,925.5,6.9934,0.04
2014-04-25,NIFTY,20140529,6899.15,482.5,6.9936,0.04
2014-04-28,BANKNIFTY,20140529,13134.35,918.9,6.9962,0.04
2014-04-28,NIFTY,20140529,6826.3,477.6,6.9965,0.04
2014-04-29,BANKNIFTY,20140529,13195.4,923.4,6.9979,0.04
2014-04-29,NIFTY,20140529,6820.0,477.3,6.9985,0.04
2014-04-30,BANKNIFTY,20140529,13012.35,910.9,7.0003,0.04
2014-04-30,NIFTY,20140529,6760.3,473.3,7.0012,0.04
2014-05-02,BANKNIFTY,20140529,12936.05,906.0,7.0037,0.04
2014-05-02,NIFTY,20140529,6726.45,471.1,7.0037,0.04
2014-05-05,BANKNIFTY,20140529,12934.05,906.6,7.0094,0.04
2014-05-05,NIFTY,20140529,6726.7,471.5,7.0094,0.04
2014-05-06,BANKNIFTY,20140529,12973.65,909.6,7.0111,0.04
2014-05-06,NIFTY,20140529,6735.5,472.2,7.0106,0.04
2014-05-07,BANKNIFTY,20140529,13057.4,915.7,7.0129,0.04
2014-05-07,NIFTY,20140529,6746.7,473.1,7.0123,0.04
2014-05-08,BANKNIFTY,20140529,13013.15,912.8,7.0144,0.04
2014-05-08,NIFTY,20140529,6681.65,468.7,7.0147,0.04
2014-05-09,BANKNIFTY,20140529,13112.5,920.0,7.0162,0.04
2014-05-09,NIFTY,20140529,6680.95,468.8,7.017,0.04
2014-05-12,BANKNIFTY,20140529,13838.95,1004.7,7.2599,0.04
2014-05-12,NIFTY,20140529,6887.4,483.6,7.0215,0.04
2014-05-13,BANKNIFTY,20140529,14181.8,1060.1,7.4751,0.04
2014-05-13,NIFTY,20140529,7043.05,494.7,7.0239,0.04
2014-05-14,BANKNIFTY,20140529,14257.35,1036.6,7.2706,0.04
2014-05-14,NIFTY,20140529,7135.3,501.3,7.0256,0.04
2014-05-15,BANKNIFTY,20140529,14305.2,1009.3,7.0555,0.04
2014-05-15,NIFTY,20140529,7141.05,501.8,7.027,0.04
2014-05-16,BANKNIFTY,20140529,14300.35,1005.2,7.0292,0.04
2014-05-16,NIFTY,20140529,7143.1,502.1,7.0292,0.04
2014-05-19,BANKNIFTY,20140529,14947.8,1204.6,8.0587,0.04
2014-05-19,NIFTY,20140529,7244.4,509.7,7.0358,0.04
2014-05-20,BANKNIFTY,20140529,15296.4,1251.1,8.179,0.04
2014-05-20,NIFTY,20140529,7279.9,512.3,7.0372,0.04
2014-05-21,BANKNIFTY,20140529,15202.55,1208.1,7.9467,0.04
2014-05-21,NIFTY,20140529,7300.6,513.9,7.0391,0.04
2014-05-22,BANKNIFTY,20140529,15036.55,1171.5,7.791,0.04
2014-05-22,NIFTY,20140529,7280.0,512.6,7.0412,0.04
2014-05-23,BANKNIFTY,20140529,15120.4,1146.8,7.5845,0.04
2014-05-23,NIFTY,20140529,7293.7,513.7,7.0431,0.04
2014-05-26,BANKNIFTY,20140529,15348.7,1153.8,7.5172,0.04
2014-05-26,NIFTY,20140529,7382.1,520.3,7.0481,0.04
2014-05-27,BANKNIFTY,20140529,15192.5,1122.3,7.3872,0.04
2014-05-27,NIFTY,20140529,7361.8,519.0,7.0499,0.04
2014-05-28,BANKNIFTY,20140529,15098.6,1085.7,7.1907,0.04
2014-05-28,NIFTY,20140529,7320.1,517.9,7.075,0.04
2014-05-29,BANKNIFTY,20140529,15168.2,1076.7,7.0984,0.04
2014-05-29,NIFTY,20140529,7332.1,520.5,7.0989,0.04
2014-05-30,BANKNIFTY,20140626,15062.5,1060.3,7.0393,0.04
2014-05-30,NIFTY,20140626,7265.7,510.5,7.0262,0.04
2014-06-02,BANKNIFTY,20140626,14758.95,1034.7,7.0107,0.04
2014-06-02,NIFTY,20140626,7233.65,507.2,7.0117,0.04
2014-06-03,BANKNIFTY,20140626,15276.55,1160.7,7.5979,0.04
2014-06-03,NIFTY,20140626,7370.95,516.9,7.0127,0.04
2014-06-04,BANKNIFTY,20140626,15213.2,1124.9,7.3942,0.04
2014-06-04,NIFTY,20140626,7421.4,520.6,7.0148,0.04
2014-06-05,BANKNIFTY,20140626,15297.95,1099.9,7.1899,0.04
2014-06-05,NIFTY,20140626,7416.4,520.4,7.0169,0.04
2014-06-06,BANKNIFTY,20140626,15317.4,1075.0,7.0182,0.04
2014-06-06,NIFTY,20140626,7486.75,525.5,7.0191,0.04
2014-06-09,BANKNIFTY,20140626,15570.45,1093.7,7.0242,0.04
2014-06-09,NIFTY,20140626,7590.75,533.2,7.0243,0.04
2014-06-10,BANKNIFTY,20140626,15583.65,1094.8,7.0253,0.04
2014-06-10,NIFTY,20140626,7669.75,538.9,7.0263,0.04
2014-06-11,BANKNIFTY,20140626,15474.0,1087.5,7.0279,0.04
2014-06-11,NIFTY,20140626,7668.3,538.9,7.0276,0.04
2014-06-12,BANKNIFTY,20140626,15474.8,1087.8,7.0295,0.04
2014-06-12,NIFTY,20140626,7637.15,536.9,7.0301,0.04
2014-06-13,BANKNIFTY,20140626,15536.35,1092.4,7.0313,0.04
2014-06-13,NIFTY,20140626,7664.65,539.0,7.0323,0.04
2014-06-16,BANKNIFTY,20140626,15163.5,1067.0,7.0366,0.04
2014-06-16,NIFTY,20140626,7560.0,532.0,7.037,0.04
2014-06-17,BANKNIFTY,20140626,15090.0,1061.9,7.0371,0.04
2014-06-17,NIFTY,20140626,7559.2,532.0,7.0378,0.04
2014-06-18,BANKNIFTY,20140626,15444.3,1087.1,7.0388,0.04
2014-06-18,NIFTY,20140626,7657.4,539.0,7.0389,0.04
2014-06-19,BANKNIFTY,20140626,15251.1,1073.8,7.0408,0.04
2014-06-19,NIFTY,20140626,7569.4,532.9,7.0402,0.04
2014-06-20,BANKNIFTY,20140626,15111.85,1064.2,7.0422,0.04
2014-06-20,NIFTY,20140626,7560.1,532.4,7.0422,0.04
2014-06-23,BANKNIFTY,20140626,15054.15,1061.1,7.0486,0.04
2014-06-23,NIFTY,20140626,7525.35,530.5,7.0495,0.04
2014-06-24,BANKNIFTY,20140626,15126.1,1066.8,7.0527,0.04
2014-06-24,NIFTY,20140626,7505.75,529.2,7.0506,0.04
2014-06-25,BANKNIFTY,20140626,15336.9,1085.0,7.0744,0.04
2014-06-25,NIFTY,20140626,7595.55,537.4,7.0752,0.04
2014-06-26,BANKNIFTY,20140626,15260.25,1083.3,7.0988,0.04
2014-06-26,NIFTY,20140626,7574.9,537.7,7.0984,0.04
2014-06-27,BANKNIFTY,20140731,15212.6,1064.3,6.9962,0.04
2014-06-27,NIFTY,20140731,7534.6,528.7,7.017,0.04
2014-06-30,BANKNIFTY,20140731,15140.9,1060.1,7.0016,0.04
2014-06-30,NIFTY,20140731,7543.9,528.2,7.0017,0.04
2014-07-01,BANKNIFTY,20140731,15366.6,1076.1,7.0029,0.04
2014-07-01,NIFTY,20140731,7634.35,534.6,7.0026,0.04
2014-07-02,BANKNIFTY,20140731,15431.65,1081.0,7.0051,0.04
2014-07-02,NIFTY,20140731,7662.65,536.8,7.0054,0.04
2014-07-03,BANKNIFTY,20140731,15598.35,1093.1,7.0078,0.04
2014-07-03,NIFTY,20140731,7749.85,543.1,7.0079,0.04
2014-07-04,BANKNIFTY,20140731,15549.75,1090.5,7.013,0.04
2014-07-04,NIFTY,20140731,7736.05,542.3,7.01,0.04
2014-07-07,BANKNIFTY,20140731,15686.35,1100.8,7.0176,0.04
2014-07-07,NIFTY,20140731,7782.5,546.0,7.0157,0.04
2014-07-08,BANKNIFTY,20140731,15476.8,1086.9,7.0228,0.04
2014-07-08,NIFTY,20140731,7798.6,547.2,7.0166,0.04
2014-07-09,BANKNIFTY,20140731,15091.3,1059.7,7.0219,0.04
2014-07-09,NIFTY,20140731,7648.75,536.8,7.0181,0.04
2014-07-10,BANKNIFTY,20140731,15016.45,1055.0,7.0256,0.04
2014-07-10,NIFTY,20140731,7598.65,533.3,7.0184,0.04
2014-07-11,BANKNIFTY,20140731,14872.35,1045.0,7.0265,0.04
2014-07-11,NIFTY,20140731,7576.65,531.9,7.0203,0.04
2014-07-14,BANKNIFTY,20140731,14500.05,1020.0,7.0345,0.04
2014-07-14,NIFTY,20140731,7480.15,525.5,7.0253,0.04
2014-07-15,BANKNIFTY,20140731,14560.75,1024.1,7.0333,0.04
2014-07-15,NIFTY,20140731,7475.8,525.3,7.0267,0.04
2014-07-16,BANKNIFTY,20140731,14938.2,1050.2,7.0303,0.04
2014-07-16,NIFTY,20140731,7538.6,529.8,7.0278,0.04
2014-07-17,BANKNIFTY,20140731,15306.3,1076.2,7.0311,0.04
2014-07-17,NIFTY,20140731,7643.05,537.3,7.0299,0.04
2014-07-18,BANKNIFTY,20140731,15294.95,1075.6,7.0324,0.04
2014-07-18,NIFTY,20140731,7658.75,538.6,7.0325,0.04
2014-07-21,BANKNIFTY,20140731,15415.8,1084.8,7.0369,0.04
2014-07-21,NIFTY,20140731,7669.35,539.7,7.0371,0.04
2014-07-22,BANKNIFTY,20140731,15410.65,1084.6,7.038,0.04
2014-07-22,NIFTY,20140731,7686.2,541.0,7.0386,0.04
2014-07-23,BANKNIFTY,20140731,15449.95,1087.7,7.0402,0.04
2014-07-23,NIFTY,20140731,7767.95,546.9,7.0405,0.04
2014-07-24,BANKNIFTY,20140731,15494.6,1091.1,7.0418,0.04
2014-07-24,NIFTY,20140731,7791.55,548.7,7.0422,0.04
2014-07-25,BANKNIFTY,20140731,15557.55,1095.8,7.0435,0.04
2014-07-25,NIFTY,20140731,7833.75,551.8,7.0439,0.04
2014-07-28,BANKNIFTY,20140731,15352.15,1082.1,7.0485,0.04
2014-07-28,NIFTY,20140731,7785.7,548.8,7.0488,0.04
2014-07-30,BANKNIFTY,20140731,15230.6,1077.4,7.0739,0.04
2014-07-30,NIFTY,20140731,7743.25,547.8,7.0745,0.04
2014-07-31,BANKNIFTY,20140731,15451.7,1096.9,7.0989,0.04
2014-07-31,NIFTY,20140731,7788.3,552.9,7.0991,0.04
2014-08-01,BANKNIFTY,20140828,15365.85,1077.2,7.0104,0.04
2014-08-01,NIFTY,20140828,7750.55,544.8,7.0292,0.04
2014-08-04,BANKNIFTY,20140828,15210.8,1066.6,7.0121,0.04
2014-08-04,NIFTY,20140828,7622.6,534.5,7.012,0.04
2014-08-05,BANKNIFTY,20140828,15343.05,1076.2,7.0143,0.04
2014-08-05,NIFTY,20140828,7718.2,541.4,7.0146,0.04
2014-08-06,BANKNIFTY,20140828,15376.35,1078.8,7.016,0.04
2014-08-06,NIFTY,20140828,7772.85,545.4,7.0167,0.04
2014-08-07,BANKNIFTY,20140828,15092.15,1059.0,7.0169,0.04
2014-08-07,NIFTY,20140828,7691.45,539.7,7.0169,0.04
2014-08-08,BANKNIFTY,20140828,15066.5,1057.5,7.0189,0.04
2014-08-08,NIFTY,20140828,7669.65,538.3,7.0186,0.04
2014-08-11,BANKNIFTY,20140828,14819.7,1040.9,7.0238,0.04
2014-08-11,NIFTY,20140828,7591.65,533.2,7.0235,0.04
2014-08-12,BANKNIFTY,20140828,14899.5,1047.5,7.0304,0.04
2014-08-12,NIFTY,20140828,7641.4,536.9,7.0262,0.04
2014-08-13,BANKNIFTY,20140828,15107.65,1061.7,7.0276,0.04
2014-08-13,NIFTY,20140828,7748.25,544.5,7.0274,0.04
2014-08-14,BANKNIFTY,20140828,14940.7,1050.2,7.0291,0.04
2014-08-14,NIFTY,20140828,7746.35,544.5,7.0291,0.04
2014-08-18,BANKNIFTY,20140828,15123.35,1064.0,7.0355,0.04
2014-08-18,NIFTY,20140828,7803.7,549.1,7.0364,0.04
2014-08-19,BANKNIFTY,20140828,15448.75,1087.2,7.0375,0.04
2014-08-19,NIFTY,20140828,7877.7,554.4,7.0376,0.04
2014-08-20,BANKNIFTY,20140828,15536.75,1093.7,7.0394,0.04
2014-08-20,NIFTY,20140828,7909.65,556.8,7.0395,0.04
2014-08-21,BANKNIFTY,20140828,15516.15,1092.5,7.0411,0.04
2014-08-21,NIFTY,20140828,7890.7,555.6,7.0412,0.04
2014-08-22,BANKNIFTY,20140828,15671.7,1103.7,7.0426,0.04
2014-08-22,NIFTY,20140828,7903.15,556.6,7.0428,0.04
2014-08-25,BANKNIFTY,20140828,15828.3,1115.5,7.0475,0.04
2014-08-25,NIFTY,20140828,7927.55,558.7,7.0476,0.04
2014-08-26,BANKNIFTY,20140828,15681.0,1105.5,7.0499,0.04
2014-08-26,NIFTY,20140828,7915.45,558.1,7.0508,0.04
2014-08-27,BANKNIFTY,20140828,15644.4,1106.7,7.0741,0.04
2014-08-27,NIFTY,20140828,7906.5,559.3,7.0739,0.04
2014-08-28,BANKNIFTY,20140828,15713.6,1115.4,7.0983,0.04
2014-08-28,NIFTY,20140828,7931.6,563.1,7.0995,0.04
2014-09-01,BANKNIFTY,20140925,15785.45,1110.5,7.035,0.04
2014-09-01,NIFTY,20140925,7986.4,561.2,7.0269,0.04
2014-09-02,BANKNIFTY,20140925,16112.9,1130.1,7.0136,0.04
2014-09-02,NIFTY,20140925,8069.45,566.0,7.0141,0.04
2014-09-03,BANKNIFTY,20140925,16205.1,1136.8,7.0151,0.04
2014-09-03,NIFTY,20140925,8121.45,569.8,7.016,0.04
2014-09-04,BANKNIFTY,20140925,16183.0,1135.6,7.0172,0.04
2014-09-04,NIFTY,20140925,8140.45,571.2,7.0168,0.04
2014-09-05,BANKNIFTY,20140925,16118.85,1131.4,7.0191,0.04
2014-09-05,NIFTY,20140925,8132.4,570.8,7.0188,0.04
2014-09-08,BANKNIFTY,20140925,16060.95,1128.2,7.0245,0.04
2014-09-08,NIFTY,20140925,8116.7,570.2,7.025,0.04
2014-09-09,BANKNIFTY,20140925,16267.75,1143.0,7.0262,0.04
2014-09-09,NIFTY,20140925,8193.1,575.7,7.0266,0.04
2014-09-10,BANKNIFTY,20140925,16228.45,1140.5,7.0278,0.04
2014-09-10,NIFTY,20140925,8182.2,575.0,7.0274,0.04
2014-09-11,BANKNIFTY,20140925,16233.0,1141.1,7.0295,0.04
2014-09-11,NIFTY,20140925,8130.7,571.5,7.0289,0.04
2014-09-12,BANKNIFTY,20140925,16283.55,1144.9,7.031,0.04
2014-09-12,NIFTY,20140925,8119.4,570.9,7.0313,0.04
2014-09-15,BANKNIFTY,20140925,16320.6,1148.3,7.0359,0.04
2014-09-15,NIFTY,20140925,8137.85,572.6,7.0363,0.04
2014-09-16,BANKNIFTY,20140925,16229.35,1142.2,7.0379,0.04
2014-09-16,NIFTY,20140925,8062.55,567.4,7.0375,0.04
2014-09-17,BANKNIFTY,20140925,15897.3,1119.1,7.0396,0.04
2014-09-17,NIFTY,20140925,7960.85,560.4,7.0394,0.04
2014-09-18,BANKNIFTY,20140925,15904.5,1119.8,7.0408,0.04
2014-09-18,NIFTY,20140925,7992.85,562.8,7.0413,0.04
2014-09-19,BANKNIFTY,20140925,16207.95,1141.5,7.0428,0.04
2014-09-19,NIFTY,20140925,8136.7,573.1,7.0434,0.04
2014-09-22,BANKNIFTY,20140925,16160.4,1139.0,7.0481,0.04
2014-09-22,NIFTY,20140925,8131.0,573.1,7.0483,0.04
2014-09-23,BANKNIFTY,20140925,16217.9,1143.3,7.0496,0.04
2014-09-23,NIFTY,20140925,8158.45,575.2,7.0504,0.04
2014-09-24,BANKNIFTY,20140925,15929.9,1126.9,7.0741,0.04
2014-09-24,NIFTY,20140925,8032.2,568.2,7.074,0.04
2014-09-25,BANKNIFTY,20140925,15765.55,1119.1,7.0984,0.04
2014-09-25,NIFTY,20140925,8015.2,569.0,7.099,0.04
2014-09-26,BANKNIFTY,20141030,15445.25,1080.3,6.9944,0.04
2014-09-26,NIFTY,20141030,7971.8,558.2,7.0022,0.04
2014-09-29,BANKNIFTY,20141030,15724.75,1100.8,7.0004,0.04
2014-09-29,NIFTY,20141030,8031.9,562.3,7.0008,0.04
2014-09-30,BANKNIFTY,20141030,15542.35,1088.3,7.0022,0.04
2014-09-30,NIFTY,20141030,7993.9,559.8,7.0028,0.04
2014-10-01,BANKNIFTY,20141030,15475.4,1083.8,7.0034,0.04
2014-10-01,NIFTY,20141030,7999.15,560.2,7.0032,0.04
2014-10-07,BANKNIFTY,20141030,15385.6,1079.2,7.0144,0.04
2014-10-07,NIFTY,20141030,7983.65,560.0,7.0143,0.04
2014-10-08,BANKNIFTY,20141030,15260.45,1070.6,7.0155,0.04
2014-10-08,NIFTY,20141030,7890.9,553.6,7.0157,0.04
2014-10-09,BANKNIFTY,20141030,15451.2,1084.2,7.0169,0.04
2014-10-09,NIFTY,20141030,7895.5,554.1,7.0179,0.04
2014-10-10,BANKNIFTY,20141030,15804.55,1109.3,7.0189,0.04
2014-10-10,NIFTY,20141030,7990.35,560.9,7.0197,0.04
2014-10-13,BANKNIFTY,20141030,15496.25,1088.5,7.0243,0.04
2014-10-13,NIFTY,20141030,7886.8,554.0,7.0244,0.04
2014-10-14,BANKNIFTY,20141030,15711.2,1103.9,7.0262,0.04
2014-10-14,NIFTY,20141030,7911.4,555.9,7.0266,0.04
2014-10-16,BANKNIFTY,20141030,15799.15,1110.5,7.0289,0.04
2014-10-16,NIFTY,20141030,7895.25,555.0,7.0295,0.04
2014-10-17,BANKNIFTY,20141030,15574.0,1095.0,7.0309,0.04
2014-10-17,NIFTY,20141030,7778.1,546.9,7.0313,0.04
2014-10-20,BANKNIFTY,20141030,15990.95,1125.2,7.0365,0.04
2014-10-20,NIFTY,20141030,7817.05,550.1,7.0372,0.04
2014-10-21,BANKNIFTY,20141030,16247.8,1143.5,7.0379,0.04
2014-10-21,NIFTY,20141030,7897.25,555.8,7.0379,0.04
2014-10-22,BANKNIFTY,20141030,16463.1,1159.0,7.04,0.04
2014-10-22,NIFTY,20141030,7946.4,559.5,7.0409,0.04
2014-10-23,BANKNIFTY,20141030,16479.5,1160.4,7.0415,0.04
2014-10-23,NIFTY,20141030,8013.8,564.3,7.0416,0.04
2014-10-27,BANKNIFTY,20141030,16483.65,1161.9,7.0488,0.04
2014-10-27,NIFTY,20141030,8023.85,565.6,7.049,0.04
2014-10-28,BANKNIFTY,20141030,16585.8,1169.3,7.05,0.04
2014-10-28,NIFTY,20141030,7998.0,563.9,7.0505,0.04
2014-10-29,BANKNIFTY,20141030,16688.9,1180.6,7.0742,0.04
2014-10-29,NIFTY,20141030,8040.35,568.8,7.0743,0.04
2014-10-30,BANKNIFTY,20141030,16640.6,1181.2,7.0983,0.04
2014-10-30,NIFTY,20141030,8089.15,574.2,7.0984,0.04
2014-10-31,BANKNIFTY,20141127,16829.5,1182.5,7.0264,0.04
2014-10-31,NIFTY,20141127,8198.2,576.4,7.0308,0.04
2014-11-03,BANKNIFTY,20141127,17146.45,1202.6,7.0137,0.04
2014-11-03,NIFTY,20141127,8352.7,585.8,7.0133,0.04
2014-11-05,BANKNIFTY,20141127,17225.95,1208.7,7.0167,0.04
2014-11-05,NIFTY,20141127,8361.05,586.7,7.0171,0.04
2014-11-07,BANKNIFTY,20141127,17472.05,1226.5,7.0198,0.04
2014-11-07,NIFTY,20141127,8380.15,588.3,7.0202,0.04
2014-11-10,BANKNIFTY,20141127,17457.55,1226.5,7.0256,0.04
2014-11-10,NIFTY,20141127,8381.65,589.2,7.0296,0.04
2014-11-11,BANKNIFTY,20141127,17362.8,1220.1,7.0271,0.04
2014-11-11,NIFTY,20141127,8379.5,588.9,7.0279,0.04
2014-11-12,BANKNIFTY,20141127,17501.75,1230.2,7.029,0.04
2014-11-12,NIFTY,20141127,8395.85,590.2,7.0297,0.04
2014-11-13,BANKNIFTY,20141127,17680.15,1243.0,7.0305,0.04
2014-11-13,NIFTY,20141127,8418.8,591.9,7.0307,0.04
2014-11-14,BANKNIFTY,20141127,17528.6,1232.7,7.0325,0.04
2014-11-14,NIFTY,20141127,8380.1,589.4,7.0333,0.04
2014-11-17,BANKNIFTY,20141127,17669.9,1243.6,7.038,0.04
2014-11-17,NIFTY,20141127,8416.65,592.4,7.0384,0.04
2014-11-18,BANKNIFTY,20141127,17705.4,1246.4,7.0397,0.04
2014-11-18,NIFTY,20141127,8452.95,595.1,7.0401,0.04
2014-11-19,BANKNIFTY,20141127,17747.8,1249.7,7.0414,0.04
2014-11-19,NIFTY,20141127,8451.9,595.2,7.0422,0.04
2014-11-20,BANKNIFTY,20141127,17637.15,1242.2,7.0431,0.04
2014-11-20,NIFTY,20141127,8409.55,592.3,7.0432,0.04
2014-11-21,BANKNIFTY,20141127,17679.15,1245.9,7.0473,0.04
2014-11-21,NIFTY,20141127,8420.35,593.2,7.0448,0.04
2014-11-24,BANKNIFTY,20141127,18097.4,1275.8,7.0496,0.04
2014-11-24,NIFTY,20141127,8492.4,598.7,7.0498,0.04
2014-11-25,BANKNIFTY,20141127,18306.55,1291.3,7.0538,0.04
2014-11-25,NIFTY,20141127,8535.5,601.9,7.0517,0.04
2014-11-26,BANKNIFTY,20141127,18062.2,1277.9,7.075,0.04
2014-11-26,NIFTY,20141127,8466.5,599.0,7.0749,0.04
2014-11-27,BANKNIFTY,20141127,17984.65,1276.7,7.0988,0.04
2014-11-27,NIFTY,20141127,8479.4,601.9,7.0984,0.04
2014-11-28,BANKNIFTY,20141224,18143.0,1272.1,7.0115,0.04
2014-11-28,NIFTY,20141224,8547.05,599.4,7.0129,0.04
2014-12-01,BANKNIFTY,20141224,18665.25,1309.6,7.0162,0.04
2014-12-01,NIFTY,20141224,8638.35,606.1,7.0164,0.04
2014-12-02,BANKNIFTY,20141224,18646.3,1308.5,7.0175,0.04
2014-12-02,NIFTY,20141224,8595.9,603.2,7.0173,0.04
2014-12-03,BANKNIFTY,20141224,18670.6,1310.6,7.0196,0.04
2014-12-03,NIFTY,20141224,8575.35,602.0,7.0201,0.04
2014-12-04,BANKNIFTY,20141224,18733.45,1315.2,7.0206,0.04
2014-12-04,NIFTY,20141224,8578.75,602.3,7.0208,0.04
2014-12-05,BANKNIFTY,20141224,18845.8,1323.5,7.0228,0.04
2014-12-05,NIFTY,20141224,8605.75,604.4,7.0232,0.04
2014-12-08,BANKNIFTY,20141224,18843.15,1324.4,7.0285,0.04
2014-12-08,NIFTY,20141224,8582.55,603.2,7.0282,0.04
2014-12-09,BANKNIFTY,20141224,18614.1,1308.5,7.0296,0.04
2014-12-09,NIFTY,20141224,8489.75,596.8,7.0297,0.04
2014-12-10,BANKNIFTY,20141224,18404.35,1294.2,7.032,0.04
2014-12-10,NIFTY,20141224,8393.45,590.2,7.0317,0.04
2014-12-11,BANKNIFTY,20141224,18606.9,1308.8,7.0339,0.04
2014-12-11,NIFTY,20141224,8406.8,591.3,7.0336,0.04
2014-12-12,BANKNIFTY,20141224,18505.4,1301.9,7.0352,0.04
2014-12-12,NIFTY,20141224,8342.1,586.9,7.0354,0.04
2014-12-15,BANKNIFTY,20141224,18413.85,1296.4,7.0404,0.04
2014-12-15,NIFTY,20141224,8276.9,582.8,7.0413,0.04
2014-12-16,BANKNIFTY,20141224,18486.0,1301.8,7.0421,0.04
2014-12-16,NIFTY,20141224,8267.2,582.2,7.0423,0.04
2014-12-17,BANKNIFTY,20141224,17916.75,1262.9,7.0487,0.04
2014-12-17,NIFTY,20141224,8116.0,571.7,7.0441,0.04
2014-12-18,BANKNIFTY,20141224,17951.45,1264.8,7.0457,0.04
2014-12-18,NIFTY,20141224,8060.85,567.9,7.0452,0.04
2014-12-19,BANKNIFTY,20141224,18389.55,1295.8,7.0464,0.04
2014-12-19,NIFTY,20141224,8180.8,576.5,7.047,0.04
2014-12-22,BANKNIFTY,20141224,18505.95,1305.5,7.0545,0.04
2014-12-22,NIFTY,20141224,8239.85,581.1,7.0523,0.04
2014-12-23,BANKNIFTY,20141224,18758.75,1327.2,7.0751,0.04
2014-12-23,NIFTY,20141224,8334.2,589.7,7.0757,0.04
2014-12-24,BANKNIFTY,20141224,18626.65,1322.2,7.0984,0.04
2014-12-24,NIFTY,20141224,8271.55,587.2,7.099,0.04
2014-12-26,BANKNIFTY,20150129,18763.25,1313.2,6.9988,0.04
2014-12-26,NIFTY,20150129,8277.3,579.3,6.9987,0.04
2014-12-29,BANKNIFTY,20150129,18746.8,1313.3,7.0055,0.04
2014-12-29,NIFTY,20150129,8273.75,579.5,7.0041,0.04
2014-12-30,BANKNIFTY,20150129,18683.0,1309.1,7.0069,0.04
2014-12-30,NIFTY,20150129,8316.45,582.6,7.0054,0.04
2014-12-31,BANKNIFTY,20150129,18820.3,1319.0,7.0084,0.04
2014-12-31,NIFTY,20150129,8317.95,582.8,7.0065,0.04
2015-01-01,BANKNIFTY,20150129,18903.5,1325.3,7.0109,0.04
2015-01-01,NIFTY,20150129,8337.85,584.3,7.0078,0.04
2015-01-02,BANKNIFTY,20150129,18904.2,1325.2,7.0101,0.04
2015-01-02,NIFTY,20150129,8343.8,584.9,7.01,0.04
2015-01-05,BANKNIFTY,20150129,19217.7,1348.9,7.0191,0.04
2015-01-05,NIFTY,20150129,8458.4,593.4,7.0155,0.04
2015-01-06,BANKNIFTY,20150129,19150.15,1343.9,7.0177,0.04
2015-01-06,NIFTY,20150129,8422.85,591.1,7.0178,0.04
2015-01-07,BANKNIFTY,20150129,18521.55,1300.9,7.0237,0.04
2015-01-07,NIFTY,20150129,8157.9,572.8,7.0214,0.04
2015-01-08,BANKNIFTY,20150129,18405.6,1292.8,7.0239,0.04
2015-01-08,NIFTY,20150129,8141.85,571.6,7.0205,0.04
2015-01-09,BANKNIFTY,20150129,18775.1,1318.7,7.0237,0.04
2015-01-09,NIFTY,20150129,8257.25,579.8,7.0217,0.04
2015-01-12,BANKNIFTY,20150129,18709.3,1314.6,7.0265,0.04
2015-01-12,NIFTY,20150129,8315.5,584.3,7.0266,0.04
2015-01-13,BANKNIFTY,20150129,18889.35,1327.6,7.0283,0.04
2015-01-13,NIFTY,20150129,8360.55,587.6,7.0282,0.04
2015-01-14,BANKNIFTY,20150129,18759.65,1318.7,7.0294,0.04
2015-01-14,NIFTY,20150129,8316.5,584.6,7.0294,0.04
2015-01-15,BANKNIFTY,20150129,18690.6,1314.3,7.0319,0.04
2015-01-15,NIFTY,20150129,8307.35,584.1,7.0311,0.04
2015-01-16,BANKNIFTY,20150129,19270.25,1355.4,7.0336,0.04
2015-01-16,NIFTY,20150129,8515.05,598.9,7.0334,0.04
2015-01-19,BANKNIFTY,20150129,19288.45,1357.6,7.0384,0.04
2015-01-19,NIFTY,20150129,8535.05,600.8,7.0392,0.04
2015-01-20,BANKNIFTY,20150129,19453.8,1369.6,7.0403,0.04
2015-01-20,NIFTY,20150129,8574.1,603.7,7.041,0.04
2015-01-21,BANKNIFTY,20150129,19825.45,1396.4,7.0435,0.04
2015-01-21,NIFTY,20150129,8717.15,613.9,7.0424,0.04
2015-01-22,BANKNIFTY,20150129,19889.65,1401.4,7.0459,0.04
2015-01-22,NIFTY,20150129,8738.5,615.5,7.0435,0.04
2015-01-23,BANKNIFTY,20150129,19973.3,1407.7,7.0479,0.04
2015-01-23,NIFTY,20150129,8779.15,618.6,7.0462,0.04
2015-01-27,BANKNIFTY,20150129,20119.3,1421.5,7.0654,0.04
2015-01-27,NIFTY,20150129,8844.4,623.7,7.0519,0.04
2015-01-28,BANKNIFTY,20150129,20588.45,1456.6,7.0748,0.04
2015-01-28,NIFTY,20150129,8922.65,631.3,7.0753,0.04
2015-01-29,BANKNIFTY,20150129,20480.25,1453.8,7.0985,0.04
2015-01-29,NIFTY,20150129,8904.65,632.1,7.0985,0.04
2015-01-30,BANKNIFTY,20150226,20667.6,1448.9,7.0105,0.04
2015-01-30,NIFTY,20150226,8986.3,631.8,7.0307,0.04
2015-02-02,BANKNIFTY,20150226,19995.35,1403.4,7.0186,0.04
2015-02-02,NIFTY,20150226,8872.65,622.5,7.0159,0.04
2015-02-03,BANKNIFTY,20150226,20052.1,1408.3,7.0232,0.04
2015-02-03,NIFTY,20150226,8859.65,621.8,7.0183,0.04
2015-02-04,BANKNIFTY,20150226,19500.8,1370.1,7.0259,0.04
2015-02-04,NIFTY,20150226,8809.9,618.5,7.0205,0.04
2015-02-05,BANKNIFTY,20150226,19284.7,1356.0,7.0315,0.04
2015-02-05,NIFTY,20150226,8776.35,616.3,7.0223,0.04
2015-02-06,BANKNIFTY,20150226,19147.05,1347.5,7.0376,0.04
2015-02-06,NIFTY,20150226,8751.3,614.7,7.0241,0.04
2015-02-09,BANKNIFTY,20150226,18878.95,1329.9,7.0444,0.04
2015-02-09,NIFTY,20150226,8711.9,612.6,7.0318,0.04
2015-02-10,BANKNIFTY,20150226,18489.3,1303.2,7.0484,0.04
2015-02-10,NIFTY,20150226,8562.9,602.4,7.035,0.04
2015-02-11,BANKNIFTY,20150226,18853.95,1329.4,7.051,0.04
2015-02-11,NIFTY,20150226,8611.4,605.6,7.0325,0.04
2015-02-12,BANKNIFTY,20150226,19048.5,1342.1,7.0457,0.04
2015-02-12,NIFTY,20150226,8670.9,609.7,7.0316,0.04
2015-02-13,BANKNIFTY,20150226,19231.7,1354.6,7.0436,0.04
2015-02-13,NIFTY,20150226,8752.2,615.5,7.0325,0.04
2015-02-16,BANKNIFTY,20150226,19459.1,1371.9,7.0502,0.04
2015-02-16,NIFTY,20150226,8841.55,622.2,7.0372,0.04
2015-02-18,BANKNIFTY,20150226,19272.75,1360.4,7.0587,0.04
2015-02-18,NIFTY,20150226,8845.05,622.8,7.0412,0.04
2015-02-19,BANKNIFTY,20150226,19380.15,1367.5,7.0562,0.04
2015-02-19,NIFTY,20150226,8891.3,626.2,7.0428,0.04
2015-02-20,BANKNIFTY,20150226,19257.5,1360.2,7.0632,0.04
2015-02-20,NIFTY,20150226,8916.15,628.1,7.0445,0.04
2015-02-23,BANKNIFTY,20150226,19104.9,1350.8,7.0704,0.04
2015-02-23,NIFTY,20150226,8849.45,623.9,7.0502,0.04
2015-02-24,BANKNIFTY,20150226,18906.35,1336.3,7.068,0.04
2015-02-24,NIFTY,20150226,8753.45,617.5,7.0544,0.04
2015-02-25,BANKNIFTY,20150226,18887.55,1336.3,7.075,0.04
2015-02-25,NIFTY,20150226,8773.3,620.7,7.0749,0.04
2015-02-26,BANKNIFTY,20150226,18737.95,1330.1,7.0984,0.04
2015-02-26,NIFTY,20150226,8767.15,622.4,7.0992,0.04
2015-02-27,BANKNIFTY,20150326,18699.85,1311.3,7.0124,0.04
2015-02-27,NIFTY,20150326,8729.65,612.8,7.0198,0.04
2015-03-02,BANKNIFTY,20150326,19853.1,1393.0,7.0165,0.04
2015-03-02,NIFTY,20150326,8964.65,628.9,7.0153,0.04
2015-03-03,BANKNIFTY,20150326,20174.25,1415.9,7.0184,0.04
2015-03-03,NIFTY,20150326,9000.7,631.5,7.0161,0.04
2015-03-04,BANKNIFTY,20150326,20121.15,1412.9,7.022,0.04
2015-03-04,NIFTY,20150326,9054.85,635.5,7.0183,0.04
2015-03-05,BANKNIFTY,20150326,19752.7,1389.5,7.0345,0.04
2015-03-05,NIFTY,20150326,8956.35,628.8,7.0207,0.04
2015-03-09,BANKNIFTY,20150326,19907.8,1400.1,7.0329,0.04
2015-03-09,NIFTY,20150326,8988.75,631.7,7.0277,0.04
2015-03-10,BANKNIFTY,20150326,19259.5,1407.3,7.307,0.04
2015-03-10,NIFTY,20150326,8784.85,617.5,7.0291,0.04
2015-03-11,BANKNIFTY,20150326,19168.55,1360.9,7.0997,0.04
2015-03-11,NIFTY,20150326,8760.3,615.9,7.0306,0.04
2015-03-12,BANKNIFTY,20150326,19188.25,1350.8,7.0397,0.04
2015-03-12,NIFTY,20150326,8752.15,615.5,7.0326,0.04
2015-03-13,BANKNIFTY,20150326,19273.25,1356.9,7.0403,0.04
2015-03-13,NIFTY,20150326,8813.05,619.9,7.0339,0.04
2015-03-16,BANKNIFTY,20150326,18880.95,1330.7,7.0478,0.04
2015-03-16,NIFTY,20150326,8674.4,610.7,7.0403,0.04
2015-03-17,BANKNIFTY,20150326,18969.75,1337.9,7.0528,0.04
2015-03-17,NIFTY,20150326,8665.6,610.2,7.0416,0.04
2015-03-18,BANKNIFTY,20150326,19131.1,1349.9,7.0561,0.04
2015-03-18,NIFTY,20150326,8740.2,615.5,7.0422,0.04
2015-03-19,BANKNIFTY,20150326,19248.6,1358.4,7.0571,0.04
2015-03-19,NIFTY,20150326,8704.7,613.1,7.0433,0.04
2015-03-20,BANKNIFTY,20150326,18844.6,1330.1,7.0583,0.04
2015-03-20,NIFTY,20150326,8635.85,608.5,7.0462,0.04
2015-03-23,BANKNIFTY,20150326,18678.15,1319.4,7.0639,0.04
2015-03-23,NIFTY,20150326,8602.05,606.5,7.0506,0.04
2015-03-24,BANKNIFTY,20150326,18495.95,1306.1,7.0615,0.04
2015-03-24,NIFTY,20150326,8565.0,604.1,7.0531,0.04
2015-03-25,BANKNIFTY,20150326,18391.2,1301.2,7.0751,0.04
2015-03-25,NIFTY,20150326,8573.85,606.6,7.075,0.04
2015-03-26,BANKNIFTY,20150326,18327.95,1301.0,7.0984,0.04
2015-03-26,NIFTY,20150326,8535.0,605.9,7.099,0.04
2015-03-27,BANKNIFTY,20150430,18066.7,1265.9,7.0068,0.04
2015-03-27,NIFTY,20150430,8455.75,591.9,7.0,0.04
2015-03-30,BANKNIFTY,20150430,18277.35,1280.0,7.0032,0.04
2015-03-30,NIFTY,20150430,8434.9,590.7,7.003,0.04
2015-03-31,BANKNIFTY,20150430,18525.65,1298.1,7.007,0.04
2015-03-31,NIFTY,20150430,8557.5,599.4,7.0044,0.04
2015-04-01,BANKNIFTY,20150430,18310.65,1283.0,7.0069,0.04
2015-04-01,NIFTY,20150430,8534.75,598.0,7.0066,0.04
2015-04-06,BANKNIFTY,20150430,18727.0,1313.6,7.0145,0.04
2015-04-06,NIFTY,20150430,8633.1,605.6,7.0149,0.04
2015-04-07,BANKNIFTY,20150430,18665.5,1310.2,7.0194,0.04
2015-04-07,NIFTY,20150430,8689.8,610.0,7.0197,0.04
2015-04-08,BANKNIFTY,20150430,18571.7,1304.3,7.0231,0.04
2015-04-08,NIFTY,20150430,8711.3,611.7,7.0219,0.04
2015-04-09,BANKNIFTY,20150430,18510.55,1300.5,7.0257,0.04
2015-04-09,NIFTY,20150430,8762.65,615.4,7.023,0.04
2015-04-10,BANKNIFTY,20150430,18961.9,1332.1,7.0251,0.04
2015-04-10,NIFTY,20150430,8811.1,619.0,7.0252,0.04
2015-04-13,BANKNIFTY,20150430,18864.7,1326.1,7.0295,0.04
2015-04-13,NIFTY,20150430,8811.45,619.4,7.0295,0.04
2015-04-15,BANKNIFTY,20150430,18856.45,1326.2,7.0331,0.04
2015-04-15,NIFTY,20150430,8855.45,622.8,7.033,0.04
2015-04-16,BANKNIFTY,20150430,18769.4,1320.5,7.0354,0.04
2015-04-16,NIFTY,20150430,8786.15,618.1,7.0349,0.04
2015-04-17,BANKNIFTY,20150430,18672.9,1313.8,7.0359,0.04
2015-04-17,NIFTY,20150430,8726.15,614.0,7.0363,0.04
2015-04-20,BANKNIFTY,20150430,18408.35,1297.1,7.0463,0.04
2015-04-20,NIFTY,20150430,8638.85,608.3,7.0414,0.04
2015-04-21,BANKNIFTY,20150430,18142.0,1278.8,7.0488,0.04
2015-04-21,NIFTY,20150430,8469.9,596.6,7.0438,0.04
2015-04-22,BANKNIFTY,20150430,18156.1,1280.0,7.05,0.04
2015-04-22,NIFTY,20150430,8400.45,592.0,7.0472,0.04
2015-04-23,BANKNIFTY,20150430,18297.4,1290.4,7.0524,0.04
2015-04-23,NIFTY,20150430,8461.2,596.1,7.0451,0.04
2015-04-24,BANKNIFTY,20150430,18262.95,1288.5,7.0553,0.04
2015-04-24,NIFTY,20150430,8405.35,592.3,7.0467,0.04
2015-04-27,BANKNIFTY,20150430,18031.15,1272.2,7.0556,0.04
2015-04-27,NIFTY,20150430,8318.8,586.7,7.0527,0.04
2015-04-28,BANKNIFTY,20150430,17790.2,1255.5,7.0573,0.04
2015-04-28,NIFTY,20150430,8223.0,580.4,7.0583,0.04
2015-04-29,BANKNIFTY,20150430,18247.0,1291.2,7.0762,0.04
2015-04-29,NIFTY,20150430,8292.4,586.8,7.0764,0.04
2015-04-30,BANKNIFTY,20150430,18300.55,1299.1,7.0987,0.04
2015-04-30,NIFTY,20150430,8238.25,584.8,7.0986,0.04
2015-05-04,BANKNIFTY,20150528,18490.65,1297.6,7.0176,0.04
2015-05-04,NIFTY,20150528,8244.05,578.6,7.0184,0.04
2015-05-05,BANKNIFTY,20150528,18599.2,1305.5,7.0191,0.04
2015-05-05,NIFTY,20150528,8372.25,587.7,7.0196,0.04
2015-05-06,BANKNIFTY,20150528,18557.9,1303.0,7.0213,0.04
2015-05-06,NIFTY,20150528,8361.7,587.1,7.0213,0.04
2015-05-07,BANKNIFTY,20150528,17840.55,1252.8,7.0222,0.04
2015-05-07,NIFTY,20150528,8121.75,570.4,7.0231,0.04
2015-05-08,BANKNIFTY,20150528,17424.35,1223.9,7.0241,0.04
2015-05-08,NIFTY,20150528,8082.15,567.7,7.0241,0.04
2015-05-11,BANKNIFTY,20150528,17818.55,1262.3,7.0842,0.04
2015-05-11,NIFTY,20150528,8210.55,577.1,7.0288,0.04
2015-05-12,BANKNIFTY,20150528,18208.8,1316.8,7.2317,0.04
2015-05-12,NIFTY,20150528,8342.15,586.5,7.0306,0.04
2015-05-13,BANKNIFTY,20150528,17619.5,1375.7,7.8078,0.04
2015-05-13,NIFTY,20150528,8131.25,571.8,7.0321,0.04
2015-05-14,BANKNIFTY,20150528,18109.2,1463.3,8.0804,0.04
2015-05-14,NIFTY,20150528,8250.75,580.4,7.0345,0.04
2015-05-15,BANKNIFTY,20150528,18135.2,1420.2,7.8312,0.04
2015-05-15,NIFTY,20150528,8237.8,579.6,7.0359,0.04
2015-05-18,BANKNIFTY,20150528,18163.1,1382.6,7.6121,0.04
2015-05-18,NIFTY,20150528,8261.2,581.6,7.0401,0.04
2015-05-19,BANKNIFTY,20150528,18401.5,1380.8,7.5037,0.04
2015-05-19,NIFTY,20150528,8372.8,589.6,7.0418,0.04
2015-05-20,BANKNIFTY,20150528,18366.4,1336.0,7.2742,0.04
2015-05-20,NIFTY,20150528,8366.3,589.3,7.0437,0.04
2015-05-21,BANKNIFTY,20150528,18523.6,1318.2,7.1163,0.04
2015-05-21,NIFTY,20150528,8424.3,593.5,7.0451,0.04
2015-05-22,BANKNIFTY,20150528,18500.4,1303.7,7.0469,0.04
2015-05-22,NIFTY,20150528,8419.1,593.3,7.0471,0.04
2015-05-25,BANKNIFTY,20150528,18375.25,1295.7,7.0513,0.04
2015-05-25,NIFTY,20150528,8452.05,596.0,7.0515,0.04
2015-05-26,BANKNIFTY,20150528,18280.8,1289.4,7.0533,0.04
2015-05-26,NIFTY,20150528,8368.45,590.3,7.0539,0.04
2015-05-27,BANKNIFTY,20150528,18288.15,1294.1,7.0762,0.04
2015-05-27,NIFTY,20150528,8337.9,590.0,7.0761,0.04
2015-05-28,BANKNIFTY,20150528,18513.6,1314.2,7.0986,0.04
2015-05-28,NIFTY,20150528,8331.75,591.5,7.0993,0.04
2015-05-29,BANKNIFTY,20150625,18491.25,1302.2,7.0422,0.04
2015-05-29,NIFTY,20150625,8318.55,587.2,7.0589,0.04
2015-06-01,BANKNIFTY,20150625,18764.15,1316.9,7.0182,0.04
2015-06-01,NIFTY,20150625,8458.65,593.7,7.0189,0.04
2015-06-02,BANKNIFTY,20150625,18641.4,1308.6,7.0199,0.04
2015-06-02,NIFTY,20150625,8431.65,591.9,7.02,0.04
2015-06-03,BANKNIFTY,20150625,17937.15,1271.2,7.087,0.04
2015-06-03,NIFTY,20150625,8225.35,577.7,7.0234,0.04
2015-06-04,BANKNIFTY,20150625,17720.85,1244.8,7.0245,0.04
2015-06-04,NIFTY,20150625,8136.35,571.5,7.024,0.04
2015-06-05,BANKNIFTY,20150625,17748.2,1247.1,7.0266,0.04
2015-06-05,NIFTY,20150625,8141.6,572.1,7.0269,0.04
2015-06-08,BANKNIFTY,20150625,17536.8,1233.2,7.0321,0.04
2015-06-08,NIFTY,20150625,8114.25,570.6,7.0321,0.04
2015-06-09,BANKNIFTY,20150625,17410.65,1224.6,7.0336,0.04
2015-06-09,NIFTY,20150625,8044.2,565.8,7.0336,0.04
2015-06-10,BANKNIFTY,20150625,17495.55,1230.8,7.0349,0.04
2015-06-10,NIFTY,20150625,8030.6,565.0,7.0356,0.04
2015-06-11,BANKNIFTY,20150625,17676.15,1243.8,7.0366,0.04
2015-06-11,NIFTY,20150625,8120.05,571.4,7.0369,0.04
2015-06-12,BANKNIFTY,20150625,17274.75,1215.8,7.038,0.04
2015-06-12,NIFTY,20150625,7959.2,560.2,7.0384,0.04
2015-06-15,BANKNIFTY,20150625,17500.2,1232.4,7.0422,0.04
2015-06-15,NIFTY,20150625,7978.7,561.9,7.0425,0.04
2015-06-16,BANKNIFTY,20150625,17414.1,1226.7,7.0443,0.04
2015-06-16,NIFTY,20150625,8009.2,564.2,7.0444,0.04
2015-06-17,BANKNIFTY,20150625,17576.8,1238.4,7.0457,0.04
2015-06-17,NIFTY,20150625,8047.0,567.0,7.0461,0.04
2015-06-18,BANKNIFTY,20150625,17520.65,1234.6,7.0465,0.04
2015-06-18,NIFTY,20150625,8079.05,569.3,7.0466,0.04
2015-06-19,BANKNIFTY,20150625,17683.1,1246.3,7.048,0.04
2015-06-19,NIFTY,20150625,8157.55,575.0,7.0487,0.04
2015-06-22,BANKNIFTY,20150625,17871.0,1260.4,7.0528,0.04
2015-06-22,NIFTY,20150625,8237.6,581.0,7.053,0.04
2015-06-23,BANKNIFTY,20150625,18320.6,1292.4,7.0544,0.04
2015-06-23,NIFTY,20150625,8353.15,589.3,7.0548,0.04
2015-06-24,BANKNIFTY,20150625,18390.55,1301.4,7.0765,0.04
2015-06-24,NIFTY,20150625,8377.4,592.9,7.0774,0.04
2015-06-25,BANKNIFTY,20150625,18347.45,1302.4,7.0985,0.04
2015-06-25,NIFTY,20150625,8350.3,592.8,7.0991,0.04
2015-06-26,BANKNIFTY,20150730,18508.4,1305.4,7.053,0.04
2015-06-26,NIFTY,20150730,8420.75,592.8,7.0398,0.04
2015-06-29,BANKNIFTY,20150730,18349.35,1286.0,7.0084,0.04
2015-06-29,NIFTY,20150730,8381.65,587.4,7.0082,0.04
2015-06-30,BANKNIFTY,20150730,18220.15,1277.0,7.0087,0.04
2015-06-30,NIFTY,20150730,8319.15,583.1,7.0091,0.04
2015-07-01,BANKNIFTY,20150730,18295.95,1282.8,7.0114,0.04
2015-07-01,NIFTY,20150730,8377.8,587.4,7.0114,0.04
2015-07-02,BANKNIFTY,20150730,18553.7,1301.2,7.0132,0.04
2015-07-02,NIFTY,20150730,8455.2,593.0,7.0134,0.04
2015-07-03,BANKNIFTY,20150730,18566.3,1302.5,7.0154,0.04
2015-07-03,NIFTY,20150730,8438.3,592.0,7.0156,0.04
2015-07-06,BANKNIFTY,20150730,18721.95,1314.3,7.0201,0.04
2015-07-06,NIFTY,20150730,8488.0,595.9,7.0205,0.04
2015-07-07,BANKNIFTY,20150730,18859.35,1324.4,7.0225,0.04
2015-07-07,NIFTY,20150730,8537.75,599.6,7.0229,0.04
2015-07-08,BANKNIFTY,20150730,18806.45,1321.1,7.0247,0.04
2015-07-08,NIFTY,20150730,8516.6,598.3,7.0251,0.04
2015-07-09,BANKNIFTY,20150730,18515.05,1300.9,7.0262,0.04
2015-07-09,NIFTY,20150730,8378.0,588.7,7.0267,0.04
2015-07-10,BANKNIFTY,20150730,18566.75,1304.8,7.0276,0.04
2015-07-10,NIFTY,20150730,8346.1,586.5,7.0272,0.04
2015-07-13,BANKNIFTY,20150730,18801.35,1322.1,7.0319,0.04
2015-07-13,NIFTY,20150730,8385.55,589.7,7.0323,0.04
2015-07-14,BANKNIFTY,20150730,18974.35,1334.6,7.0337,0.04
2015-07-14,NIFTY,20150730,8481.95,596.6,7.0338,0.04
2015-07-15,BANKNIFTY,20150730,18838.05,1325.2,7.0347,0.04
2015-07-15,NIFTY,20150730,8465.9,595.6,7.0353,0.04
2015-07-16,BANKNIFTY,20150730,18880.45,1328.5,7.0364,0.04
2015-07-16,NIFTY,20150730,8542.05,601.1,7.037,0.04
2015-07-17,BANKNIFTY,20150730,19230.45,1353.5,7.0383,0.04
2015-07-17,NIFTY,20150730,8626.65,607.2,7.0387,0.04
2015-07-20,BANKNIFTY,20150730,19148.35,1348.6,7.0429,0.04
2015-07-20,NIFTY,20150730,8625.05,607.5,7.0434,0.04
2015-07-21,BANKNIFTY,20150730,19089.6,1344.9,7.0452,0.04
2015-07-21,NIFTY,20150730,8628.25,607.9,7.0455,0.04
2015-07-22,BANKNIFTY,20150730,18765.25,1322.2,7.046,0.04
2015-07-22,NIFTY,20150730,8545.0,602.1,7.0462,0.04
2015-07-23,BANKNIFTY,20150730,19056.8,1343.0,7.0474,0.04
2015-07-23,NIFTY,20150730,8648.4,609.5,7.0475,0.04
2015-07-24,BANKNIFTY,20150730,18906.3,1332.8,7.0495,0.04
2015-07-24,NIFTY,20150730,8603.7,606.5,7.0493,0.04
2015-07-27,BANKNIFTY,20150730,18675.95,1317.6,7.0551,0.04
2015-07-27,NIFTY,20150730,8534.35,602.0,7.0538,0.04
2015-07-28,BANKNIFTY,20150730,18251.45,1287.8,7.0559,0.04
2015-07-28,NIFTY,20150730,8372.8,590.8,7.0562,0.04
2015-07-29,BANKNIFTY,20150730,18314.2,1296.1,7.077,0.04
2015-07-29,NIFTY,20150730,8350.95,591.0,7.077,0.04
2015-07-30,BANKNIFTY,20150730,18329.1,1301.1,7.0985,0.04
2015-07-30,NIFTY,20150730,8377.65,594.7,7.0986,0.04
2015-07-31,BANKNIFTY,20150827,18535.85,1301.9,7.0237,0.04
2015-07-31,NIFTY,20150827,8461.75,594.6,7.0269,0.04
2015-08-03,BANKNIFTY,20150827,18835.8,1322.7,7.0223,0.04
2015-08-03,NIFTY,20150827,8569.65,601.8,7.0225,0.04
2015-08-04,BANKNIFTY,20150827,18959.45,1331.7,7.0239,0.04
2015-08-04,NIFTY,20150827,8561.7,601.4,7.0243,0.04
2015-08-05,BANKNIFTY,20150827,19059.4,1339.0,7.0254,0.04
2015-08-05,NIFTY,20150827,8547.55,600.5,7.0254,0.04
2015-08-06,BANKNIFTY,20150827,19015.55,1336.3,7.0274,0.04
2015-08-06,NIFTY,20150827,8592.65,603.8,7.0269,0.04
2015-08-07,BANKNIFTY,20150827,19098.95,1342.4,7.0287,0.04
2015-08-07,NIFTY,20150827,8615.0,605.6,7.0296,0.04
2015-08-10,BANKNIFTY,20150827,18979.9,1335.0,7.0338,0.04
2015-08-10,NIFTY,20150827,8594.1,604.5,7.0339,0.04
2015-08-11,BANKNIFTY,20150827,18959.3,1333.9,7.0356,0.04
2015-08-11,NIFTY,20150827,8544.3,601.2,7.0363,0.04
2015-08-12,BANKNIFTY,20150827,18687.05,1315.0,7.037,0.04
2015-08-12,NIFTY,20150827,8490.8,597.5,7.037,0.04
2015-08-13,BANKNIFTY,20150827,18135.75,1277.4,7.0435,0.04
2015-08-13,NIFTY,20150827,8365.45,588.8,7.0385,0.04
2015-08-14,BANKNIFTY,20150827,18243.0,1285.1,7.0443,0.04
2015-08-14,NIFTY,20150827,8381.0,590.0,7.0397,0.04
2015-08-17,BANKNIFTY,20150827,18791.15,1324.0,7.0459,0.04
2015-08-17,NIFTY,20150827,8542.7,601.8,7.0446,0.04
2015-08-18,BANKNIFTY,20150827,18842.25,1327.5,7.0453,0.04
2015-08-18,NIFTY,20150827,8488.05,598.1,7.0464,0.04
2015-08-19,BANKNIFTY,20150827,18812.55,1325.7,7.0469,0.04
2015-08-19,NIFTY,20150827,8481.7,597.7,7.0469,0.04
2015-08-20,BANKNIFTY,20150827,18730.9,1320.3,7.0488,0.04
2015-08-20,NIFTY,20150827,8505.4,599.6,7.0496,0.04
2015-08-21,BANKNIFTY,20150827,18309.6,1291.2,7.052,0.04
2015-08-21,NIFTY,20150827,8380.05,590.8,7.0501,0.04
2015-08-24,BANKNIFTY,20150827,18071.6,1275.1,7.0558,0.04
2015-08-24,NIFTY,20150827,8306.35,586.0,7.0548,0.04
2015-08-25,BANKNIFTY,20150827,16760.6,1620.3,9.6673,0.04
2015-08-25,NIFTY,20150827,7806.35,583.1,7.4696,0.04
2015-08-26,BANKNIFTY,20150827,17203.2,1672.7,9.7232,0.04
2015-08-26,NIFTY,20150827,7896.2,578.3,7.3238,0.04
2015-08-27,BANKNIFTY,20150827,16938.75,1618.9,9.5574,0.04
2015-08-27,NIFTY,20150827,7800.7,562.9,7.216,0.04
2015-08-28,BANKNIFTY,20150924,17338.35,1623.2,9.3619,0.04
2015-08-28,NIFTY,20150924,7991.0,578.2,7.2356,0.04
2015-08-31,BANKNIFTY,20150924,17273.05,1574.4,9.1148,0.04
2015-08-31,NIFTY,20150924,8022.7,569.4,7.0974,0.04
2015-09-01,BANKNIFTY,20150924,17208.4,1522.4,8.8468,0.04
2015-09-01,NIFTY,20150924,8000.05,562.0,7.025,0.04
2015-09-02,BANKNIFTY,20150924,16563.35,1566.8,9.4594,0.04
2015-09-02,NIFTY,20150924,7798.8,560.6,7.1883,0.04
2015-09-03,BANKNIFTY,20150924,16282.1,1521.3,9.3434,0.04
2015-09-03,NIFTY,20150924,7742.15,544.1,7.0278,0.04
2015-09-04,BANKNIFTY,20150924,16565.9,1531.7,9.2461,0.04
2015-09-04,NIFTY,20150924,7842.55,551.3,7.0296,0.04
2015-09-07,BANKNIFTY,20150924,16145.85,1509.4,9.3485,0.04
2015-09-07,NIFTY,20150924,7664.35,546.4,7.1291,0.04
2015-09-08,BANKNIFTY,20150924,15824.5,1470.3,9.2913,0.04
2015-09-08,NIFTY,20150924,7574.5,533.0,7.0368,0.04
2015-09-09,BANKNIFTY,20150924,16403.25,1597.4,9.7383,0.04
2015-09-09,NIFTY,20150924,7719.4,545.4,7.0653,0.04
2015-09-10,BANKNIFTY,20150924,16633.2,1593.4,9.5796,0.04
2015-09-10,NIFTY,20150924,7826.7,550.9,7.0387,0.04
2015-09-11,BANKNIFTY,20150924,16629.85,1541.8,9.2713,0.04
2015-09-11,NIFTY,20150924,7808.25,549.7,7.04,0.04
2015-09-14,BANKNIFTY,20150924,16628.5,1496.4,8.999,0.04
2015-09-14,NIFTY,20150924,7789.35,548.7,7.0442,0.04
2015-09-15,BANKNIFTY,20150924,16920.05,1507.9,8.9119,0.04
2015-09-15,NIFTY,20150924,7875.2,554.9,7.0462,0.04
2015-09-16,BANKNIFTY,20150924,16752.45,1457.6,8.7008,0.04
2015-09-16,NIFTY,20150924,7828.55,551.7,7.0473,0.04
2015-09-18,BANKNIFTY,20150924,16961.15,1448.6,8.5407,0.04
2015-09-18,NIFTY,20150924,7896.3,556.7,7.0501,0.04
2015-09-21,BANKNIFTY,20150924,17408.55,1516.3,8.7101,0.04
2015-09-21,NIFTY,20150924,7982.55,563.2,7.0554,0.04
2015-09-22,BANKNIFTY,20150924,17537.3,1487.4,8.4814,0.04
2015-09-22,NIFTY,20150924,7980.05,563.1,7.0563,0.04
2015-09-23,BANKNIFTY,20150924,17001.55,1503.8,8.8451,0.04
2015-09-23,NIFTY,20150924,7797.1,551.9,7.0783,0.04
2015-09-24,BANKNIFTY,20150924,17273.7,1504.4,8.7092,0.04
2015-09-24,NIFTY,20150924,7855.45,557.7,7.0995,0.04
2015-09-28,BANKNIFTY,20151029,17295.25,1455.8,8.4173,0.04
2015-09-28,NIFTY,20151029,7895.7,555.6,7.0367,0.04
2015-09-29,BANKNIFTY,20151029,17185.8,1403.6,8.1672,0.04
2015-09-29,NIFTY,20151029,7825.5,549.0,7.0155,0.04
2015-09-30,BANKNIFTY,20151029,17387.85,1391.2,8.001,0.04
2015-09-30,NIFTY,20151029,7875.85,552.8,7.0189,0.04
2015-10-01,BANKNIFTY,20151029,17319.35,1345.8,7.7705,0.04
2015-10-01,NIFTY,20151029,7980.35,560.4,7.0222,0.04
2015-10-05,BANKNIFTY,20151029,17238.15,1302.6,7.5565,0.04
2015-10-05,NIFTY,20151029,7976.95,560.6,7.0277,0.04
2015-10-06,BANKNIFTY,20151029,17722.2,1397.3,7.8845,0.04
2015-10-06,NIFTY,20151029,8132.8,571.7,7.0296,0.04
2015-10-07,BANKNIFTY,20151029,17672.75,1350.4,7.6411,0.04
2015-10-07,NIFTY,20151029,8160.55,573.8,7.0314,0.04
2015-10-08,BANKNIFTY,20151029,17689.05,1310.2,7.4068,0.04
2015-10-08,NIFTY,20151029,8194.65,576.3,7.0326,0.04
2015-10-09,BANKNIFTY,20151029,17550.6,1267.8,7.2237,0.04
2015-10-09,NIFTY,20151029,8157.25,573.8,7.0342,0.04
2015-10-12,BANKNIFTY,20151029,17644.9,1241.9,7.0383,0.04
2015-10-12,NIFTY,20151029,8205.35,577.5,7.0381,0.04
2015-10-13,BANKNIFTY,20151029,17622.85,1240.6,7.0397,0.04
2015-10-13,NIFTY,20151029,8149.6,573.7,7.0396,0.04
2015-10-14,BANKNIFTY,20151029,17601.65,1239.6,7.0425,0.04
2015-10-14,NIFTY,20151029,8138.8,573.1,7.0416,0.04
2015-10-15,BANKNIFTY,20151029,17583.05,1238.3,7.0426,0.04
2015-10-15,NIFTY,20151029,8121.4,572.0,7.0431,0.04
2015-10-16,BANKNIFTY,20151029,17731.6,1249.1,7.0445,0.04
2015-10-16,NIFTY,20151029,8187.0,576.7,7.0441,0.04
2015-10-19,BANKNIFTY,20151029,17983.35,1267.5,7.0482,0.04
2015-10-19,NIFTY,20151029,8259.45,582.2,7.0489,0.04
2015-10-20,BANKNIFTY,20151029,17881.4,1260.5,7.0492,0.04
2015-10-20,NIFTY,20151029,8270.75,583.0,7.0489,0.04
2015-10-21,BANKNIFTY,20151029,17833.6,1257.4,7.0507,0.04
2015-10-21,NIFTY,20151029,8253.9,582.0,7.0512,0.04
2015-10-23,BANKNIFTY,20151029,17719.6,1249.8,7.0532,0.04
2015-10-23,NIFTY,20151029,8262.3,582.8,7.0537,0.04
2015-10-26,BANKNIFTY,20151029,17935.5,1265.8,7.0575,0.04
2015-10-26,NIFTY,20151029,8304.15,586.1,7.0579,0.04
2015-10-27,BANKNIFTY,20151029,17818.75,1257.8,7.0589,0.04
2015-10-27,NIFTY,20151029,8263.6,583.3,7.0587,0.04
2015-10-28,BANKNIFTY,20151029,17839.95,1262.9,7.0791,0.04
2015-10-28,NIFTY,20151029,8244.25,583.6,7.0789,0.04
2015-10-29,BANKNIFTY,20151029,17415.0,1236.3,7.0991,0.04
2015-10-29,NIFTY,20151029,8173.6,580.3,7.0997,0.04
2015-10-30,BANKNIFTY,20151126,17315.95,1216.1,7.023,0.04
2015-10-30,NIFTY,20151126,8142.7,572.9,7.0357,0.04
2015-11-02,BANKNIFTY,20151126,17416.9,1223.9,7.0271,0.04
2015-11-02,NIFTY,20151126,8094.7,568.9,7.0281,0.04
2015-11-03,BANKNIFTY,20151126,17396.6,1222.8,7.029,0.04
2015-11-03,NIFTY,20151126,8076.15,567.7,7.0293,0.04
2015-11-04,BANKNIFTY,20151126,17377.05,1221.7,7.0305,0.04
2015-11-04,NIFTY,20151126,8087.25,568.6,7.0308,0.04
2015-11-05,BANKNIFTY,20151126,17288.9,1215.7,7.0317,0.04
2015-11-05,NIFTY,20151126,8070.05,567.5,7.0322,0.04
2015-11-06,BANKNIFTY,20151126,17071.85,1200.7,7.0332,0.04
2015-11-06,NIFTY,20151126,7989.4,561.9,7.0331,0.04
2015-11-09,BANKNIFTY,20151126,17167.2,1208.1,7.0373,0.04
2015-11-09,NIFTY,20151126,7977.4,561.4,7.0374,0.04
2015-11-10,BANKNIFTY,20151126,17068.5,1201.4,7.0387,0.04
2015-11-10,NIFTY,20151126,7936.05,558.6,7.0388,0.04
2015-11-11,BANKNIFTY,20151126,16864.45,1187.3,7.0403,0.04
2015-11-11,NIFTY,20151126,7802.5,549.3,7.0401,0.04
2015-11-13,BANKNIFTY,20151126,16951.85,1193.9,7.0429,0.04
2015-11-13,NIFTY,20151126,7825.05,551.1,7.0428,0.04
2015-11-16,BANKNIFTY,20151126,16958.15,1195.1,7.0473,0.04
2015-11-16,NIFTY,20151126,7774.3,547.9,7.0476,0.04
2015-11-17,BANKNIFTY,20151126,17214.6,1213.4,7.0487,0.04
2015-11-17,NIFTY,20151126,7827.25,551.7,7.0485,0.04
2015-11-18,BANKNIFTY,20151126,17179.4,1211.1,7.0497,0.04
2015-11-18,NIFTY,20151126,7852.6,553.6,7.0499,0.04
2015-11-19,BANKNIFTY,20151126,16810.5,1185.4,7.0515,0.04
2015-11-19,NIFTY,20151126,7731.95,545.2,7.0513,0.04
2015-11-20,BANKNIFTY,20151126,17091.8,1205.5,7.0531,0.04
2015-11-20,NIFTY,20151126,7858.35,554.3,7.0536,0.04
2015-11-23,BANKNIFTY,20151126,17050.8,1203.3,7.0571,0.04
2015-11-23,NIFTY,20151126,7851.6,554.1,7.0572,0.04
2015-11-24,BANKNIFTY,20151126,17057.65,1204.0,7.0584,0.04
2015-11-24,NIFTY,20151126,7851.25,554.2,7.0587,0.04
2015-11-26,BANKNIFTY,20151126,17006.05,1207.2,7.0987,0.04
2015-11-26,NIFTY,20151126,7832.25,556.0,7.0989,0.04
2015-11-27,BANKNIFTY,20151231,17142.8,1203.3,7.0193,0.04
2015-11-27,NIFTY,20151231,7929.05,556.8,7.0223,0.04
2015-11-30,BANKNIFTY,20151231,17425.25,1222.8,7.0174,0.04
2015-11-30,NIFTY,20151231,7972.2,559.4,7.0169,0.04
2015-12-01,BANKNIFTY,20151231,17490.4,1231.1,7.0387,0.04
2015-12-01,NIFTY,20151231,7980.1,560.1,7.0187,0.04
2015-12-02,BANKNIFTY,20151231,17474.6,1226.7,7.0199,0.04
2015-12-02,NIFTY,20151231,7987.75,560.7,7.0195,0.04
2015-12-03,BANKNIFTY,20151231,17281.5,1213.4,7.0214,0.04
2015-12-03,NIFTY,20151231,7962.9,559.1,7.0213,0.04
2015-12-04,BANKNIFTY,20151231,17171.85,1205.9,7.0225,0.04
2015-12-04,NIFTY,20151231,7890.8,554.2,7.0234,0.04
2015-12-07,BANKNIFTY,20151231,16984.8,1193.5,7.0269,0.04
2015-12-07,NIFTY,20151231,7820.5,549.6,7.0277,0.04
2015-12-08,BANKNIFTY,20151231,17034.55,1197.2,7.0281,0.04
2015-12-08,NIFTY,20151231,7808.8,548.9,7.0292,0.04
2015-12-09,BANKNIFTY,20151231,16860.4,1185.3,7.0301,0.04
2015-12-09,NIFTY,20151231,7728.6,543.3,7.0297,0.04
2015-12-10,BANKNIFTY,20151231,16724.5,1175.9,7.031,0.04
2015-12-10,NIFTY,20151231,7644.35,537.5,7.0313,0.04
2015-12-11,BANKNIFTY,20151231,16775.85,1180.1,7.0345,0.04
2015-12-11,NIFTY,20151231,7710.75,542.3,7.033,0.04
2015-12-14,BANKNIFTY,20151231,16389.65,1153.4,7.0374,0.04
2015-12-14,NIFTY,20151231,7627.9,536.8,7.0373,0.04
2015-12-15,BANKNIFTY,20151231,16388.35,1153.4,7.0379,0.04
2015-12-15,NIFTY,20151231,7668.0,539.7,7.0383,0.04
2015-12-16,BANKNIFTY,20151231,16404.3,1155.0,7.0408,0.04
2015-12-16,NIFTY,20151231,7709.4,542.7,7.0395,0.04
2015-12-17,BANKNIFTY,20151231,16578.05,1167.2,7.0406,0.04
2015-12-17,NIFTY,20151231,7758.2,546.3,7.0416,0.04
2015-12-18,BANKNIFTY,20151231,16772.0,1181.1,7.0421,0.04
2015-12-18,NIFTY,20151231,7856.4,553.3,7.0427,0.04
2015-12-21,BANKNIFTY,20151231,16638.7,1172.5,7.0468,0.04
2015-12-21,NIFTY,20151231,7790.1,549.0,7.0474,0.04
2015-12-22,BANKNIFTY,20151231,16817.45,1185.3,7.048,0.04
2015-12-22,NIFTY,20151231,7841.45,552.7,7.0484,0.04
2015-12-23,BANKNIFTY,20151231,16715.3,1178.3,7.0492,0.04
2015-12-23,NIFTY,20151231,7785.1,548.8,7.0494,0.04
2015-12-24,BANKNIFTY,20151231,16851.15,1188.1,7.0506,0.04
2015-12-24,NIFTY,20151231,7864.0,554.5,7.0511,0.04
2015-12-28,BANKNIFTY,20151231,16830.0,1187.6,7.0564,0.04
2015-12-28,NIFTY,20151231,7871.75,555.5,7.0569,0.04
2015-12-29,BANKNIFTY,20151231,16930.8,1195.0,7.0581,0.04
2015-12-29,NIFTY,20151231,7908.55,558.2,7.0582,0.04
2015-12-30,BANKNIFTY,20151231,17010.8,1204.1,7.0784,0.04
2015-12-30,NIFTY,20151231,7932.05,561.5,7.0789,0.04
2015-12-31,BANKNIFTY,20151231,16913.7,1200.7,7.099,0.04
2015-12-31,NIFTY,20151231,7901.9,561.0,7.0996,0.04
2016-01-01,BANKNIFTY,20160128,16977.35,1195.1,7.0394,0.04
2016-01-01,NIFTY,20160128,7952.05,561.2,7.0573,0.04
2016-01-04,BANKNIFTY,20160128,17096.8,1201.3,7.0265,0.04
2016-01-04,NIFTY,20160128,7982.0,560.9,7.0271,0.04
2016-01-05,BANKNIFTY,20160128,16629.45,1168.7,7.0279,0.04
2016-01-05,NIFTY,20160128,7809.8,548.9,7.0283,0.04
2016-01-06,BANKNIFTY,20160128,16579.9,1165.5,7.0296,0.04
2016-01-06,NIFTY,20160128,7802.75,548.5,7.0296,0.04
2016-01-07,BANKNIFTY,20160128,16454.75,1156.9,7.0308,0.04
2016-01-07,NIFTY,20160128,7750.05,544.9,7.0309,0.04
2016-01-08,BANKNIFTY,20160128,16099.15,1132.1,7.032,0.04
2016-01-08,NIFTY,20160128,7582.05,533.2,7.0324,0.04
2016-01-11,BANKNIFTY,20160128,16151.65,1136.5,7.0364,0.04
2016-01-11,NIFTY,20160128,7605.2,535.1,7.036,0.04
2016-01-12,BANKNIFTY,20160128,16035.85,1128.6,7.038,0.04
2016-01-12,NIFTY,20160128,7583.75,533.8,7.0387,0.04
2016-01-13,BANKNIFTY,20160128,15783.95,1111.0,7.0388,0.04
2016-01-13,NIFTY,20160128,7534.05,530.4,7.04,0.04
2016-01-14,BANKNIFTY,20160128,15879.75,1118.0,7.0404,0.04
2016-01-14,NIFTY,20160128,7574.55,533.3,7.0407,0.04
2016-01-15,BANKNIFTY,20160128,15588.4,1097.6,7.0411,0.04
2016-01-15,NIFTY,20160128,7540.55,531.0,7.0419,0.04
2016-01-18,BANKNIFTY,20160128,15204.25,1071.2,7.0454,0.04
2016-01-18,NIFTY,20160128,7446.25,524.7,7.0465,0.04
2016-01-19,BANKNIFTY,20160128,15050.9,1060.6,7.0468,0.04
2016-01-19,NIFTY,20160128,7372.25,519.5,7.0467,0.04
2016-01-20,BANKNIFTY,20160128,15272.95,1076.5,7.0484,0.04
2016-01-20,NIFTY,20160128,7438.1,524.3,7.0488,0.04
2016-01-21,BANKNIFTY,20160128,14909.15,1051.0,7.0494,0.04
2016-01-21,NIFTY,20160128,7306.95,515.1,7.0495,0.04
2016-01-22,BANKNIFTY,20160128,15105.0,1065.0,7.0506,0.04
2016-01-22,NIFTY,20160128,7290.85,514.1,7.0513,0.04
2016-01-25,BANKNIFTY,20160128,15493.25,1093.1,7.0553,0.04
2016-01-25,NIFTY,20160128,7430.7,524.3,7.0559,0.04
2016-01-27,BANKNIFTY,20160128,15516.2,1098.2,7.0778,0.04
2016-01-27,NIFTY,20160128,7435.45,526.3,7.0783,0.04
2016-01-28,BANKNIFTY,20160128,15518.3,1101.6,7.0987,0.04
2016-01-28,NIFTY,20160128,7433.4,527.7,7.099,0.04
2016-01-29,BANKNIFTY,20160225,15443.2,1086.0,7.0322,0.04
2016-01-29,NIFTY,20160225,7448.35,524.2,7.0378,0.04
2016-02-01,BANKNIFTY,20160225,15536.8,1091.0,7.022,0.04
2016-02-01,NIFTY,20160225,7568.05,531.5,7.0229,0.04
2016-02-02,BANKNIFTY,20160225,15363.25,1079.1,7.0239,0.04
2016-02-02,NIFTY,20160225,7565.35,531.4,7.0241,0.04
2016-02-03,BANKNIFTY,20160225,15112.05,1061.6,7.0249,0.04
2016-02-03,NIFTY,20160225,7474.95,525.1,7.0248,0.04
2016-02-04,BANKNIFTY,20160225,14892.85,1046.4,7.0262,0.04
2016-02-04,NIFTY,20160225,7383.5,518.8,7.0265,0.04
2016-02-05,BANKNIFTY,20160225,14921.55,1048.5,7.0267,0.04
2016-02-05,NIFTY,20160225,7422.65,521.6,7.0271,0.04
2016-02-08,BANKNIFTY,20160225,15226.2,1070.6,7.0313,0.04
2016-02-08,NIFTY,20160225,7519.2,528.7,7.0313,0.04
2016-02-09,BANKNIFTY,20160225,15072.3,1060.0,7.0328,0.04
2016-02-09,NIFTY,20160225,7393.45,520.0,7.0333,0.04
2016-02-10,BANKNIFTY,20160225,14919.95,1049.6,7.0349,0.04
2016-02-10,NIFTY,20160225,7325.05,515.3,7.0348,0.04
2016-02-11,BANKNIFTY,20160225,14643.25,1030.3,7.036,0.04
2016-02-11,NIFTY,20160225,7246.55,509.9,7.0365,0.04
2016-02-12,BANKNIFTY,20160225,14020.0,1015.0,7.2397,0.04
2016-02-12,NIFTY,20160225,6993.45,492.2,7.038,0.04
2016-02-15,BANKNIFTY,20160225,13982.45,984.7,7.0424,0.04
2016-02-15,NIFTY,20160225,6990.0,492.3,7.0429,0.04
2016-02-16,BANKNIFTY,20160225,14430.75,1091.3,7.5623,0.04
2016-02-16,NIFTY,20160225,7161.45,504.5,7.0447,0.04
2016-02-17,BANKNIFTY,20160225,14140.65,1080.1,7.6383,0.04
2016-02-17,NIFTY,20160225,7054.1,497.0,7.0455,0.04
2016-02-18,BANKNIFTY,20160225,14163.95,1043.9,7.3701,0.04
2016-02-18,NIFTY,20160225,7120.9,501.8,7.0469,0.04
2016-02-19,BANKNIFTY,20160225,14289.8,1033.3,7.231,0.04
2016-02-19,NIFTY,20160225,7190.85,506.9,7.0492,0.04
2016-02-22,BANKNIFTY,20160225,14358.9,1012.7,7.0528,0.04
2016-02-22,NIFTY,20160225,7212.45,508.7,7.0531,0.04
2016-02-23,BANKNIFTY,20160225,14395.7,1015.5,7.0542,0.04
2016-02-23,NIFTY,20160225,7240.7,510.8,7.0546,0.04
2016-02-24,BANKNIFTY,20160225,14010.5,1006.4,7.1832,0.04
2016-02-24,NIFTY,20160225,7113.1,503.4,7.0771,0.04
2016-02-25,BANKNIFTY,20160225,13790.55,987.3,7.1593,0.04
2016-02-25,NIFTY,20160225,7019.05,498.3,7.0993,0.04
2016-02-26,BANKNIFTY,20160331,13633.6,971.2,7.1236,0.04
2016-02-26,NIFTY,20160331,7001.1,492.0,7.0275,0.04
2016-02-29,BANKNIFTY,20160331,13848.85,1005.8,7.2627,0.04
2016-02-29,NIFTY,20160331,7055.15,494.4,7.0076,0.04
2016-03-01,BANKNIFTY,20160331,13989.35,997.0,7.1269,0.04
2016-03-01,NIFTY,20160331,7008.95,491.2,7.0082,0.04
2016-03-02,BANKNIFTY,20160331,14452.75,1112.0,7.694,0.04
2016-03-02,NIFTY,20160331,7229.05,506.8,7.0106,0.04
2016-03-03,BANKNIFTY,20160331,15109.6,1326.6,8.7798,0.04
2016-03-03,NIFTY,20160331,7361.55,516.2,7.0121,0.04
2016-03-04,BANKNIFTY,20160331,15148.35,1295.0,8.5488,0.04
2016-03-04,NIFTY,20160331,7449.55,522.6,7.0152,0.04
2016-03-08,BANKNIFTY,20160331,15328.45,1282.2,8.3648,0.04
2016-03-08,NIFTY,20160331,7460.35,523.8,7.0211,0.04
2016-03-09,BANKNIFTY,20160331,15153.4,1241.5,8.1929,0.04
2016-03-09,NIFTY,20160331,7452.65,523.4,7.023,0.04
2016-03-10,BANKNIFTY,20160331,15342.0,1229.3,8.0126,0.04
2016-03-10,NIFTY,20160331,7535.05,529.3,7.0245,0.04
2016-03-11,BANKNIFTY,20160331,15234.1,1189.4,7.8075,0.04
2016-03-11,NIFTY,20160331,7483.7,525.8,7.0259,0.04
2016-03-14,BANKNIFTY,20160331,15243.05,1152.0,7.5575,0.04
2016-03-14,NIFTY,20160331,7512.2,528.1,7.0299,0.04
2016-03-15,BANKNIFTY,20160331,15335.55,1129.2,7.3633,0.04
2016-03-15,NIFTY,20160331,7546.85,530.7,7.0321,0.04
2016-03-16,BANKNIFTY,20160331,15398.9,1100.4,7.146,0.04
2016-03-16,NIFTY,20160331,7485.4,526.5,7.0337,0.04
2016-03-17,BANKNIFTY,20160331,15536.0,1092.9,7.0346,0.04
2016-03-17,NIFTY,20160331,7527.0,529.5,7.0347,0.04
2016-03-18,BANKNIFTY,20160331,15433.95,1086.0,7.0364,0.04
2016-03-18,NIFTY,20160331,7512.75,528.6,7.036,0.04
2016-03-21,BANKNIFTY,20160331,15669.65,1103.3,7.041,0.04
2016-03-21,NIFTY,20160331,7605.3,535.5,7.0411,0.04
2016-03-22,BANKNIFTY,20160331,15941.55,1122.7,7.0426,0.04
2016-03-22,NIFTY,20160331,7713.35,543.3,7.0436,0.04
2016-03-23,BANKNIFTY,20160331,15969.0,1124.9,7.0443,0.04
2016-03-23,NIFTY,20160331,7726.25,544.3,7.0448,0.04
2016-03-28,BANKNIFTY,20160331,15936.2,1123.9,7.0525,0.04
2016-03-28,NIFTY,20160331,7736.3,545.6,7.0525,0.04
2016-03-29,BANKNIFTY,20160331,15666.7,1105.4,7.0557,0.04
2016-03-29,NIFTY,20160331,7638.6,538.9,7.055,0.04
2016-03-30,BANKNIFTY,20160331,15714.5,1112.0,7.0763,0.04
2016-03-30,NIFTY,20160331,7620.05,539.2,7.0761,0.04
2016-03-31,BANKNIFTY,20160331,16147.4,1146.3,7.099,0.04
2016-03-31,NIFTY,20160331,7741.0,549.5,7.0986,0.04
2016-04-01,BANKNIFTY,20160428,16247.0,1139.8,7.0154,0.04
2016-04-01,NIFTY,20160428,7784.4,546.3,7.0179,0.04
2016-04-04,BANKNIFTY,20160428,16253.15,1141.0,7.0202,0.04
2016-04-04,NIFTY,20160428,7748.75,544.0,7.0205,0.04
2016-04-05,BANKNIFTY,20160428,16257.9,1142.6,7.028,0.04
2016-04-05,NIFTY,20160428,7790.75,547.6,7.0288,0.04
2016-04-06,BANKNIFTY,20160428,15732.6,1107.6,7.0402,0.04
2016-04-06,NIFTY,20160428,7623.5,536.1,7.0322,0.04
2016-04-07,BANKNIFTY,20160428,15706.05,1104.7,7.0336,0.04
2016-04-07,NIFTY,20160428,7634.7,537.0,7.0337,0.04
2016-04-08,BANKNIFTY,20160428,15591.4,1096.8,7.0346,0.04
2016-04-08,NIFTY,20160428,7565.05,532.2,7.035,0.04
2016-04-11,BANKNIFTY,20160428,15652.1,1101.8,7.0393,0.04
2016-04-11,NIFTY,20160428,7578.1,533.4,7.0387,0.04
2016-04-12,BANKNIFTY,20160428,15896.05,1119.1,7.0401,0.04
2016-04-12,NIFTY,20160428,7702.1,542.3,7.0409,0.04
2016-04-13,BANKNIFTY,20160428,15936.75,1122.2,7.0416,0.04
2016-04-13,NIFTY,20160428,7732.8,544.5,7.0414,0.04
2016-04-18,BANKNIFTY,20160428,16332.75,1151.2,7.0484,0.04
2016-04-18,NIFTY,20160428,7867.85,554.6,7.0489,0.04
2016-04-20,BANKNIFTY,20160428,16237.35,1144.9,7.051,0.04
2016-04-20,NIFTY,20160428,7920.3,558.5,7.0515,0.04
2016-04-21,BANKNIFTY,20160428,16385.65,1155.6,7.0525,0.04
2016-04-21,NIFTY,20160428,7929.85,559.3,7.0531,0.04
2016-04-22,BANKNIFTY,20160428,16640.0,1173.7,7.0535,0.04
2016-04-22,NIFTY,20160428,7913.35,558.2,7.0539,0.04
2016-04-25,BANKNIFTY,20160428,16727.85,1180.6,7.0577,0.04
2016-04-25,NIFTY,20160428,7911.15,558.4,7.0584,0.04
2016-04-26,BANKNIFTY,20160428,16689.45,1178.1,7.059,0.04
2016-04-26,NIFTY,20160428,7865.0,555.2,7.0591,0.04
2016-04-27,BANKNIFTY,20160428,17028.0,1205.4,7.0789,0.04
2016-04-27,NIFTY,20160428,7979.15,564.9,7.0797,0.04
2016-04-28,BANKNIFTY,20160428,16897.75,1199.5,7.0986,0.04
2016-04-28,NIFTY,20160428,7990.35,567.3,7.0998,0.04
2016-04-29,BANKNIFTY,20160526,16785.1,1180.7,7.0342,0.04
2016-04-29,NIFTY,20160526,7895.3,554.6,7.0244,0.04
2016-05-02,BANKNIFTY,20160526,16888.35,1186.9,7.0279,0.04
2016-05-02,NIFTY,20160526,7894.8,554.9,7.0287,0.04
2016-05-03,BANKNIFTY,20160526,16620.8,1168.3,7.0291,0.04
2016-05-03,NIFTY,20160526,7840.1,551.1,7.0292,0.04
2016-05-04,BANKNIFTY,20160526,16466.25,1157.6,7.0301,0.04
2016-05-04,NIFTY,20160526,7783.8,547.2,7.03,0.04
2016-05-05,BANKNIFTY,20160526,16360.7,1150.4,7.0315,0.04
2016-05-05,NIFTY,20160526,7732.75,543.7,7.0311,0.04
2016-05-06,BANKNIFTY,20160526,16384.45,1152.4,7.0335,0.04
2016-05-06,NIFTY,20160526,7773.1,546.7,7.0332,0.04
2016-05-09,BANKNIFTY,20160526,16378.7,1152.7,7.0378,0.04
2016-05-09,NIFTY,20160526,7760.25,546.2,7.0384,0.04
2016-05-10,BANKNIFTY,20160526,16772.0,1180.6,7.0391,0.04
2016-05-10,NIFTY,20160526,7904.3,556.4,7.0392,0.04
2016-05-11,BANKNIFTY,20160526,16853.8,1186.6,7.0405,0.04
2016-05-11,NIFTY,20160526,7919.75,557.6,7.0406,0.04
2016-05-12,BANKNIFTY,20160526,16785.25,1182.0,7.0419,0.04
2016-05-12,NIFTY,20160526,7865.85,553.9,7.0418,0.04
2016-05-13,BANKNIFTY,20160526,16986.4,1196.4,7.0433,0.04
2016-05-13,NIFTY,20160526,7928.2,558.4,7.0432,0.04
2016-05-16,BANKNIFTY,20160526,16738.1,1179.6,7.0474,0.04
2016-05-16,NIFTY,20160526,7830.55,551.9,7.048,0.04
2016-05-17,BANKNIFTY,20160526,16788.65,1183.4,7.0488,0.04
2016-05-17,NIFTY,20160526,7887.2,556.0,7.0494,0.04
2016-05-18,BANKNIFTY,20160526,16812.0,1185.3,7.0503,0.04
2016-05-18,NIFTY,20160526,7907.6,557.5,7.0502,0.04
2016-05-19,BANKNIFTY,20160526,16761.45,1182.0,7.0519,0.04
2016-05-19,NIFTY,20160526,7879.3,555.7,7.0527,0.04
2016-05-20,BANKNIFTY,20160526,16563.65,1168.3,7.0534,0.04
2016-05-20,NIFTY,20160526,7785.1,549.1,7.0532,0.04
2016-05-23,BANKNIFTY,20160526,16505.85,1164.9,7.0575,0.04
2016-05-23,NIFTY,20160526,7763.35,547.9,7.0575,0.04
2016-05-24,BANKNIFTY,20160526,16429.4,1159.8,7.0593,0.04
2016-05-24,NIFTY,20160526,7744.85,546.7,7.0589,0.04
2016-05-25,BANKNIFTY,20160526,16488.1,1167.2,7.079,0.04
2016-05-25,NIFTY,20160526,7759.3,549.3,7.0792,0.04
2016-05-26,BANKNIFTY,20160526,17013.6,1207.8,7.099,0.04
2016-05-26,NIFTY,20160526,7943.0,563.9,7.0993,0.04
2016-05-27,BANKNIFTY,20160630,17293.85,1226.2,7.0904,0.04
2016-05-27,NIFTY,20160630,8069.65,570.0,7.0635,0.04
2016-05-30,BANKNIFTY,20160630,17491.4,1227.6,7.0183,0.04
2016-05-30,NIFTY,20160630,8172.45,573.6,7.0187,0.04
2016-05-31,BANKNIFTY,20160630,17507.65,1229.0,7.0198,0.04
2016-05-31,NIFTY,20160630,8194.3,575.3,7.0207,0.04
2016-06-01,BANKNIFTY,20160630,17612.55,1236.6,7.0211,0.04
2016-06-01,NIFTY,20160630,8190.9,575.2,7.0224,0.04
2016-06-02,BANKNIFTY,20160630,17419.7,1223.4,7.0231,0.04
2016-06-02,NIFTY,20160630,8194.55,575.5,7.023,0.04
2016-06-03,BANKNIFTY,20160630,17573.65,1234.4,7.0242,0.04
2016-06-03,NIFTY,20160630,8243.25,579.1,7.0251,0.04
2016-06-06,BANKNIFTY,20160630,17655.85,1240.9,7.0283,0.04
2016-06-06,NIFTY,20160630,8238.9,579.1,7.0289,0.04
2016-06-07,BANKNIFTY,20160630,17671.45,1242.3,7.03,0.04
2016-06-07,NIFTY,20160630,8229.8,578.6,7.0305,0.04
2016-06-08,BANKNIFTY,20160630,17893.4,1258.2,7.0316,0.04
2016-06-08,NIFTY,20160630,8283.15,582.5,7.0323,0.04
2016-06-09,BANKNIFTY,20160630,17897.95,1258.8,7.0332,0.04
2016-06-09,NIFTY,20160630,8284.2,582.7,7.0339,0.04
2016-06-10,BANKNIFTY,20160630,17843.35,1255.2,7.0346,0.04
2016-06-10,NIFTY,20160630,8229.35,578.9,7.0346,0.04
2016-06-13,BANKNIFTY,20160630,17797.05,1252.7,7.0388,0.04
2016-06-13,NIFTY,20160630,8190.4,576.5,7.0387,0.04
2016-06-14,BANKNIFTY,20160630,17562.15,1236.4,7.0401,0.04
2016-06-14,NIFTY,20160630,8130.65,572.5,7.0413,0.04
2016-06-15,BANKNIFTY,20160630,17638.4,1242.0,7.0415,0.04
2016-06-15,NIFTY,20160630,8120.55,571.8,7.0414,0.04
2016-06-16,BANKNIFTY,20160630,17877.3,1259.0,7.0425,0.04
2016-06-16,NIFTY,20160630,8221.35,579.0,7.0426,0.04
2016-06-17,BANKNIFTY,20160630,17687.45,1245.9,7.044,0.04
2016-06-17,NIFTY,20160630,8158.75,574.8,7.0452,0.04
2016-06-20,BANKNIFTY,20160630,17699.15,1247.5,7.0484,0.04
2016-06-20,NIFTY,20160630,8174.4,576.2,7.0488,0.04
2016-06-21,BANKNIFTY,20160630,17728.35,1249.8,7.0497,0.04
2016-06-21,NIFTY,20160630,8251.9,581.8,7.0505,0.04
2016-06-22,BANKNIFTY,20160630,17623.1,1242.6,7.051,0.04
2016-06-22,NIFTY,20160630,8225.1,580.0,7.0516,0.04
2016-06-23,BANKNIFTY,20160630,17597.7,1241.1,7.0526,0.04
2016-06-23,NIFTY,20160630,8205.05,578.7,7.053,0.04
2016-06-24,BANKNIFTY,20160630,17890.5,1262.1,7.0546,0.04
2016-06-24,NIFTY,20160630,8282.25,584.3,7.0548,0.04
2016-06-27,BANKNIFTY,20160630,17393.0,1227.7,7.0586,0.04
2016-06-27,NIFTY,20160630,8086.9,570.8,7.0583,0.04
2016-06-28,BANKNIFTY,20160630,17490.05,1234.8,7.06,0.04
2016-06-28,NIFTY,20160630,8104.6,572.2,7.0602,0.04
2016-06-29,BANKNIFTY,20160630,17553.55,1242.7,7.0795,0.04
2016-06-29,NIFTY,20160630,8136.05,576.0,7.0796,0.04
2016-06-30,BANKNIFTY,20160630,17696.95,1256.3,7.099,0.04
2016-06-30,NIFTY,20160630,8204.5,582.5,7.0998,0.04
2016-07-01,BANKNIFTY,20160728,18002.6,1266.9,7.0373,0.04
2016-07-01,NIFTY,20160728,8321.05,585.5,7.0364,0.04
2016-07-04,BANKNIFTY,20160728,18054.8,1269.2,7.0297,0.04
2016-07-04,NIFTY,20160728,8355.15,587.4,7.0304,0.04
2016-07-05,BANKNIFTY,20160728,18143.7,1275.7,7.0311,0.04
2016-07-05,NIFTY,20160728,8387.35,589.8,7.032,0.04
2016-07-07,BANKNIFTY,20160728,18073.75,1271.4,7.0345,0.04
2016-07-07,NIFTY,20160728,8354.0,587.7,7.035,0.04
2016-07-08,BANKNIFTY,20160728,18139.25,1276.2,7.0356,0.04
2016-07-08,NIFTY,20160728,8358.3,588.1,7.0361,0.04
2016-07-11,BANKNIFTY,20160728,18059.5,1271.4,7.0401,0.04
2016-07-11,NIFTY,20160728,8336.45,586.9,7.0402,0.04
2016-07-12,BANKNIFTY,20160728,18478.7,1301.2,7.0416,0.04
2016-07-12,NIFTY,20160728,8489.4,597.8,7.0417,0.04
2016-07-13,BANKNIFTY,20160728,18696.65,1316.8,7.043,0.04
2016-07-13,NIFTY,20160728,8528.75,600.7,7.0432,0.04
2016-07-14,BANKNIFTY,20160728,18650.35,1313.8,7.0444,0.04
2016-07-14,NIFTY,20160728,8520.05,600.2,7.0446,0.04
2016-07-15,BANKNIFTY,20160728,18903.1,1331.9,7.0459,0.04
2016-07-15,NIFTY,20160728,8576.55,604.3,7.046,0.04
2016-07-18,BANKNIFTY,20160728,18974.35,1337.7,7.05,0.04
2016-07-18,NIFTY,20160728,8554.85,603.1,7.0498,0.04
2016-07-19,BANKNIFTY,20160728,18959.0,1336.8,7.051,0.04
2016-07-19,NIFTY,20160728,8520.5,600.8,7.0512,0.04
2016-07-20,BANKNIFTY,20160728,18961.65,1337.3,7.0527,0.04
2016-07-20,NIFTY,20160728,8540.45,602.3,7.0523,0.04
2016-07-21,BANKNIFTY,20160728,19031.7,1342.5,7.054,0.04
2016-07-21,NIFTY,20160728,8584.15,605.5,7.0537,0.04
2016-07-22,BANKNIFTY,20160728,18722.1,1321.1,7.0564,0.04
2016-07-22,NIFTY,20160728,8519.75,601.1,7.0554,0.04
2016-07-25,BANKNIFTY,20160728,18734.95,1322.7,7.0601,0.04
2016-07-25,NIFTY,20160728,8554.3,603.9,7.0596,0.04
2016-07-26,BANKNIFTY,20160728,19012.55,1342.4,7.0606,0.04
2016-07-26,NIFTY,20160728,8639.7,610.0,7.0604,0.04
2016-07-27,BANKNIFTY,20160728,18864.1,1335.5,7.0796,0.04
2016-07-27,NIFTY,20160728,8592.85,608.4,7.0803,0.04
2016-07-28,BANKNIFTY,20160728,19025.3,1350.6,7.099,0.04
2016-07-28,NIFTY,20160728,8614.75,611.6,7.0995,0.04
2016-07-29,BANKNIFTY,20160825,19159.85,1347.7,7.034,0.04
2016-07-29,NIFTY,20160825,8701.9,612.3,7.0364,0.04
2016-08-01,BANKNIFTY,20160825,19049.4,1339.4,7.0312,0.04
2016-08-01,NIFTY,20160825,8686.6,610.8,7.0315,0.04
2016-08-02,BANKNIFTY,20160825,18846.4,1325.4,7.0326,0.04
2016-08-02,NIFTY,20160825,8682.0,610.6,7.0329,0.04
2016-08-03,BANKNIFTY,20160825,18822.5,1324.0,7.0341,0.04
2016-08-03,NIFTY,20160825,8660.3,609.2,7.0344,0.04
2016-08-04,BANKNIFTY,20160825,18693.2,1315.2,7.0357,0.04
2016-08-04,NIFTY,20160825,8582.55,603.9,7.0364,0.04
2016-08-05,BANKNIFTY,20160825,18704.6,1316.3,7.0373,0.04
2016-08-05,NIFTY,20160825,8594.4,604.8,7.0371,0.04
2016-08-08,BANKNIFTY,20160825,19011.35,1338.6,7.0411,0.04
2016-08-08,NIFTY,20160825,8708.2,613.2,7.0416,0.04
2016-08-09,BANKNIFTY,20160825,19012.6,1338.9,7.0422,0.04
2016-08-09,NIFTY,20160825,8742.3,615.7,7.0428,0.04
2016-08-10,BANKNIFTY,20160825,19007.1,1338.8,7.0437,0.04
2016-08-10,NIFTY,20160825,8702.55,613.0,7.0439,0.04
2016-08-11,BANKNIFTY,20160825,18716.9,1318.6,7.045,0.04
2016-08-11,NIFTY,20160825,8598.05,605.8,7.0458,0.04
2016-08-12,BANKNIFTY,20160825,18720.25,1319.1,7.0464,0.04
2016-08-12,NIFTY,20160825,8612.45,606.9,7.0468,0.04
2016-08-16,BANKNIFTY,20160825,18984.45,1338.7,7.0516,0.04
2016-08-16,NIFTY,20160825,8678.4,612.0,7.052,0.04
2016-08-17,BANKNIFTY,20160825,19037.25,1342.7,7.053,0.04
2016-08-17,NIFTY,20160825,8659.9,610.8,7.0532,0.04
2016-08-18,BANKNIFTY,20160825,19062.9,1344.8,7.0545,0.04
2016-08-18,NIFTY,20160825,8631.4,608.9,7.0545,0.04
2016-08-19,BANKNIFTY,20160825,19361.35,1366.1,7.0558,0.04
2016-08-19,NIFTY,20160825,8685.1,612.8,7.0558,0.04
2016-08-22,BANKNIFTY,20160825,19413.05,1370.5,7.0597,0.04
2016-08-22,NIFTY,20160825,8677.25,612.6,7.0598,0.04
2016-08-23,BANKNIFTY,20160825,19340.4,1365.6,7.0609,0.04
2016-08-23,NIFTY,20160825,8633.2,609.6,7.0611,0.04
2016-08-24,BANKNIFTY,20160825,19372.35,1371.6,7.0802,0.04
2016-08-24,NIFTY,20160825,8641.75,611.9,7.0807,0.04
2016-08-25,BANKNIFTY,20160825,19376.0,1375.5,7.099,0.04
2016-08-25,NIFTY,20160825,8654.65,614.4,7.0991,0.04
2016-08-26,BANKNIFTY,20160929,19411.35,1363.9,7.0263,0.04
2016-08-26,NIFTY,20160929,8644.95,607.1,7.0226,0.04
2016-08-29,BANKNIFTY,20160929,19317.55,1356.5,7.0221,0.04
2016-08-29,NIFTY,20160929,8625.0,605.7,7.0226,0.04
2016-08-30,BANKNIFTY,20160929,19314.45,1356.5,7.0232,0.04
2016-08-30,NIFTY,20160929,8649.75,607.5,7.0233,0.04
2016-08-31,BANKNIFTY,20160929,19638.8,1379.6,7.0249,0.04
2016-08-31,NIFTY,20160929,8794.6,617.8,7.0248,0.04
2016-09-01,BANKNIFTY,20160929,19859.95,1395.4,7.0262,0.04
2016-09-01,NIFTY,20160929,8836.15,620.9,7.0268,0.04
2016-09-02,BANKNIFTY,20160929,19839.5,1394.2,7.0274,0.04
2016-09-02,NIFTY,20160929,8808.35,619.0,7.0274,0.04
2016-09-06,BANKNIFTY,20160929,19971.75,1404.5,7.0324,0.04
2016-09-06,NIFTY,20160929,8840.15,621.7,7.0327,0.04
2016-09-07,BANKNIFTY,20160929,20496.55,1441.7,7.0339,0.04
2016-09-07,NIFTY,20160929,8961.2,630.3,7.0337,0.04
2016-09-08,BANKNIFTY,20160929,20507.9,1442.7,7.0348,0.04
2016-09-08,NIFTY,20160929,8952.1,629.8,7.0352,0.04
2016-09-09,BANKNIFTY,20160929,20514.1,1443.5,7.0366,0.04
2016-09-09,NIFTY,20160929,8982.55,632.1,7.037,0.04
2016-09-12,BANKNIFTY,20160929,20350.4,1432.8,7.0406,0.04
2016-09-12,NIFTY,20160929,8903.75,626.9,7.0409,0.04
2016-09-14,BANKNIFTY,20160929,19895.0,1401.4,7.044,0.04
2016-09-14,NIFTY,20160929,8742.35,615.8,7.0439,0.04
2016-09-15,BANKNIFTY,20160929,20014.2,1410.0,7.045,0.04
2016-09-15,NIFTY,20160929,8768.55,617.8,7.0456,0.04
2016-09-16,BANKNIFTY,20160929,19938.2,1405.2,7.0478,0.04
2016-09-16,NIFTY,20160929,8773.5,618.2,7.0462,0.04
2016-09-19,BANKNIFTY,20160929,19944.95,1406.3,7.0509,0.04
2016-09-19,NIFTY,20160929,8808.2,621.0,7.0502,0.04
2016-09-20,BANKNIFTY,20160929,19986.6,1409.8,7.0537,0.04
2016-09-20,NIFTY,20160929,8832.1,622.8,7.0516,0.04
2016-09-21,BANKNIFTY,20160929,19921.8,1405.3,7.0541,0.04
2016-09-21,NIFTY,20160929,8807.2,621.2,7.0533,0.04
2016-09-22,BANKNIFTY,20160929,19901.15,1403.9,7.0544,0.04
2016-09-22,NIFTY,20160929,8806.95,621.3,7.0547,0.04
2016-09-23,BANKNIFTY,20160929,20162.1,1423.6,7.0608,0.04
2016-09-23,NIFTY,20160929,8884.45,626.9,7.0561,0.04
2016-09-26,BANKNIFTY,20160929,19948.5,1408.5,7.0607,0.04
2016-09-26,NIFTY,20160929,8843.65,624.4,7.0604,0.04
2016-09-27,BANKNIFTY,20160929,19644.9,1388.1,7.066,0.04
2016-09-27,NIFTY,20160929,8735.15,616.8,7.0611,0.04
2016-09-28,BANKNIFTY,20160929,19558.9,1384.8,7.0802,0.04
2016-09-28,NIFTY,20160929,8716.55,617.2,7.0808,0.04
2016-09-29,BANKNIFTY,20160929,19691.7,1397.9,7.0989,0.04
2016-09-29,NIFTY,20160929,8758.45,621.8,7.0994,0.04
2016-09-30,BANKNIFTY,20161027,19331.55,1358.6,7.0279,0.04
2016-09-30,NIFTY,20161027,8638.25,607.1,7.028,0.04
2016-10-03,BANKNIFTY,20161027,19402.75,1365.3,7.0366,0.04
2016-10-03,NIFTY,20161027,8640.65,607.6,7.0319,0.04
2016-10-04,BANKNIFTY,20161027,19685.35,1385.0,7.0357,0.04
2016-10-04,NIFTY,20161027,8779.1,617.5,7.0338,0.04
2016-10-05,BANKNIFTY,20161027,19784.8,1393.0,7.0408,0.04
2016-10-05,NIFTY,20161027,8799.7,619.1,7.0355,0.04
2016-10-06,BANKNIFTY,20161027,19621.5,1381.5,7.0407,0.04
2016-10-06,NIFTY,20161027,8775.35,617.6,7.0379,0.04
2016-10-07,BANKNIFTY,20161027,19483.3,1371.6,7.0399,0.04
2016-10-07,NIFTY,20161027,8731.35,614.6,7.039,0.04
2016-10-10,BANKNIFTY,20161027,19487.45,1373.3,7.0471,0.04
2016-10-10,NIFTY,20161027,8722.75,614.4,7.0437,0.04
2016-10-13,BANKNIFTY,20161027,19464.5,1372.9,7.0534,0.04
2016-10-13,NIFTY,20161027,8739.95,615.9,7.047,0.04
2016-10-14,BANKNIFTY,20161027,19017.4,1341.1,7.052,0.04
2016-10-14,NIFTY,20161027,8580.45,604.8,7.0486,0.04
2016-10-17,BANKNIFTY,20161027,19086.2,1347.3,7.059,0.04
2016-10-17,NIFTY,20161027,8605.1,606.9,7.0528,0.04
2016-10-18,BANKNIFTY,20161027,19087.75,1348.1,7.0626,0.04
2016-10-18,NIFTY,20161027,8523.9,601.3,7.0543,0.04
2016-10-19,BANKNIFTY,20161027,19523.65,1377.5,7.0555,0.04
2016-10-19,NIFTY,20161027,8679.85,612.4,7.0554,0.04
2016-10-20,BANKNIFTY,20161027,19452.05,1373.2,7.0594,0.04
2016-10-20,NIFTY,20161027,8665.25,611.4,7.0558,0.04
2016-10-21,BANKNIFTY,20161027,19669.2,1388.9,7.0613,0.04
2016-10-21,NIFTY,20161027,8705.15,614.4,7.0579,0.04
2016-10-24,BANKNIFTY,20161027,19723.25,1393.3,7.0643,0.04
2016-10-24,NIFTY,20161027,8700.35,614.4,7.0618,0.04
2016-10-25,BANKNIFTY,20161027,19820.7,1399.8,7.0623,0.04
2016-10-25,NIFTY,20161027,8720.25,615.9,7.0629,0.04
2016-10-26,BANKNIFTY,20161027,19844.85,1405.1,7.0804,0.04
2016-10-26,NIFTY,20161027,8700.35,616.1,7.0813,0.04
2016-10-27,BANKNIFTY,20161027,19488.65,1383.5,7.099,0.04
2016-10-27,NIFTY,20161027,8616.75,611.7,7.099,0.04
2016-10-28,BANKNIFTY,20161124,19593.3,1378.9,7.0376,0.04
2016-10-28,NIFTY,20161124,8655.25,608.8,7.0339,0.04
2016-11-01,BANKNIFTY,20161124,19552.6,1375.5,7.0349,0.04
2016-11-01,NIFTY,20161124,8629.2,607.1,7.0354,0.04
2016-11-02,BANKNIFTY,20161124,19525.1,1373.9,7.0366,0.04
2016-11-02,NIFTY,20161124,8651.75,608.8,7.0367,0.04
2016-11-03,BANKNIFTY,20161124,19299.65,1358.3,7.038,0.04
2016-11-03,NIFTY,20161124,8542.6,601.2,7.0377,0.04
2016-11-04,BANKNIFTY,20161124,19266.25,1356.3,7.0398,0.04
2016-11-04,NIFTY,20161124,8517.9,599.6,7.0393,0.04
2016-11-07,BANKNIFTY,20161124,19131.95,1347.4,7.0427,0.04
2016-11-07,NIFTY,20161124,8458.2,595.7,7.0429,0.04
2016-11-08,BANKNIFTY,20161124,19395.2,1366.2,7.044,0.04
2016-11-08,NIFTY,20161124,8520.0,600.2,7.0446,0.04
2016-11-09,BANKNIFTY,20161124,19561.3,1378.2,7.0455,0.04
2016-11-09,NIFTY,20161124,8566.55,603.6,7.046,0.04
2016-11-10,BANKNIFTY,20161124,19583.5,1380.0,7.0467,0.04
2016-11-10,NIFTY,20161124,8462.7,596.4,7.0474,0.04
2016-11-11,BANKNIFTY,20161124,20261.9,1428.1,7.0482,0.04
2016-11-11,NIFTY,20161124,8553.35,602.9,7.0487,0.04
2016-11-15,BANKNIFTY,20161124,19820.25,1398.1,7.0539,0.04
2016-11-15,NIFTY,20161124,8327.95,587.6,7.0558,0.04
2016-11-16,BANKNIFTY,20161124,19359.45,1366.5,7.0586,0.04
2016-11-16,NIFTY,20161124,8139.55,574.4,7.0569,0.04
2016-11-17,BANKNIFTY,20161124,19141.65,1351.8,7.0621,0.04
2016-11-17,NIFTY,20161124,8118.55,573.0,7.0579,0.04
2016-11-18,BANKNIFTY,20161124,19140.05,1353.0,7.0689,0.04
2016-11-18,NIFTY,20161124,8088.35,571.2,7.062,0.04
2016-11-21,BANKNIFTY,20161124,18993.25,1342.0,7.0657,0.04
2016-11-21,NIFTY,20161124,8074.7,570.3,7.0628,0.04
2016-11-22,BANKNIFTY,20161124,18470.85,1304.8,7.0641,0.04
2016-11-22,NIFTY,20161124,7939.2,560.9,7.0649,0.04
2016-11-23,BANKNIFTY,20161124,18572.15,1315.2,7.0816,0.04
2016-11-23,NIFTY,20161124,8006.8,567.0,7.0815,0.04
2016-11-24,BANKNIFTY,20161124,18530.8,1315.5,7.099,0.04
2016-11-24,NIFTY,20161124,8024.85,569.7,7.0992,0.04
2016-11-25,BANKNIFTY,20161229,18392.25,1292.9,7.0296,0.04
2016-11-25,NIFTY,20161229,8013.1,563.0,7.026,0.04
2016-11-28,BANKNIFTY,20161229,18582.2,1306.2,7.0293,0.04
2016-11-28,NIFTY,20161229,8126.35,571.2,7.029,0.04
2016-11-29,BANKNIFTY,20161229,18373.45,1291.6,7.0297,0.04
2016-11-29,NIFTY,20161229,8150.6,573.0,7.0302,0.04
2016-11-30,BANKNIFTY,20161229,18291.8,1286.1,7.031,0.04
2016-11-30,NIFTY,20161229,8172.05,574.6,7.0313,0.04
2016-12-01,BANKNIFTY,20161229,18700.95,1315.2,7.0328,0.04
2016-12-01,NIFTY,20161229,8260.35,580.9,7.0324,0.04
2016-12-02,BANKNIFTY,20161229,18484.65,1300.1,7.0334,0.04
2016-12-02,NIFTY,20161229,8212.0,577.6,7.0336,0.04
2016-12-05,BANKNIFTY,20161229,18331.25,1290.1,7.0377,0.04
2016-12-05,NIFTY,20161229,8108.9,570.7,7.0379,0.04
2016-12-06,BANKNIFTY,20161229,18470.3,1300.1,7.0389,0.04
2016-12-06,NIFTY,20161229,8164.9,574.8,7.0399,0.04
2016-12-07,BANKNIFTY,20161229,18475.2,1300.6,7.0397,0.04
2016-12-07,NIFTY,20161229,8169.05,575.1,7.04,0.04
2016-12-08,BANKNIFTY,20161229,18261.0,1286.0,7.0423,0.04
2016-12-08,NIFTY,20161229,8123.35,572.0,7.0414,0.04
2016-12-09,BANKNIFTY,20161229,18558.55,1306.7,7.041,0.04
2016-12-09,NIFTY,20161229,8255.65,581.3,7.0412,0.04
2016-12-12,BANKNIFTY,20161229,18722.65,1319.0,7.0449,0.04
2016-12-12,NIFTY,20161229,8277.0,583.1,7.0448,0.04
2016-12-13,BANKNIFTY,20161229,18422.75,1298.1,7.0462,0.04
2016-12-13,NIFTY,20161229,8183.4,576.6,7.046,0.04
2016-12-14,BANKNIFTY,20161229,18490.7,1303.2,7.0479,0.04
2016-12-14,NIFTY,20161229,8227.45,579.9,7.0484,0.04
2016-12-15,BANKNIFTY,20161229,18378.5,1295.6,7.0495,0.04
2016-12-15,NIFTY,20161229,8197.65,577.9,7.0496,0.04
2016-12-16,BANKNIFTY,20161229,18430.65,1299.5,7.0508,0.04
2016-12-16,NIFTY,20161229,8173.05,576.3,7.0512,0.04
2016-12-19,BANKNIFTY,20161229,18337.25,1293.6,7.0545,0.04
2016-12-19,NIFTY,20161229,8146.5,574.7,7.0546,0.04
2016-12-20,BANKNIFTY,20161229,18298.95,1291.1,7.0556,0.04
2016-12-20,NIFTY,20161229,8124.15,573.2,7.0555,0.04
2016-12-21,BANKNIFTY,20161229,18111.9,1278.1,7.0567,0.04
2016-12-21,NIFTY,20161229,8099.9,571.6,7.0569,0.04
2016-12-22,BANKNIFTY,20161229,18108.6,1278.1,7.058,0.04
2016-12-22,NIFTY,20161229,8080.65,570.3,7.0576,0.04
2016-12-23,BANKNIFTY,20161229,17934.65,1266.0,7.059,0.04
2016-12-23,NIFTY,20161229,7996.85,564.5,7.059,0.04
2016-12-26,BANKNIFTY,20161229,17907.35,1264.7,7.0625,0.04
2016-12-26,NIFTY,20161229,7995.0,564.7,7.0632,0.04
2016-12-27,BANKNIFTY,20161229,17673.2,1248.4,7.0638,0.04
2016-12-27,NIFTY,20161229,7911.3,558.9,7.0646,0.04
2016-12-28,BANKNIFTY,20161229,17879.25,1266.1,7.0814,0.04
2016-12-28,NIFTY,20161229,8031.35,568.8,7.0822,0.04
2016-12-29,BANKNIFTY,20161229,17864.4,1268.2,7.099,0.04
2016-12-29,NIFTY,20161229,8031.35,570.2,7.0997,0.04
2016-12-30,BANKNIFTY,20170125,18072.55,1274.5,7.0521,0.04
2016-12-30,NIFTY,20170125,8117.3,572.7,7.0553,0.04
2017-01-02,BANKNIFTY,20170125,18195.55,1280.4,7.0369,0.04
2017-01-02,NIFTY,20170125,8187.4,576.2,7.0376,0.04
2017-01-03,BANKNIFTY,20170125,18034.3,1269.4,7.0388,0.04
2017-01-03,NIFTY,20170125,8192.1,576.6,7.0385,0.04
2017-01-04,BANKNIFTY,20170125,18060.95,1271.5,7.0401,0.04
2017-01-04,NIFTY,20170125,8196.5,577.1,7.0408,0.04
2017-01-05,BANKNIFTY,20170125,17941.85,1263.3,7.0411,0.04
2017-01-05,NIFTY,20170125,8204.05,577.7,7.0416,0.04
2017-01-06,BANKNIFTY,20170125,18137.5,1277.2,7.0418,0.04
2017-01-06,NIFTY,20170125,8288.2,583.6,7.0413,0.04
2017-01-09,BANKNIFTY,20170125,18308.0,1289.8,7.045,0.04
2017-01-09,NIFTY,20170125,8267.65,582.5,7.0455,0.04
2017-01-10,BANKNIFTY,20170125,18329.45,1291.6,7.0466,0.04
2017-01-10,NIFTY,20170125,8249.9,581.3,7.0461,0.04
2017-01-11,BANKNIFTY,20170125,18430.7,1298.9,7.0475,0.04
2017-01-11,NIFTY,20170125,8293.85,584.5,7.0474,0.04
2017-01-12,BANKNIFTY,20170125,18839.55,1327.9,7.0485,0.04
2017-01-12,NIFTY,20170125,8387.2,591.2,7.0488,0.04
2017-01-13,BANKNIFTY,20170125,18901.3,1332.5,7.0498,0.04
2017-01-13,NIFTY,20170125,8418.0,593.5,7.0504,0.04
2017-01-16,BANKNIFTY,20170125,18945.6,1336.3,7.0534,0.04
2017-01-16,NIFTY,20170125,8417.7,593.8,7.0542,0.04
2017-01-17,BANKNIFTY,20170125,19138.5,1350.2,7.0549,0.04
2017-01-17,NIFTY,20170125,8431.7,594.9,7.0555,0.04
2017-01-18,BANKNIFTY,20170125,19103.9,1348.0,7.0562,0.04
2017-01-18,NIFTY,20170125,8408.5,593.4,7.0571,0.04
2017-01-19,BANKNIFTY,20170125,19199.75,1355.0,7.0574,0.04
2017-01-19,NIFTY,20170125,8429.35,594.9,7.0575,0.04
2017-01-20,BANKNIFTY,20170125,19150.95,1351.8,7.0587,0.04
2017-01-20,NIFTY,20170125,8442.95,596.0,7.0591,0.04
2017-01-23,BANKNIFTY,20170125,18861.7,1332.1,7.0625,0.04
2017-01-23,NIFTY,20170125,8362.65,590.7,7.0636,0.04
2017-01-24,BANKNIFTY,20170125,18881.7,1337.0,7.0809,0.04
2017-01-24,NIFTY,20170125,8402.4,595.0,7.0813,0.04
2017-01-25,BANKNIFTY,20170125,19052.4,1352.5,7.0988,0.04
2017-01-25,NIFTY,20170125,8480.5,602.1,7.0998,0.04
2017-01-27,BANKNIFTY,20170223,19509.85,1376.1,7.0534,0.04
2017-01-27,NIFTY,20170223,8614.85,607.9,7.0564,0.04
2017-01-30,BANKNIFTY,20170223,19793.5,1392.3,7.0341,0.04
2017-01-30,NIFTY,20170223,8671.1,610.0,7.0349,0.04
2017-01-31,BANKNIFTY,20170223,19650.55,1382.5,7.0354,0.04
2017-01-31,NIFTY,20170223,8655.35,609.0,7.0361,0.04
2017-02-01,BANKNIFTY,20170223,19588.45,1378.4,7.0368,0.04
2017-02-01,NIFTY,20170223,8584.3,604.1,7.0373,0.04
2017-02-02,BANKNIFTY,20170223,20106.1,1415.2,7.0387,0.04
2017-02-02,NIFTY,20170223,8737.9,615.0,7.0383,0.04
2017-02-03,BANKNIFTY,20170223,20117.05,1416.2,7.0398,0.04
2017-02-03,NIFTY,20170223,8743.95,615.6,7.0403,0.04
2017-02-06,BANKNIFTY,20170223,20256.45,1426.8,7.0437,0.04
2017-02-06,NIFTY,20170223,8754.35,616.7,7.0445,0.04
2017-02-07,BANKNIFTY,20170223,20423.35,1438.8,7.0449,0.04
2017-02-07,NIFTY,20170223,8816.6,621.2,7.0458,0.04
2017-02-08,BANKNIFTY,20170223,20378.7,1436.0,7.0466,0.04
2017-02-08,NIFTY,20170223,8785.55,619.1,7.0468,0.04
2017-02-09,BANKNIFTY,20170223,20360.7,1435.0,7.0479,0.04
2017-02-09,NIFTY,20170223,8796.35,620.0,7.0484,0.04
2017-02-10,BANKNIFTY,20170223,20201.3,1424.0,7.0491,0.04
2017-02-10,NIFTY,20170223,8796.85,620.1,7.0491,0.04
2017-02-13,BANKNIFTY,20170223,20273.0,1429.8,7.0527,0.04
2017-02-13,NIFTY,20170223,8809.35,621.3,7.0527,0.04
2017-02-14,BANKNIFTY,20170223,20285.5,1430.9,7.0538,0.04
2017-02-14,NIFTY,20170223,8815.35,621.8,7.0536,0.04
2017-02-15,BANKNIFTY,20170223,20298.65,1432.1,7.0551,0.04
2017-02-15,NIFTY,20170223,8814.85,621.9,7.0551,0.04
2017-02-16,BANKNIFTY,20170223,20204.4,1425.7,7.0564,0.04
2017-02-16,NIFTY,20170223,8743.1,617.0,7.057,0.04
2017-02-17,BANKNIFTY,20170223,20285.4,1431.7,7.0578,0.04
2017-02-17,NIFTY,20170223,8787.6,620.2,7.0577,0.04
2017-02-20,BANKNIFTY,20170223,20522.4,1449.2,7.0616,0.04
2017-02-20,NIFTY,20170223,8827.0,623.4,7.0624,0.04
2017-02-21,BANKNIFTY,20170223,20656.85,1459.0,7.063,0.04
2017-02-21,NIFTY,20170223,8873.85,626.8,7.0635,0.04
2017-02-22,BANKNIFTY,20170223,20844.1,1476.0,7.0811,0.04
2017-02-22,NIFTY,20170223,8910.35,631.0,7.0817,0.04
2017-02-23,BANKNIFTY,20170223,20857.95,1480.7,7.099,0.04
2017-02-23,NIFTY,20170223,8920.1,633.3,7.0997,0.04
2017-02-27,BANKNIFTY,20170330,20878.85,1475.3,7.066,0.04
2017-02-27,NIFTY,20170330,8956.15,631.8,7.0544,0.04
2017-02-28,BANKNIFTY,20170330,20682.0,1453.5,7.0279,0.04
2017-02-28,NIFTY,20170330,8915.75,626.6,7.028,0.04
2017-03-01,BANKNIFTY,20170330,20681.45,1453.7,7.029,0.04
2017-03-01,NIFTY,20170330,8909.35,626.3,7.0297,0.04
2017-03-02,BANKNIFTY,20170330,20846.95,1465.6,7.0303,0.04
2017-03-02,NIFTY,20170330,8976.05,631.1,7.0309,0.04
2017-03-03,BANKNIFTY,20170330,20631.25,1450.6,7.0311,0.04
2017-03-03,NIFTY,20170330,8917.2,627.0,7.0314,0.04
2017-03-06,BANKNIFTY,20170330,20579.9,1447.8,7.035,0.04
2017-03-06,NIFTY,20170330,8922.8,627.8,7.0359,0.04
2017-03-07,BANKNIFTY,20170330,20734.15,1459.0,7.0367,0.04
2017-03-07,NIFTY,20170330,8979.15,631.8,7.0363,0.04
2017-03-08,BANKNIFTY,20170330,20718.05,1458.1,7.0378,0.04
2017-03-08,NIFTY,20170330,8974.1,631.6,7.038,0.04
2017-03-09,BANKNIFTY,20170330,20756.6,1461.1,7.0392,0.04
2017-03-09,NIFTY,20170330,8952.1,630.2,7.0397,0.04
2017-03-10,BANKNIFTY,20170330,20793.25,1464.0,7.0407,0.04
2017-03-10,NIFTY,20170330,8954.5,630.5,7.0412,0.04
2017-03-14,BANKNIFTY,20170330,20797.8,1465.4,7.0459,0.04
2017-03-14,NIFTY,20170330,8958.7,631.2,7.0457,0.04
2017-03-15,BANKNIFTY,20170330,21146.7,1490.2,7.047,0.04
2017-03-15,NIFTY,20170330,9103.0,641.5,7.0471,0.04
2017-03-16,BANKNIFTY,20170330,21222.6,1495.8,7.0481,0.04
2017-03-16,NIFTY,20170330,9109.3,642.1,7.0488,0.04
2017-03-17,BANKNIFTY,20170330,21310.8,1502.3,7.0495,0.04
2017-03-17,NIFTY,20170330,9176.15,646.9,7.0498,0.04
2017-03-20,BANKNIFTY,20170330,21234.5,1497.7,7.0531,0.04
2017-03-20,NIFTY,20170330,9171.75,646.9,7.0532,0.04
2017-03-21,BANKNIFTY,20170330,21182.55,1494.3,7.0544,0.04
2017-03-21,NIFTY,20170330,9153.55,645.8,7.0552,0.04
2017-03-22,BANKNIFTY,20170330,21090.75,1488.0,7.0552,0.04
2017-03-22,NIFTY,20170330,9143.0,645.1,7.0557,0.04
2017-03-23,BANKNIFTY,20170330,20849.1,1471.2,7.0564,0.04
2017-03-23,NIFTY,20170330,9050.4,638.7,7.0571,0.04
2017-03-24,BANKNIFTY,20170330,20952.75,1478.8,7.0578,0.04
2017-03-24,NIFTY,20170330,9107.65,642.8,7.0578,0.04
2017-03-27,BANKNIFTY,20170330,21140.65,1492.9,7.0618,0.04
2017-03-27,NIFTY,20170330,9118.3,643.9,7.0616,0.04
2017-03-28,BANKNIFTY,20170330,21101.95,1490.4,7.0629,0.04
2017-03-28,NIFTY,20170330,9067.95,640.5,7.0633,0.04
2017-03-29,BANKNIFTY,20170330,21235.1,1503.6,7.0807,0.04
2017-03-29,NIFTY,20170330,9109.6,645.1,7.0815,0.04
2017-03-30,BANKNIFTY,20170330,21403.3,1519.4,7.0989,0.04
2017-03-30,NIFTY,20170330,9142.85,649.1,7.0995,0.04
2017-03-31,BANKNIFTY,20170427,21545.45,1527.8,7.0911,0.04
2017-03-31,NIFTY,20170427,9189.5,648.3,7.0548,0.04
2017-04-03,BANKNIFTY,20170427,21488.15,1511.5,7.0341,0.04
2017-04-03,NIFTY,20170427,9197.75,647.0,7.0343,0.04
2017-04-05,BANKNIFTY,20170427,21576.8,1518.5,7.0377,0.04
2017-04-05,NIFTY,20170427,9263.25,651.9,7.0375,0.04
2017-04-06,BANKNIFTY,20170427,21683.6,1526.4,7.0394,0.04
2017-04-06,NIFTY,20170427,9286.55,653.7,7.0392,0.04
2017-04-07,BANKNIFTY,20170427,21642.8,1523.8,7.0407,0.04
2017-04-07,NIFTY,20170427,9272.25,652.9,7.0414,0.04
2017-04-10,BANKNIFTY,20170427,21442.15,1510.5,7.0445,0.04
2017-04-10,NIFTY,20170427,9211.45,648.9,7.0445,0.04
2017-04-11,BANKNIFTY,20170427,21558.85,1519.0,7.0458,0.04
2017-04-11,NIFTY,20170427,9209.35,648.9,7.0461,0.04
2017-04-12,BANKNIFTY,20170427,21758.55,1533.3,7.0469,0.04
2017-04-12,NIFTY,20170427,9264.45,652.9,7.0474,0.04
2017-04-13,BANKNIFTY,20170427,21710.2,1530.2,7.0483,0.04
2017-04-13,NIFTY,20170427,9223.2,650.1,7.0485,0.04
2017-04-17,BANKNIFTY,20170427,21733.0,1532.9,7.0533,0.04
2017-04-17,NIFTY,20170427,9182.25,647.7,7.0538,0.04
2017-04-18,BANKNIFTY,20170427,21702.05,1531.0,7.0546,0.04
2017-04-18,NIFTY,20170427,9168.35,646.8,7.0547,0.04
2017-04-19,BANKNIFTY,20170427,21692.95,1530.6,7.0557,0.04
2017-04-19,NIFTY,20170427,9123.35,643.7,7.0555,0.04
2017-04-20,BANKNIFTY,20170427,21617.2,1525.5,7.0569,0.04
2017-04-20,NIFTY,20170427,9135.0,644.7,7.0575,0.04
2017-04-21,BANKNIFTY,20170427,21557.4,1521.6,7.0584,0.04
2017-04-21,NIFTY,20170427,9162.6,646.7,7.058,0.04
2017-04-24,BANKNIFTY,20170427,21541.45,1521.2,7.0617,0.04
2017-04-24,NIFTY,20170427,9127.0,644.6,7.0626,0.04
2017-04-25,BANKNIFTY,20170427,21830.15,1541.9,7.0632,0.04
2017-04-25,NIFTY,20170427,9224.45,651.6,7.0638,0.04
2017-04-26,BANKNIFTY,20170427,21995.0,1557.5,7.0812,0.04
2017-04-26,NIFTY,20170427,9293.9,658.1,7.081,0.04
2017-04-27,BANKNIFTY,20170427,22210.6,1576.7,7.0989,0.04
2017-04-27,NIFTY,20170427,9342.1,663.2,7.099,0.04
2017-04-28,BANKNIFTY,20170525,22293.65,1577.8,7.0774,0.04
2017-04-28,NIFTY,20170525,9356.65,660.2,7.0559,0.04
2017-05-02,BANKNIFTY,20170525,22366.4,1573.8,7.0364,0.04
2017-05-02,NIFTY,20170525,9333.7,656.8,7.0369,0.04
2017-05-03,BANKNIFTY,20170525,22394.35,1576.1,7.0379,0.04
2017-05-03,NIFTY,20170525,9339.3,657.3,7.038,0.04
2017-05-04,BANKNIFTY,20170525,22348.3,1573.1,7.039,0.04
2017-05-04,NIFTY,20170525,9340.25,657.5,7.0394,0.04
2017-05-05,BANKNIFTY,20170525,22730.15,1600.2,7.04,0.04
2017-05-05,NIFTY,20170525,9376.95,660.2,7.0407,0.04
2017-05-08,BANKNIFTY,20170525,22652.35,1595.6,7.0439,0.04
2017-05-08,NIFTY,20170525,9316.7,656.3,7.0443,0.04
2017-05-09,BANKNIFTY,20170525,22785.35,1605.3,7.0453,0.04
2017-05-09,NIFTY,20170525,9343.6,658.3,7.0455,0.04
2017-05-10,BANKNIFTY,20170525,22762.85,1604.0,7.0466,0.04
2017-05-10,NIFTY,20170525,9350.4,658.9,7.0468,0.04
2017-05-11,BANKNIFTY,20170525,22860.9,1611.2,7.0478,0.04
2017-05-11,NIFTY,20170525,9419.2,663.9,7.0484,0.04
2017-05-12,BANKNIFTY,20170525,22842.15,1610.1,7.0488,0.04
2017-05-12,NIFTY,20170525,9439.85,665.4,7.0488,0.04
2017-05-15,BANKNIFTY,20170525,22669.35,1598.8,7.0527,0.04
2017-05-15,NIFTY,20170525,9414.8,664.0,7.0527,0.04
2017-05-16,BANKNIFTY,20170525,22827.35,1610.3,7.0543,0.04
2017-05-16,NIFTY,20170525,9453.3,666.9,7.0547,0.04
2017-05-17,BANKNIFTY,20170525,22941.05,1618.6,7.0555,0.04
2017-05-17,NIFTY,20170525,9522.15,671.8,7.0551,0.04
2017-05-18,BANKNIFTY,20170525,22930.9,1618.1,7.0564,0.04
2017-05-18,NIFTY,20170525,9533.75,672.8,7.057,0.04
2017-05-19,BANKNIFTY,20170525,22708.3,1602.7,7.0578,0.04
2017-05-19,NIFTY,20170525,9440.7,666.3,7.0577,0.04
2017-05-22,BANKNIFTY,20170525,22798.35,1610.0,7.0619,0.04
2017-05-22,NIFTY,20170525,9445.75,667.1,7.0624,0.04
2017-05-23,BANKNIFTY,20170525,22677.5,1601.7,7.0629,0.04
2017-05-23,NIFTY,20170525,9443.65,667.0,7.0629,0.04
2017-05-24,BANKNIFTY,20170525,22574.7,1598.5,7.0809,0.04
2017-05-24,NIFTY,20170525,9390.45,665.0,7.0817,0.04
2017-05-25,BANKNIFTY,20170525,22533.25,1599.6,7.0988,0.04
2017-05-25,NIFTY,20170525,9364.85,664.8,7.0989,0.04
2017-05-26,BANKNIFTY,20170629,23033.45,1638.9,7.1153,0.04
2017-05-26,NIFTY,20170629,9495.9,672.1,7.0778,0.04
2017-05-29,BANKNIFTY,20170629,23256.95,1634.0,7.0259,0.04
2017-05-29,NIFTY,20170629,9575.8,672.8,7.026,0.04
2017-05-30,BANKNIFTY,20170629,23135.95,1625.8,7.0272,0.04
2017-05-30,NIFTY,20170629,9605.7,675.0,7.0271,0.04
2017-05-31,BANKNIFTY,20170629,23251.5,1634.2,7.0284,0.04
2017-05-31,NIFTY,20170629,9619.85,676.2,7.0292,0.04
2017-06-01,BANKNIFTY,20170629,23321.75,1639.4,7.0295,0.04
2017-06-01,NIFTY,20170629,9626.05,676.7,7.0299,0.04
2017-06-02,BANKNIFTY,20170629,23292.05,1637.7,7.0312,0.04
2017-06-02,NIFTY,20170629,9630.1,677.1,7.0311,0.04
2017-06-05,BANKNIFTY,20170629,23341.75,1642.0,7.0346,0.04
2017-06-05,NIFTY,20170629,9652.6,679.1,7.0354,0.04
2017-06-06,BANKNIFTY,20170629,23425.1,1648.2,7.036,0.04
2017-06-06,NIFTY,20170629,9685.5,681.5,7.0363,0.04
2017-06-07,BANKNIFTY,20170629,23432.65,1649.0,7.0372,0.04
2017-06-07,NIFTY,20170629,9665.75,680.2,7.0372,0.04
2017-06-08,BANKNIFTY,20170629,23559.65,1658.3,7.0387,0.04
2017-06-08,NIFTY,20170629,9679.9,681.4,7.0393,0.04
2017-06-09,BANKNIFTY,20170629,23539.3,1657.1,7.0397,0.04
2017-06-09,NIFTY,20170629,9669.7,680.8,7.0405,0.04
2017-06-12,BANKNIFTY,20170629,23639.65,1665.1,7.0437,0.04
2017-06-12,NIFTY,20170629,9682.9,682.1,7.0444,0.04
2017-06-13,BANKNIFTY,20170629,23454.85,1652.4,7.045,0.04
2017-06-13,NIFTY,20170629,9620.15,677.8,7.0456,0.04
2017-06-14,BANKNIFTY,20170629,23449.0,1652.3,7.0464,0.04
2017-06-14,NIFTY,20170629,9615.1,677.5,7.0462,0.04
2017-06-15,BANKNIFTY,20170629,23486.4,1660.6,7.0705,0.04
2017-06-15,NIFTY,20170629,9637.6,679.3,7.0484,0.04
2017-06-16,BANKNIFTY,20170629,23387.25,1648.6,7.0491,0.04
2017-06-16,NIFTY,20170629,9600.9,676.8,7.0493,0.04
2017-06-19,BANKNIFTY,20170629,23460.15,1654.6,7.0528,0.04
2017-06-19,NIFTY,20170629,9597.25,676.9,7.0531,0.04
2017-06-20,BANKNIFTY,20170629,23699.7,1671.8,7.0541,0.04
2017-06-20,NIFTY,20170629,9675.25,682.6,7.0551,0.04
2017-06-21,BANKNIFTY,20170629,23692.5,1671.6,7.0554,0.04
2017-06-21,NIFTY,20170629,9674.45,682.6,7.0557,0.04
2017-06-22,BANKNIFTY,20170629,23693.65,1675.5,7.0715,0.04
2017-06-22,NIFTY,20170629,9655.25,681.4,7.0573,0.04
2017-06-23,BANKNIFTY,20170629,23728.9,1674.8,7.0581,0.04
2017-06-23,NIFTY,20170629,9633.1,679.9,7.058,0.04
2017-06-27,BANKNIFTY,20170629,23546.15,1663.1,7.0632,0.04
2017-06-27,NIFTY,20170629,9590.05,677.4,7.0636,0.04
2017-06-28,BANKNIFTY,20170629,23229.05,1644.8,7.0808,0.04
2017-06-28,NIFTY,20170629,9513.0,673.6,7.0808,0.04
2017-06-29,BANKNIFTY,20170629,23240.1,1649.8,7.0989,0.04
2017-06-29,NIFTY,20170629,9495.6,674.1,7.0991,0.04
2017-06-30,BANKNIFTY,20170727,23231.0,1641.4,7.0656,0.04
2017-06-30,NIFTY,20170727,9519.1,671.7,7.0563,0.04
2017-07-03,BANKNIFTY,20170727,23201.2,1632.2,7.035,0.04
2017-07-03,NIFTY,20170727,9517.4,669.6,7.0355,0.04
2017-07-04,BANKNIFTY,20170727,23311.9,1640.3,7.0363,0.04
2017-07-04,NIFTY,20170727,9621.8,677.1,7.0371,0.04
2017-07-05,BANKNIFTY,20170727,23256.05,1636.7,7.0377,0.04
2017-07-05,NIFTY,20170727,9624.05,677.3,7.0376,0.04
2017-07-06,BANKNIFTY,20170727,23400.55,1647.2,7.0392,0.04
2017-07-06,NIFTY,20170727,9645.3,679.0,7.0397,0.04
2017-07-07,BANKNIFTY,20170727,23480.75,1653.1,7.0402,0.04
2017-07-07,NIFTY,20170727,9673.35,681.1,7.041,0.04
2017-07-10,BANKNIFTY,20170727,23458.95,1652.5,7.0442,0.04
2017-07-10,NIFTY,20170727,9667.5,681.0,7.0442,0.04
2017-07-11,BANKNIFTY,20170727,23663.05,1667.1,7.0452,0.04
2017-07-11,NIFTY,20170727,9776.95,688.8,7.0451,0.04
2017-07-12,BANKNIFTY,20170727,23617.35,1664.2,7.0465,0.04
2017-07-12,NIFTY,20170727,9787.25,689.7,7.0469,0.04
2017-07-13,BANKNIFTY,20170727,23721.25,1671.9,7.0481,0.04
2017-07-13,NIFTY,20170727,9822.35,692.3,7.0482,0.04
2017-07-14,BANKNIFTY,20170727,23879.4,1683.3,7.0492,0.04
2017-07-14,NIFTY,20170727,9887.5,697.0,7.0493,0.04
2017-07-17,BANKNIFTY,20170727,23977.4,1691.1,7.0529,0.04
2017-07-17,NIFTY,20170727,9899.55,698.2,7.0528,0.04
2017-07-18,BANKNIFTY,20170727,24026.65,1694.9,7.0543,0.04
2017-07-18,NIFTY,20170727,9933.15,700.7,7.0542,0.04
2017-07-19,BANKNIFTY,20170727,24058.2,1697.6,7.0562,0.04
2017-07-19,NIFTY,20170727,9846.3,694.8,7.0565,0.04
2017-07-20,BANKNIFTY,20170727,24208.45,1708.5,7.0575,0.04
2017-07-20,NIFTY,20170727,9919.15,700.1,7.0581,0.04
2017-07-21,BANKNIFTY,20170727,24235.15,1710.7,7.0588,0.04
2017-07-21,NIFTY,20170727,9888.05,698.0,7.059,0.04
2017-07-24,BANKNIFTY,20170727,24247.6,1712.5,7.0626,0.04
2017-07-24,NIFTY,20170727,9910.55,700.0,7.0632,0.04
2017-07-25,BANKNIFTY,20170727,24371.95,1721.6,7.0639,0.04
2017-07-25,NIFTY,20170727,9955.8,703.3,7.0642,0.04
2017-07-26,BANKNIFTY,20170727,24523.55,1736.6,7.0814,0.04
2017-07-26,NIFTY,20170727,9973.8,706.3,7.0816,0.04
2017-07-27,BANKNIFTY,20170727,24686.2,1752.5,7.0991,0.04
2017-07-27,NIFTY,20170727,10023.05,711.6,7.0996,0.04
2017-07-28,BANKNIFTY,20170831,24991.8,1761.4,7.0479,0.04
2017-07-28,NIFTY,20170831,10063.45,708.2,7.0373,0.04
2017-07-31,BANKNIFTY,20170831,24934.25,1752.4,7.0281,0.04
2017-07-31,NIFTY,20170831,10042.25,705.8,7.0283,0.04
2017-08-01,BANKNIFTY,20170831,25135.05,1766.8,7.0292,0.04
2017-08-01,NIFTY,20170831,10103.0,710.2,7.0296,0.04
2017-08-02,BANKNIFTY,20170831,25195.35,1771.3,7.0303,0.04
2017-08-02,NIFTY,20170831,10138.45,712.8,7.0307,0.04
2017-08-03,BANKNIFTY,20170831,25133.85,1767.3,7.0316,0.04
2017-08-03,NIFTY,20170831,10101.1,710.3,7.0319,0.04
2017-08-04,BANKNIFTY,20170831,24807.0,1744.9,7.0339,0.04
2017-08-04,NIFTY,20170831,10043.0,706.5,7.0348,0.04
2017-08-07,BANKNIFTY,20170831,24951.15,1756.0,7.0378,0.04
2017-08-07,NIFTY,20170831,10108.55,711.4,7.0376,0.04
2017-08-08,BANKNIFTY,20170831,24998.05,1759.6,7.0389,0.04
2017-08-08,NIFTY,20170831,10091.75,710.4,7.0394,0.04
2017-08-09,BANKNIFTY,20170831,24693.4,1738.4,7.0399,0.04
2017-08-09,NIFTY,20170831,9999.45,704.0,7.0404,0.04
2017-08-10,BANKNIFTY,20170831,24473.4,1723.3,7.0415,0.04
2017-08-10,NIFTY,20170831,9926.7,699.0,7.0416,0.04
2017-08-11,BANKNIFTY,20170831,24306.3,1711.8,7.0426,0.04
2017-08-11,NIFTY,20170831,9854.75,694.1,7.0433,0.04
2017-08-14,BANKNIFTY,20170831,24085.6,1697.2,7.0465,0.04
2017-08-14,NIFTY,20170831,9741.05,686.4,7.0465,0.04
2017-08-16,BANKNIFTY,20170831,24207.2,1706.3,7.0487,0.04
2017-08-16,NIFTY,20170831,9815.6,691.9,7.049,0.04
2017-08-17,BANKNIFTY,20170831,24475.1,1725.4,7.0496,0.04
2017-08-17,NIFTY,20170831,9904.95,698.3,7.05,0.04
2017-08-18,BANKNIFTY,20170831,24262.15,1710.7,7.0509,0.04
2017-08-18,NIFTY,20170831,9909.45,698.7,7.0508,0.04
2017-08-21,BANKNIFTY,20170831,24097.0,1700.0,7.0548,0.04
2017-08-21,NIFTY,20170831,9854.4,695.2,7.0547,0.04
2017-08-22,BANKNIFTY,20170831,23979.65,1692.0,7.056,0.04
2017-08-22,NIFTY,20170831,9768.6,689.3,7.0563,0.04
2017-08-23,BANKNIFTY,20170831,24042.9,1696.7,7.057,0.04
2017-08-23,NIFTY,20170831,9784.65,690.5,7.057,0.04
2017-08-24,BANKNIFTY,20170831,24328.9,1717.2,7.0583,0.04
2017-08-24,NIFTY,20170831,9862.3,696.1,7.0582,0.04
2017-08-28,BANKNIFTY,20170831,24330.3,1718.5,7.0632,0.04
2017-08-28,NIFTY,20170831,9873.25,697.4,7.0635,0.04
2017-08-29,BANKNIFTY,20170831,24377.05,1722.1,7.0644,0.04
2017-08-29,NIFTY,20170831,9917.05,700.6,7.0646,0.04
2017-08-30,BANKNIFTY,20170831,24107.1,1707.2,7.0817,0.04
2017-08-30,NIFTY,20170831,9799.0,694.0,7.0824,0.04
2017-08-31,BANKNIFTY,20170831,24305.05,1725.4,7.0989,0.04
2017-08-31,NIFTY,20170831,9883.6,701.7,7.0996,0.04
2017-09-01,BANKNIFTY,20170928,24353.7,1718.9,7.0581,0.04
2017-09-01,NIFTY,20170928,9937.2,701.1,7.0553,0.04
2017-09-04,BANKNIFTY,20170928,24483.45,1723.1,7.0378,0.04
2017-09-04,NIFTY,20170928,10007.3,704.3,7.0379,0.04
2017-09-05,BANKNIFTY,20170928,24289.65,1709.8,7.0392,0.04
2017-09-05,NIFTY,20170928,9927.65,698.8,7.0389,0.04
2017-09-06,BANKNIFTY,20170928,24388.1,1717.0,7.0403,0.04
2017-09-06,NIFTY,20170928,9971.6,702.1,7.041,0.04
2017-09-07,BANKNIFTY,20170928,24306.75,1711.5,7.0413,0.04
2017-09-07,NIFTY,20170928,9935.35,699.6,7.0415,0.04
2017-09-08,BANKNIFTY,20170928,24354.25,1715.2,7.0427,0.04
2017-09-08,NIFTY,20170928,9954.7,701.1,7.0429,0.04
2017-09-11,BANKNIFTY,20170928,24374.6,1717.5,7.0463,0.04
2017-09-11,NIFTY,20170928,9950.0,701.1,7.0462,0.04
2017-09-12,BANKNIFTY,20170928,24659.9,1737.9,7.0475,0.04
2017-09-12,NIFTY,20170928,10025.9,706.6,7.0477,0.04
2017-09-13,BANKNIFTY,20170928,24782.75,1746.9,7.0489,0.04
2017-09-13,NIFTY,20170928,10107.9,712.5,7.0489,0.04
2017-09-14,BANKNIFTY,20170928,24821.85,1749.9,7.0498,0.04
2017-09-14,NIFTY,20170928,10091.45,711.5,7.0505,0.04
2017-09-15,BANKNIFTY,20170928,24928.55,1757.8,7.0514,0.04
2017-09-15,NIFTY,20170928,10114.45,713.2,7.0513,0.04
2017-09-18,BANKNIFTY,20170928,24853.0,1753.3,7.0547,0.04
2017-09-18,NIFTY,20170928,10101.95,712.7,7.0551,0.04
2017-09-19,BANKNIFTY,20170928,25056.9,1768.0,7.0559,0.04
2017-09-19,NIFTY,20170928,10175.3,718.0,7.0563,0.04
2017-09-20,BANKNIFTY,20170928,25060.5,1768.6,7.0573,0.04
2017-09-20,NIFTY,20170928,10168.85,717.7,7.0578,0.04
2017-09-21,BANKNIFTY,20170928,25023.6,1766.3,7.0585,0.04
2017-09-21,NIFTY,20170928,10167.55,717.7,7.0587,0.04
2017-09-22,BANKNIFTY,20170928,24840.55,1753.7,7.0598,0.04
2017-09-22,NIFTY,20170928,10138.85,715.8,7.06,0.04
2017-09-25,BANKNIFTY,20170928,24426.35,1725.3,7.0633,0.04
2017-09-25,NIFTY,20170928,9982.95,705.2,7.064,0.04
2017-09-26,BANKNIFTY,20170928,24199.05,1709.6,7.0647,0.04
2017-09-26,NIFTY,20170928,9878.65,697.9,7.0647,0.04
2017-09-27,BANKNIFTY,20170928,24210.95,1714.6,7.0819,0.04
2017-09-27,NIFTY,20170928,9866.95,698.8,7.0822,0.04
2017-09-28,BANKNIFTY,20170928,23830.4,1691.7,7.0989,0.04
2017-09-28,NIFTY,20170928,9739.65,691.4,7.0988,0.04
2017-09-29,BANKNIFTY,20171026,24032.55,1696.9,7.0608,0.04
2017-09-29,NIFTY,20171026,9787.0,690.5,7.0553,0.04
2017-10-03,BANKNIFTY,20171026,24066.45,1694.0,7.0388,0.04
2017-10-03,NIFTY,20171026,9800.55,689.9,7.0394,0.04
2017-10-04,BANKNIFTY,20171026,24111.8,1697.5,7.0401,0.04
2017-10-04,NIFTY,20171026,9868.45,694.8,7.0406,0.04
2017-10-05,BANKNIFTY,20171026,24145.4,1700.2,7.0415,0.04
2017-10-05,NIFTY,20171026,9930.45,699.3,7.042,0.04
2017-10-06,BANKNIFTY,20171026,24107.25,1697.8,7.0427,0.04
2017-10-06,NIFTY,20171026,9908.7,697.9,7.0433,0.04
2017-10-09,BANKNIFTY,20171026,24228.05,1707.1,7.046,0.04
2017-10-09,NIFTY,20171026,10003.4,704.9,7.0466,0.04
2017-10-10,BANKNIFTY,20171026,24306.35,1712.9,7.0471,0.04
2017-10-10,NIFTY,20171026,10016.55,705.9,7.0473,0.04
2017-10-11,BANKNIFTY,20171026,24374.15,1718.0,7.0485,0.04
2017-10-11,NIFTY,20171026,10035.7,707.4,7.0488,0.04
2017-10-12,BANKNIFTY,20171026,24111.55,1699.8,7.0497,0.04
2017-10-12,NIFTY,20171026,9992.5,704.5,7.0503,0.04
2017-10-13,BANKNIFTY,20171026,24385.15,1719.4,7.051,0.04
2017-10-13,NIFTY,20171026,10111.4,713.0,7.0514,0.04
2017-10-16,BANKNIFTY,20171026,24732.0,1744.7,7.0544,0.04
2017-10-16,NIFTY,20171026,10192.4,719.1,7.0553,0.04
2017-10-17,BANKNIFTY,20171026,24743.25,1745.8,7.0557,0.04
2017-10-17,NIFTY,20171026,10255.95,723.7,7.0564,0.04
2017-10-18,BANKNIFTY,20171026,24655.0,1739.8,7.0566,0.04
2017-10-18,NIFTY,20171026,10253.7,723.6,7.057,0.04
2017-10-19,BANKNIFTY,20171026,24364.35,1719.7,7.0583,0.04
2017-10-19,NIFTY,20171026,10237.5,722.6,7.0584,0.04
2017-10-23,BANKNIFTY,20171026,23972.5,1693.2,7.0631,0.04
2017-10-23,NIFTY,20171026,10146.15,716.7,7.0638,0.04
2017-10-24,BANKNIFTY,20171026,24123.35,1704.2,7.0645,0.04
2017-10-24,NIFTY,20171026,10189.7,719.9,7.065,0.04
2017-10-25,BANKNIFTY,20171026,24237.55,1716.4,7.0816,0.04
2017-10-25,NIFTY,20171026,10219.3,723.7,7.0817,0.04
2017-10-26,BANKNIFTY,20171026,24981.2,1773.4,7.0989,0.04
2017-10-26,NIFTY,20171026,10289.9,730.5,7.0992,0.04
2017-10-27,BANKNIFTY,20171130,25080.65,1768.6,7.0517,0.04
2017-10-27,NIFTY,20171130,10360.55,731.1,7.0566,0.04
2017-10-30,BANKNIFTY,20171130,24981.25,1755.8,7.0285,0.04
2017-10-30,NIFTY,20171130,10356.85,728.0,7.0292,0.04
2017-10-31,BANKNIFTY,20171130,25066.35,1762.1,7.0297,0.04
2017-10-31,NIFTY,20171130,10388.45,730.3,7.0299,0.04
2017-11-01,BANKNIFTY,20171130,25057.45,1761.7,7.0306,0.04
2017-11-01,NIFTY,20171130,10368.5,729.0,7.0309,0.04
2017-11-02,BANKNIFTY,20171130,25530.25,1795.3,7.0321,0.04
2017-11-02,NIFTY,20171130,10477.3,736.8,7.0323,0.04
2017-11-03,BANKNIFTY,20171130,25468.5,1791.2,7.033,0.04
2017-11-03,NIFTY,20171130,10455.0,735.3,7.033,0.04
2017-11-06,BANKNIFTY,20171130,25668.65,1806.3,7.037,0.04
2017-11-06,NIFTY,20171130,10486.8,738.0,7.0374,0.04
2017-11-07,BANKNIFTY,20171130,25618.7,1803.1,7.0382,0.04
2017-11-07,NIFTY,20171130,10489.55,738.3,7.0384,0.04
2017-11-08,BANKNIFTY,20171130,25396.65,1787.8,7.0395,0.04
2017-11-08,NIFTY,20171130,10409.9,732.8,7.0395,0.04
2017-11-09,BANKNIFTY,20171130,25298.95,1781.2,7.0406,0.04
2017-11-09,NIFTY,20171130,10354.9,729.1,7.0411,0.04
2017-11-10,BANKNIFTY,20171130,25419.4,1790.0,7.0419,0.04
2017-11-10,NIFTY,20171130,10361.8,729.7,7.0422,0.04
2017-11-13,BANKNIFTY,20171130,25495.15,1796.3,7.0457,0.04
2017-11-13,NIFTY,20171130,10334.0,728.1,7.0457,0.04
2017-11-14,BANKNIFTY,20171130,25463.2,1794.4,7.047,0.04
2017-11-14,NIFTY,20171130,10269.4,723.7,7.0471,0.04
2017-11-15,BANKNIFTY,20171130,25401.0,1790.3,7.0481,0.04
2017-11-15,NIFTY,20171130,10233.6,721.3,7.0484,0.04
2017-11-16,BANKNIFTY,20171130,25318.15,1784.8,7.0495,0.04
2017-11-16,NIFTY,20171130,10154.35,715.8,7.0492,0.04
2017-11-17,BANKNIFTY,20171130,25515.85,1799.0,7.0505,0.04
2017-11-17,NIFTY,20171130,10250.9,722.8,7.0511,0.04
2017-11-20,BANKNIFTY,20171130,25818.75,1821.3,7.0542,0.04
2017-11-20,NIFTY,20171130,10308.85,727.2,7.0541,0.04
2017-11-21,BANKNIFTY,20171130,25831.85,1822.6,7.0556,0.04
2017-11-21,NIFTY,20171130,10320.05,728.2,7.0562,0.04
2017-11-22,BANKNIFTY,20171130,25818.7,1821.9,7.0565,0.04
2017-11-22,NIFTY,20171130,10351.9,730.5,7.0567,0.04
2017-11-23,BANKNIFTY,20171130,25792.5,1820.4,7.0579,0.04
2017-11-23,NIFTY,20171130,10357.95,731.1,7.0583,0.04
2017-11-24,BANKNIFTY,20171130,25778.7,1819.8,7.0593,0.04
2017-11-24,NIFTY,20171130,10366.65,731.8,7.0592,0.04
2017-11-27,BANKNIFTY,20171130,25842.45,1825.2,7.0628,0.04
2017-11-27,NIFTY,20171130,10409.35,735.2,7.0629,0.04
2017-11-28,BANKNIFTY,20171130,25938.8,1832.3,7.0639,0.04
2017-11-28,NIFTY,20171130,10418.5,736.0,7.0644,0.04
2017-11-29,BANKNIFTY,20171130,25876.0,1832.4,7.0815,0.04
2017-11-29,NIFTY,20171130,10377.55,734.9,7.0816,0.04
2017-11-30,BANKNIFTY,20171130,25815.5,1832.6,7.0988,0.04
2017-11-30,NIFTY,20171130,10360.7,735.5,7.0989,0.04
2017-12-01,BANKNIFTY,20171228,25448.75,1790.4,7.0353,0.04
2017-12-01,NIFTY,20171228,10278.65,722.9,7.033,0.04
2017-12-04,BANKNIFTY,20171228,25259.65,1777.5,7.0369,0.04
2017-12-04,NIFTY,20171228,10154.25,714.6,7.0374,0.04
2017-12-05,BANKNIFTY,20171228,25185.85,1772.6,7.0381,0.04
2017-12-05,NIFTY,20171228,10159.25,715.0,7.0379,0.04
2017-12-06,BANKNIFTY,20171228,25225.0,1775.7,7.0394,0.04
2017-12-06,NIFTY,20171228,10146.7,714.3,7.0397,0.04
2017-12-07,BANKNIFTY,20171228,24927.4,1755.0,7.0404,0.04
2017-12-07,NIFTY,20171228,10068.65,708.9,7.0407,0.04
2017-12-08,BANKNIFTY,20171228,25172.0,1772.6,7.042,0.04
2017-12-08,NIFTY,20171228,10202.95,718.5,7.0421,0.04
2017-12-11,BANKNIFTY,20171228,25364.5,1787.0,7.0453,0.04
2017-12-11,NIFTY,20171228,10291.65,725.1,7.0455,0.04
2017-12-12,BANKNIFTY,20171228,25422.45,1791.4,7.0465,0.04
2017-12-12,NIFTY,20171228,10346.4,729.1,7.0469,0.04
2017-12-13,BANKNIFTY,20171228,25178.2,1774.5,7.0478,0.04
2017-12-13,NIFTY,20171228,10264.5,723.5,7.0486,0.04
2017-12-14,BANKNIFTY,20171228,25038.2,1764.9,7.0488,0.04
2017-12-14,NIFTY,20171228,10215.2,720.1,7.0493,0.04
2017-12-15,BANKNIFTY,20171228,25213.05,1777.6,7.0503,0.04
2017-12-15,NIFTY,20171228,10276.1,724.5,7.0503,0.04
2017-12-18,BANKNIFTY,20171228,25510.25,1799.5,7.054,0.04
2017-12-18,NIFTY,20171228,10359.5,730.8,7.0544,0.04
2017-12-19,BANKNIFTY,20171228,25610.7,1806.8,7.0549,0.04
2017-12-19,NIFTY,20171228,10404.35,734.0,7.0547,0.04
2017-12-20,BANKNIFTY,20171228,25707.85,1814.0,7.0562,0.04
2017-12-20,NIFTY,20171228,10470.95,738.9,7.0567,0.04
2017-12-21,BANKNIFTY,20171228,25662.95,1811.1,7.0573,0.04
2017-12-21,NIFTY,20171228,10470.15,739.0,7.0582,0.04
2017-12-22,BANKNIFTY,20171228,25621.35,1808.5,7.0586,0.04
2017-12-22,NIFTY,20171228,10462.45,738.5,7.0586,0.04
2017-12-26,BANKNIFTY,20171228,25666.4,1813.0,7.0637,0.04
2017-12-26,NIFTY,20171228,10505.45,742.1,7.064,0.04
2017-12-27,BANKNIFTY,20171228,25673.8,1818.0,7.0811,0.04
2017-12-27,NIFTY,20171228,10525.95,745.4,7.0815,0.04
2017-12-28,BANKNIFTY,20171228,25496.35,1810.0,7.0991,0.04
2017-12-28,NIFTY,20171228,10500.2,745.4,7.0989,0.04
2017-12-29,BANKNIFTY,20180125,25545.05,1801.4,7.0519,0.04
2017-12-29,NIFTY,20180125,10517.9,740.5,7.0404,0.04
2018-01-01,BANKNIFTY,20180125,25570.05,1799.0,7.0356,0.04
2018-01-01,NIFTY,20180125,10556.9,742.8,7.0362,0.04
2018-01-02,BANKNIFTY,20180125,25447.05,1790.8,7.0374,0.04
2018-01-02,NIFTY,20180125,10498.7,738.9,7.038,0.04
2018-01-03,BANKNIFTY,20180125,25393.45,1787.3,7.0384,0.04
2018-01-03,NIFTY,20180125,10472.2,737.1,7.0386,0.04
2018-01-04,BANKNIFTY,20180125,25386.8,1787.1,7.0395,0.04
2018-01-04,NIFTY,20180125,10469.4,737.0,7.0396,0.04
2018-01-05,BANKNIFTY,20180125,25496.4,1795.2,7.041,0.04
2018-01-05,NIFTY,20180125,10526.2,741.2,7.0415,0.04
2018-01-08,BANKNIFTY,20180125,25636.5,1805.9,7.0443,0.04
2018-01-08,NIFTY,20180125,10573.2,744.8,7.0442,0.04
2018-01-09,BANKNIFTY,20180125,25724.65,1812.4,7.0454,0.04
2018-01-09,NIFTY,20180125,10631.4,749.0,7.0452,0.04
2018-01-10,BANKNIFTY,20180125,25709.5,1811.6,7.0464,0.04
2018-01-10,NIFTY,20180125,10646.9,750.3,7.0471,0.04
2018-01-11,BANKNIFTY,20180125,25625.65,1805.9,7.0472,0.04
2018-01-11,NIFTY,20180125,10637.05,749.7,7.048,0.04
2018-01-12,BANKNIFTY,20180125,25668.45,1809.2,7.0483,0.04
2018-01-12,NIFTY,20180125,10654.05,750.9,7.048,0.04
2018-01-15,BANKNIFTY,20180125,25743.4,1815.3,7.0515,0.04
2018-01-15,NIFTY,20180125,10686.35,753.6,7.052,0.04
2018-01-16,BANKNIFTY,20180125,26044.75,1836.9,7.0529,0.04
2018-01-16,NIFTY,20180125,10743.3,757.7,7.0528,0.04
2018-01-17,BANKNIFTY,20180125,25981.35,1832.7,7.0539,0.04
2018-01-17,NIFTY,20180125,10709.55,755.5,7.0545,0.04
2018-01-18,BANKNIFTY,20180125,26289.95,1854.8,7.0552,0.04
2018-01-18,NIFTY,20180125,10791.8,761.4,7.0554,0.04
2018-01-19,BANKNIFTY,20180125,26499.4,1869.8,7.056,0.04
2018-01-19,NIFTY,20180125,10810.8,762.9,7.0568,0.04
2018-01-22,BANKNIFTY,20180125,26896.05,1898.8,7.0598,0.04
2018-01-22,NIFTY,20180125,10901.05,769.6,7.0599,0.04
2018-01-23,BANKNIFTY,20180125,27015.5,1907.5,7.0608,0.04
2018-01-23,NIFTY,20180125,10968.0,774.5,7.0615,0.04
2018-01-24,BANKNIFTY,20180125,27386.0,1938.8,7.0795,0.04
2018-01-24,NIFTY,20180125,11085.45,784.8,7.0796,0.04
2018-01-25,BANKNIFTY,20180125,27426.75,1947.0,7.0989,0.04
2018-01-25,NIFTY,20180125,11083.2,786.8,7.099,0.04
2018-01-29,BANKNIFTY,20180222,27374.25,1938.8,7.0826,0.04
2018-01-29,NIFTY,20180222,11062.6,782.0,7.0689,0.04
2018-01-30,BANKNIFTY,20180222,27509.3,1934.2,7.0311,0.04
2018-01-30,NIFTY,20180222,11137.65,783.1,7.0311,0.04
2018-01-31,BANKNIFTY,20180222,27358.7,1924.0,7.0325,0.04
2018-01-31,NIFTY,20180222,11072.1,778.7,7.033,0.04
2018-02-01,BANKNIFTY,20180222,27465.6,1931.8,7.0335,0.04
2018-02-01,NIFTY,20180222,11055.4,777.6,7.0337,0.04
2018-02-02,BANKNIFTY,20180222,27233.2,1915.7,7.0344,0.04
2018-02-02,NIFTY,20180222,11031.3,776.0,7.0345,0.04
2018-02-05,BANKNIFTY,20180222,26504.65,1865.6,7.0388,0.04
2018-02-05,NIFTY,20180222,10755.85,757.1,7.039,0.04
2018-02-06,BANKNIFTY,20180222,26196.0,1844.2,7.04,0.04
2018-02-06,NIFTY,20180222,10684.6,752.2,7.04,0.04
2018-02-07,BANKNIFTY,20180222,25848.6,1820.1,7.0414,0.04
2018-02-07,NIFTY,20180222,10513.3,740.3,7.0416,0.04
2018-02-08,BANKNIFTY,20180222,25663.5,1807.4,7.0427,0.04
2018-02-08,NIFTY,20180222,10465.55,737.1,7.0431,0.04
2018-02-09,BANKNIFTY,20180222,25941.85,1827.4,7.0442,0.04
2018-02-09,NIFTY,20180222,10572.25,744.7,7.0439,0.04
2018-02-12,BANKNIFTY,20180222,25513.3,1798.2,7.0481,0.04
2018-02-12,NIFTY,20180222,10469.7,738.0,7.0489,0.04
2018-02-14,BANKNIFTY,20180222,25706.45,1812.5,7.0508,0.04
2018-02-14,NIFTY,20180222,10543.1,743.4,7.0511,0.04
2018-02-15,BANKNIFTY,20180222,25357.5,1788.3,7.0524,0.04
2018-02-15,NIFTY,20180222,10495.2,740.2,7.0527,0.04
2018-02-16,BANKNIFTY,20180222,25419.0,1793.0,7.0538,0.04
2018-02-16,NIFTY,20180222,10551.2,744.3,7.0542,0.04
2018-02-19,BANKNIFTY,20180222,25192.2,1778.0,7.0577,0.04
2018-02-19,NIFTY,20180222,10453.35,737.8,7.058,0.04
2018-02-20,BANKNIFTY,20180222,25057.5,1768.9,7.0594,0.04
2018-02-20,NIFTY,20180222,10378.55,732.7,7.0598,0.04
2018-02-21,BANKNIFTY,20180222,24859.55,1759.8,7.079,0.04
2018-02-21,NIFTY,20180222,10343.75,732.3,7.0796,0.04
2018-02-22,BANKNIFTY,20180222,24928.8,1769.6,7.0986,0.04
2018-02-22,NIFTY,20180222,10392.9,737.8,7.0991,0.04
2018-02-23,BANKNIFTY,20180328,24985.7,1762.7,7.0548,0.04
2018-02-23,NIFTY,20180328,10389.1,733.4,7.0593,0.04
2018-02-26,BANKNIFTY,20180328,25381.55,1781.8,7.0201,0.04
2018-02-26,NIFTY,20180328,10504.55,737.4,7.0198,0.04
2018-02-27,BANKNIFTY,20180328,25739.15,1807.2,7.0212,0.04
2018-02-27,NIFTY,20180328,10600.45,744.3,7.0214,0.04
2018-02-28,BANKNIFTY,20180328,25412.1,1784.6,7.0226,0.04
2018-02-28,NIFTY,20180328,10564.05,741.9,7.0229,0.04
2018-03-01,BANKNIFTY,20180328,25170.05,1768.0,7.0242,0.04
2018-03-01,NIFTY,20180328,10519.4,738.9,7.0242,0.04
2018-03-05,BANKNIFTY,20180328,24938.45,1753.1,7.0297,0.04
2018-03-05,NIFTY,20180328,10456.55,735.1,7.03,0.04
2018-03-06,BANKNIFTY,20180328,24866.35,1748.4,7.0312,0.04
2018-03-06,NIFTY,20180328,10365.6,728.8,7.0309,0.04
2018-03-07,BANKNIFTY,20180328,24504.15,1723.3,7.0327,0.04
2018-03-07,NIFTY,20180328,10248.55,720.7,7.0322,0.04
2018-03-08,BANKNIFTY,20180328,24214.2,1703.2,7.0339,0.04
2018-03-08,NIFTY,20180328,10171.55,715.5,7.0343,0.04
2018-03-09,BANKNIFTY,20180328,24508.05,1724.1,7.0348,0.04
2018-03-09,NIFTY,20180328,10242.95,720.6,7.0351,0.04
2018-03-12,BANKNIFTY,20180328,24313.25,1711.4,7.039,0.04
2018-03-12,NIFTY,20180328,10216.45,719.2,7.0396,0.04
2018-03-13,BANKNIFTY,20180328,24747.75,1742.4,7.0406,0.04
2018-03-13,NIFTY,20180328,10432.8,734.5,7.0403,0.04
2018-03-14,BANKNIFTY,20180328,24816.1,1747.6,7.0422,0.04
2018-03-14,NIFTY,20180328,10426.4,734.2,7.0417,0.04
2018-03-15,BANKNIFTY,20180328,24933.25,1756.2,7.0436,0.04
2018-03-15,NIFTY,20180328,10425.35,734.3,7.0434,0.04
2018-03-16,BANKNIFTY,20180328,24843.05,1750.1,7.0446,0.04
2018-03-16,NIFTY,20180328,10372.3,730.7,7.0447,0.04
2018-03-19,BANKNIFTY,20180328,24607.5,1734.6,7.0491,0.04
2018-03-19,NIFTY,20180328,10232.5,721.3,7.0491,0.04
2018-03-20,BANKNIFTY,20180328,24336.9,1716.0,7.051,0.04
2018-03-20,NIFTY,20180328,10122.8,713.8,7.0514,0.04
2018-03-21,BANKNIFTY,20180328,24224.5,1708.4,7.0524,0.04
2018-03-21,NIFTY,20180328,10143.2,715.4,7.053,0.04
2018-03-22,BANKNIFTY,20180328,24325.85,1715.9,7.0538,0.04
2018-03-22,NIFTY,20180328,10180.15,718.1,7.0539,0.04
2018-03-23,BANKNIFTY,20180328,24171.7,1705.3,7.0549,0.04
2018-03-23,NIFTY,20180328,10127.85,714.6,7.0558,0.04
2018-03-26,BANKNIFTY,20180328,23710.15,1673.8,7.0594,0.04
2018-03-26,NIFTY,20180328,10003.9,706.2,7.0592,0.04
2018-03-27,BANKNIFTY,20180328,24280.85,1718.8,7.0788,0.04
2018-03-27,NIFTY,20180328,10146.2,718.3,7.0795,0.04
2018-03-28,BANKNIFTY,20180328,24400.2,1732.1,7.0987,0.04
2018-03-28,NIFTY,20180328,10178.95,722.6,7.099,0.04
2018-04-02,BANKNIFTY,20180426,24339.3,1713.5,7.0401,0.04
2018-04-02,NIFTY,20180426,10151.95,714.3,7.0361,0.04
2018-04-03,BANKNIFTY,20180426,24431.25,1716.9,7.0275,0.04
2018-04-03,NIFTY,20180426,10264.0,721.3,7.0275,0.04
2018-04-04,BANKNIFTY,20180426,24598.25,1730.4,7.0346,0.04
2018-04-04,NIFTY,20180426,10285.0,723.5,7.0345,0.04
2018-04-05,BANKNIFTY,20180426,24148.6,1699.3,7.0368,0.04
2018-04-05,NIFTY,20180426,10146.6,714.0,7.0368,0.04
2018-04-06,BANKNIFTY,20180426,24808.9,1746.1,7.0382,0.04
2018-04-06,NIFTY,20180426,10352.2,728.6,7.0381,0.04
2018-04-09,BANKNIFTY,20180426,24906.15,1754.0,7.0424,0.04
2018-04-09,NIFTY,20180426,10352.85,729.1,7.0425,0.04
2018-04-10,BANKNIFTY,20180426,25091.65,1767.4,7.0438,0.04
2018-04-10,NIFTY,20180426,10393.9,732.2,7.0445,0.04
2018-04-11,BANKNIFTY,20180426,25203.5,1775.6,7.0451,0.04
2018-04-11,NIFTY,20180426,10421.5,734.2,7.0451,0.04
2018-04-12,BANKNIFTY,20180426,25096.9,1768.4,7.0463,0.04
2018-04-12,NIFTY,20180426,10425.0,734.6,7.0465,0.04
2018-04-13,BANKNIFTY,20180426,25184.3,1774.8,7.0472,0.04
2018-04-13,NIFTY,20180426,10465.0,737.5,7.0473,0.04
2018-04-16,BANKNIFTY,20180426,25219.1,1778.3,7.0514,0.04
2018-04-16,NIFTY,20180426,10490.4,739.7,7.0512,0.04
2018-04-17,BANKNIFTY,20180426,25330.6,1786.4,7.0523,0.04
2018-04-17,NIFTY,20180426,10542.9,743.6,7.0531,0.04
2018-04-18,BANKNIFTY,20180426,25334.5,1787.0,7.0536,0.04
2018-04-18,NIFTY,20180426,10551.2,744.3,7.0542,0.04
2018-04-19,BANKNIFTY,20180426,25124.85,1772.5,7.0548,0.04
2018-04-19,NIFTY,20180426,10538.85,743.5,7.0548,0.04
2018-04-20,BANKNIFTY,20180426,25148.4,1774.5,7.0561,0.04
2018-04-20,NIFTY,20180426,10578.1,746.4,7.0561,0.04
2018-04-23,BANKNIFTY,20180426,25006.1,1765.4,7.0599,0.04
2018-04-23,NIFTY,20180426,10585.5,747.4,7.0606,0.04
2018-04-24,BANKNIFTY,20180426,24947.2,1761.5,7.0609,0.04
2018-04-24,NIFTY,20180426,10585.45,747.5,7.0616,0.04
2018-04-25,BANKNIFTY,20180426,25013.85,1771.0,7.0801,0.04
2018-04-25,NIFTY,20180426,10617.9,751.8,7.0805,0.04
2018-04-26,BANKNIFTY,20180426,24779.95,1759.1,7.0989,0.04
2018-04-26,NIFTY,20180426,10569.05,750.3,7.099,0.04
2018-04-27,BANKNIFTY,20180531,25021.75,1767.0,7.0619,0.04
2018-04-27,NIFTY,20180531,10632.5,750.2,7.0557,0.04
2018-04-30,BANKNIFTY,20180531,25445.2,1786.6,7.0214,0.04
2018-04-30,NIFTY,20180531,10723.8,753.0,7.0218,0.04
2018-05-02,BANKNIFTY,20180531,25635.85,1800.7,7.0241,0.04
2018-05-02,NIFTY,20180531,10780.3,757.3,7.0249,0.04
2018-05-03,BANKNIFTY,20180531,25643.7,1801.5,7.0251,0.04
2018-05-03,NIFTY,20180531,10739.4,754.5,7.0255,0.04
2018-05-04,BANKNIFTY,20180531,25711.75,1806.6,7.0264,0.04
2018-05-04,NIFTY,20180531,10706.5,752.3,7.0266,0.04
2018-05-07,BANKNIFTY,20180531,25701.15,1806.9,7.0304,0.04
2018-05-07,NIFTY,20180531,10658.75,749.4,7.0308,0.04
2018-05-08,BANKNIFTY,20180531,25846.35,1817.3,7.0312,0.04
2018-05-08,NIFTY,20180531,10739.85,755.2,7.0318,0.04
2018-05-09,BANKNIFTY,20180531,26043.0,1831.4,7.0322,0.04
2018-05-09,NIFTY,20180531,10735.05,755.0,7.033,0.04
2018-05-10,BANKNIFTY,20180531,26128.45,1837.7,7.0333,0.04
2018-05-10,NIFTY,20180531,10769.3,757.5,7.0339,0.04
2018-05-11,BANKNIFTY,20180531,26072.9,1834.0,7.0341,0.04
2018-05-11,NIFTY,20180531,10724.9,754.5,7.035,0.04
2018-05-14,BANKNIFTY,20180531,26400.35,1858.1,7.0382,0.04
2018-05-14,NIFTY,20180531,10820.1,761.6,7.0388,0.04
2018-05-15,BANKNIFTY,20180531,26453.9,1862.1,7.039,0.04
2018-05-15,NIFTY,20180531,10814.7,761.3,7.0395,0.04
2018-05-16,BANKNIFTY,20180531,26512.25,1866.5,7.0401,0.04
2018-05-16,NIFTY,20180531,10818.6,761.7,7.0407,0.04
2018-05-17,BANKNIFTY,20180531,26218.05,1846.1,7.0413,0.04
2018-05-17,NIFTY,20180531,10761.25,757.8,7.0419,0.04
2018-05-18,BANKNIFTY,20180531,26072.15,1836.1,7.0424,0.04
2018-05-18,NIFTY,20180531,10696.2,753.3,7.0427,0.04
2018-05-21,BANKNIFTY,20180531,25878.1,1823.4,7.0461,0.04
2018-05-21,NIFTY,20180531,10597.05,746.7,7.0463,0.04
2018-05-22,BANKNIFTY,20180531,25801.95,1818.3,7.0471,0.04
2018-05-22,NIFTY,20180531,10538.75,742.7,7.0473,0.04
2018-05-23,BANKNIFTY,20180531,25817.2,1819.7,7.0484,0.04
2018-05-23,NIFTY,20180531,10552.85,743.8,7.0483,0.04
2018-05-24,BANKNIFTY,20180531,25601.05,1804.7,7.0493,0.04
2018-05-24,NIFTY,20180531,10426.6,735.1,7.0502,0.04
2018-05-25,BANKNIFTY,20180531,25915.7,1827.2,7.0506,0.04
2018-05-25,NIFTY,20180531,10505.2,740.7,7.0508,0.04
2018-05-28,BANKNIFTY,20180531,26242.35,1851.5,7.0554,0.04
2018-05-28,NIFTY,20180531,10602.4,748.1,7.0559,0.04
2018-05-29,BANKNIFTY,20180531,26542.1,1873.0,7.0567,0.04
2018-05-29,NIFTY,20180531,10678.85,753.6,7.0569,0.04
2018-05-30,BANKNIFTY,20180531,26183.75,1853.2,7.0777,0.04
2018-05-30,NIFTY,20180531,10615.55,751.4,7.0783,0.04
2018-05-31,BANKNIFTY,20180531,26250.75,1863.5,7.0988,0.04
2018-05-31,NIFTY,20180531,10604.5,752.8,7.0989,0.04
2018-06-01,BANKNIFTY,20180628,26726.9,1903.5,7.122,0.04
2018-06-01,NIFTY,20180628,10702.15,758.2,7.0846,0.04
2018-06-04,BANKNIFTY,20180628,26669.25,1885.7,7.0707,0.04
2018-06-04,NIFTY,20180628,10683.9,750.5,7.0246,0.04
2018-06-05,BANKNIFTY,20180628,26190.1,1840.0,7.0256,0.04
2018-06-05,NIFTY,20180628,10598.7,744.6,7.0254,0.04
2018-06-06,BANKNIFTY,20180628,26257.45,1845.1,7.027,0.04
2018-06-06,NIFTY,20180628,10596.45,744.6,7.0269,0.04
2018-06-07,BANKNIFTY,20180628,26391.5,1854.9,7.0284,0.04
2018-06-07,NIFTY,20180628,10686.25,751.1,7.0287,0.04
2018-06-08,BANKNIFTY,20180628,26567.35,1867.7,7.0301,0.04
2018-06-08,NIFTY,20180628,10765.2,756.8,7.0301,0.04
2018-06-11,BANKNIFTY,20180628,26438.0,1860.0,7.0353,0.04
2018-06-11,NIFTY,20180628,10748.1,756.2,7.0357,0.04
2018-06-12,BANKNIFTY,20180628,26477.0,1863.1,7.0367,0.04
2018-06-12,NIFTY,20180628,10785.8,759.0,7.037,0.04
2018-06-13,BANKNIFTY,20180628,26616.15,1873.3,7.0382,0.04
2018-06-13,NIFTY,20180628,10839.05,762.9,7.0384,0.04
2018-06-14,BANKNIFTY,20180628,26637.3,1875.3,7.0401,0.04
2018-06-14,NIFTY,20180628,10844.85,763.5,7.0402,0.04
2018-06-15,BANKNIFTY,20180628,26580.9,1871.7,7.0415,0.04
2018-06-15,NIFTY,20180628,10813.9,761.5,7.0419,0.04
2018-06-18,BANKNIFTY,20180628,26410.55,1860.8,7.0457,0.04
2018-06-18,NIFTY,20180628,10814.65,762.0,7.046,0.04
2018-06-19,BANKNIFTY,20180628,26386.25,1865.1,7.0685,0.04
2018-06-19,NIFTY,20180628,10789.6,760.4,7.0475,0.04
2018-06-20,BANKNIFTY,20180628,26258.4,1851.0,7.0492,0.04
2018-06-20,NIFTY,20180628,10719.85,755.7,7.0495,0.04
2018-06-21,BANKNIFTY,20180628,26597.5,1875.4,7.051,0.04
2018-06-21,NIFTY,20180628,10790.65,760.9,7.0515,0.04
2018-06-22,BANKNIFTY,20180628,26471.25,1866.9,7.0526,0.04
2018-06-22,NIFTY,20180628,10737.15,757.3,7.0531,0.04
2018-06-25,BANKNIFTY,20180628,26788.5,1890.4,7.0568,0.04
2018-06-25,NIFTY,20180628,10833.95,764.6,7.0574,0.04
2018-06-26,BANKNIFTY,20180628,26609.75,1878.1,7.0579,0.04
2018-06-26,NIFTY,20180628,10757.65,759.3,7.0582,0.04
2018-06-27,BANKNIFTY,20180628,26603.65,1883.1,7.0784,0.04
2018-06-27,NIFTY,20180628,10766.9,762.1,7.0782,0.04
2018-06-28,BANKNIFTY,20180628,26428.95,1876.1,7.0987,0.04
2018-06-28,NIFTY,20180628,10673.45,757.7,7.0989,0.04
2018-06-29,BANKNIFTY,20180726,26237.5,1859.2,7.086,0.04
2018-06-29,NIFTY,20180726,10571.1,747.9,7.0749,0.04
2018-07-02,BANKNIFTY,20180726,26349.65,1851.6,7.027,0.04
2018-07-02,NIFTY,20180726,10694.8,751.5,7.0268,0.04
2018-07-03,BANKNIFTY,20180726,26237.25,1844.1,7.0286,0.04
2018-07-03,NIFTY,20180726,10658.25,749.2,7.0293,0.04
2018-07-04,BANKNIFTY,20180726,26254.95,1845.9,7.0307,0.04
2018-07-04,NIFTY,20180726,10723.95,754.0,7.031,0.04
2018-07-05,BANKNIFTY,20180726,26437.5,1859.1,7.0321,0.04
2018-07-05,NIFTY,20180726,10771.35,757.5,7.0325,0.04
2018-07-06,BANKNIFTY,20180726,26484.5,1862.7,7.0332,0.04
2018-07-06,NIFTY,20180726,10751.75,756.2,7.0333,0.04
2018-07-09,BANKNIFTY,20180726,26500.4,1865.0,7.0376,0.04
2018-07-09,NIFTY,20180726,10778.4,758.6,7.0382,0.04
2018-07-10,BANKNIFTY,20180726,26713.4,1880.3,7.0388,0.04
2018-07-10,NIFTY,20180726,10859.85,764.4,7.0388,0.04
2018-07-11,BANKNIFTY,20180726,26882.75,1892.7,7.0406,0.04
2018-07-11,NIFTY,20180726,10947.85,770.8,7.0407,0.04
2018-07-12,BANKNIFTY,20180726,26781.45,1894.1,7.0724,0.04
2018-07-12,NIFTY,20180726,10938.6,770.3,7.042,0.04
2018-07-13,BANKNIFTY,20180726,27013.9,1902.7,7.0434,0.04
2018-07-13,NIFTY,20180726,11016.25,776.0,7.0441,0.04
2018-07-16,BANKNIFTY,20180726,26962.95,1900.3,7.0478,0.04
2018-07-16,NIFTY,20180726,11020.0,776.7,7.0481,0.04
2018-07-17,BANKNIFTY,20180726,26740.65,1885.0,7.0492,0.04
2018-07-17,NIFTY,20180726,10944.25,771.5,7.0494,0.04
2018-07-18,BANKNIFTY,20180726,27088.05,1909.9,7.0507,0.04
2018-07-18,NIFTY,20180726,11023.75,777.3,7.0511,0.04
2018-07-19,BANKNIFTY,20180726,26930.75,1899.3,7.0525,0.04
2018-07-19,NIFTY,20180726,10978.6,774.3,7.0528,0.04
2018-07-20,BANKNIFTY,20180726,26841.3,1893.3,7.0537,0.04
2018-07-20,NIFTY,20180726,10973.55,774.1,7.0542,0.04
2018-07-23,BANKNIFTY,20180726,26928.9,1900.7,7.0582,0.04
2018-07-23,NIFTY,20180726,11024.85,778.2,7.0586,0.04
2018-07-24,BANKNIFTY,20180726,27072.9,1911.1,7.0591,0.04
2018-07-24,NIFTY,20180726,11099.4,783.6,7.0598,0.04
2018-07-25,BANKNIFTY,20180726,27031.05,1913.5,7.0789,0.04
2018-07-25,NIFTY,20180726,11142.0,788.8,7.0795,0.04
2018-07-26,BANKNIFTY,20180726,27057.7,1920.8,7.0989,0.04
2018-07-26,NIFTY,20180726,11136.4,790.6,7.0992,0.04
2018-07-27,BANKNIFTY,20180830,27436.65,1935.7,7.0552,0.04
2018-07-27,NIFTY,20180830,11201.35,788.8,7.042,0.04
2018-07-30,BANKNIFTY,20180830,27639.45,1939.7,7.0179,0.04
2018-07-30,NIFTY,20180830,11306.7,793.5,7.018,0.04
2018-07-31,BANKNIFTY,20180830,27854.8,1955.1,7.0189,0.04
2018-07-31,NIFTY,20180830,11338.5,795.9,7.0194,0.04
2018-08-01,BANKNIFTY,20180830,27811.65,1952.5,7.0204,0.04
2018-08-01,NIFTY,20180830,11371.6,798.3,7.0201,0.04
2018-08-02,BANKNIFTY,20180830,27672.2,1943.0,7.0215,0.04
2018-08-02,NIFTY,20180830,11374.3,798.7,7.022,0.04
2018-08-03,BANKNIFTY,20180830,27450.1,1927.6,7.0222,0.04
2018-08-03,NIFTY,20180830,11282.3,792.3,7.0225,0.04
2018-08-06,BANKNIFTY,20180830,27776.85,1951.8,7.0267,0.04
2018-08-06,NIFTY,20180830,11395.75,800.8,7.0272,0.04
2018-08-07,BANKNIFTY,20180830,27960.15,1965.1,7.0282,0.04
2018-08-07,NIFTY,20180830,11414.25,802.2,7.0281,0.04
2018-08-08,BANKNIFTY,20180830,27947.9,1968.8,7.0445,0.04
2018-08-08,NIFTY,20180830,11418.35,802.7,7.0299,0.04
2018-08-09,BANKNIFTY,20180830,28127.45,1977.7,7.0312,0.04
2018-08-09,NIFTY,20180830,11467.65,806.3,7.0311,0.04
2018-08-10,BANKNIFTY,20180830,28351.7,1993.8,7.0324,0.04
2018-08-10,NIFTY,20180830,11487.55,807.9,7.0328,0.04
2018-08-13,BANKNIFTY,20180830,28166.55,1982.0,7.0367,0.04
2018-08-13,NIFTY,20180830,11439.25,805.0,7.0372,0.04
2018-08-14,BANKNIFTY,20180830,27870.65,1963.0,7.0433,0.04
2018-08-14,NIFTY,20180830,11381.15,801.1,7.0388,0.04
2018-08-16,BANKNIFTY,20180830,28077.5,1977.0,7.0412,0.04
2018-08-16,NIFTY,20180830,11463.45,807.2,7.0415,0.04
2018-08-17,BANKNIFTY,20180830,27907.2,1965.4,7.0426,0.04
2018-08-17,NIFTY,20180830,11410.9,803.6,7.0424,0.04
2018-08-20,BANKNIFTY,20180830,28169.5,1985.1,7.047,0.04
2018-08-20,NIFTY,20180830,11488.45,809.6,7.0471,0.04
2018-08-21,BANKNIFTY,20180830,28331.45,1996.9,7.0484,0.04
2018-08-21,NIFTY,20180830,11578.95,816.1,7.0481,0.04
2018-08-23,BANKNIFTY,20180830,28279.35,1994.0,7.0511,0.04
2018-08-23,NIFTY,20180830,11586.55,817.0,7.0513,0.04
2018-08-24,BANKNIFTY,20180830,28099.05,1981.7,7.0526,0.04
2018-08-24,NIFTY,20180830,11595.4,817.8,7.0528,0.04
2018-08-27,BANKNIFTY,20180830,27908.8,1969.5,7.0569,0.04
2018-08-27,NIFTY,20180830,11571.6,816.6,7.0569,0.04
2018-08-28,BANKNIFTY,20180830,28268.95,1995.3,7.0583,0.04
2018-08-28,NIFTY,20180830,11705.35,826.2,7.0583,0.04
2018-08-29,BANKNIFTY,20180830,28312.25,2004.1,7.0786,0.04
2018-08-29,NIFTY,20180830,11752.45,831.9,7.0785,0.04
2018-08-30,BANKNIFTY,20180830,28250.55,2005.4,7.0986,0.04
2018-08-30,NIFTY,20180830,11707.1,831.1,7.0991,0.04
2018-08-31,BANKNIFTY,20180927,28221.85,1984.8,7.0328,0.04
2018-08-31,NIFTY,20180927,11733.15,824.7,7.0288,0.04
2018-09-03,BANKNIFTY,20180927,28216.7,1982.7,7.0267,0.04
2018-09-03,NIFTY,20180927,11735.3,824.6,7.0267,0.04
2018-09-04,BANKNIFTY,20180927,28014.55,1968.9,7.0281,0.04
2018-09-04,NIFTY,20180927,11641.75,818.2,7.0282,0.04
2018-09-05,BANKNIFTY,20180927,27615.45,1941.3,7.0298,0.04
2018-09-05,NIFTY,20180927,11573.1,813.6,7.0301,0.04
2018-09-06,BANKNIFTY,20180927,27534.7,1936.0,7.0311,0.04
2018-09-06,NIFTY,20180927,11518.25,809.9,7.0315,0.04
2018-09-07,BANKNIFTY,20180927,27578.15,1939.5,7.0327,0.04
2018-09-07,NIFTY,20180927,11567.15,813.5,7.0328,0.04
2018-09-10,BANKNIFTY,20180927,27593.05,1941.7,7.0369,0.04
2018-09-10,NIFTY,20180927,11632.95,818.6,7.0369,0.04
2018-09-11,BANKNIFTY,20180927,27338.2,1924.1,7.0381,0.04
2018-09-11,NIFTY,20180927,11492.7,808.9,7.0384,0.04
2018-09-12,BANKNIFTY,20180927,26950.6,1897.1,7.0392,0.04
2018-09-12,NIFTY,20180927,11336.25,798.0,7.0394,0.04
2018-09-14,BANKNIFTY,20180927,26978.8,1899.9,7.0422,0.04
2018-09-14,NIFTY,20180927,11417.35,804.0,7.0419,0.04
2018-09-17,BANKNIFTY,20180927,27238.65,1919.3,7.0462,0.04
2018-09-17,NIFTY,20180927,11547.3,813.7,7.0467,0.04
2018-09-18,BANKNIFTY,20180927,26906.7,1896.2,7.0473,0.04
2018-09-18,NIFTY,20180927,11407.7,804.0,7.0479,0.04
2018-09-19,BANKNIFTY,20180927,26553.1,1871.7,7.0489,0.04
2018-09-19,NIFTY,20180927,11310.2,797.3,7.0494,0.04
2018-09-21,BANKNIFTY,20180927,26380.2,2043.9,7.7479,0.04
2018-09-21,NIFTY,20180927,11272.8,873.83,7.7517,0.04
2018-09-24,BANKNIFTY,20180927,25660.0,1990.97,7.759,0.04
2018-09-24,NIFTY,20180927,11166.35,866.73,7.762,0.04
2018-09-25,BANKNIFTY,20180927,25016.8,1942.24,7.7637,0.04
2018-09-25,NIFTY,20180927,10997.95,853.06,7.7565,0.04
2018-09-26,BANKNIFTY,20180927,25343.45,1970.24,7.7742,0.04
2018-09-26,NIFTY,20180927,11086.7,860.85,7.7647,0.04
2018-09-27,BANKNIFTY,20180927,25367.4,1973.81,7.7809,0.04
2018-09-27,NIFTY,20180927,11062.45,859.78,7.7721,0.04
2018-09-28,BANKNIFTY,20181025,25198.8,2124.9,8.4325,0.04
2018-09-28,NIFTY,20181025,11030.5,931.48,8.4446,0.04
2018-10-01,BANKNIFTY,20181025,25214.7,2131.49,8.4534,0.04
2018-10-01,NIFTY,20181025,10954.3,927.48,8.4668,0.04
2018-10-03,BANKNIFTY,20181025,25508.85,2152.46,8.4381,0.04
2018-10-03,NIFTY,20181025,11061.8,934.09,8.4443,0.04
2018-10-04,BANKNIFTY,20181025,25163.65,2127.25,8.4537,0.04
2018-10-04,NIFTY,20181025,10893.6,921.35,8.4577,0.04
2018-10-05,BANKNIFTY,20181025,24862.2,2105.99,8.4707,0.04
2018-10-05,NIFTY,20181025,10631.25,899.38,8.4598,0.04
2018-10-08,BANKNIFTY,20181025,24519.7,2074.1,8.4589,0.04
2018-10-08,NIFTY,20181025,10347.15,875.38,8.4601,0.04
2018-10-09,BANKNIFTY,20181025,24712.65,2088.94,8.4529,0.04
2018-10-09,NIFTY,20181025,10379.0,878.06,8.46,0.04
2018-10-10,BANKNIFTY,20181025,24563.5,2081.24,8.4729,0.04
2018-10-10,NIFTY,20181025,10314.4,874.07,8.4743,0.04
2018-10-11,BANKNIFTY,20181025,25305.5,2148.62,8.4907,0.04
2018-10-11,NIFTY,20181025,10465.75,887.57,8.4807,0.04
2018-10-12,BANKNIFTY,20181025,24827.4,2102.99,8.4704,0.04
2018-10-12,NIFTY,20181025,10252.05,868.44,8.4709,0.04
2018-10-15,BANKNIFTY,20181025,25406.95,2154.91,8.4816,0.04
2018-10-15,NIFTY,20181025,10486.55,888.62,8.4739,0.04
2018-10-16,BANKNIFTY,20181025,25366.25,2154.25,8.4926,0.04
2018-10-16,NIFTY,20181025,10517.45,892.02,8.4813,0.04
2018-10-17,BANKNIFTY,20181025,25622.5,2171.35,8.4744,0.04
2018-10-17,NIFTY,20181025,10589.85,898.15,8.4812,0.04
2018-10-19,BANKNIFTY,20181025,25177.5,2137.32,8.489,0.04
2018-10-19,NIFTY,20181025,10443.95,886.97,8.4927,0.04
2018-10-22,BANKNIFTY,20181025,25076.75,2128.6,8.4883,0.04
2018-10-22,NIFTY,20181025,10303.2,874.29,8.4856,0.04
2018-10-23,BANKNIFTY,20181025,25031.25,2127.99,8.5013,0.04
2018-10-23,NIFTY,20181025,10231.95,869.34,8.4963,0.04
2018-10-24,BANKNIFTY,20181025,24978.5,2118.98,8.4832,0.04
2018-10-24,NIFTY,20181025,10147.9,860.98,8.4843,0.04
2018-10-25,BANKNIFTY,20181025,25095.85,2126.77,8.4746,0.04
2018-10-25,NIFTY,20181025,10228.55,867.6,8.4821,0.04
2018-10-26,BANKNIFTY,20181129,24952.85,2281.32,9.1425,0.04
2018-10-26,NIFTY,20181129,10174.55,930.72,9.1475,0.04
2018-10-29,BANKNIFTY,20181129,24502.45,2244.88,9.1619,0.04
2018-10-29,NIFTY,20181129,10054.1,922.0,9.1704,0.04
2018-10-30,BANKNIFTY,20181129,25043.2,2294.39,9.1617,0.04
2018-10-30,NIFTY,20181129,10283.95,942.3,9.1628,0.04
2018-10-31,BANKNIFTY,20181129,24912.9,2280.42,9.1536,0.04
2018-10-31,NIFTY,20181129,10229.25,937.48,9.1647,0.04
2018-11-01,BANKNIFTY,20181129,25208.4,2312.18,9.1723,0.04
2018-11-01,NIFTY,20181129,10398.4,954.78,9.182,0.04
2018-11-02,BANKNIFTY,20181129,25377.7,2327.85,9.1728,0.04
2018-11-02,NIFTY,20181129,10413.45,954.21,9.1632,0.04
2018-11-05,BANKNIFTY,20181129,25750.4,2362.6,9.175,0.04
2018-11-05,NIFTY,20181129,10577.05,970.07,9.1715,0.04
2018-11-06,BANKNIFTY,20181129,25805.8,2365.4,9.1662,0.04
2018-11-06,NIFTY,20181129,10550.95,967.41,9.1689,0.04
2018-11-07,BANKNIFTY,20181129,25683.2,2353.07,9.1619,0.04
2018-11-07,NIFTY,20181129,10554.85,967.96,9.1708,0.04
2018-11-09,BANKNIFTY,20181129,25762.2,2365.89,9.1836,0.04
2018-11-09,NIFTY,20181129,10614.55,974.25,9.1784,0.04
2018-11-12,BANKNIFTY,20181129,25848.8,2368.97,9.1647,0.04
2018-11-12,NIFTY,20181129,10623.75,973.03,9.159,0.04
2018-11-13,BANKNIFTY,20181129,25599.5,2347.71,9.1709,0.04
2018-11-13,NIFTY,20181129,10503.85,963.56,9.1734,0.04
2018-11-14,BANKNIFTY,20181129,25830.75,2368.75,9.1703,0.04
2018-11-14,NIFTY,20181129,10615.95,972.78,9.1634,0.04
2018-11-15,BANKNIFTY,20181129,25981.45,2383.6,9.1742,0.04
2018-11-15,NIFTY,20181129,10605.0,972.21,9.1675,0.04
2018-11-16,BANKNIFTY,20181129,26195.8,2404.25,9.178,0.04
2018-11-16,NIFTY,20181129,10630.55,975.93,9.1804,0.04
2018-11-19,BANKNIFTY,20181129,26253.9,2412.59,9.1895,0.04
2018-11-19,NIFTY,20181129,10687.25,981.95,9.1881,0.04
2018-11-20,BANKNIFTY,20181129,26319.0,2417.66,9.186,0.04
2018-11-20,NIFTY,20181129,10768.15,989.41,9.1883,0.04
2018-11-21,BANKNIFTY,20181129,26157.9,2400.44,9.1767,0.04
2018-11-21,NIFTY,20181129,10671.95,979.56,9.1788,0.04
2018-11-22,BANKNIFTY,20181129,26332.3,2414.11,9.1679,0.04
2018-11-22,NIFTY,20181129,10621.6,974.4,9.1738,0.04
2018-11-26,BANKNIFTY,20181129,26003.45,2389.97,9.191,0.04
2018-11-26,NIFTY,20181129,10524.7,967.66,9.1942,0.04
2018-11-27,BANKNIFTY,20181129,26363.75,2423.63,9.193,0.04
2018-11-27,NIFTY,20181129,10639.2,977.02,9.1832,0.04
2018-11-28,BANKNIFTY,20181129,26426.75,2430.75,9.1981,0.04
2018-11-28,NIFTY,20181129,10684.85,982.26,9.193,0.04
2018-11-29,BANKNIFTY,20181129,26420.4,2432.12,9.2055,0.04
2018-11-29,NIFTY,20181129,10717.9,986.24,9.2018,0.04
2018-11-30,BANKNIFTY,20181227,26900.95,2666.88,9.9137,0.04
2018-11-30,NIFTY,20181227,10890.4,1074.96,9.8707,0.04
2018-12-03,BANKNIFTY,20181227,26918.45,2659.3,9.8791,0.04
2018-12-03,NIFTY,20181227,10900.65,1076.74,9.8778,0.04
2018-12-04,BANKNIFTY,20181227,26960.4,2658.76,9.8617,0.04
2018-12-04,NIFTY,20181227,10924.0,1077.44,9.8631,0.04
2018-12-05,BANKNIFTY,20181227,26813.3,2642.55,9.8554,0.04
2018-12-05,NIFTY,20181227,10907.75,1076.03,9.8648,0.04
2018-12-06,BANKNIFTY,20181227,26643.8,2625.31,9.8534,0.04
2018-12-06,NIFTY,20181227,10827.65,1067.45,9.8586,0.04
2018-12-07,BANKNIFTY,20181227,26284.65,2593.5,9.867,0.04
2018-12-07,NIFTY,20181227,10626.3,1049.46,9.8761,0.04
2018-12-10,BANKNIFTY,20181227,26660.0,2632.7,9.8751,0.04
2018-12-10,NIFTY,20181227,10735.15,1058.62,9.8613,0.04
2018-12-11,BANKNIFTY,20181227,26211.0,2584.03,9.8586,0.04
2018-12-11,NIFTY,20181227,10514.7,1038.3,9.8747,0.04
2018-12-12,BANKNIFTY,20181227,26231.1,2590.04,9.8739,0.04
2018-12-12,NIFTY,20181227,10581.1,1044.31,9.8696,0.04
2018-12-13,BANKNIFTY,20181227,26758.3,2637.61,9.8572,0.04
2018-12-13,NIFTY,20181227,10783.65,1062.97,9.8572,0.04
2018-12-14,BANKNIFTY,20181227,26883.05,2654.68,9.8749,0.04
2018-12-14,NIFTY,20181227,10824.95,1068.31,9.869,0.04
2018-12-17,BANKNIFTY,20181227,26879.85,2655.64,9.8797,0.04
2018-12-17,NIFTY,20181227,10820.3,1069.68,9.8859,0.04
2018-12-18,BANKNIFTY,20181227,27091.0,2674.43,9.872,0.04
2018-12-18,NIFTY,20181227,10910.5,1077.89,9.8794,0.04
2018-12-19,BANKNIFTY,20181227,27252.9,2690.16,9.8711,0.04
2018-12-19,NIFTY,20181227,10935.05,1079.91,9.8757,0.04
2018-12-20,BANKNIFTY,20181227,27358.15,2702.4,9.8779,0.04
2018-12-20,NIFTY,20181227,10986.5,1085.71,9.8822,0.04
2018-12-21,BANKNIFTY,20181227,27340.5,2700.1,9.8758,0.04
2018-12-21,NIFTY,20181227,10978.2,1084.16,9.8756,0.04
2018-12-24,BANKNIFTY,20181227,26942.7,2659.96,9.8727,0.04
2018-12-24,NIFTY,20181227,10767.5,1064.59,9.8871,0.04
2018-12-26,BANKNIFTY,20181227,26791.2,2644.63,9.8713,0.04
2018-12-26,NIFTY,20181227,10681.9,1055.63,9.8824,0.04
2018-12-27,BANKNIFTY,20181227,27031.7,2671.56,9.8831,0.04
2018-12-27,NIFTY,20181227,10748.5,1062.2,9.8823,0.04
2018-12-28,BANKNIFTY,20190131,27030.5,2660.84,9.8438,0.04
2018-12-28,NIFTY,20190131,10809.85,1067.15,9.872,0.04
2018-12-31,BANKNIFTY,20190131,27278.65,2685.26,9.8438,0.04
2018-12-31,NIFTY,20190131,10907.75,1075.08,9.8561,0.04
2019-01-01,BANKNIFTY,20190131,27318.1,2688.72,9.8423,0.04
2019-01-01,NIFTY,20190131,10916.85,1075.34,9.8503,0.04
2019-01-02,BANKNIFTY,20190131,27505.65,2711.71,9.8587,0.04
2019-01-02,NIFTY,20190131,10960.55,1080.04,9.8539,0.04
2019-01-03,BANKNIFTY,20190131,27268.5,2690.16,9.8654,0.04
2019-01-03,NIFTY,20190131,10830.85,1068.4,9.8644,0.04
2019-01-04,BANKNIFTY,20190131,27097.45,2668.89,9.8492,0.04
2019-01-04,NIFTY,20190131,10718.5,1056.5,9.8568,0.04
2019-01-07,BANKNIFTY,20190131,27361.7,2692.17,9.8392,0.04
2019-01-07,NIFTY,20190131,10777.6,1061.95,9.8533,0.04
2019-01-08,BANKNIFTY,20190131,27402.95,2703.01,9.8639,0.04
2019-01-08,NIFTY,20190131,10803.45,1066.35,9.8705,0.04
2019-01-09,BANKNIFTY,20190131,27602.6,2723.3,9.8661,0.04
2019-01-09,NIFTY,20190131,10844.65,1069.36,9.8607,0.04
2019-01-10,BANKNIFTY,20190131,27751.55,2744.18,9.8884,0.04
2019-01-10,NIFTY,20190131,10877.7,1074.61,9.879,0.04
2019-01-11,BANKNIFTY,20190131,27641.35,2725.19,9.8591,0.04
2019-01-11,NIFTY,20190131,10857.75,1071.28,9.8665,0.04
2019-01-14,BANKNIFTY,20190131,27561.5,2717.8,9.8609,0.04
2019-01-14,NIFTY,20190131,10827.6,1068.65,9.8697,0.04
2019-01-15,BANKNIFTY,20190131,27356.75,2697.44,9.8602,0.04
2019-01-15,NIFTY,20190131,10769.8,1062.97,9.8699,0.04
2019-01-16,BANKNIFTY,20190131,27518.9,2712.54,9.857,0.04
2019-01-16,NIFTY,20190131,10928.4,1077.74,9.8618,0.04
2019-01-17,BANKNIFTY,20190131,27556.6,2720.75,9.8733,0.04
2019-01-17,NIFTY,20190131,10921.65,1078.08,9.871,0.04
2019-01-18,BANKNIFTY,20190131,27588.15,2725.21,9.8782,0.04
2019-01-18,NIFTY,20190131,10925.85,1079.56,9.8808,0.04
2019-01-21,BANKNIFTY,20190131,27547.9,1941.48,7.0477,0.04
2019-01-21,NIFTY,20190131,10927.15,771.24,7.058,0.04
2019-01-22,BANKNIFTY,20190131,27573.0,1946.92,7.061,0.04
2019-01-22,NIFTY,20190131,10969.7,775.12,7.066,0.04
2019-01-23,BANKNIFTY,20190131,27518.95,1943.29,7.0616,0.04
2019-01-23,NIFTY,20190131,10936.2,772.36,7.0624,0.04
2019-01-24,BANKNIFTY,20190131,27320.4,1926.92,7.053,0.04
2019-01-24,NIFTY,20190131,10854.9,765.9,7.0558,0.04
2019-01-25,BANKNIFTY,20190131,27317.8,1928.03,7.0578,0.04
2019-01-25,NIFTY,20190131,10868.6,767.2,7.0589,0.04
2019-01-28,BANKNIFTY,20190131,27143.8,1917.34,7.0636,0.04
2019-01-28,NIFTY,20190131,10785.95,762.3,7.0675,0.04
2019-01-29,BANKNIFTY,20190131,26711.15,1884.66,7.0557,0.04
2019-01-29,NIFTY,20190131,10676.8,753.89,7.061,0.04
2019-01-30,BANKNIFTY,20190131,26659.05,1879.02,7.0483,0.04
2019-01-30,NIFTY,20190131,10668.05,753.22,7.0605,0.04
2019-01-31,BANKNIFTY,20190131,26820.9,1896.85,7.0723,0.04
2019-01-31,NIFTY,20190131,10642.9,753.2,7.077,0.04
2019-02-01,BANKNIFTY,20190228,27335.2,1930.08,7.0608,0.04
2019-02-01,NIFTY,20190228,10856.2,765.86,7.0546,0.04
2019-02-04,BANKNIFTY,20190228,27144.65,1915.27,7.0558,0.04
2019-02-04,NIFTY,20190228,10914.05,770.3,7.0579,0.04
2019-02-05,BANKNIFTY,20190228,27273.6,1922.38,7.0485,0.04
2019-02-05,NIFTY,20190228,10937.5,771.61,7.0547,0.04
2019-02-06,BANKNIFTY,20190228,27340.15,1928.4,7.0534,0.04
2019-02-06,NIFTY,20190228,10951.7,773.18,7.0599,0.04
2019-02-07,BANKNIFTY,20190228,27452.15,1937.64,7.0582,0.04
2019-02-07,NIFTY,20190228,11090.3,782.23,7.0533,0.04
2019-02-08,BANKNIFTY,20190228,27449.85,1936.56,7.0549,0.04
2019-02-08,NIFTY,20190228,11093.8,782.72,7.0555,0.04
2019-02-11,BANKNIFTY,20190228,27336.85,1930.01,7.0601,0.04
2019-02-11,NIFTY,20190228,10957.25,773.83,7.0623,0.04
2019-02-12,BANKNIFTY,20190228,27295.9,1925.3,7.0534,0.04
2019-02-12,NIFTY,20190228,10909.6,769.95,7.0575,0.04
2019-02-13,BANKNIFTY,20190228,27116.6,1909.95,7.0435,0.04
2019-02-13,NIFTY,20190228,10860.45,765.9,7.0522,0.04
2019-02-14,BANKNIFTY,20190228,26991.9,1901.08,7.0431,0.04
2019-02-14,NIFTY,20190228,10823.4,763.23,7.0517,0.04
2019-02-15,BANKNIFTY,20190228,27066.5,1907.11,7.046,0.04
2019-02-15,NIFTY,20190228,10779.8,759.86,7.0489,0.04
2019-02-18,BANKNIFTY,20190228,26867.3,1894.64,7.0518,0.04
2019-02-18,NIFTY,20190228,10746.55,758.33,7.0565,0.04
2019-02-19,BANKNIFTY,20190228,26757.2,1884.74,7.0439,0.04
2019-02-19,NIFTY,20190228,10662.25,752.43,7.057,0.04
2019-02-20,BANKNIFTY,20190228,26739.3,1886.9,7.0567,0.04
2019-02-20,NIFTY,20190228,10617.15,749.84,7.0625,0.04
2019-02-21,BANKNIFTY,20190228,27017.95,1906.04,7.0547,0.04
2019-02-21,NIFTY,20190228,10751.85,759.11,7.0603,0.04
2019-02-22,BANKNIFTY,20190228,27107.15,1912.89,7.0568,0.04
2019-02-22,NIFTY,20190228,10804.45,762.96,7.0615,0.04
2019-02-25,BANKNIFTY,20190228,26937.15,1899.82,7.0528,0.04
2019-02-25,NIFTY,20190228,10808.8,763.08,7.0598,0.04
2019-02-26,BANKNIFTY,20190228,27171.55,1920.45,7.0679,0.04
2019-02-26,NIFTY,20190228,10887.05,769.34,7.0666,0.04
2019-02-27,BANKNIFTY,20190228,26956.2,1905.86,7.0702,0.04
2019-02-27,NIFTY,20190228,10827.8,766.17,7.076,0.04
2019-02-28,BANKNIFTY,20190228,26817.15,1895.0,7.0664,0.04
2019-02-28,NIFTY,20190228,10809.45,764.15,7.0693,0.04
2019-03-01,BANKNIFTY,20190328,26951.6,1894.33,7.0286,0.04
2019-03-01,NIFTY,20190328,10857.25,763.14,7.0289,0.04
2019-03-05,BANKNIFTY,20190328,27201.3,1912.29,7.0301,0.04
2019-03-05,NIFTY,20190328,10917.05,768.17,7.0364,0.04
2019-03-06,BANKNIFTY,20190328,27645.5,1948.37,7.0477,0.04
2019-03-06,NIFTY,20190328,11032.7,776.93,7.0421,0.04
2019-03-07,BANKNIFTY,20190328,27692.4,1953.43,7.054,0.04
2019-03-07,NIFTY,20190328,11086.8,781.57,7.0496,0.04
2019-03-08,BANKNIFTY,20190328,27833.85,1963.25,7.0535,0.04
2019-03-08,NIFTY,20190328,11098.2,781.93,7.0456,0.04
2019-03-11,BANKNIFTY,20190328,27883.15,1963.06,7.0403,0.04
2019-03-11,NIFTY,20190328,11076.05,780.32,7.0451,0.04
2019-03-12,BANKNIFTY,20190328,28080.7,1977.54,7.0423,0.04
2019-03-12,NIFTY,20190328,11202.15,789.7,7.0495,0.04
2019-03-13,BANKNIFTY,20190328,28528.1,2011.27,7.0501,0.04
2019-03-13,NIFTY,20190328,11336.85,799.12,7.0489,0.04
2019-03-14,BANKNIFTY,20190328,28938.8,2042.43,7.0578,0.04
2019-03-14,NIFTY,20190328,11366.65,801.98,7.0556,0.04
2019-03-15,BANKNIFTY,20190328,29012.25,2045.17,7.0493,0.04
2019-03-15,NIFTY,20190328,11381.75,802.09,7.0472,0.04
2019-03-18,BANKNIFTY,20190328,29465.5,2077.58,7.0509,0.04
2019-03-18,NIFTY,20190328,11470.45,808.0,7.0442,0.04
2019-03-19,BANKNIFTY,20190328,29660.35,2092.76,7.0557,0.04
2019-03-19,NIFTY,20190328,11494.5,810.5,7.0512,0.04
2019-03-20,BANKNIFTY,20190328,29858.1,2104.9,7.0497,0.04
2019-03-20,NIFTY,20190328,11570.75,815.46,7.0476,0.04
2019-03-22,BANKNIFTY,20190328,29931.3,2109.46,7.0477,0.04
2019-03-22,NIFTY,20190328,11553.2,814.66,7.0514,0.04
2019-03-25,BANKNIFTY,20190328,29638.55,2091.8,7.0577,0.04
2019-03-25,NIFTY,20190328,11472.4,810.13,7.0616,0.04
2019-03-26,BANKNIFTY,20190328,29312.0,2070.49,7.0636,0.04
2019-03-26,NIFTY,20190328,11370.05,802.87,7.0613,0.04
2019-03-27,BANKNIFTY,20190328,29969.7,2112.99,7.0504,0.04
2019-03-27,NIFTY,20190328,11510.7,811.99,7.0542,0.04
2019-03-28,BANKNIFTY,20190328,30040.9,2122.72,7.0661,0.04
2019-03-28,NIFTY,20190328,11458.1,809.29,7.063,0.04
2019-03-29,BANKNIFTY,20190425,30527.35,2151.06,7.0463,0.04
2019-03-29,NIFTY,20190425,11663.6,818.12,7.0143,0.04
2019-04-01,BANKNIFTY,20190425,30525.85,2151.5,7.0481,0.04
2019-04-01,NIFTY,20190425,11679.9,821.93,7.0371,0.04
2019-04-02,BANKNIFTY,20190425,30504.15,2144.41,7.0299,0.04
2019-04-02,NIFTY,20190425,11748.4,825.13,7.0233,0.04
2019-04-03,BANKNIFTY,20190425,30564.75,2146.37,7.0224,0.04
2019-04-03,NIFTY,20190425,11779.5,828.25,7.0313,0.04
2019-04-04,BANKNIFTY,20190425,30330.9,2127.92,7.0157,0.04
2019-04-04,NIFTY,20190425,11729.65,823.35,7.0194,0.04
2019-04-05,BANKNIFTY,20190425,30155.0,2326.06,7.7137,0.04
2019-04-05,NIFTY,20190425,11679.55,820.1,7.0217,0.04
2019-04-08,BANKNIFTY,20190425,30316.5,2340.04,7.7187,0.04
2019-04-08,NIFTY,20190425,11760.75,824.91,7.0141,0.04
2019-04-09,BANKNIFTY,20190425,30010.95,2321.42,7.7352,0.04
2019-04-09,NIFTY,20190425,11674.9,820.56,7.0284,0.04
2019-04-10,BANKNIFTY,20190425,30314.85,2342.31,7.7266,0.04
2019-04-10,NIFTY,20190425,11742.3,825.33,7.0287,0.04
2019-04-11,BANKNIFTY,20190425,29979.25,2318.17,7.7326,0.04
2019-04-11,NIFTY,20190425,11652.9,819.13,7.0294,0.04
2019-04-12,BANKNIFTY,20190425,29945.05,2527.43,8.4402,0.04
2019-04-12,NIFTY,20190425,11668.9,820.01,7.0273,0.04
2019-04-15,BANKNIFTY,20190425,30063.05,2540.37,8.4501,0.04
2019-04-15,NIFTY,20190425,11703.85,823.32,7.0346,0.04
2019-04-16,BANKNIFTY,20190425,30187.55,2554.43,8.4619,0.04
2019-04-16,NIFTY,20190425,11727.75,826.63,7.0485,0.04
2019-04-18,BANKNIFTY,20190425,30605.55,2590.67,8.4647,0.04
2019-04-18,NIFTY,20190425,11824.45,833.48,7.0488,0.04
2019-04-22,BANKNIFTY,20190425,30266.35,2778.25,9.1793,0.04
2019-04-22,NIFTY,20190425,11771.1,831.05,7.0601,0.04
2019-04-23,BANKNIFTY,20190425,29758.5,2729.03,9.1706,0.04
2019-04-23,NIFTY,20190425,11618.9,819.85,7.0562,0.04
2019-04-24,BANKNIFTY,20190425,29525.25,2709.89,9.1782,0.04
2019-04-24,NIFTY,20190425,11586.4,818.54,7.0647,0.04
2019-04-25,BANKNIFTY,20190425,29890.35,2744.92,9.1833,0.04
2019-04-25,NIFTY,20190425,11738.25,829.16,7.0637,0.04
2019-04-26,BANKNIFTY,20190530,29791.55,2717.39,9.1213,0.04
2019-04-26,NIFTY,20190530,11730.85,823.2,7.0174,0.04
2019-04-30,BANKNIFTY,20190530,30177.9,2758.96,9.1423,0.04
2019-04-30,NIFTY,20190530,11813.5,831.18,7.0358,0.04
2019-05-02,BANKNIFTY,20190530,29891.7,2736.1,9.1534,0.04
2019-05-02,NIFTY,20190530,11791.55,830.72,7.045,0.04
2019-05-03,BANKNIFTY,20190530,29799.35,2730.93,9.1644,0.04
2019-05-03,NIFTY,20190530,11765.4,829.07,7.0467,0.04
2019-05-06,BANKNIFTY,20190530,30060.75,2753.5,9.1598,0.04
2019-05-06,NIFTY,20190530,11764.3,828.18,7.0398,0.04
2019-05-07,BANKNIFTY,20190530,29808.7,2722.64,9.1337,0.04
2019-05-07,NIFTY,20190530,11656.35,820.12,7.0358,0.04
2019-05-08,BANKNIFTY,20190530,29418.45,2692.29,9.1517,0.04
2019-05-08,NIFTY,20190530,11541.9,813.02,7.0441,0.04
2019-05-09,BANKNIFTY,20190530,29145.7,2665.28,9.1447,0.04
2019-05-09,NIFTY,20190530,11418.6,803.23,7.0344,0.04
2019-05-10,BANKNIFTY,20190530,28995.25,2655.18,9.1573,0.04
2019-05-10,NIFTY,20190530,11334.8,799.16,7.0505,0.04
2019-05-13,BANKNIFTY,20190530,29088.15,2669.52,9.1773,0.04
2019-05-13,NIFTY,20190530,11307.2,797.54,7.0534,0.04
2019-05-14,BANKNIFTY,20190530,28773.05,2634.53,9.1562,0.04
2019-05-14,NIFTY,20190530,11181.55,788.3,7.05,0.04
2019-05-15,BANKNIFTY,20190530,28917.85,2650.09,9.1642,0.04
2019-05-15,NIFTY,20190530,11241.65,793.52,7.0588,0.04
2019-05-16,BANKNIFTY,20190530,28666.8,2630.54,9.1763,0.04
2019-05-16,NIFTY,20190530,11177.45,788.92,7.0581,0.04
2019-05-17,BANKNIFTY,20190530,28959.75,2652.49,9.1592,0.04
2019-05-17,NIFTY,20190530,11285.25,796.0,7.0535,0.04
2019-05-20,BANKNIFTY,20190530,29483.45,2707.17,9.182,0.04
2019-05-20,NIFTY,20190530,11425.8,806.61,7.0595,0.04
2019-05-21,BANKNIFTY,20190530,30815.65,2827.55,9.1757,0.04
2019-05-21,NIFTY,20190530,11859.45,836.38,7.0524,0.04
2019-05-22,BANKNIFTY,20190530,30388.95,2786.07,9.168,0.04
2019-05-22,NIFTY,20190530,11715.15,827.96,7.0674,0.04
2019-05-23,BANKNIFTY,20190530,30606.05,2806.14,9.1686,0.04
2019-05-23,NIFTY,20190530,11781.65,829.99,7.0448,0.04
2019-05-24,BANKNIFTY,20190530,30477.9,2795.32,9.1716,0.04
2019-05-24,NIFTY,20190530,11692.4,824.28,7.0497,0.04
2019-05-27,BANKNIFTY,20190530,31222.8,2869.18,9.1894,0.04
2019-05-27,NIFTY,20190530,11869.4,837.5,7.056,0.04
2019-05-28,BANKNIFTY,20190530,31595.25,2909.17,9.2076,0.04
2019-05-28,NIFTY,20190530,11918.5,843.21,7.0748,0.04
2019-05-29,BANKNIFTY,20190530,31629.35,2904.6,9.1832,0.04
2019-05-29,NIFTY,20190530,11940.75,843.49,7.064,0.04
2019-05-30,BANKNIFTY,20190530,31317.25,2876.81,9.186,0.04
2019-05-30,NIFTY,20190530,11862.25,838.71,7.0704,0.04
2019-05-31,BANKNIFTY,20190627,31600.2,2899.01,9.174,0.04
2019-05-31,NIFTY,20190627,11976.7,844.7,7.0529,0.04
2019-06-03,BANKNIFTY,20190627,31324.75,2884.15,9.2073,0.04
2019-06-03,NIFTY,20190627,11916.5,843.07,7.0748,0.04
2019-06-04,BANKNIFTY,20190627,31679.95,2909.73,9.1848,0.04
2019-06-04,NIFTY,20190627,12104.45,854.79,7.0618,0.04
2019-06-06,BANKNIFTY,20190627,31640.6,2903.79,9.1774,0.04
2019-06-06,NIFTY,20190627,12056.15,850.06,7.0508,0.04
2019-06-07,BANKNIFTY,20190627,30939.25,2836.53,9.1681,0.04
2019-06-07,NIFTY,20190627,11884.05,837.48,7.0471,0.04
2019-06-10,BANKNIFTY,20190627,31115.05,2855.76,9.1781,0.04
2019-06-10,NIFTY,20190627,11900.75,839.38,7.0532,0.04
2019-06-11,BANKNIFTY,20190627,31044.7,2852.77,9.1892,0.04
2019-06-11,NIFTY,20190627,11933.8,843.06,7.0645,0.04
2019-06-12,BANKNIFTY,20190627,31246.9,2874.04,9.1978,0.04
2019-06-12,NIFTY,20190627,11976.95,846.1,7.0644,0.04
2019-06-13,BANKNIFTY,20190627,31005.5,2846.49,9.1806,0.04
2019-06-13,NIFTY,20190627,11916.7,841.9,7.0649,0.04
2019-06-14,BANKNIFTY,20190627,31025.25,2847.44,9.1778,0.04
2019-06-14,NIFTY,20190627,11928.3,842.45,7.0626,0.04
2019-06-17,BANKNIFTY,20190627,30611.4,2814.19,9.1933,0.04
2019-06-17,NIFTY,20190627,11838.05,836.03,7.0622,0.04
2019-06-18,BANKNIFTY,20190627,30325.95,2782.83,9.1764,0.04
2019-06-18,NIFTY,20190627,11697.55,825.35,7.0558,0.04
2019-06-19,BANKNIFTY,20190627,30331.0,2789.98,9.1984,0.04
2019-06-19,NIFTY,20190627,11700.5,826.71,7.0656,0.04
2019-06-20,BANKNIFTY,20190627,30350.2,2791.0,9.196,0.04
2019-06-20,NIFTY,20190627,11708.6,826.71,7.0607,0.04
2019-06-21,BANKNIFTY,20190627,30768.05,2829.52,9.1963,0.04
2019-06-21,NIFTY,20190627,11849.45,836.63,7.0605,0.04
2019-06-24,BANKNIFTY,20190627,30638.1,2815.48,9.1895,0.04
2019-06-24,NIFTY,20190627,11753.45,829.02,7.0534,0.04
2019-06-25,BANKNIFTY,20190627,30631.25,2813.06,9.1836,0.04
2019-06-25,NIFTY,20190627,11717.15,827.29,7.0605,0.04
2019-06-26,BANKNIFTY,20190627,30878.6,2835.58,9.183,0.04
2019-06-26,NIFTY,20190627,11810.3,834.13,7.0627,0.04
2019-06-27,BANKNIFTY,20190627,31172.6,2864.56,9.1894,0.04
2019-06-27,NIFTY,20190627,11864.4,837.75,7.061,0.04
2019-06-28,BANKNIFTY,20190725,31372.55,2874.41,9.1622,0.04
2019-06-28,NIFTY,20190725,11908.85,837.32,7.0311,0.04
2019-07-01,BANKNIFTY,20190725,31267.45,2859.31,9.1447,0.04
2019-07-01,NIFTY,20190725,11841.5,833.6,7.0396,0.04
2019-07-02,BANKNIFTY,20190725,31496.3,2883.85,9.1562,0.04
2019-07-02,NIFTY,20190725,11903.65,839.02,7.0484,0.04
2019-07-03,BANKNIFTY,20190725,31403.9,2875.68,9.1571,0.04
2019-07-03,NIFTY,20190725,11942.35,842.19,7.0521,0.04
2019-07-04,BANKNIFTY,20190725,31495.9,2884.78,9.1592,0.04
2019-07-04,NIFTY,20190725,11949.2,842.64,7.0519,0.04
2019-07-05,BANKNIFTY,20190725,31548.2,2893.01,9.1701,0.04
2019-07-05,NIFTY,20190725,11979.65,844.76,7.0516,0.04
2019-07-08,BANKNIFTY,20190725,31503.3,2893.38,9.1844,0.04
2019-07-08,NIFTY,20190725,11820.95,835.17,7.0652,0.04
2019-07-09,BANKNIFTY,20190725,30689.15,2813.22,9.1668,0.04
2019-07-09,NIFTY,20190725,11566.3,817.32,7.0664,0.04
2019-07-10,BANKNIFTY,20190725,30639.65,2810.03,9.1712,0.04
2019-07-10,NIFTY,20190725,11552.6,817.13,7.0731,0.04
2019-07-11,BANKNIFTY,20190725,30507.7,2805.71,9.1967,0.04
2019-07-11,NIFTY,20190725,11492.25,813.1,7.0752,0.04
2019-07-12,BANKNIFTY,20190725,30717.1,2823.58,9.1922,0.04
2019-07-12,NIFTY,20190725,11582.05,819.03,7.0715,0.04
2019-07-15,BANKNIFTY,20190725,30600.5,2813.0,9.1927,0.04
2019-07-15,NIFTY,20190725,11544.35,816.89,7.0761,0.04
2019-07-16,BANKNIFTY,20190725,30456.5,2798.71,9.1892,0.04
2019-07-16,NIFTY,20190725,11579.2,819.42,7.0767,0.04
2019-07-17,BANKNIFTY,20190725,30590.6,2810.19,9.1864,0.04
2019-07-17,NIFTY,20190725,11657.85,824.67,7.0739,0.04
2019-07-18,BANKNIFTY,20190725,30737.75,2825.33,9.1917,0.04
2019-07-18,NIFTY,20190725,11675.8,826.43,7.0781,0.04
2019-07-19,BANKNIFTY,20190725,30448.65,2797.3,9.1869,0.04
2019-07-19,NIFTY,20190725,11604.35,820.02,7.0665,0.04
2019-07-22,BANKNIFTY,20190725,29781.35,2736.61,9.189,0.04
2019-07-22,NIFTY,20190725,11421.85,807.46,7.0694,0.04
2019-07-23,BANKNIFTY,20190725,29389.65,2691.99,9.1597,0.04
2019-07-23,NIFTY,20190725,11360.25,802.3,7.0623,0.04
2019-07-24,BANKNIFTY,20190725,29194.7,2677.57,9.1714,0.04
2019-07-24,NIFTY,20190725,11333.8,801.23,7.0694,0.04
2019-07-25,BANKNIFTY,20190725,28976.4,2661.4,9.1847,0.04
2019-07-25,NIFTY,20190725,11277.8,797.0,7.067,0.04
2019-07-26,BANKNIFTY,20190829,29201.15,2669.75,9.1426,0.04
2019-07-26,NIFTY,20190829,11301.05,795.65,7.0405,0.04
2019-07-29,BANKNIFTY,20190829,29465.65,2695.7,9.1486,0.04
2019-07-29,NIFTY,20190829,11327.0,797.92,7.0444,0.04
2019-07-30,BANKNIFTY,20190829,29373.15,2692.99,9.1682,0.04
2019-07-30,NIFTY,20190829,11215.05,791.2,7.0548,0.04
2019-07-31,BANKNIFTY,20190829,28853.4,2646.64,9.1727,0.04
2019-07-31,NIFTY,20190829,11095.2,783.86,7.0649,0.04
2019-08-01,BANKNIFTY,20190829,28972.35,2654.39,9.1618,0.04
2019-08-01,NIFTY,20190829,11132.2,786.16,7.062,0.04
2019-08-02,BANKNIFTY,20190829,28499.3,2607.63,9.1498,0.04
2019-08-02,NIFTY,20190829,11015.35,776.4,7.0483,0.04
2019-08-05,BANKNIFTY,20190829,28327.3,2592.71,9.1527,0.04
2019-08-05,NIFTY,20190829,11024.05,777.63,7.0539,0.04
2019-08-06,BANKNIFTY,20190829,27795.75,2541.52,9.1436,0.04
2019-08-06,NIFTY,20190829,10896.8,768.1,7.0489,0.04
2019-08-07,BANKNIFTY,20190829,28109.75,2575.9,9.1637,0.04
2019-08-07,NIFTY,20190829,10978.65,774.16,7.0515,0.04
2019-08-08,BANKNIFTY,20190829,27748.45,2546.48,9.177,0.04
2019-08-08,NIFTY,20190829,10874.25,767.6,7.0589,0.04
2019-08-09,BANKNIFTY,20190829,28239.9,2584.02,9.1502,0.04
2019-08-09,NIFTY,20190829,11063.95,780.11,7.0509,0.04
2019-08-13,BANKNIFTY,20190829,28474.1,2613.57,9.1788,0.04
2019-08-13,NIFTY,20190829,11122.95,785.57,7.0626,0.04
2019-08-14,BANKNIFTY,20190829,27737.8,2548.97,9.1895,0.04
2019-08-14,NIFTY,20190829,10925.15,772.57,7.0715,0.04
2019-08-16,BANKNIFTY,20190829,27994.3,2575.63,9.2006,0.04
2019-08-16,NIFTY,20190829,11028.15,779.9,7.0719,0.04
2019-08-19,BANKNIFTY,20190829,28260.55,2593.82,9.1782,0.04
2019-08-19,NIFTY,20190829,11064.65,781.2,7.0603,0.04
2019-08-20,BANKNIFTY,20190829,28203.0,2590.98,9.1869,0.04
2019-08-20,NIFTY,20190829,11058.1,781.63,7.0684,0.04
2019-08-21,BANKNIFTY,20190829,27995.05,2572.26,9.1883,0.04
2019-08-21,NIFTY,20190829,11028.1,779.02,7.064,0.04
2019-08-22,BANKNIFTY,20190829,27739.8,2548.04,9.1855,0.04
2019-08-22,NIFTY,20190829,10932.65,772.07,7.0621,0.04
2019-08-23,BANKNIFTY,20190829,27021.8,2485.09,9.1966,0.04
2019-08-23,NIFTY,20190829,10732.1,759.53,7.0772,0.04
2019-08-26,BANKNIFTY,20190829,27016.0,2478.14,9.1729,0.04
2019-08-26,NIFTY,20190829,10842.7,765.75,7.0624,0.04
2019-08-27,BANKNIFTY,20190829,27921.5,2569.4,9.2022,0.04
2019-08-27,NIFTY,20190829,11054.2,781.91,7.0734,0.04
2019-08-28,BANKNIFTY,20190829,28116.5,2585.46,9.1955,0.04
2019-08-28,NIFTY,20190829,11103.9,785.27,7.072,0.04
2019-08-29,BANKNIFTY,20190829,27837.65,2555.88,9.1814,0.04
2019-08-29,NIFTY,20190829,11049.25,781.08,7.0691,0.04
2019-08-30,BANKNIFTY,20190926,27435.2,2510.0,9.1488,0.04
2019-08-30,NIFTY,20190926,11002.35,774.16,7.0363,0.04
2019-09-03,BANKNIFTY,20190926,27520.9,2521.27,9.1613,0.04
2019-09-03,NIFTY,20190926,11058.9,779.46,7.0483,0.04
2019-09-04,BANKNIFTY,20190926,26873.5,2465.78,9.1755,0.04
2019-09-04,NIFTY,20190926,10836.4,763.53,7.046,0.04
2019-09-05,BANKNIFTY,20190926,27219.25,2493.33,9.1602,0.04
2019-09-05,NIFTY,20190926,10886.3,766.83,7.044,0.04
2019-09-06,BANKNIFTY,20190926,26994.15,2474.56,9.167,0.04
2019-09-06,NIFTY,20190926,10881.6,767.06,7.0491,0.04
2019-09-09,BANKNIFTY,20190926,27306.0,2504.73,9.1728,0.04
2019-09-09,NIFTY,20190926,10973.65,774.01,7.0534,0.04
2019-09-11,BANKNIFTY,20190926,27551.35,2528.33,9.1768,0.04
2019-09-11,NIFTY,20190926,11025.25,778.03,7.0568,0.04
2019-09-12,BANKNIFTY,20190926,27830.2,2553.3,9.1746,0.04
2019-09-12,NIFTY,20190926,11060.8,780.34,7.055,0.04
2019-09-13,BANKNIFTY,20190926,27824.45,2557.18,9.1904,0.04
2019-09-13,NIFTY,20190926,10996.45,776.6,7.0623,0.04
2019-09-16,BANKNIFTY,20190926,28163.85,2582.95,9.1712,0.04
2019-09-16,NIFTY,20190926,11105.55,783.18,7.0521,0.04
2019-09-17,BANKNIFTY,20190926,27889.9,2560.54,9.1809,0.04
2019-09-17,NIFTY,20190926,11017.2,778.06,7.0622,0.04
2019-09-18,BANKNIFTY,20190926,27140.15,2494.06,9.1896,0.04
2019-09-18,NIFTY,20190926,10833.5,764.92,7.0607,0.04
2019-09-19,BANKNIFTY,20190926,27193.05,2497.82,9.1855,0.04
2019-09-19,NIFTY,20190926,10855.45,766.55,7.0614,0.04
2019-09-20,BANKNIFTY,20190926,26781.85,2459.67,9.1841,0.04
2019-09-20,NIFTY,20190926,10711.3,756.94,7.0667,0.04
2019-09-23,BANKNIFTY,20190926,28989.95,2918.1,10.0659,0.04
2019-09-23,NIFTY,20190926,11295.5,797.21,7.0578,0.04
2019-09-24,BANKNIFTY,20190926,30539.35,3427.2,11.2222,0.04
2019-09-24,NIFTY,20190926,11607.3,840.4,7.2403,0.04
2019-09-25,BANKNIFTY,20190926,30250.15,3305.2,10.9262,0.04
2019-09-25,NIFTY,20190926,11613.85,819.41,7.0555,0.04
2019-09-26,BANKNIFTY,20190926,29637.65,3200.4,10.7984,0.04
2019-09-26,NIFTY,20190926,11469.1,808.94,7.0532,0.04
2019-09-27,BANKNIFTY,20191031,30225.1,3176.8,10.5105,0.04
2019-09-27,NIFTY,20191031,11630.85,818.21,7.0348,0.04
2019-09-30,BANKNIFTY,20191031,30080.9,3069.9,10.2055,0.04
2019-09-30,NIFTY,20191031,11579.5,814.05,7.0301,0.04
2019-10-01,BANKNIFTY,20191031,29324.7,3006.0,10.2507,0.04
2019-10-01,NIFTY,20191031,11534.6,811.37,7.0342,0.04
2019-10-03,BANKNIFTY,20191031,28874.65,2902.5,10.0521,0.04
2019-10-03,NIFTY,20191031,11429.85,803.27,7.0278,0.04
2019-10-04,BANKNIFTY,20191031,28570.85,2802.3,9.8082,0.04
2019-10-04,NIFTY,20191031,11361.8,800.02,7.0413,0.04
2019-10-07,BANKNIFTY,20191031,27853.75,2743.0,9.8479,0.04
2019-10-07,NIFTY,20191031,11215.15,790.17,7.0456,0.04
2019-10-09,BANKNIFTY,20191031,27871.55,2662.7,9.5535,0.04
2019-10-09,NIFTY,20191031,11162.0,786.76,7.0486,0.04
2019-10-10,BANKNIFTY,20191031,28874.05,2885.0,9.9917,0.04
2019-10-10,NIFTY,20191031,11347.7,799.97,7.0496,0.04
2019-10-11,BANKNIFTY,20191031,28106.6,2834.9,10.0862,0.04
2019-10-11,NIFTY,20191031,11254.25,794.4,7.0587,0.04
2019-10-14,BANKNIFTY,20191031,28138.6,2751.9,9.7798,0.04
2019-10-14,NIFTY,20191031,11311.7,799.39,7.0669,0.04
2019-10-15,BANKNIFTY,20191031,28209.8,2684.9,9.5176,0.04
2019-10-15,NIFTY,20191031,11336.3,801.94,7.0741,0.04
2019-10-16,BANKNIFTY,20191031,28618.65,2666.5,9.3174,0.04
2019-10-16,NIFTY,20191031,11439.4,808.1,7.0642,0.04
2019-10-17,BANKNIFTY,20191031,28604.75,2623.4,9.1712,0.04
2019-10-17,NIFTY,20191031,11475.55,810.63,7.064,0.04
2019-10-18,BANKNIFTY,20191031,29079.65,2664.82,9.1639,0.04
2019-10-18,NIFTY,20191031,11600.65,819.28,7.0624,0.04
2019-10-22,BANKNIFTY,20191031,29152.35,2676.85,9.1823,0.04
2019-10-22,NIFTY,20191031,11670.0,824.62,7.0662,0.04
2019-10-23,BANKNIFTY,20191031,29492.5,2703.59,9.167,0.04
2019-10-23,NIFTY,20191031,11624.35,819.42,7.0492,0.04
2019-10-24,BANKNIFTY,20191031,29494.5,2708.04,9.1815,0.04
2019-10-24,NIFTY,20191031,11624.7,820.53,7.0585,0.04
2019-10-25,BANKNIFTY,20191031,29180.5,2675.72,9.1695,0.04
2019-10-25,NIFTY,20191031,11611.15,819.01,7.0537,0.04
2019-10-29,BANKNIFTY,20191031,29497.3,2713.25,9.1983,0.04
2019-10-29,NIFTY,20191031,11625.0,822.16,7.0723,0.04
2019-10-30,BANKNIFTY,20191031,29900.45,2746.05,9.184,0.04
2019-10-30,NIFTY,20191031,11795.45,833.46,7.0659,0.04
2019-10-31,BANKNIFTY,20191031,29986.45,2756.57,9.1927,0.04
2019-10-31,NIFTY,20191031,11840.2,837.5,7.0734,0.04
2019-11-01,BANKNIFTY,20191128,30107.5,2763.81,9.1798,0.04
2019-11-01,NIFTY,20191128,11914.8,839.86,7.0489,0.04
2019-11-04,BANKNIFTY,20191128,30374.1,2788.1,9.1792,0.04
2019-11-04,NIFTY,20191128,11928.25,840.79,7.0487,0.04
2019-11-05,BANKNIFTY,20191128,30396.05,2788.34,9.1734,0.04
2019-11-05,NIFTY,20191128,11979.7,844.38,7.0484,0.04
2019-11-06,BANKNIFTY,20191128,30294.15,2777.93,9.1699,0.04
2019-11-06,NIFTY,20191128,11956.0,842.67,7.0481,0.04
2019-11-07,BANKNIFTY,20191128,30682.6,2813.75,9.1705,0.04
2019-11-07,NIFTY,20191128,12008.05,846.13,7.0464,0.04
2019-11-08,BANKNIFTY,20191128,30664.35,2815.92,9.183,0.04
2019-11-08,NIFTY,20191128,12047.95,849.38,7.05,0.04
2019-11-11,BANKNIFTY,20191128,30759.0,2826.6,9.1895,0.04
2019-11-11,NIFTY,20191128,11945.35,842.03,7.049,0.04
2019-11-13,BANKNIFTY,20191128,31097.8,2860.26,9.1976,0.04
2019-11-13,NIFTY,20191128,11943.7,842.41,7.0532,0.04
2019-11-14,BANKNIFTY,20191128,30585.6,2807.5,9.1792,0.04
2019-11-14,NIFTY,20191128,11863.25,837.25,7.0575,0.04
2019-11-15,BANKNIFTY,20191128,30770.55,2826.65,9.1862,0.04
2019-11-15,NIFTY,20191128,11899.65,839.48,7.0547,0.04
2019-11-18,BANKNIFTY,20191128,31052.2,2850.41,9.1794,0.04
2019-11-18,NIFTY,20191128,11942.6,841.14,7.0432,0.04
2019-11-19,BANKNIFTY,20191128,31017.85,2848.91,9.1847,0.04
2019-11-19,NIFTY,20191128,11920.9,840.36,7.0495,0.04
2019-11-20,BANKNIFTY,20191128,31259.65,2871.36,9.1855,0.04
2019-11-20,NIFTY,20191128,11969.15,844.29,7.0539,0.04
2019-11-21,BANKNIFTY,20191128,31321.25,2882.17,9.202,0.04
2019-11-21,NIFTY,20191128,12018.15,848.46,7.0598,0.04
2019-11-22,BANKNIFTY,20191128,31316.75,2881.81,9.2021,0.04
2019-11-22,NIFTY,20191128,11974.55,846.29,7.0674,0.04
2019-11-25,BANKNIFTY,20191128,31114.7,2859.9,9.1915,0.04
2019-11-25,NIFTY,20191128,11914.5,842.48,7.071,0.04
2019-11-26,BANKNIFTY,20191128,31568.25,2900.74,9.1888,0.04
2019-11-26,NIFTY,20191128,12096.3,853.74,7.0579,0.04
2019-11-27,BANKNIFTY,20191128,31648.9,2915.67,9.2125,0.04
2019-11-27,NIFTY,20191128,12075.2,851.19,7.0491,0.04
2019-11-28,BANKNIFTY,20191128,31872.35,2930.16,9.1934,0.04
2019-11-28,NIFTY,20191128,12108.55,855.65,7.0665,0.04
2019-11-29,BANKNIFTY,20191226,32170.15,2952.87,9.1789,0.04
2019-11-29,NIFTY,20191226,12186.05,859.22,7.0508,0.04
2019-12-02,BANKNIFTY,20191226,32003.85,2936.61,9.1758,0.04
2019-12-02,NIFTY,20191226,12099.85,852.49,7.0455,0.04
2019-12-03,BANKNIFTY,20191226,31921.35,2929.75,9.178,0.04
2019-12-03,NIFTY,20191226,12091.45,851.94,7.0458,0.04
2019-12-04,BANKNIFTY,20191226,31711.2,2906.02,9.164,0.04
2019-12-04,NIFTY,20191226,12046.45,848.12,7.0404,0.04
2019-12-05,BANKNIFTY,20191226,32080.9,2939.66,9.1633,0.04
2019-12-05,NIFTY,20191226,12089.8,851.58,7.0438,0.04
2019-12-06,BANKNIFTY,20191226,31762.5,2915.18,9.1781,0.04
2019-12-06,NIFTY,20191226,12047.7,849.83,7.0539,0.04
2019-12-09,BANKNIFTY,20191226,31418.3,2881.04,9.1699,0.04
2019-12-09,NIFTY,20191226,11955.7,842.98,7.0509,0.04
2019-12-10,BANKNIFTY,20191226,31397.65,2878.75,9.1687,0.04
2019-12-10,NIFTY,20191226,11966.7,844.11,7.0538,0.04
2019-12-11,BANKNIFTY,20191226,31226.55,2864.38,9.1729,0.04
2019-12-11,NIFTY,20191226,11898.2,838.4,7.0464,0.04
2019-12-12,BANKNIFTY,20191226,31314.25,2873.24,9.1755,0.04
2019-12-12,NIFTY,20191226,11938.15,842.17,7.0544,0.04
2019-12-13,BANKNIFTY,20191226,31717.0,2910.81,9.1774,0.04
2019-12-13,NIFTY,20191226,12028.65,846.53,7.0376,0.04
2019-12-16,BANKNIFTY,20191226,32102.7,2942.87,9.167,0.04
2019-12-16,NIFTY,20191226,12142.35,854.66,7.0387,0.04
2019-12-17,BANKNIFTY,20191226,32010.3,2939.19,9.182,0.04
2019-12-17,NIFTY,20191226,12082.55,852.34,7.0543,0.04
2019-12-18,BANKNIFTY,20191226,32206.35,2954.46,9.1735,0.04
2019-12-18,NIFTY,20191226,12187.15,860.2,7.0583,0.04
2019-12-19,BANKNIFTY,20191226,32279.3,2964.02,9.1824,0.04
2019-12-19,NIFTY,20191226,12243.15,864.2,7.0586,0.04
2019-12-20,BANKNIFTY,20191226,32260.4,2963.76,9.187,0.04
2019-12-20,NIFTY,20191226,12268.95,866.89,7.0657,0.04
2019-12-23,BANKNIFTY,20191226,32378.4,2976.95,9.1942,0.04
2019-12-23,NIFTY,20191226,12290.0,867.75,7.0606,0.04
2019-12-24,BANKNIFTY,20191226,32329.4,2972.77,9.1953,0.04
2019-12-24,NIFTY,20191226,12276.45,867.11,7.0632,0.04
2019-12-26,BANKNIFTY,20191226,32307.75,2967.37,9.1847,0.04
2019-12-26,NIFTY,20191226,12238.45,863.7,7.0573,0.04
2019-12-27,BANKNIFTY,20200130,32186.2,2941.35,9.1385,0.04
2019-12-27,NIFTY,20200130,12195.75,857.48,7.031,0.04
2019-12-30,BANKNIFTY,20200130,32604.7,2979.47,9.1382,0.04
2019-12-30,NIFTY,20200130,12319.25,865.91,7.0289,0.04
2019-12-31,BANKNIFTY,20200130,32554.05,2974.19,9.1362,0.04
2019-12-31,NIFTY,20200130,12329.3,866.62,7.0289,0.04
2020-01-01,BANKNIFTY,20200130,32366.05,2956.42,9.1343,0.04
2020-01-01,NIFTY,20200130,12246.25,860.44,7.0262,0.04
2020-01-02,BANKNIFTY,20200130,32285.2,2951.02,9.1405,0.04
2020-01-02,NIFTY,20200130,12243.8,861.43,7.0356,0.04
2020-01-03,BANKNIFTY,20200130,32579.15,2982.36,9.1542,0.04
2020-01-03,NIFTY,20200130,12339.3,868.48,7.0383,0.04
2020-01-06,BANKNIFTY,20200130,32161.2,2947.93,9.1661,0.04
2020-01-06,NIFTY,20200130,12256.45,864.55,7.0538,0.04
2020-01-07,BANKNIFTY,20200130,31362.05,2871.44,9.1558,0.04
2020-01-07,NIFTY,20200130,12043.7,848.04,7.0414,0.04
2020-01-08,BANKNIFTY,20200130,31492.8,2886.35,9.1651,0.04
2020-01-08,NIFTY,20200130,12106.7,852.27,7.0397,0.04
2020-01-09,BANKNIFTY,20200130,31444.05,2883.99,9.1718,0.04
2020-01-09,NIFTY,20200130,12063.5,850.32,7.0487,0.04
2020-01-10,BANKNIFTY,20200130,32152.65,2950.06,9.1752,0.04
2020-01-10,NIFTY,20200130,12269.75,863.79,7.04,0.04
2020-01-13,BANKNIFTY,20200130,32122.75,2950.52,9.1851,0.04
2020-01-13,NIFTY,20200130,12290.0,866.69,7.052,0.04
2020-01-14,BANKNIFTY,20200130,32242.25,2957.89,9.174,0.04
2020-01-14,NIFTY,20200130,12362.15,871.83,7.0524,0.04
2020-01-15,BANKNIFTY,20200130,32169.05,2948.15,9.1646,0.04
2020-01-15,NIFTY,20200130,12397.0,874.15,7.0513,0.04
2020-01-16,BANKNIFTY,20200130,31943.85,2925.47,9.1582,0.04
2020-01-16,NIFTY,20200130,12378.05,872.8,7.0512,0.04
2020-01-17,BANKNIFTY,20200130,31935.7,2928.13,9.1688,0.04
2020-01-17,NIFTY,20200130,12374.35,873.67,7.0603,0.04
2020-01-20,BANKNIFTY,20200130,31723.75,2903.94,9.1538,0.04
2020-01-20,NIFTY,20200130,12384.65,873.44,7.0526,0.04
2020-01-21,BANKNIFTY,20200130,31181.85,2857.05,9.1625,0.04
2020-01-21,NIFTY,20200130,12263.15,864.41,7.0488,0.04
2020-01-22,BANKNIFTY,20200130,31042.8,2844.82,9.1642,0.04
2020-01-22,NIFTY,20200130,12203.1,860.54,7.0518,0.04
2020-01-23,BANKNIFTY,20200130,30802.85,2822.2,9.1621,0.04
2020-01-23,NIFTY,20200130,12145.25,856.09,7.0488,0.04
2020-01-24,BANKNIFTY,20200130,31090.1,2850.01,9.1669,0.04
2020-01-24,NIFTY,20200130,12201.0,861.28,7.0591,0.04
2020-01-27,BANKNIFTY,20200130,31330.35,2871.86,9.1664,0.04
2020-01-27,NIFTY,20200130,12271.6,866.08,7.0576,0.04
2020-01-28,BANKNIFTY,20200130,30879.05,2834.69,9.18,0.04
2020-01-28,NIFTY,20200130,12125.7,856.94,7.0671,0.04
2020-01-29,BANKNIFTY,20200130,30771.6,2827.71,9.1893,0.04
2020-01-29,NIFTY,20200130,12068.0,852.47,7.0639,0.04
2020-01-30,BANKNIFTY,20200130,30905.55,2838.33,9.1839,0.04
2020-01-30,NIFTY,20200130,12121.55,857.69,7.0757,0.04
2020-01-31,BANKNIFTY,20200227,30768.4,2817.23,9.1562,0.04
2020-01-31,NIFTY,20200227,12059.9,851.06,7.0569,0.04
2020-02-03,BANKNIFTY,20200227,29873.4,2741.25,9.1762,0.04
2020-02-03,NIFTY,20200227,11654.9,824.62,7.0753,0.04
2020-02-04,BANKNIFTY,20200227,30032.15,2759.85,9.1897,0.04
2020-02-04,NIFTY,20200227,11703.15,827.87,7.0739,0.04
2020-02-05,BANKNIFTY,20200227,30718.45,2820.84,9.1829,0.04
2020-02-05,NIFTY,20200227,11964.25,847.09,7.0802,0.04
2020-02-06,BANKNIFTY,20200227,31050.35,2849.82,9.1781,0.04
2020-02-06,NIFTY,20200227,12086.3,854.83,7.0727,0.04
2020-02-07,BANKNIFTY,20200227,31332.85,2877.59,9.1839,0.04
2020-02-07,NIFTY,20200227,12136.35,858.28,7.072,0.04
2020-02-10,BANKNIFTY,20200227,31240.4,2868.2,9.1811,0.04
2020-02-10,NIFTY,20200227,12095.9,855.48,7.0725,0.04
2020-02-11,BANKNIFTY,20200227,31109.85,2854.99,9.1771,0.04
2020-02-11,NIFTY,20200227,12040.05,850.76,7.0661,0.04
2020-02-12,BANKNIFTY,20200227,31383.3,2877.27,9.1682,0.04
2020-02-12,NIFTY,20200227,12126.85,856.16,7.06,0.04
2020-02-13,BANKNIFTY,20200227,31566.9,2894.95,9.1708,0.04
2020-02-13,NIFTY,20200227,12228.45,862.76,7.0554,0.04
2020-02-14,BANKNIFTY,20200227,31231.35,2870.81,9.1921,0.04
2020-02-14,NIFTY,20200227,12174.6,860.88,7.0711,0.04
2020-02-17,BANKNIFTY,20200227,30902.1,2834.45,9.1724,0.04
2020-02-17,NIFTY,20200227,12129.65,856.55,7.0616,0.04
2020-02-18,BANKNIFTY,20200227,30776.35,2820.29,9.1638,0.04
2020-02-18,NIFTY,20200227,12074.45,851.77,7.0543,0.04
2020-02-19,BANKNIFTY,20200227,30581.4,2809.42,9.1867,0.04
2020-02-19,NIFTY,20200227,12006.1,848.0,7.0631,0.04
2020-02-20,BANKNIFTY,20200227,30856.4,2834.77,9.187,0.04
2020-02-20,NIFTY,20200227,12142.7,857.43,7.0613,0.04
2020-02-24,BANKNIFTY,20200227,30938.7,2844.39,9.1936,0.04
2020-02-24,NIFTY,20200227,12079.0,854.25,7.0722,0.04
2020-02-25,BANKNIFTY,20200227,30423.0,2799.55,9.2021,0.04
2020-02-25,NIFTY,20200227,11827.55,836.46,7.0721,0.04
2020-02-26,BANKNIFTY,20200227,30467.9,2797.49,9.1818,0.04
2020-02-26,NIFTY,20200227,11816.55,834.24,7.0599,0.04
2020-02-27,BANKNIFTY,20200227,30315.5,2785.92,9.1898,0.04
2020-02-27,NIFTY,20200227,11695.65,825.79,7.0607,0.04
2020-02-28,BANKNIFTY,20200326,30255.75,2774.91,9.1715,0.04
2020-02-28,NIFTY,20200326,11629.25,822.6,7.0735,0.04
2020-03-02,BANKNIFTY,20200326,29053.9,2679.32,9.2219,0.04
2020-03-02,NIFTY,20200326,11149.15,792.08,7.1044,0.04
2020-03-03,BANKNIFTY,20200326,28885.15,2653.7,9.1871,0.04
2020-03-03,NIFTY,20200326,11123.7,787.2,7.0768,0.04
2020-03-04,BANKNIFTY,20200326,29223.75,2682.07,9.1777,0.04
2020-03-04,NIFTY,20200326,11294.75,799.26,7.0764,0.04
2020-03-05,BANKNIFTY,20200326,28753.0,2633.96,9.1606,0.04
2020-03-05,NIFTY,20200326,11247.1,795.57,7.0736,0.04
2020-03-06,BANKNIFTY,20200326,28829.3,2648.82,9.1879,0.04
2020-03-06,NIFTY,20200326,11255.35,796.84,7.0797,0.04
2020-03-09,BANKNIFTY,20200326,27782.95,2555.62,9.1985,0.04
2020-03-09,NIFTY,20200326,10939.9,777.07,7.1031,0.04
2020-03-11,BANKNIFTY,20200326,26525.75,2432.54,9.1705,0.04
2020-03-11,NIFTY,20200326,10462.35,786.2,7.5146,0.04
2020-03-12,BANKNIFTY,20200326,26490.4,2434.86,9.1915,0.04
2020-03-12,NIFTY,20200326,10450.75,762.8,7.299,0.04
2020-03-13,BANKNIFTY,20200326,23845.05,3180.2,13.3369,0.04
2020-03-13,NIFTY,20200326,9546.6,1125.6,11.7906,0.04
2020-03-16,BANKNIFTY,20200326,25028.9,3476.2,13.8887,0.04
2020-03-16,NIFTY,20200326,9897.7,1193.0,12.0533,0.04
2020-03-17,BANKNIFTY,20200326,22960.75,3722.9,16.2142,0.04
2020-03-17,NIFTY,20200326,9118.45,1325.2,14.5332,0.04
2020-03-18,BANKNIFTY,20200326,22037.05,3588.2,16.2826,0.04
2020-03-18,NIFTY,20200326,8915.6,1270.1,14.2458,0.04
2020-03-19,BANKNIFTY,20200326,20517.95,3574.4,17.4208,0.04
2020-03-19,NIFTY,20200326,8433.7,1261.6,14.959,0.04
2020-03-20,BANKNIFTY,20200326,20028.5,3419.5,17.0732,0.04
2020-03-20,NIFTY,20200326,8205.9,1216.5,14.8247,0.04
2020-03-23,BANKNIFTY,20200326,20294.35,3365.5,16.5834,0.04
2020-03-23,NIFTY,20200326,8723.1,1366.3,15.663,0.04
2020-03-24,BANKNIFTY,20200326,16881.05,4226.6,25.0375,0.04
2020-03-24,NIFTY,20200326,7581.55,1599.8,21.1012,0.04
2020-03-25,BANKNIFTY,20200326,16929.75,4144.0,24.4776,0.04
2020-03-25,NIFTY,20200326,7849.9,1614.8,20.571,0.04
2020-03-26,BANKNIFTY,20200326,18487.0,4657.8,25.195,0.04
2020-03-26,NIFTY,20200326,8362.2,1756.5,21.0052,0.04
2020-03-27,BANKNIFTY,20200430,19338.9,4942.4,25.5568,0.04
2020-03-27,NIFTY,20200430,8677.25,1793.6,20.6701,0.04
2020-03-30,BANKNIFTY,20200430,19778.65,4881.6,24.6812,0.04
2020-03-30,NIFTY,20200430,8651.4,1742.8,20.1447,0.04
2020-03-31,BANKNIFTY,20200430,18799.55,4560.6,24.2591,0.04
2020-03-31,NIFTY,20200430,8290.15,1656.8,19.9852,0.04
2020-04-01,BANKNIFTY,20200430,19135.5,4520.5,23.6236,0.04
2020-04-01,NIFTY,20200430,8620.95,1704.1,19.767,0.04
2020-04-03,BANKNIFTY,20200430,18171.2,4281.7,23.5631,0.04
2020-04-03,NIFTY,20200430,8257.3,1628.6,19.7232,0.04
2020-04-07,BANKNIFTY,20200430,17175.8,4060.4,23.6402,0.04
2020-04-07,NIFTY,20200430,8084.5,1556.6,19.2541,0.04
2020-04-08,BANKNIFTY,20200430,19172.0,4865.3,25.3771,0.04
2020-04-08,NIFTY,20200430,8875.85,1850.0,20.8431,0.04
2020-04-09,BANKNIFTY,20200430,18889.5,4697.7,24.8694,0.04
2020-04-09,NIFTY,20200430,8750.55,1789.4,20.449,0.04
2020-04-13,BANKNIFTY,20200430,19768.3,4878.6,24.6789,0.04
2020-04-13,NIFTY,20200430,9086.7,1841.8,20.2692,0.04
2020-04-15,BANKNIFTY,20200430,19484.1,4638.0,23.804,0.04
2020-04-15,NIFTY,20200430,9011.1,1764.4,19.5803,0.04
2020-04-16,BANKNIFTY,20200430,18989.7,4426.7,23.3111,0.04
2020-04-16,NIFTY,20200430,8930.3,1699.7,19.033,0.04
2020-04-17,BANKNIFTY,20200430,19424.3,4392.6,22.6139,0.04
2020-04-17,NIFTY,20200430,9035.45,1664.0,18.4163,0.04
2020-04-20,BANKNIFTY,20200430,20748.8,4756.7,22.9252,0.04
2020-04-20,NIFTY,20200430,9311.3,1687.5,18.1231,0.04
2020-04-21,BANKNIFTY,20200430,20482.2,4584.4,22.3824,0.04
2020-04-21,NIFTY,20200430,9260.5,1636.0,17.6664,0.04
2020-04-22,BANKNIFTY,20200430,19333.85,4362.0,22.5615,0.04
2020-04-22,NIFTY,20200430,8971.6,1566.3,17.4584,0.04
2020-04-23,BANKNIFTY,20200430,19677.4,4307.9,21.8926,0.04
2020-04-23,NIFTY,20200430,9188.3,1570.0,17.0869,0.04
2020-04-24,BANKNIFTY,20200430,20182.75,4329.5,21.4515,0.04
2020-04-24,NIFTY,20200430,9296.75,1547.4,16.6445,0.04
2020-04-27,BANKNIFTY,20200430,19517.1,4113.9,21.0784,0.04
2020-04-27,NIFTY,20200430,9138.25,1483.7,16.2362,0.04
2020-04-28,BANKNIFTY,20200430,20107.1,4136.2,20.5708,0.04
2020-04-28,NIFTY,20200430,9295.15,1467.7,15.79,0.04
2020-04-29,BANKNIFTY,20200430,20676.1,4171.4,20.175,0.04
2020-04-29,NIFTY,20200430,9397.75,1442.1,15.3452,0.04
2020-04-30,BANKNIFTY,20200430,21128.1,4153.4,19.6582,0.04
2020-04-30,NIFTY,20200430,9549.15,1432.7,15.0034,0.04
2020-05-04,BANKNIFTY,20200528,21431.3,4133.8,19.2886,0.04
2020-05-04,NIFTY,20200528,9830.85,1470.6,14.959,0.04
2020-05-05,BANKNIFTY,20200528,19632.75,4135.1,21.0623,0.04
2020-05-05,NIFTY,20200528,9285.9,1463.5,15.7605,0.04
2020-05-06,BANKNIFTY,20200528,19246.35,3933.5,20.4376,0.04
2020-05-06,NIFTY,20200528,9208.6,1407.7,15.2868,0.04
2020-05-07,BANKNIFTY,20200528,19671.95,3923.1,19.9426,0.04
2020-05-07,NIFTY,20200528,9280.7,1376.6,14.8329,0.04
2020-05-08,BANKNIFTY,20200528,19505.3,3768.5,19.3204,0.04
2020-05-08,NIFTY,20200528,9204.25,1326.7,14.414,0.04
2020-05-11,BANKNIFTY,20200528,19284.65,3634.6,18.8471,0.04
2020-05-11,NIFTY,20200528,9236.65,1294.0,14.0094,0.04
2020-05-12,BANKNIFTY,20200528,18914.4,3471.9,18.3559,0.04
2020-05-12,NIFTY,20200528,9225.15,1253.1,13.5835,0.04
2020-05-13,BANKNIFTY,20200528,18839.1,3351.1,17.788,0.04
2020-05-13,NIFTY,20200528,9212.35,1209.3,13.1269,0.04
2020-05-14,BANKNIFTY,20200528,19617.0,3481.8,17.7489,0.04
2020-05-14,NIFTY,20200528,9393.55,1211.4,12.8961,0.04
2020-05-15,BANKNIFTY,20200528,19038.75,3331.4,17.498,0.04
2020-05-15,NIFTY,20200528,9143.9,1172.6,12.8238,0.04
2020-05-18,BANKNIFTY,20200528,18807.7,3199.2,17.0101,0.04
2020-05-18,NIFTY,20200528,9137.1,1136.1,12.4339,0.04
2020-05-19,BANKNIFTY,20200528,17531.6,3165.7,18.0571,0.04
2020-05-19,NIFTY,20200528,8825.85,1110.2,12.579,0.04
2020-05-20,BANKNIFTY,20200528,17438.75,3055.7,17.5225,0.04
2020-05-20,NIFTY,20200528,8884.1,1084.9,12.2117,0.04
2020-05-21,BANKNIFTY,20200528,17836.65,3051.4,17.1075,0.04
2020-05-21,NIFTY,20200528,9066.65,1090.9,12.032,0.04
2020-05-22,BANKNIFTY,20200528,17644.85,2947.6,16.7052,0.04
2020-05-22,NIFTY,20200528,9075.1,1062.3,11.7057,0.04
2020-05-26,BANKNIFTY,20200528,17216.1,2819.2,16.3754,0.04
2020-05-26,NIFTY,20200528,9027.8,1023.6,11.3383,0.04
2020-05-27,BANKNIFTY,20200528,17445.15,2769.2,15.8738,0.04
2020-05-27,NIFTY,20200528,9034.0,991.4,10.9741,0.04
2020-05-28,BANKNIFTY,20200528,18663.05,3165.4,16.9608,0.04
2020-05-28,NIFTY,20200528,9309.4,1033.3,11.0995,0.04
2020-05-29,BANKNIFTY,20200625,19029.6,3189.0,16.7581,0.04
2020-05-29,NIFTY,20200625,9427.95,1038.2,11.0119,0.04
2020-06-01,BANKNIFTY,20200625,19099.2,4198.0,21.98,0.12
2020-06-01,NIFTY,20200625,9494.1,1596.9,16.8199,0.09
2020-06-02,BANKNIFTY,20200625,19894.1,4359.0,21.911,0.12
2020-06-02,NIFTY,20200625,9791.0,1643.6,16.7868,0.09
2020-06-03,BANKNIFTY,20200625,20466.35,4485.3,21.9155,0.12
2020-06-03,NIFTY,20200625,9962.95,1668.3,16.745,0.09
2020-06-04,BANKNIFTY,20200625,20882.4,4571.3,21.8907,0.12
2020-06-04,NIFTY,20200625,10071.8,1679.4,16.6743,0.09
2020-06-05,BANKNIFTY,20200625,20379.95,4449.4,21.8322,0.12
2020-06-05,NIFTY,20200625,10017.65,1670.0,16.6706,0.09
2020-06-08,BANKNIFTY,20200625,21016.4,4595.5,21.8663,0.12
2020-06-08,NIFTY,20200625,10145.5,1686.5,16.6231,0.09
2020-06-09,BANKNIFTY,20200625,21161.6,4617.6,21.8207,0.12
2020-06-09,NIFTY,20200625,10165.35,1686.2,16.5877,0.09
2020-06-10,BANKNIFTY,20200625,20677.85,4515.0,21.835,0.12
2020-06-10,NIFTY,20200625,10034.0,1664.0,16.5836,0.09
2020-06-11,BANKNIFTY,20200625,21119.4,4593.0,21.7478,0.12
2020-06-11,NIFTY,20200625,10118.7,1672.3,16.5268,0.09
2020-06-12,BANKNIFTY,20200625,20508.85,4471.5,21.8028,0.12
2020-06-12,NIFTY,20200625,9894.55,1638.3,16.5576,0.09
2020-06-15,BANKNIFTY,20200625,20624.5,4488.6,21.7634,0.12
2020-06-15,NIFTY,20200625,9955.35,1646.0,16.5338,0.09
2020-06-16,BANKNIFTY,20200625,19911.5,4337.2,21.7824,0.12
2020-06-16,NIFTY,20200625,9813.75,1618.0,16.4871,0.09
2020-06-17,BANKNIFTY,20200625,20254.35,4414.5,21.7953,0.12
2020-06-17,NIFTY,20200625,9897.85,1631.0,16.4783,0.09
2020-06-18,BANKNIFTY,20200625,20147.55,4383.1,21.755,0.12
2020-06-18,NIFTY,20200625,9854.55,1622.1,16.4604,0.09
2020-06-19,BANKNIFTY,20200625,20912.65,4559.8,21.804,0.12
2020-06-19,NIFTY,20200625,10071.9,1657.5,16.4567,0.09
2020-06-22,BANKNIFTY,20200625,21308.85,4637.2,21.7619,0.12
2020-06-22,NIFTY,20200625,10235.55,1681.3,16.4261,0.09
2020-06-23,BANKNIFTY,20200625,21697.0,4711.9,21.7168,0.12
2020-06-23,NIFTY,20200625,10288.2,1688.6,16.413,0.09
2020-06-24,BANKNIFTY,20200625,22291.75,4834.7,21.6883,0.12
2020-06-24,NIFTY,20200625,10467.7,1713.8,16.3723,0.09
2020-06-25,BANKNIFTY,20200625,21400.6,4669.8,21.8209,0.12
2020-06-25,NIFTY,20200625,10295.65,1685.8,16.3739,0.09
2020-06-26,BANKNIFTY,20200730,21439.55,4675.6,21.8083,0.12
2020-06-26,NIFTY,20200730,10245.65,1679.0,16.3874,0.09
2020-06-29,BANKNIFTY,20200730,21462.15,4682.8,21.8189,0.12
2020-06-29,NIFTY,20200730,10318.0,1690.6,16.385,0.09
2020-06-30,BANKNIFTY,20200730,21235.2,4622.8,21.7695,0.12
2020-06-30,NIFTY,20200730,10255.8,1675.0,16.3322,0.09
2020-07-01,BANKNIFTY,20200730,21213.85,4613.8,21.749,0.12
2020-07-01,NIFTY,20200730,10240.25,1669.2,16.3004,0.09
2020-07-02,BANKNIFTY,20200730,21930.45,4752.7,21.6717,0.12
2020-07-02,NIFTY,20200730,10408.3,1689.0,16.2274,0.09
2020-07-03,BANKNIFTY,20200730,21977.3,4735.8,21.5486,0.12
2020-07-03,NIFTY,20200730,10539.7,1706.4,16.1902,0.09
2020-07-06,BANKNIFTY,20200730,21843.9,4703.3,21.5314,0.12
2020-07-06,NIFTY,20200730,10572.45,1711.1,16.1845,0.09
2020-07-07,BANKNIFTY,20200730,22226.3,4771.0,21.4656,0.12
2020-07-07,NIFTY,20200730,10754.85,1735.4,16.136,0.09
2020-07-08,BANKNIFTY,20200730,22603.3,4856.2,21.4845,0.12
2020-07-08,NIFTY,20200730,10766.65,1736.9,16.1322,0.09
2020-07-09,BANKNIFTY,20200730,22610.75,4834.9,21.3832,0.12
2020-07-09,NIFTY,20200730,10696.3,1718.0,16.0616,0.09
2020-07-10,BANKNIFTY,20200730,22908.1,4895.8,21.3715,0.12
2020-07-10,NIFTY,20200730,10823.55,1732.4,16.0058,0.09
2020-07-13,BANKNIFTY,20200730,22435.85,4783.1,21.319,0.12
2020-07-13,NIFTY,20200730,10766.65,1721.3,15.9873,0.09
2020-07-14,BANKNIFTY,20200730,22174.55,4707.2,21.2279,0.12
2020-07-14,NIFTY,20200730,10807.55,1723.0,15.9426,0.09
2020-07-15,BANKNIFTY,20200730,21396.5,4571.0,21.3633,0.12
2020-07-15,NIFTY,20200730,10613.85,1691.4,15.9358,0.09
2020-07-16,BANKNIFTY,20200730,21320.95,4548.7,21.3344,0.12
2020-07-16,NIFTY,20200730,10628.25,1688.8,15.8897,0.09
2020-07-17,BANKNIFTY,20200730,21571.3,4593.7,21.2954,0.12
2020-07-17,NIFTY,20200730,10713.85,1704.9,15.913,0.09
2020-07-20,BANKNIFTY,20200730,21971.1,4667.5,21.2438,0.12
2020-07-20,NIFTY,20200730,10905.05,1730.1,15.8651,0.09
2020-07-21,BANKNIFTY,20200730,22287.3,4735.0,21.2453,0.12
2020-07-21,NIFTY,20200730,11008.6,1745.7,15.8576,0.09
2020-07-22,BANKNIFTY,20200730,22815.75,4830.6,21.1722,0.12
2020-07-22,NIFTY,20200730,11170.55,1766.4,15.813,0.09
2020-07-23,BANKNIFTY,20200730,22803.8,4839.7,21.2232,0.12
2020-07-23,NIFTY,20200730,11110.55,1757.3,15.8165,0.09
2020-07-24,BANKNIFTY,20200730,23095.25,4873.1,21.1,0.12
2020-07-24,NIFTY,20200730,11207.55,1766.9,15.7653,0.09
2020-07-27,BANKNIFTY,20200730,22611.3,4781.0,21.1443,0.12
2020-07-27,NIFTY,20200730,11170.25,1759.6,15.7526,0.09
2020-07-28,BANKNIFTY,20200730,21859.35,4619.1,21.131,0.12
2020-07-28,NIFTY,20200730,11122.45,1745.3,15.6917,0.09
2020-07-29,BANKNIFTY,20200730,22176.5,4665.5,21.038,0.12
2020-07-29,NIFTY,20200730,11306.15,1771.3,15.6667,0.09
2020-07-30,BANKNIFTY,20200730,22129.6,4648.6,21.0063,0.12
2020-07-30,NIFTY,20200730,11222.45,1752.0,15.6116,0.09
2020-07-31,BANKNIFTY,20200827,21631.4,4554.3,21.0541,0.12
2020-07-31,NIFTY,20200827,11093.4,1733.8,15.6291,0.09
2020-08-03,BANKNIFTY,20200827,21691.5,4542.3,20.9405,0.12
2020-08-03,NIFTY,20200827,11095.85,1724.8,15.5446,0.09
2020-08-04,BANKNIFTY,20200827,21165.9,4422.2,20.893,0.12
2020-08-04,NIFTY,20200827,10913.4,1695.6,15.5369,0.09
2020-08-05,BANKNIFTY,20200827,21551.85,4505.2,20.904,0.12
2020-08-05,NIFTY,20200827,11102.05,1726.8,15.5539,0.09
2020-08-06,BANKNIFTY,20200827,21559.0,4497.8,20.8627,0.12
2020-08-06,NIFTY,20200827,11118.0,1723.8,15.5046,0.09
2020-08-07,BANKNIFTY,20200827,21641.95,4515.0,20.8623,0.12
2020-08-07,NIFTY,20200827,11199.5,1735.1,15.4927,0.09
2020-08-10,BANKNIFTY,20200827,21771.35,4526.6,20.7915,0.12
2020-08-10,NIFTY,20200827,11226.2,1733.3,15.4398,0.09
2020-08-11,BANKNIFTY,20200827,21956.35,4547.3,20.7106,0.12
2020-08-11,NIFTY,20200827,11293.35,1738.0,15.3896,0.09
2020-08-12,BANKNIFTY,20200827,22296.35,4608.3,20.6684,0.12
2020-08-12,NIFTY,20200827,11344.35,1742.0,15.3557,0.09
2020-08-13,BANKNIFTY,20200827,22316.3,4604.1,20.6311,0.12
2020-08-13,NIFTY,20200827,11317.8,1735.3,15.3325,0.09
2020-08-14,BANKNIFTY,20200827,22189.5,4579.2,20.6368,0.12
2020-08-14,NIFTY,20200827,11317.35,1730.1,15.2871,0.09
2020-08-17,BANKNIFTY,20200827,21668.8,4472.6,20.6407,0.12
2020-08-17,NIFTY,20200827,11186.7,1708.4,15.2717,0.09
2020-08-18,BANKNIFTY,20200827,21734.0,4465.4,20.5457,0.12
2020-08-18,NIFTY,20200827,11268.2,1715.4,15.2234,0.09
2020-08-19,BANKNIFTY,20200827,22198.2,4560.1,20.5427,0.12
2020-08-19,NIFTY,20200827,11398.55,1734.0,15.2125,0.09
2020-08-20,BANKNIFTY,20200827,22307.3,4572.0,20.4955,0.12
2020-08-20,NIFTY,20200827,11420.8,1733.4,15.1776,0.09
2020-08-21,BANKNIFTY,20200827,21964.25,4507.3,20.5211,0.12
2020-08-21,NIFTY,20200827,11305.4,1715.8,15.1768,0.09
2020-08-24,BANKNIFTY,20200827,22282.8,4560.9,20.4683,0.12
2020-08-24,NIFTY,20200827,11377.2,1720.8,15.125,0.09
2020-08-25,BANKNIFTY,20200827,22826.4,4670.0,20.4588,0.12
2020-08-25,NIFTY,20200827,11474.15,1732.1,15.0957,0.09
2020-08-26,BANKNIFTY,20200827,23078.15,4713.8,20.4254,0.11
2020-08-26,NIFTY,20200827,11471.65,1728.4,15.0667,0.08
2020-08-27,BANKNIFTY,20200827,23407.15,4772.2,20.3878,0.11
2020-08-27,NIFTY,20200827,11548.2,1736.4,15.0361,0.08
2020-08-28,BANKNIFTY,20200924,23602.0,4799.7,20.336,0.11
2020-08-28,NIFTY,20200924,11580.05,1733.8,14.9723,0.08
2020-08-31,BANKNIFTY,20200924,24539.35,5007.1,20.4044,0.11
2020-08-31,NIFTY,20200924,11675.25,1743.4,14.9324,0.08
2020-09-01,BANKNIFTY,20200924,23743.0,4860.6,20.4717,0.12
2020-09-01,NIFTY,20200924,11401.95,1708.0,14.9799,0.08
2020-09-02,BANKNIFTY,20200924,23915.55,4861.8,20.329,0.11
2020-09-02,NIFTY,20200924,11510.95,1717.4,14.9197,0.08
2020-09-03,BANKNIFTY,20200924,23920.95,4861.8,20.3244,0.11
2020-09-03,NIFTY,20200924,11561.5,1723.0,14.9029,0.08
2020-09-04,BANKNIFTY,20200924,23547.2,4785.6,20.3234,0.11
2020-09-04,NIFTY,20200924,11542.8,1717.2,14.8768,0.08
2020-09-07,BANKNIFTY,20200924,23026.65,4677.9,20.3152,0.11
2020-09-07,NIFTY,20200924,11351.75,1688.4,14.8735,0.08
2020-09-08,BANKNIFTY,20200924,22963.45,4653.2,20.2635,0.11
2020-09-08,NIFTY,20200924,11365.9,1687.0,14.8426,0.08
2020-09-09,BANKNIFTY,20200924,22748.85,4602.4,20.2314,0.11
2020-09-09,NIFTY,20200924,11319.85,1677.4,14.8182,0.08
2020-09-10,BANKNIFTY,20200924,22337.25,4501.8,20.1538,0.11
2020-09-10,NIFTY,20200924,11306.9,1667.5,14.7476,0.08
2020-09-11,BANKNIFTY,20200924,22506.6,4531.1,20.1323,0.11
2020-09-11,NIFTY,20200924,11455.35,1690.8,14.7599,0.08
2020-09-14,BANKNIFTY,20200924,22538.95,4522.9,20.067,0.11
2020-09-14,NIFTY,20200924,11467.1,1689.0,14.7291,0.08
2020-09-15,BANKNIFTY,20200924,22190.15,4440.8,20.0125,0.11
2020-09-15,NIFTY,20200924,11451.95,1681.3,14.6813,0.08
2020-09-16,BANKNIFTY,20200924,22558.45,4508.1,19.9841,0.11
2020-09-16,NIFTY,20200924,11527.4,1689.8,14.659,0.08
2020-09-17,BANKNIFTY,20200924,22671.3,4518.7,19.9314,0.11
2020-09-17,NIFTY,20200924,11616.4,1698.3,14.6198,0.08
2020-09-18,BANKNIFTY,20200924,22391.95,4460.1,19.9183,0.11
2020-09-18,NIFTY,20200924,11522.4,1682.3,14.6003,0.08
2020-09-21,BANKNIFTY,20200924,22078.4,4395.4,19.9081,0.11
2020-09-21,NIFTY,20200924,11515.25,1676.1,14.5555,0.08
2020-09-22,BANKNIFTY,20200924,21390.9,4271.4,19.9683,0.11
2020-09-22,NIFTY,20200924,11256.1,1642.5,14.5921,0.08
2020-09-23,BANKNIFTY,20200924,21183.65,4216.5,19.9045,0.11
2020-09-23,NIFTY,20200924,11162.05,1624.9,14.5574,0.08
2020-09-24,BANKNIFTY,20200924,21240.35,4214.0,19.8396,0.11
2020-09-24,NIFTY,20200924,11147.65,1617.8,14.5125,0.08
2020-09-25,BANKNIFTY,20201029,20526.75,4083.2,19.8921,0.11
2020-09-25,NIFTY,20201029,10836.2,1578.5,14.5669,0.08
2020-09-28,BANKNIFTY,20201029,20979.15,4186.2,19.9541,0.11
2020-09-28,NIFTY,20201029,11042.2,1614.7,14.623,0.08
2020-09-29,BANKNIFTY,20201029,21724.5,4336.0,19.959,0.11
2020-09-29,NIFTY,20201029,11238.0,1641.1,14.6031,0.08
2020-09-30,BANKNIFTY,20201029,21450.2,4277.5,19.9415,0.11
2020-09-30,NIFTY,20201029,11234.7,1635.9,14.5611,0.08
2020-10-01,BANKNIFTY,20201029,21464.25,4274.1,19.9126,0.11
2020-10-01,NIFTY,20201029,11256.85,1635.6,14.5298,0.08
2020-10-05,BANKNIFTY,20201029,22316.0,4452.1,19.9503,0.11
2020-10-05,NIFTY,20201029,11435.55,1659.7,14.5135,0.08
2020-10-06,BANKNIFTY,20201029,22425.15,4466.2,19.916,0.11
2020-10-06,NIFTY,20201029,11517.65,1668.7,14.4882,0.08
2020-10-07,BANKNIFTY,20201029,22913.8,4560.6,19.9033,0.11
2020-10-07,NIFTY,20201029,11669.65,1690.2,14.4837,0.08
2020-10-08,BANKNIFTY,20201029,23018.85,4572.5,19.8642,0.11
2020-10-08,NIFTY,20201029,11750.9,1697.6,14.4466,0.08
2020-10-09,BANKNIFTY,20201029,23184.7,4606.3,19.8678,0.11
2020-10-09,NIFTY,20201029,11831.8,1707.8,14.434,0.08
2020-10-12,BANKNIFTY,20201029,23903.15,4745.0,19.8509,0.11
2020-10-12,NIFTY,20201029,11929.8,1716.1,14.385,0.08
2020-10-13,BANKNIFTY,20201029,23766.95,4707.8,19.8082,0.11
2020-10-13,NIFTY,20201029,11938.35,1714.3,14.3596,0.08
2020-10-14,BANKNIFTY,20201029,23562.2,4653.5,19.7499,0.11
2020-10-14,NIFTY,20201029,11946.1,1710.5,14.3185,0.08
2020-10-15,BANKNIFTY,20201029,23951.05,4722.9,19.719,0.11
2020-10-15,NIFTY,20201029,11982.25,1711.5,14.2836,0.08
2020-10-16,BANKNIFTY,20201029,23110.3,4579.6,19.8163,0.11
2020-10-16,NIFTY,20201029,11685.55,1675.2,14.3357,0.08
2020-10-19,BANKNIFTY,20201029,23584.25,4669.0,19.7971,0.11
2020-10-19,NIFTY,20201029,11765.15,1683.3,14.3075,0.08
2020-10-20,BANKNIFTY,20201029,24346.7,4824.2,19.8146,0.11
2020-10-20,NIFTY,20201029,11889.4,1696.5,14.269,0.08
2020-10-21,BANKNIFTY,20201029,24351.75,4821.3,19.7986,0.11
2020-10-21,NIFTY,20201029,11895.9,1695.6,14.2537,0.08
2020-10-22,BANKNIFTY,20201029,24664.95,4876.6,19.7714,0.11
2020-10-22,NIFTY,20201029,11927.45,1697.2,14.2294,0.08
2020-10-23,BANKNIFTY,20201029,24557.95,4834.8,19.6873,0.11
2020-10-23,NIFTY,20201029,11898.65,1687.1,14.1789,0.08
2020-10-26,BANKNIFTY,20201029,24537.0,4821.7,19.6507,0.11
2020-10-26,NIFTY,20201029,11934.35,1687.7,14.1415,0.08
2020-10-27,BANKNIFTY,20201029,24109.15,4737.0,19.6481,0.11
2020-10-27,NIFTY,20201029,11778.4,1663.1,14.1199,0.08
2020-10-28,BANKNIFTY,20201029,24741.4,4876.8,19.7111,0.11
2020-10-28,NIFTY,20201029,11879.05,1677.7,14.1232,0.08
2020-10-29,BANKNIFTY,20201029,24214.25,4770.0,19.6991,0.11
2020-10-29,NIFTY,20201029,11721.5,1653.6,14.1074,0.08
2020-10-30,BANKNIFTY,20201126,24090.8,4730.6,19.6365,0.11
2020-10-30,NIFTY,20201126,11667.9,1641.7,14.0702,0.08
2020-11-02,BANKNIFTY,20201126,23924.55,4682.5,19.5719,0.11
2020-11-02,NIFTY,20201126,11638.4,1633.5,14.0354,0.08
2020-11-03,BANKNIFTY,20201126,24931.2,4903.3,19.6673,0.11
2020-11-03,NIFTY,20201126,11681.55,1633.1,13.9802,0.08
2020-11-04,BANKNIFTY,20201126,25669.55,5066.9,19.739,0.11
2020-11-04,NIFTY,20201126,11824.95,1651.8,13.9688,0.08
2020-11-05,BANKNIFTY,20201126,25795.0,5071.9,19.6623,0.11
2020-11-05,NIFTY,20201126,11922.85,1661.9,13.9388,0.08
2020-11-06,BANKNIFTY,20201126,26296.6,5174.9,19.679,0.11
2020-11-06,NIFTY,20201126,12143.3,1692.5,13.9377,0.08
2020-11-09,BANKNIFTY,20201126,26749.2,5263.3,19.6765,0.11
2020-11-09,NIFTY,20201126,12261.45,1709.8,13.9445,0.08
2020-11-10,BANKNIFTY,20201126,27523.15,5415.0,19.6743,0.11
2020-11-10,NIFTY,20201126,12467.25,1737.3,13.9349,0.08
2020-11-11,BANKNIFTY,20201126,28640.05,5653.8,19.7409,0.11
2020-11-11,NIFTY,20201126,12659.1,1760.5,13.907,0.08
2020-11-12,BANKNIFTY,20201126,28815.7,5686.9,19.7354,0.11
2020-11-12,NIFTY,20201126,12755.05,1773.5,13.9043,0.08
2020-11-13,BANKNIFTY,20201126,28316.3,5569.0,19.6671,0.11
2020-11-13,NIFTY,20201126,12706.0,1760.9,13.8588,0.08
2020-11-17,BANKNIFTY,20201126,28596.35,5604.5,19.5987,0.11
2020-11-17,NIFTY,20201126,12788.9,1764.8,13.7995,0.08
2020-11-18,BANKNIFTY,20201126,29151.9,5715.7,19.6066,0.11
2020-11-18,NIFTY,20201126,12881.85,1774.3,13.7736,0.08
2020-11-19,BANKNIFTY,20201126,29756.4,5824.4,19.5736,0.11
2020-11-19,NIFTY,20201126,12957.25,1779.1,13.7305,0.08
2020-11-20,BANKNIFTY,20201126,28912.05,5666.3,19.5984,0.11
2020-11-20,NIFTY,20201126,12793.5,1754.5,13.714,0.08
2020-11-23,BANKNIFTY,20201126,29244.9,5721.2,19.5631,0.11
2020-11-23,NIFTY,20201126,12871.3,1763.1,13.6979,0.08
2020-11-24,BANKNIFTY,20201126,29010.4,5666.8,19.5337,0.11
2020-11-24,NIFTY,20201126,12934.35,1768.3,13.6713,0.08
2020-11-25,BANKNIFTY,20201126,29729.9,5807.4,19.5339,0.11
2020-11-25,NIFTY,20201126,13062.45,1783.0,13.6498,0.08
2020-11-26,BANKNIFTY,20201126,29208.7,5696.6,19.5031,0.11
2020-11-26,NIFTY,20201126,12859.15,1755.6,13.6525,0.08
2020-11-27,BANKNIFTY,20201231,29589.55,5755.0,19.4494,0.11
2020-11-27,NIFTY,20201231,13022.55,1770.8,13.598,0.08
2020-12-01,BANKNIFTY,20201231,29667.2,5752.1,19.3888,0.11
2020-12-01,NIFTY,20201231,13017.4,1763.8,13.5496,0.08
2020-12-02,BANKNIFTY,20201231,29892.2,5779.4,19.3341,0.11
2020-12-02,NIFTY,20201231,13143.4,1779.9,13.5422,0.08
2020-12-03,BANKNIFTY,20201231,29603.0,5698.9,19.2511,0.11
2020-12-03,NIFTY,20201231,13162.45,1776.5,13.4967,0.08
2020-12-04,BANKNIFTY,20201231,29542.2,5681.7,19.2325,0.11
2020-12-04,NIFTY,20201231,13191.85,1774.5,13.4515,0.08
2020-12-07,BANKNIFTY,20201231,30190.95,5796.9,19.2008,0.11
2020-12-07,NIFTY,20201231,13311.6,1788.4,13.4349,0.08
2020-12-08,BANKNIFTY,20201231,30290.55,5814.1,19.1944,0.11
2020-12-08,NIFTY,20201231,13387.6,1797.4,13.4259,0.08
2020-12-09,BANKNIFTY,20201231,30314.0,5809.0,19.1628,0.11
2020-12-09,NIFTY,20201231,13428.15,1798.2,13.3913,0.08
2020-12-10,BANKNIFTY,20201231,30763.65,5886.8,19.1356,0.11
2020-12-10,NIFTY,20201231,13567.7,1814.1,13.3707,0.08
2020-12-11,BANKNIFTY,20201231,30621.75,5833.7,19.0508,0.11
2020-12-11,NIFTY,20201231,13524.35,1803.1,13.3322,0.08
2020-12-14,BANKNIFTY,20201231,30609.25,5838.2,19.0733,0.11
2020-12-14,NIFTY,20201231,13518.35,1803.1,13.3382,0.08
2020-12-15,BANKNIFTY,20201231,30788.4,5851.4,19.0052,0.11
2020-12-15,NIFTY,20201231,13571.6,1804.8,13.2984,0.07
2020-12-16,BANKNIFTY,20201231,30706.6,5826.0,18.9731,0.11
2020-12-16,NIFTY,20201231,13584.95,1801.8,13.2632,0.07
2020-12-17,BANKNIFTY,20201231,30770.5,5812.4,18.8895,0.11
2020-12-17,NIFTY,20201231,13699.45,1813.4,13.237,0.07
2020-12-18,BANKNIFTY,20201231,30844.4,5826.8,18.8909,0.11
2020-12-18,NIFTY,20201231,13754.4,1816.9,13.2096,0.07
2020-12-21,BANKNIFTY,20201231,30735.75,5788.2,18.8321,0.11
2020-12-21,NIFTY,20201231,13774.05,1815.2,13.1784,0.07
2020-12-22,BANKNIFTY,20201231,29417.95,5590.3,19.003,0.11
2020-12-22,NIFTY,20201231,13329.75,1773.0,13.3011,0.07
2020-12-23,BANKNIFTY,20201231,29646.6,5610.6,18.9249,0.11
2020-12-23,NIFTY,20201231,13487.5,1789.5,13.2678,0.07
2020-12-24,BANKNIFTY,20201231,29908.5,5647.4,18.8823,0.11
2020-12-24,NIFTY,20201231,13612.45,1804.4,13.2555,0.07
2020-12-28,BANKNIFTY,20201231,30437.2,5740.1,18.8588,0.11
2020-12-28,NIFTY,20201231,13763.75,1821.6,13.2348,0.07
2020-12-29,BANKNIFTY,20201231,30928.3,5823.6,18.8294,0.11
2020-12-29,NIFTY,20201231,13890.55,1835.6,13.2147,0.07
2020-12-30,BANKNIFTY,20201231,31360.1,5897.2,18.8048,0.11
2020-12-30,NIFTY,20201231,13935.05,1838.5,13.1934,0.07
2020-12-31,BANKNIFTY,20201231,31338.25,5878.2,18.7573,0.11
2020-12-31,NIFTY,20201231,13977.45,1840.7,13.1691,0.07
2021-01-01,BANKNIFTY,20210128,31303.0,5857.0,18.7107,0.11
2021-01-01,NIFTY,20210128,14009.65,1836.3,13.1074,0.07
2021-01-04,BANKNIFTY,20210128,31309.35,5836.0,18.6398,0.11
2021-01-04,NIFTY,20210128,14053.85,1836.8,13.0697,0.07
2021-01-05,BANKNIFTY,20210128,31326.55,5818.2,18.5727,0.1
2021-01-05,NIFTY,20210128,14165.3,1848.0,13.046,0.07
2021-01-06,BANKNIFTY,20210128,31798.75,5904.8,18.5693,0.1
2021-01-06,NIFTY,20210128,14217.95,1852.3,13.0279,0.07
2021-01-07,BANKNIFTY,20210128,31903.1,5904.8,18.5085,0.1
2021-01-07,NIFTY,20210128,14189.45,1840.9,12.9737,0.07
2021-01-08,BANKNIFTY,20210128,32078.75,5919.9,18.4543,0.1
2021-01-08,NIFTY,20210128,14191.1,1835.4,12.9335,0.07
2021-01-11,BANKNIFTY,20210128,32172.7,5929.4,18.4299,0.1
2021-01-11,FINNIFTY,20210114,15517.15,2707.5,17.4484,0.1
2021-01-11,NIFTY,20210128,14370.9,1861.4,12.9526,0.07
2021-01-12,BANKNIFTY,20210128,32096.25,5899.4,18.3803,0.1
2021-01-12,FINNIFTY,20210114,15652.85,2702.0,17.262,0.1
2021-01-12,NIFTY,20210128,14489.25,1875.3,12.9427,0.07
2021-01-13,BANKNIFTY,20210128,32455.05,5950.7,18.3352,0.1
2021-01-13,FINNIFTY,20210114,15740.8,2695.8,17.1262,0.1
2021-01-13,NIFTY,20210128,14597.95,1882.3,12.8943,0.07
2021-01-14,BANKNIFTY,20210128,32685.15,5981.0,18.2988,0.1
2021-01-14,FINNIFTY,20210114,15645.7,2689.6,17.1907,0.1
2021-01-14,NIFTY,20210128,14606.15,1878.0,12.8576,0.07
2021-01-15,BANKNIFTY,20210128,32647.8,5956.5,18.2447,0.1
2021-01-15,FINNIFTY,20210121,15663.6,2682.7,17.127,0.1
2021-01-15,NIFTY,20210128,14628.1,1876.7,12.8294,0.07
2021-01-18,BANKNIFTY,20210128,32314.05,5895.0,18.2428,0.1
2021-01-18,FINNIFTY,20210121,15476.5,2667.9,17.2384,0.1
2021-01-18,NIFTY,20210128,14458.5,1854.0,12.8229,0.07
2021-01-19,BANKNIFTY,20210128,31815.7,5808.4,18.2564,0.1
2021-01-19,FINNIFTY,20210121,15231.85,2629.4,17.2625,0.1
2021-01-19,NIFTY,20210128,14287.25,1833.1,12.8303,0.07
2021-01-20,BANKNIFTY,20210128,32520.9,5920.4,18.2049,0.1
2021-01-20,FINNIFTY,20210121,15635.45,2697.0,17.2493,0.1
2021-01-20,NIFTY,20210128,14570.0,1866.5,12.8106,0.07
2021-01-21,BANKNIFTY,20210128,32584.7,5927.6,18.1914,0.1
2021-01-21,FINNIFTY,20210121,15669.15,2699.2,17.2262,0.1
2021-01-21,NIFTY,20210128,14645.15,1878.5,12.8268,0.07
2021-01-22,BANKNIFTY,20210128,32228.8,5851.2,18.1552,0.1
2021-01-22,FINNIFTY,20210128,15561.85,2672.9,17.176,0.1
2021-01-22,NIFTY,20210128,14598.65,1867.0,12.7889,0.07
2021-01-25,BANKNIFTY,20210128,31197.75,5685.2,18.2231,0.1
2021-01-25,FINNIFTY,20210128,15146.7,2608.7,17.2229,0.1
2021-01-25,NIFTY,20210128,14380.15,1839.0,12.7885,0.07
2021-01-27,BANKNIFTY,20210128,31181.15,5675.7,18.2023,0.1
2021-01-27,FINNIFTY,20210128,15147.3,2602.3,17.18,0.1
2021-01-27,NIFTY,20210128,14253.15,1818.9,12.7614,0.07
2021-01-28,BANKNIFTY,20210128,30328.35,5518.8,18.1968,0.1
2021-01-28,FINNIFTY,20210128,14752.65,2534.7,17.1813,0.1
2021-01-28,NIFTY,20210128,13982.55,1787.3,12.7824,0.07
2021-01-29,BANKNIFTY,20210225,30364.7,5518.8,18.1751,0.1
2021-01-29,FINNIFTY,20210204,14600.5,2509.4,17.1871,0.1
2021-01-29,NIFTY,20210225,13844.4,1766.9,12.7626,0.07
2021-02-01,BANKNIFTY,20210225,30679.15,5545.6,18.0761,0.1
2021-02-01,FINNIFTY,20210204,14628.55,2501.9,17.1029,0.1
2021-02-01,NIFTY,20210225,13709.1,1741.1,12.7003,0.07
2021-02-02,BANKNIFTY,20210225,33276.3,6201.8,18.6373,0.11
2021-02-02,FINNIFTY,20210204,15752.65,2770.9,17.5901,0.1
2021-02-02,NIFTY,20210225,14351.25,1860.4,12.9633,0.07
2021-02-03,BANKNIFTY,20210225,34392.7,6442.6,18.7325,0.11
2021-02-03,FINNIFTY,20210204,16221.3,2868.1,17.6811,0.1
2021-02-03,NIFTY,20210225,14696.0,1915.3,13.0328,0.07
2021-02-04,BANKNIFTY,20210225,34841.75,6524.0,18.7247,0.11
2021-02-04,FINNIFTY,20210204,16378.9,2896.8,17.6862,0.1
2021-02-04,NIFTY,20210225,14820.55,1930.0,13.0225,0.07
2021-02-05,BANKNIFTY,20210225,35352.05,6624.6,18.7389,0.11
2021-02-05,FINNIFTY,20210211,16572.1,2927.5,17.6652,0.1
2021-02-05,NIFTY,20210225,14895.35,1939.8,13.0229,0.07
2021-02-08,BANKNIFTY,20210225,35665.95,6668.4,18.6968,0.11
2021-02-08,FINNIFTY,20210211,16710.35,2942.2,17.6071,0.1
2021-02-08,NIFTY,20210225,14930.65,1938.9,12.986,0.07
2021-02-09,BANKNIFTY,20210225,36013.8,6717.2,18.6517,0.11
2021-02-09,FINNIFTY,20210211,16854.1,2959.8,17.5613,0.1
2021-02-09,NIFTY,20210225,15126.5,1962.4,12.9733,0.07
2021-02-10,BANKNIFTY,20210225,36045.95,6713.2,18.624,0.1
2021-02-10,FINNIFTY,20210211,16872.85,2960.5,17.5459,0.1
2021-02-10,NIFTY,20210225,15105.75,1956.2,12.95,0.07
2021-02-11,BANKNIFTY,20210225,35875.4,6646.4,18.5263,0.1
2021-02-11,FINNIFTY,20210211,16900.0,2946.8,17.4367,0.1
2021-02-11,NIFTY,20210225,15119.55,1951.1,12.9045,0.07
2021-02-12,BANKNIFTY,20210225,35808.75,6624.7,18.5002,0.1
2021-02-12,FINNIFTY,20210218,16885.05,2938.0,17.4,0.1
2021-02-12,NIFTY,20210225,15184.95,1955.1,12.8752,0.07
2021-02-15,BANKNIFTY,20210225,36133.8,6676.4,18.4769,0.1
2021-02-15,FINNIFTY,20210218,17024.1,2958.9,17.3807,0.1
2021-02-15,NIFTY,20210225,15161.45,1949.1,12.8556,0.07
2021-02-16,BANKNIFTY,20210225,37402.65,6924.3,18.5129,0.1
2021-02-16,FINNIFTY,20210218,17552.35,3052.4,17.3903,0.1
2021-02-16,NIFTY,20210225,15332.2,1966.5,12.8259,0.07
2021-02-17,BANKNIFTY,20210225,37218.15,6869.3,18.4569,0.1
2021-02-17,FINNIFTY,20210218,17485.25,3035.5,17.3603,0.1
2021-02-17,NIFTY,20210225,15330.25,1961.5,12.795,0.07
2021-02-18,BANKNIFTY,20210225,36976.0,6819.8,18.4439,0.1
2021-02-18,FINNIFTY,20210218,17262.1,2997.4,17.3641,0.1
2021-02-18,NIFTY,20210225,15207.05,1944.8,12.7888,0.07
2021-02-19,BANKNIFTY,20210225,36603.3,6745.3,18.4281,0.1
2021-02-19,FINNIFTY,20210225,17031.55,2949.3,17.3167,0.1
2021-02-19,NIFTY,20210225,15116.1,1929.2,12.7626,0.07
2021-02-22,BANKNIFTY,20210225,35849.8,6606.3,18.4277,0.1
2021-02-22,FINNIFTY,20210225,16751.45,2902.4,17.3263,0.1
2021-02-22,NIFTY,20210225,14987.0,1908.4,12.7337,0.07
2021-02-23,BANKNIFTY,20210225,35254.55,6492.3,18.4155,0.1
2021-02-23,FINNIFTY,20210225,16483.15,2853.8,17.3134,0.1
2021-02-23,NIFTY,20210225,14672.65,1874.0,12.7721,0.07
2021-02-24,BANKNIFTY,20210225,35119.85,6450.9,18.3682,0.1
2021-02-24,FINNIFTY,20210225,16406.0,2832.6,17.2656,0.1
2021-02-24,NIFTY,20210225,14711.55,1873.5,12.7349,0.07
2021-02-25,BANKNIFTY,20210225,36468.7,6730.2,18.4547,0.1
2021-02-25,FINNIFTY,20210225,17013.95,2944.6,17.307,0.1
2021-02-25,NIFTY,20210225,14993.75,1911.1,12.746,0.07
2021-02-26,BANKNIFTY,20210325,36719.7,6731.8,18.3329,0.1
2021-02-26,FINNIFTY,20210304,16995.05,2931.5,17.2491,0.1
2021-02-26,NIFTY,20210325,15169.5,1922.5,12.6735,0.07
2021-03-01,BANKNIFTY,20210325,34870.35,6484.5,18.596,0.1
2021-03-01,FINNIFTY,20210304,16119.3,2826.3,17.5336,0.1
2021-03-01,NIFTY,20210325,14578.45,1877.9,12.8813,0.07
2021-03-02,BANKNIFTY,20210325,35324.55,6566.9,18.5902,0.1
2021-03-02,FINNIFTY,20210304,16385.05,2874.6,17.544,0.1
2021-03-02,NIFTY,20210325,14797.75,1907.9,12.8932,0.07
2021-03-03,BANKNIFTY,20210325,35454.85,6572.6,18.5379,0.1
2021-03-03,FINNIFTY,20210304,16408.5,2872.6,17.5068,0.1
2021-03-03,NIFTY,20210325,14958.15,1925.6,12.8732,0.07
2021-03-04,BANKNIFTY,20210325,36491.75,6761.5,18.5288,0.1
2021-03-04,FINNIFTY,20210304,16885.8,2959.2,17.5248,0.1
2021-03-04,NIFTY,20210325,15298.85,1973.8,12.9016,0.07
2021-03-05,BANKNIFTY,20210325,35879.75,6650.0,18.5341,0.1
2021-03-05,FINNIFTY,20210310,16588.15,2905.1,17.5131,0.1
2021-03-05,NIFTY,20210325,15106.25,1951.2,12.9165,0.07
2021-03-08,BANKNIFTY,20210325,35287.95,6535.5,18.5205,0.1
2021-03-08,FINNIFTY,20210310,16365.8,2864.8,17.5048,0.1
2021-03-08,NIFTY,20210325,14953.05,1930.1,12.9077,0.07
2021-03-09,BANKNIFTY,20210325,35316.05,6528.6,18.4862,0.1
2021-03-09,FINNIFTY,20210310,16296.4,2847.7,17.4744,0.1
2021-03-09,NIFTY,20210325,14969.0,1927.1,12.8739,0.07
2021-03-10,BANKNIFTY,20210325,35932.95,6631.4,18.4549,0.1
2021-03-10,FINNIFTY,20210310,16659.3,2912.1,17.4803,0.1
2021-03-10,NIFTY,20210325,15134.75,1943.4,12.8406,0.07
2021-03-12,BANKNIFTY,20210325,36007.75,6628.9,18.4096,0.1
2021-03-12,FINNIFTY,20210318,16802.2,2911.7,17.3293,0.1
2021-03-12,NIFTY,20210325,15209.3,1948.5,12.8112,0.07
2021-03-15,BANKNIFTY,20210325,35522.1,6536.4,18.4009,0.1
2021-03-15,FINNIFTY,20210318,16525.45,2875.3,17.3992,0.1
2021-03-15,NIFTY,20210325,15051.4,1928.0,12.8094,0.07
2021-03-16,BANKNIFTY,20210325,35304.7,6464.5,18.3106,0.1
2021-03-16,FINNIFTY,20210318,16344.15,2833.8,17.3383,0.1
2021-03-16,NIFTY,20210325,14968.75,1910.4,12.7626,0.07
2021-03-17,BANKNIFTY,20210325,34923.4,6382.7,18.2763,0.1
2021-03-17,FINNIFTY,20210318,16241.45,2804.7,17.2688,0.1
2021-03-17,NIFTY,20210325,14959.7,1903.3,12.7228,0.07
2021-03-18,BANKNIFTY,20210325,34360.65,6271.1,18.2508,0.1
2021-03-18,FINNIFTY,20210318,15999.35,2767.6,17.2982,0.1
2021-03-18,NIFTY,20210325,14771.3,1877.9,12.7132,0.07
2021-03-19,BANKNIFTY,20210325,33888.25,6193.9,18.2774,0.1
2021-03-19,FINNIFTY,20210325,15874.9,2739.6,17.2574,0.1
2021-03-19,NIFTY,20210325,14577.05,1855.7,12.7303,0.07
2021-03-22,BANKNIFTY,20210325,34205.6,6236.0,18.2309,0.1
2021-03-22,FINNIFTY,20210325,16006.7,2757.6,17.2278,0.1
2021-03-22,NIFTY,20210325,14756.45,1878.1,12.7273,0.07
2021-03-23,BANKNIFTY,20210325,33685.2,6126.6,18.1878,0.1
2021-03-23,FINNIFTY,20210325,15829.5,2721.8,17.1945,0.1
2021-03-23,NIFTY,20210325,14741.6,1872.6,12.7028,0.07
2021-03-24,BANKNIFTY,20210325,34244.05,6226.5,18.1827,0.1
2021-03-24,FINNIFTY,20210325,15979.15,2740.6,17.1511,0.1
2021-03-24,NIFTY,20210325,14832.9,1878.6,12.6651,0.07
2021-03-25,BANKNIFTY,20210325,33358.3,6071.5,18.2009,0.1
2021-03-25,FINNIFTY,20210325,15637.95,2682.9,17.1563,0.1
2021-03-25,NIFTY,20210325,14555.3,1847.5,12.693,0.07
2021-03-26,BANKNIFTY,20210429,33310.4,6006.0,18.0304,0.1
2021-03-26,FINNIFTY,20210401,15581.0,2654.4,17.0361,0.1
2021-03-26,NIFTY,20210429,14435.55,1819.0,12.6008,0.07
2021-03-30,BANKNIFTY,20210429,33584.7,6049.4,18.0124,0.1
2021-03-30,FINNIFTY,20210401,15787.05,2692.5,17.0551,0.1
2021-03-30,NIFTY,20210429,14608.5,1840.2,12.5968,0.07
2021-03-31,BANKNIFTY,20210429,34046.8,6141.5,18.0384,0.1
2021-03-31,FINNIFTY,20210401,16003.15,2745.3,17.1547,0.1
2021-03-31,NIFTY,20210429,14913.55,1887.7,12.6576,0.07
2021-04-01,BANKNIFTY,20210429,33478.45,6032.1,18.0179,0.1
2021-04-01,FINNIFTY,20210401,15737.2,2689.4,17.0894,0.1
2021-04-01,NIFTY,20210429,14752.3,1865.5,12.6455,0.07
2021-04-05,BANKNIFTY,20210429,34155.2,6130.9,17.9501,0.1
2021-04-05,FINNIFTY,20210408,15929.35,2720.4,17.0779,0.1
2021-04-05,NIFTY,20210429,14953.35,1887.2,12.6206,0.07
2021-04-06,BANKNIFTY,20210429,32817.15,5953.7,18.142,0.1
2021-04-06,FINNIFTY,20210408,15407.85,2647.0,17.1796,0.1
2021-04-06,NIFTY,20210429,14698.45,1859.4,12.6503,0.07
2021-04-07,BANKNIFTY,20210429,32691.55,5906.9,18.0686,0.1
2021-04-07,FINNIFTY,20210408,15425.7,2640.7,17.1188,0.1
2021-04-07,NIFTY,20210429,14751.45,1861.3,12.6177,0.07
2021-04-08,BANKNIFTY,20210429,33151.4,5987.1,18.0599,0.1
2021-04-08,FINNIFTY,20210408,15571.95,2667.9,17.1327,0.1
2021-04-08,NIFTY,20210429,14888.0,1875.2,12.5954,0.07
2021-04-09,BANKNIFTY,20210429,32945.7,5936.2,18.0181,0.1
2021-04-09,FINNIFTY,20210415,15580.4,2652.7,17.0259,0.1
2021-04-09,NIFTY,20210429,14924.4,1877.5,12.5801,0.07
2021-04-12,BANKNIFTY,20210429,32617.55,5864.1,17.9784,0.1
2021-04-12,FINNIFTY,20210415,15438.9,2628.0,17.0219,0.1
2021-04-12,NIFTY,20210429,14889.4,1868.0,12.5458,0.07
2021-04-13,BANKNIFTY,20210429,30869.25,5642.7,18.2794,0.1
2021-04-13,FINNIFTY,20210415,14708.75,2539.1,17.2625,0.1
2021-04-13,NIFTY,20210429,14343.25,1826.1,12.7314,0.07
2021-04-15,BANKNIFTY,20210429,31865.6,5839.2,18.3245,0.1
2021-04-15,FINNIFTY,20210415,15213.1,2636.5,17.3305,0.1
2021-04-15,NIFTY,20210429,14541.15,1850.2,12.7239,0.07
2021-04-16,BANKNIFTY,20210429,32206.95,5891.9,18.2939,0.1
2021-04-16,FINNIFTY,20210422,15375.05,2662.0,17.3138,0.1
2021-04-16,NIFTY,20210429,14592.0,1855.5,12.7159,0.07
2021-04-19,BANKNIFTY,20210429,32075.65,5852.9,18.2472,0.1
2021-04-19,FINNIFTY,20210422,15384.75,2651.5,17.2346,0.1
2021-04-19,NIFTY,20210429,14645.7,1855.6,12.6699,0.07
2021-04-20,BANKNIFTY,20210429,31239.7,5719.1,18.3072,0.1
2021-04-20,FINNIFTY,20210422,15001.45,2592.7,17.283,0.1
2021-04-20,NIFTY,20210429,14374.15,1825.3,12.6985,0.07
2021-04-22,BANKNIFTY,20210429,31120.55,5687.7,18.2763,0.1
2021-04-22,FINNIFTY,20210422,14901.35,2572.2,17.2615,0.1
2021-04-22,NIFTY,20210429,14296.2,1813.5,12.6852,0.07
2021-04-23,BANKNIFTY,20210429,31762.85,5808.8,18.288,0.1
2021-04-23,FINNIFTY,20210429,15232.55,2626.2,17.2407,0.1
2021-04-23,NIFTY,20210429,14403.6,1824.2,12.6649,0.07
2021-04-26,BANKNIFTY,20210429,31709.6,5782.2,18.2349,0.1
2021-04-26,FINNIFTY,20210429,15237.8,2619.2,17.1888,0.1
2021-04-26,NIFTY,20210429,14338.6,1811.6,12.6344,0.07
2021-04-27,BANKNIFTY,20210429,32302.55,5880.1,18.2032,0.1
2021-04-27,FINNIFTY,20210429,15450.75,2649.9,17.1506,0.1
2021-04-27,NIFTY,20210429,14486.2,1827.1,12.6127,0.07
2021-04-28,BANKNIFTY,20210429,32741.95,5955.3,18.1886,0.1
2021-04-28,FINNIFTY,20210429,15597.1,2670.6,17.1224,0.1
2021-04-28,NIFTY,20210429,14644.7,1846.4,12.608,0.07
2021-04-29,BANKNIFTY,20210429,33696.2,6146.9,18.2421,0.1
2021-04-29,FINNIFTY,20210429,16038.95,2754.1,17.1713,0.1
2021-04-29,NIFTY,20210429,14855.3,1873.0,12.6083,0.07
2021-04-30,BANKNIFTY,20210527,33807.25,6128.9,18.129,0.1
2021-04-30,FINNIFTY,20210506,16039.75,2749.0,17.1387,0.1
2021-04-30,NIFTY,20210527,14932.25,1872.2,12.538,0.07
2021-05-03,BANKNIFTY,20210527,32893.55,5969.5,18.1479,0.1
2021-05-03,FINNIFTY,20210506,15635.2,2671.8,17.0884,0.1
2021-05-03,NIFTY,20210527,14690.8,1839.7,12.5228,0.07
2021-05-04,BANKNIFTY,20210527,32655.85,5899.0,18.0641,0.1
2021-05-04,FINNIFTY,20210506,15643.55,2659.6,17.0013,0.1
2021-05-04,NIFTY,20210527,14685.8,1835.5,12.4985,0.07
2021-05-05,BANKNIFTY,20210527,32422.55,5850.6,18.0448,0.1
2021-05-05,FINNIFTY,20210506,15472.65,2632.9,17.0165,0.1
2021-05-05,NIFTY,20210527,14549.3,1815.7,12.4796,0.07
2021-05-06,BANKNIFTY,20210527,32973.65,5937.8,18.0077,0.1
2021-05-06,FINNIFTY,20210506,15664.25,2655.3,16.9513,0.1
2021-05-06,NIFTY,20210527,14679.1,1827.7,12.451,0.07
2021-05-07,BANKNIFTY,20210527,32953.75,5931.2,17.9986,0.1
2021-05-07,FINNIFTY,20210512,15694.0,2665.1,16.9816,0.1
2021-05-07,NIFTY,20210527,14769.95,1837.8,12.4428,0.07
2021-05-10,BANKNIFTY,20210527,33038.4,5930.5,17.9503,0.1
2021-05-10,FINNIFTY,20210512,15783.3,2679.3,16.9755,0.1
2021-05-10,NIFTY,20210527,14869.55,1846.1,12.4153,0.07
2021-05-11,BANKNIFTY,20210527,33302.65,5960.1,17.8968,0.1
2021-05-11,FINNIFTY,20210512,15937.7,2696.4,16.9184,0.1
2021-05-11,NIFTY,20210527,14984.65,1857.6,12.3967,0.07
2021-05-12,BANKNIFTY,20210527,32952.5,5899.9,17.9043,0.1
2021-05-12,FINNIFTY,20210512,15695.7,2658.1,16.9352,0.1
2021-05-12,NIFTY,20210527,14878.25,1842.3,12.3825,0.07
2021-05-14,BANKNIFTY,20210527,32520.3,5815.8,17.8836,0.1
2021-05-14,FINNIFTY,20210520,15538.65,2622.1,16.8747,0.1
2021-05-14,NIFTY,20210527,14710.05,1821.8,12.3847,0.07
2021-05-17,BANKNIFTY,20210527,32265.2,5752.3,17.8282,0.1
2021-05-17,FINNIFTY,20210520,15444.5,2599.9,16.8338,0.09
2021-05-17,NIFTY,20210527,14714.95,1814.9,12.3337,0.07
2021-05-18,BANKNIFTY,20210527,33548.85,6020.1,17.9443,0.1
2021-05-18,FINNIFTY,20210520,15923.2,2692.2,16.9074,0.1
2021-05-18,NIFTY,20210527,14952.1,1845.9,12.3454,0.07
2021-05-19,BANKNIFTY,20210527,34045.2,6095.9,17.9053,0.1
2021-05-19,FINNIFTY,20210520,16169.05,2729.1,16.8785,0.1
2021-05-19,NIFTY,20210527,15144.85,1868.1,12.3349,0.07
2021-05-20,BANKNIFTY,20210527,33800.75,6039.8,17.8688,0.1
2021-05-20,FINNIFTY,20210520,16006.45,2697.3,16.8513,0.1
2021-05-20,NIFTY,20210527,15059.45,1854.5,12.3145,0.07
2021-05-21,BANKNIFTY,20210527,33445.7,5965.1,17.8352,0.1
2021-05-21,FINNIFTY,20210527,15882.75,2667.2,16.7931,0.09
2021-05-21,NIFTY,20210527,14933.25,1835.9,12.294,0.07
2021-05-24,BANKNIFTY,20210527,34763.15,6229.6,17.9201,0.1
2021-05-24,FINNIFTY,20210527,16395.95,2763.6,16.8554,0.1
2021-05-24,NIFTY,20210527,15206.2,1871.7,12.3088,0.07
2021-05-25,BANKNIFTY,20210527,34998.1,6276.3,17.9333,0.1
2021-05-25,FINNIFTY,20210527,16463.2,2774.7,16.854,0.09
2021-05-25,NIFTY,20210527,15202.65,1869.8,12.2992,0.07
2021-05-26,BANKNIFTY,20210527,34758.05,6211.8,17.8715,0.1
2021-05-26,FINNIFTY,20210527,16363.85,2748.5,16.7962,0.09
2021-05-26,NIFTY,20210527,15218.0,1866.4,12.2644,0.07
2021-05-27,BANKNIFTY,20210527,34723.95,6200.4,17.8563,0.1
2021-05-27,FINNIFTY,20210527,16431.05,2756.3,16.7749,0.09
2021-05-27,NIFTY,20210527,15303.0,1873.7,12.244,0.07
2021-05-28,BANKNIFTY,20210624,35308.65,6263.0,17.7379,0.1
2021-05-28,FINNIFTY,20210603,16450.35,2754.1,16.7419,0.09
2021-05-28,NIFTY,20210624,15387.15,1874.1,12.1796,0.07
2021-05-31,BANKNIFTY,20210624,35321.8,6255.6,17.7103,0.1
2021-05-31,FINNIFTY,20210603,16532.4,2756.2,16.6715,0.09
2021-05-31,NIFTY,20210624,15463.85,1881.9,12.1697,0.07
2021-06-01,BANKNIFTY,20210624,35602.9,6310.0,17.7233,0.1
2021-06-01,FINNIFTY,20210603,16657.35,2779.1,16.6839,0.09
2021-06-01,NIFTY,20210624,15583.2,1896.4,12.1695,0.07
2021-06-02,BANKNIFTY,20210624,35454.1,6260.7,17.6586,0.1
2021-06-02,FINNIFTY,20210603,16666.8,2769.5,16.6169,0.09
2021-06-02,NIFTY,20210624,15618.15,1890.6,12.1051,0.07
2021-06-03,BANKNIFTY,20210624,35524.25,6253.0,17.6021,0.1
2021-06-03,FINNIFTY,20210603,16627.45,2758.8,16.5918,0.09
2021-06-03,NIFTY,20210624,15616.75,1885.9,12.0761,0.07
2021-06-04,BANKNIFTY,20210624,35781.95,6287.4,17.5714,0.1
2021-06-04,FINNIFTY,20210610,16817.0,2779.3,16.5267,0.09
2021-06-04,NIFTY,20210624,15712.4,1896.2,12.0682,0.07
2021-06-07,BANKNIFTY,20210624,35508.5,6210.3,17.4896,0.1
2021-06-07,FINNIFTY,20210610,16806.75,2766.5,16.4606,0.09
2021-06-07,NIFTY,20210624,15700.85,1888.9,12.0306,0.07
2021-06-08,BANKNIFTY,20210624,35622.2,6222.8,17.4689,0.1
2021-06-08,FINNIFTY,20210610,16741.15,2753.0,16.4445,0.09
2021-06-08,NIFTY,20210624,15784.85,1894.5,12.002,0.07
2021-06-09,BANKNIFTY,20210624,35265.3,6147.5,17.4322,0.1
2021-06-09,FINNIFTY,20210610,16607.9,2726.2,16.4151,0.09
2021-06-09,NIFTY,20210624,15768.6,1888.3,11.9751,0.07
2021-06-10,BANKNIFTY,20210624,34929.35,6085.2,17.4215,0.1
2021-06-10,FINNIFTY,20210610,16468.4,2702.5,16.4102,0.09
2021-06-10,NIFTY,20210624,15660.25,1872.2,11.9551,0.07
2021-06-11,BANKNIFTY,20210624,35266.35,6132.1,17.388,0.1
2021-06-11,FINNIFTY,20210617,16678.9,2730.9,16.3734,0.09
2021-06-11,NIFTY,20210624,15751.25,1880.3,11.9375,0.07
2021-06-14,BANKNIFTY,20210624,35169.35,6101.9,17.3501,0.1
2021-06-14,FINNIFTY,20210617,16694.9,2719.7,16.2906,0.09
2021-06-14,NIFTY,20210624,15817.3,1883.4,11.9072,0.07
2021-06-15,BANKNIFTY,20210624,35065.1,6069.5,17.3092,0.1
2021-06-15,FINNIFTY,20210617,16631.05,2703.6,16.2563,0.09
2021-06-15,NIFTY,20210624,15832.65,1880.7,11.8786,0.07
2021-06-16,BANKNIFTY,20210624,35330.4,6108.6,17.2899,0.1
2021-06-16,FINNIFTY,20210617,16687.1,2712.4,16.2545,0.09
2021-06-16,NIFTY,20210624,15879.0,1882.6,11.8559,0.07
2021-06-17,BANKNIFTY,20210624,35101.35,6052.3,17.2424,0.1
2021-06-17,FINNIFTY,20210617,16594.35,2690.3,16.2121,0.09
2021-06-17,NIFTY,20210624,15790.2,1867.0,11.8238,0.07
2021-06-18,BANKNIFTY,20210624,34682.2,5974.2,17.2256,0.1
2021-06-18,FINNIFTY,20210624,16438.25,2658.0,16.1696,0.09
2021-06-18,NIFTY,20210624,15692.15,1853.9,11.8142,0.07
2021-06-21,BANKNIFTY,20210624,34596.75,5950.7,17.2002,0.1
2021-06-21,FINNIFTY,20210624,16437.75,2653.0,16.1397,0.09
2021-06-21,NIFTY,20210624,15696.7,1848.7,11.7776,0.07
2021-06-22,BANKNIFTY,20210624,34911.1,5992.3,17.1645,0.1
2021-06-22,FINNIFTY,20210624,16547.15,2665.8,16.1103,0.09
2021-06-22,NIFTY,20210624,15743.8,1851.3,11.7589,0.07
2021-06-23,BANKNIFTY,20210624,34775.8,5956.7,17.1289,0.1
2021-06-23,FINNIFTY,20210624,16508.85,2655.1,16.0829,0.09
2021-06-23,NIFTY,20210624,15773.25,1850.2,11.73,0.07
2021-06-24,BANKNIFTY,20210624,34611.9,5913.5,17.0852,0.1
2021-06-24,FINNIFTY,20210624,16452.15,2636.6,16.0259,0.09
2021-06-24,NIFTY,20210624,15695.9,1835.9,11.6967,0.07
2021-06-25,BANKNIFTY,20210729,35001.45,5944.4,16.9833,0.1
2021-06-25,FINNIFTY,20210701,16549.95,2644.4,15.9783,0.09
2021-06-25,NIFTY,20210729,15832.45,1844.5,11.6501,0.07
2021-06-28,BANKNIFTY,20210729,35488.65,6028.3,16.9866,0.1
2021-06-28,FINNIFTY,20210701,16732.45,2673.1,15.9755,0.09
2021-06-28,NIFTY,20210729,15888.0,1847.7,11.6295,0.07
2021-06-29,BANKNIFTY,20210729,35516.15,6011.7,16.9267,0.1
2021-06-29,FINNIFTY,20210701,16685.9,2657.6,15.9272,0.09
2021-06-29,NIFTY,20210729,15854.95,1838.2,11.5939,0.07
2021-06-30,BANKNIFTY,20210729,35186.1,5941.5,16.8859,0.1
2021-06-30,FINNIFTY,20210701,16557.55,2632.3,15.8979,0.09
2021-06-30,NIFTY,20210729,15785.6,1826.3,11.5694,0.07
2021-07-01,BANKNIFTY,20210729,34937.55,5887.2,16.8506,0.1
2021-07-01,FINNIFTY,20210701,16467.45,2610.3,15.8513,0.09
2021-07-01,NIFTY,20210729,15752.15,1819.0,11.5476,0.07
2021-07-02,BANKNIFTY,20210729,34853.05,5858.4,16.8089,0.1
2021-07-02,FINNIFTY,20210708,16388.35,2593.8,15.8271,0.09
2021-07-02,NIFTY,20210729,15710.6,1810.0,11.5209,0.06
2021-07-05,BANKNIFTY,20210729,34951.65,5864.2,16.778,0.09
2021-07-05,FINNIFTY,20210708,16389.0,2597.0,15.846,0.09
2021-07-05,NIFTY,20210729,15741.55,1810.0,11.4982,0.06
2021-07-06,BANKNIFTY,20210729,35336.9,5922.6,16.7604,0.09
2021-07-06,FINNIFTY,20210708,16624.95,2619.8,15.7582,0.09
2021-07-06,NIFTY,20210729,15858.1,1820.1,11.4774,0.06
2021-07-07,BANKNIFTY,20210729,35677.4,5973.3,16.7425,0.09
2021-07-07,FINNIFTY,20210708,16761.7,2640.0,15.7502,0.09
2021-07-07,NIFTY,20210729,15837.45,1813.3,11.4494,0.06
2021-07-08,BANKNIFTY,20210729,35865.6,5991.2,16.7046,0.09
2021-07-08,FINNIFTY,20210708,16865.1,2650.1,15.7135,0.09
2021-07-08,NIFTY,20210729,15886.4,1816.1,11.4318,0.06
2021-07-09,BANKNIFTY,20210729,35411.0,5898.5,16.6573,0.09
2021-07-09,FINNIFTY,20210715,16680.8,2613.5,15.6677,0.09
2021-07-09,NIFTY,20210729,15735.4,1796.7,11.4182,0.06
2021-07-12,BANKNIFTY,20210729,35270.35,5850.7,16.5882,0.09
2021-07-12,FINNIFTY,20210715,16600.0,2595.2,15.6337,0.09
2021-07-12,NIFTY,20210729,15722.45,1787.5,11.3691,0.06
2021-07-13,BANKNIFTY,20210729,35311.55,5857.8,16.5889,0.09
2021-07-13,FINNIFTY,20210715,16570.8,2591.0,15.6359,0.09
2021-07-13,NIFTY,20210729,15711.95,1783.6,11.3519,0.06
2021-07-14,BANKNIFTY,20210729,35761.65,5927.3,16.5745,0.09
2021-07-14,FINNIFTY,20210715,16848.6,2626.4,15.5882,0.09
2021-07-14,NIFTY,20210729,15833.8,1794.4,11.3327,0.06
2021-07-15,BANKNIFTY,20210729,35755.6,5912.2,16.535,0.09
2021-07-15,FINNIFTY,20210715,16822.7,2615.2,15.5457,0.09
2021-07-15,NIFTY,20210729,15869.05,1794.2,11.3063,0.06
2021-07-16,BANKNIFTY,20210729,35988.25,5939.1,16.5029,0.09
2021-07-16,FINNIFTY,20210722,16938.15,2625.2,15.4987,0.09
2021-07-16,NIFTY,20210729,15937.3,1798.6,11.2855,0.06
2021-07-19,BANKNIFTY,20210729,35856.5,5899.0,16.4517,0.09
2021-07-19,FINNIFTY,20210722,17168.0,2612.7,15.2184,0.09
2021-07-19,NIFTY,20210729,15936.0,1793.6,11.255,0.06
2021-07-20,BANKNIFTY,20210729,35170.75,5788.0,16.4569,0.09
2021-07-20,FINNIFTY,20210722,16617.35,2563.3,15.4254,0.09
2021-07-20,NIFTY,20210729,15752.4,1773.6,11.2592,0.06
2021-07-22,BANKNIFTY,20210729,34487.1,5678.5,16.4656,0.09
2021-07-22,FINNIFTY,20210722,16250.05,2521.2,15.515,0.09
2021-07-22,NIFTY,20210729,15637.2,1756.6,11.2335,0.06
2021-07-23,BANKNIFTY,20210729,34724.85,5709.4,16.4418,0.09
2021-07-23,FINNIFTY,20210729,16515.25,2549.4,15.4366,0.09
2021-07-23,NIFTY,20210729,15816.9,1777.5,11.238,0.06
2021-07-26,BANKNIFTY,20210729,35040.9,5755.8,16.4259,0.09
2021-07-26,FINNIFTY,20210729,16629.2,2560.8,15.3994,0.09
2021-07-26,NIFTY,20210729,15853.1,1776.8,11.2079,0.06
2021-07-27,BANKNIFTY,20210729,34962.8,5727.9,16.3828,0.09
2021-07-27,FINNIFTY,20210729,16574.75,2549.4,15.3812,0.09
2021-07-27,NIFTY,20210729,15820.45,1769.1,11.1824,0.06
2021-07-28,BANKNIFTY,20210729,34817.85,5690.6,16.3439,0.09
2021-07-28,FINNIFTY,20210729,16518.7,2536.5,15.3553,0.09
2021-07-28,NIFTY,20210729,15734.65,1756.1,11.1607,0.06
2021-07-29,BANKNIFTY,20210729,34559.3,5635.0,16.3053,0.09
2021-07-29,FINNIFTY,20210729,16446.1,2517.7,15.3088,0.09
2021-07-29,NIFTY,20210729,15709.1,1747.8,11.126,0.06
2021-07-30,BANKNIFTY,20210826,34832.7,5647.0,16.2118,0.09
2021-07-30,FINNIFTY,20210805,16525.2,2521.6,15.2591,0.09
2021-07-30,NIFTY,20210826,15806.35,1751.3,11.0797,0.06
2021-08-02,BANKNIFTY,20210826,34673.15,5615.8,16.1964,0.09
2021-08-02,FINNIFTY,20210805,16478.55,2508.9,15.2252,0.09
2021-08-02,NIFTY,20210826,15777.25,1745.4,11.0628,0.06
2021-08-03,BANKNIFTY,20210826,34825.85,5623.8,16.1483,0.09
2021-08-03,FINNIFTY,20210805,16476.5,2513.8,15.2569,0.09
2021-08-03,NIFTY,20210826,15909.0,1756.8,11.0428,0.06
2021-08-04,BANKNIFTY,20210826,35296.7,5696.6,16.1392,0.09
2021-08-04,FINNIFTY,20210805,16934.95,2556.9,15.0984,0.09
2021-08-04,NIFTY,20210826,16146.5,1784.7,11.0532,0.06
2021-08-05,BANKNIFTY,20210826,36094.35,5835.8,16.1682,0.09
2021-08-05,FINNIFTY,20210805,17275.2,2625.3,15.1969,0.09
2021-08-05,NIFTY,20210826,16260.8,1796.0,11.045,0.06
2021-08-06,BANKNIFTY,20210826,35954.1,5790.2,16.1044,0.09
2021-08-06,FINNIFTY,20210812,17205.35,2610.1,15.1703,0.09
2021-08-06,NIFTY,20210826,16300.65,1795.6,11.0155,0.06
2021-08-09,BANKNIFTY,20210826,35941.05,5771.7,16.0588,0.09
2021-08-09,FINNIFTY,20210812,17146.45,2594.6,15.132,0.09
2021-08-09,NIFTY,20210826,16251.7,1785.0,10.9835,0.06
2021-08-10,BANKNIFTY,20210826,36128.6,5792.7,16.0336,0.09
2021-08-10,FINNIFTY,20210812,17304.5,2598.5,15.0163,0.09
2021-08-10,NIFTY,20210826,16262.95,1782.9,10.963,0.06
2021-08-11,BANKNIFTY,20210826,36135.1,5779.2,15.9933,0.09
2021-08-11,FINNIFTY,20210812,17214.05,2599.5,15.101,0.08
2021-08-11,NIFTY,20210826,16276.95,1781.0,10.9419,0.06
2021-08-12,BANKNIFTY,20210826,35917.2,5729.9,15.9531,0.09
2021-08-12,FINNIFTY,20210812,17035.0,2578.1,15.1341,0.08
2021-08-12,NIFTY,20210826,16283.35,1776.9,10.9124,0.06
2021-08-13,BANKNIFTY,20210826,36063.8,5738.1,15.911,0.09
2021-08-13,FINNIFTY,20210818,17243.85,2584.8,14.9897,0.08
2021-08-13,NIFTY,20210826,16358.6,1781.5,10.8903,0.06
2021-08-16,BANKNIFTY,20210826,36211.75,5760.7,15.9084,0.09
2021-08-16,FINNIFTY,20210818,17366.05,2596.9,14.9539,0.08
2021-08-16,NIFTY,20210826,16517.35,1797.9,10.8849,0.06
2021-08-17,BANKNIFTY,20210826,36140.25,5734.3,15.8668,0.09
2021-08-17,FINNIFTY,20210818,17360.15,2601.4,14.9849,0.08
2021-08-17,NIFTY,20210826,16559.45,1797.2,10.853,0.06
2021-08-18,BANKNIFTY,20210826,35937.85,5685.5,15.8204,0.09
2021-08-18,FINNIFTY,20210818,17365.65,2587.0,14.8972,0.08
2021-08-18,NIFTY,20210826,16595.85,1798.4,10.8364,0.06
2021-08-20,BANKNIFTY,20210826,35601.3,5624.9,15.7997,0.09
2021-08-20,FINNIFTY,20210826,17297.7,2567.0,14.8401,0.08
2021-08-20,NIFTY,20210826,16572.3,1789.0,10.7951,0.06
2021-08-23,BANKNIFTY,20210826,35062.95,5537.8,15.7939,0.09
2021-08-23,FINNIFTY,20210826,17139.6,2544.5,14.8457,0.08
2021-08-23,NIFTY,20210826,16433.7,1773.3,10.7906,0.06
2021-08-24,BANKNIFTY,20210826,35159.2,5539.7,15.756,0.09
2021-08-24,FINNIFTY,20210826,17234.05,2548.5,14.7876,0.08
2021-08-24,NIFTY,20210826,16494.25,1774.6,10.7589,0.06
2021-08-25,BANKNIFTY,20210826,35719.35,5627.6,15.755,0.09
2021-08-25,FINNIFTY,20210826,17458.3,2581.0,14.7838,0.08
2021-08-25,NIFTY,20210826,16620.25,1785.4,10.7423,0.06
2021-08-26,BANKNIFTY,20210826,35617.65,5593.5,15.7043,0.09
2021-08-26,FINNIFTY,20210826,17394.3,2566.3,14.7537,0.08
2021-08-26,NIFTY,20210826,16632.35,1782.1,10.7147,0.06
2021-08-27,BANKNIFTY,20210930,35738.25,5585.8,15.6298,0.09
2021-08-27,FINNIFTY,20210902,17479.95,2565.7,14.678,0.08
2021-08-27,NIFTY,20210930,16647.65,1777.9,10.6796,0.06
2021-08-30,BANKNIFTY,20210930,35725.5,5573.2,15.6001,0.09
2021-08-30,FINNIFTY,20210902,17455.0,2571.0,14.7293,0.08
2021-08-30,NIFTY,20210930,16718.15,1781.5,10.6561,0.06
2021-08-31,BANKNIFTY,20210930,36478.85,5689.0,15.5953,0.09
2021-08-31,FINNIFTY,20210902,17893.0,2620.1,14.6432,0.08
2021-08-31,NIFTY,20210930,16942.4,1805.5,10.6567,0.06
2021-09-01,BANKNIFTY,20210930,36513.5,5686.5,15.5737,0.09
2021-09-01,FINNIFTY,20210902,18072.6,2649.4,14.6598,0.08
2021-09-01,NIFTY,20210930,17122.25,1826.2,10.6657,0.06
2021-09-02,BANKNIFTY,20210930,36699.0,5696.9,15.5233,0.09
2021-09-02,FINNIFTY,20210902,17983.5,2637.9,14.6684,0.08
2021-09-02,NIFTY,20210930,17096.95,1815.7,10.62,0.06
2021-09-03,BANKNIFTY,20210930,36969.25,5725.4,15.4869,0.09
2021-09-03,FINNIFTY,20210909,18194.55,2653.6,14.5846,0.08
2021-09-03,NIFTY,20210930,17247.25,1830.2,10.6115,0.06
2021-09-06,BANKNIFTY,20210930,36899.75,5699.8,15.4467,0.09
2021-09-06,FINNIFTY,20210909,18141.45,2639.7,14.5507,0.08
2021-09-06,NIFTY,20210930,17329.35,1835.1,10.5895,0.06
2021-09-07,BANKNIFTY,20210930,36757.15,5660.7,15.4003,0.09
2021-09-07,FINNIFTY,20210909,18082.65,2625.5,14.5194,0.08
2021-09-07,NIFTY,20210930,17404.65,1837.0,10.5547,0.06
2021-09-08,BANKNIFTY,20210930,36585.95,5628.6,15.3846,0.09
2021-09-08,FINNIFTY,20210909,18107.6,2622.9,14.4851,0.08
2021-09-08,NIFTY,20210930,17375.8,1830.7,10.5359,0.06
2021-09-09,BANKNIFTY,20210930,36881.7,5663.4,15.3556,0.09
2021-09-09,FINNIFTY,20210909,18099.25,2632.3,14.5437,0.08
2021-09-09,NIFTY,20210930,17370.9,1825.2,10.5072,0.06
2021-09-13,BANKNIFTY,20210930,36772.55,5635.6,15.3256,0.09
2021-09-13,FINNIFTY,20210916,18173.3,2619.0,14.4113,0.08
2021-09-13,NIFTY,20210930,17364.3,1822.2,10.4939,0.06
2021-09-14,BANKNIFTY,20210930,36576.55,5590.2,15.2836,0.09
2021-09-14,FINNIFTY,20210916,18190.0,2607.7,14.3359,0.08
2021-09-14,NIFTY,20210930,17359.3,1816.9,10.4664,0.06
2021-09-15,BANKNIFTY,20210930,36714.45,5598.8,15.2496,0.09
2021-09-15,FINNIFTY,20210916,18107.5,2598.0,14.3476,0.08
2021-09-15,NIFTY,20210930,17384.95,1814.8,10.4389,0.06
2021-09-16,BANKNIFTY,20210930,36968.25,5623.9,15.2128,0.09
2021-09-16,FINNIFTY,20210916,18160.1,2599.3,14.3132,0.08
2021-09-16,NIFTY,20210930,17535.45,1827.0,10.4189,0.06
2021-09-17,BANKNIFTY,20210930,37780.2,5755.2,15.2334,0.09
2021-09-17,FINNIFTY,20210923,18369.6,2623.7,14.2828,0.08
2021-09-17,NIFTY,20210930,17611.25,1834.6,10.4172,0.06
2021-09-20,BANKNIFTY,20210930,37850.05,5762.0,15.2232,0.09
2021-09-20,FINNIFTY,20210923,18514.45,2635.0,14.2321,0.08
2021-09-20,NIFTY,20210930,17603.15,1825.3,10.3692,0.06
2021-09-21,BANKNIFTY,20210930,37224.25,5658.8,15.2019,0.09
2021-09-21,FINNIFTY,20210923,18170.0,2591.7,14.2636,0.08
2021-09-21,NIFTY,20210930,17386.65,1805.8,10.3861,0.06
2021-09-22,BANKNIFTY,20210930,37370.5,5659.3,15.1438,0.09
2021-09-22,FINNIFTY,20210923,18348.0,2604.8,14.1966,0.08
2021-09-22,NIFTY,20210930,17559.3,1821.3,10.3723,0.06
2021-09-23,BANKNIFTY,20210930,37100.3,5603.6,15.1039,0.09
2021-09-23,FINNIFTY,20210923,18153.95,2577.5,14.198,0.08
2021-09-23,NIFTY,20210930,17568.5,1815.1,10.3316,0.06
2021-09-24,BANKNIFTY,20210930,37861.05,5732.4,15.1406,0.09
2021-09-24,FINNIFTY,20210930,18618.85,2642.9,14.1948,0.08
2021-09-24,NIFTY,20210930,17833.1,1846.0,10.3515,0.06
2021-09-27,BANKNIFTY,20210930,37854.3,5727.8,15.1312,0.09
2021-09-27,FINNIFTY,20210930,18649.9,2645.4,14.1845,0.08
2021-09-27,NIFTY,20210930,17853.6,1844.4,10.3307,0.06
2021-09-28,BANKNIFTY,20210930,38224.8,5769.3,15.0931,0.09
2021-09-28,FINNIFTY,20210930,18716.1,2649.6,14.1568,0.08
2021-09-28,NIFTY,20210930,17856.75,1839.8,10.3031,0.06
2021-09-29,BANKNIFTY,20210930,38044.15,5721.6,15.0394,0.08
2021-09-29,FINNIFTY,20210930,18548.55,2620.3,14.1267,0.08
2021-09-29,NIFTY,20210930,17748.2,1825.7,10.2867,0.06
2021-09-30,BANKNIFTY,20210930,37878.5,5677.7,14.9892,0.08
2021-09-30,FINNIFTY,20210930,18412.85,2592.3,14.0788,0.08
2021-09-30,NIFTY,20210930,17708.0,1817.2,10.262,0.06
2021-10-01,BANKNIFTY,20211028,37618.9,5619.9,14.939,0.08
2021-10-01,FINNIFTY,20211007,18316.7,2576.3,14.0653,0.08
2021-10-01,NIFTY,20211028,17623.15,1804.5,10.2394,0.06
2021-10-04,BANKNIFTY,20211028,37356.4,5576.8,14.9286,0.08
2021-10-04,FINNIFTY,20211007,18148.7,2550.5,14.0533,0.08
2021-10-04,NIFTY,20211028,17530.2,1791.8,10.2212,0.06
2021-10-05,BANKNIFTY,20211028,37735.25,5621.5,14.8972,0.08
2021-10-05,FINNIFTY,20211007,18317.95,2571.0,14.0354,0.08
2021-10-05,NIFTY,20211028,17706.25,1807.2,10.2066,0.06
2021-10-06,BANKNIFTY,20211028,37864.2,5632.2,14.8747,0.08
2021-10-06,FINNIFTY,20211007,18370.75,2572.9,14.0054,0.08
2021-10-06,NIFTY,20211028,17829.75,1817.5,10.1936,0.06
2021-10-07,BANKNIFTY,20211028,37624.35,5586.1,14.847,0.08
2021-10-07,FINNIFTY,20211007,18311.0,2558.3,13.9714,0.08
2021-10-07,NIFTY,20211028,17627.2,1798.7,10.2041,0.06
2021-10-08,BANKNIFTY,20211028,37886.3,5608.8,14.8043,0.08
2021-10-08,FINNIFTY,20211014,18349.85,2556.5,13.932,0.08
2021-10-08,NIFTY,20211028,17808.15,1812.6,10.1785,0.06
2021-10-11,BANKNIFTY,20211028,37917.05,5598.7,14.7657,0.08
2021-10-11,FINNIFTY,20211014,18240.0,2541.3,13.9326,0.08
2021-10-11,NIFTY,20211028,17900.1,1819.3,10.1636,0.06
2021-10-12,BANKNIFTY,20211028,38373.45,5667.1,14.7683,0.08
2021-10-12,FINNIFTY,20211014,18759.0,2538.8,13.5338,0.08
2021-10-12,NIFTY,20211028,17973.05,1820.5,10.1291,0.06
2021-10-13,BANKNIFTY,20211028,38588.35,5688.8,14.7423,0.08
2021-10-13,FINNIFTY,20211014,18277.8,2532.3,13.8545,0.08
2021-10-13,NIFTY,20211028,18002.55,1820.4,10.1119,0.06
2021-10-14,BANKNIFTY,20211028,38718.35,5691.9,14.7008,0.08
2021-10-14,FINNIFTY,20211014,18275.95,2526.6,13.8247,0.08
2021-10-14,NIFTY,20211028,18172.75,1836.0,10.103,0.06
2021-10-18,BANKNIFTY,20211028,39402.35,5795.8,14.7093,0.08
2021-10-18,FINNIFTY,20211019,18286.95,2525.8,13.812,0.08
2021-10-18,NIFTY,20211028,18355.0,1852.2,10.091,0.06
2021-10-19,BANKNIFTY,20211028,39782.45,5835.9,14.6695,0.08
2021-10-19,FINNIFTY,20211019,19005.0,2625.0,13.8122,0.08
2021-10-19,NIFTY,20211028,18495.4,1863.7,10.0766,0.06
2021-10-20,BANKNIFTY,20211028,39633.35,5800.6,14.6357,0.08
2021-10-20,FINNIFTY,20211026,19080.05,2622.9,13.7468,0.08
2021-10-20,NIFTY,20211028,18432.45,1853.8,10.0573,0.06
2021-10-21,BANKNIFTY,20211028,39654.9,5783.3,14.5841,0.08
2021-10-21,FINNIFTY,20211026,18969.0,2601.8,13.7161,0.08
2021-10-21,NIFTY,20211028,18316.7,1835.2,10.0193,0.06
2021-10-22,BANKNIFTY,20211028,40105.05,5849.3,14.5849,0.08
2021-10-22,FINNIFTY,20211026,19234.0,2631.8,13.6831,0.08
2021-10-22,NIFTY,20211028,18202.9,1823.1,10.0154,0.06
2021-10-25,BANKNIFTY,20211028,40396.4,5881.5,14.5595,0.08
2021-10-25,FINNIFTY,20211026,19290.0,2641.5,13.6936,0.08
2021-10-25,NIFTY,20211028,18144.55,1811.9,9.9859,0.06
2021-10-26,BANKNIFTY,20211028,41271.9,6015.5,14.5753,0.08
2021-10-26,FINNIFTY,20211026,19601.35,2676.6,13.6552,0.08
2021-10-26,NIFTY,20211028,18145.45,1808.9,9.9689,0.06
2021-10-27,BANKNIFTY,20211028,41360.45,6007.6,14.525,0.08
2021-10-27,FINNIFTY,20211102,19664.9,2682.1,13.639,0.08
2021-10-27,NIFTY,20211028,18314.15,1821.6,9.9464,0.06
2021-10-28,BANKNIFTY,20211028,40959.95,5945.5,14.5154,0.08
2021-10-28,FINNIFTY,20211102,19516.5,2656.9,13.6136,0.08
2021-10-28,NIFTY,20211028,18215.25,1811.8,9.9466,0.06
2021-10-29,BANKNIFTY,20211125,39696.15,5789.0,14.5833,0.08
2021-10-29,FINNIFTY,20211102,18997.05,2617.7,13.7795,0.08
2021-10-29,NIFTY,20211125,17913.1,1783.0,9.9536,0.06
2021-11-01,BANKNIFTY,20211125,39314.45,5722.7,14.5562,0.08
2021-11-01,FINNIFTY,20211102,18800.4,2588.3,13.7673,0.08
2021-11-01,NIFTY,20211125,17715.3,1764.4,9.9598,0.06
2021-11-02,BANKNIFTY,20211125,40028.1,5817.5,14.5335,0.08
2021-11-02,FINNIFTY,20211102,18930.0,2619.9,13.8399,0.08
2021-11-02,NIFTY,20211125,18008.45,1794.2,9.9631,0.06
2021-11-03,BANKNIFTY,20211125,40081.55,5828.8,14.5424,0.08
2021-11-03,FINNIFTY,20211109,19088.25,2623.8,13.7456,0.08
2021-11-03,NIFTY,20211125,17916.25,1786.9,9.9736,0.06
2021-11-04,BANKNIFTY,20211125,39496.6,5747.1,14.5509,0.08
2021-11-04,FINNIFTY,20211109,18941.55,2602.2,13.7381,0.08
2021-11-04,NIFTY,20211125,17847.15,1777.0,9.9568,0.06
2021-11-08,BANKNIFTY,20211125,39632.65,5758.0,14.5284,0.08
2021-11-08,FINNIFTY,20211109,19164.45,2605.1,13.5934,0.08
2021-11-08,NIFTY,20211125,17916.7,1781.7,9.9444,0.06
2021-11-09,BANKNIFTY,20211125,39652.5,5724.3,14.4362,0.08
2021-11-09,FINNIFTY,20211109,19156.05,2636.4,13.7628,0.08
2021-11-09,NIFTY,20211125,18122.75,1796.0,9.9102,0.06
2021-11-10,BANKNIFTY,20211125,39544.6,5700.2,14.4146,0.08
2021-11-10,FINNIFTY,20211116,19098.7,2615.9,13.6967,0.08
2021-11-10,NIFTY,20211125,18070.4,1789.6,9.9035,0.06
2021-11-11,BANKNIFTY,20211125,39120.6,5641.5,14.4208,0.08
2021-11-11,FINNIFTY,20211116,19021.7,2598.9,13.6628,0.08
2021-11-11,NIFTY,20211125,18022.95,1782.9,9.8924,0.06
2021-11-12,BANKNIFTY,20211125,38686.1,5566.0,14.3876,0.08
2021-11-12,FINNIFTY,20211116,18509.85,2563.9,13.8515,0.08
2021-11-12,NIFTY,20211125,17896.85,1765.5,9.8649,0.06
2021-11-15,BANKNIFTY,20211125,38871.35,5579.0,14.3525,0.08
2021-11-15,FINNIFTY,20211116,19084.65,2587.5,13.558,0.08
2021-11-15,NIFTY,20211125,18133.45,1789.8,9.8702,0.06
2021-11-16,BANKNIFTY,20211125,38858.0,5560.8,14.3106,0.08
2021-11-16,FINNIFTY,20211116,18957.15,2578.7,13.6028,0.08
2021-11-16,NIFTY,20211125,18141.0,1785.6,9.8429,0.06
2021-11-17,BANKNIFTY,20211125,38404.15,5497.2,14.3141,0.08
2021-11-17,FINNIFTY,20211123,18819.0,2560.1,13.6038,0.08
2021-11-17,NIFTY,20211125,18004.0,1772.4,9.8445,0.06
2021-11-18,BANKNIFTY,20211125,38139.4,5447.2,14.2823,0.08
2021-11-18,FINNIFTY,20211123,18691.25,2537.1,13.5737,0.08
2021-11-18,NIFTY,20211125,17909.15,1759.3,9.8235,0.06
2021-11-22,BANKNIFTY,20211125,38105.7,5424.4,14.2351,0.08
2021-11-22,FINNIFTY,20211123,18580.0,2520.5,13.5657,0.08
2021-11-22,NIFTY,20211125,17792.9,1743.0,9.796,0.06
2021-11-23,BANKNIFTY,20211125,37182.1,5318.2,14.3031,0.08
2021-11-23,FINNIFTY,20211123,18179.05,2470.5,13.5898,0.08
2021-11-23,NIFTY,20211125,17435.05,1717.3,9.8497,0.06
2021-11-24,BANKNIFTY,20211125,37284.3,5325.6,14.2838,0.08
2021-11-24,FINNIFTY,20211130,18250.0,2475.4,13.5638,0.08
2021-11-24,NIFTY,20211125,17495.25,1722.0,9.8427,0.06
2021-11-25,BANKNIFTY,20211125,37465.0,5338.1,14.2482,0.08
2021-11-25,FINNIFTY,20211130,18379.0,2476.4,13.4741,0.08
2021-11-25,NIFTY,20211125,17408.1,1710.2,9.8242,0.06
2021-11-26,BANKNIFTY,20211230,37535.1,5313.8,14.1569,0.08
2021-11-26,FINNIFTY,20211130,18350.0,2465.3,13.4349,0.08
2021-11-26,NIFTY,20211230,17588.95,1719.8,9.7777,0.06
2021-11-29,BANKNIFTY,20211230,36157.8,5173.0,14.3067,0.08
2021-11-29,FINNIFTY,20211130,17621.95,2409.7,13.6744,0.08
2021-11-29,NIFTY,20211230,17052.15,1695.5,9.943,0.06
2021-11-30,BANKNIFTY,20211230,36100.45,5153.1,14.2743,0.08
2021-11-30,FINNIFTY,20211130,17650.5,2405.5,13.6285,0.08
2021-11-30,NIFTY,20211230,17094.9,1693.7,9.9076,0.06
2021-12-01,BANKNIFTY,20211230,35780.2,5103.4,14.2632,0.08
2021-12-01,FINNIFTY,20211207,17547.4,2391.7,13.6299,0.08
2021-12-01,NIFTY,20211230,17033.6,1682.9,9.8799,0.06
2021-12-02,BANKNIFTY,20211230,36468.25,5203.9,14.2697,0.08
2021-12-02,FINNIFTY,20211207,17835.0,2419.9,13.5683,0.08
2021-12-02,NIFTY,20211230,17221.9,1701.1,9.8775,0.06
2021-12-03,BANKNIFTY,20211230,36633.0,5211.5,14.2262,0.08
2021-12-03,FINNIFTY,20211207,17992.2,2452.0,13.6281,0.08
2021-12-03,NIFTY,20211230,17432.65,1724.3,9.8912,0.06
2021-12-06,BANKNIFTY,20211230,36350.3,5157.4,14.1881,0.08
2021-12-06,FINNIFTY,20211207,17910.0,2429.8,13.5667,0.08
2021-12-06,NIFTY,20211230,17239.0,1704.0,9.8846,0.06
2021-12-07,BANKNIFTY,20211230,35891.0,5085.4,14.169,0.08
2021-12-07,FINNIFTY,20211207,17651.0,2399.4,13.5936,0.08
2021-12-07,NIFTY,20211230,16957.15,1679.6,9.905,0.06
2021-12-08,BANKNIFTY,20211230,36744.7,5223.9,14.2167,0.08
2021-12-08,FINNIFTY,20211228,18079.95,2459.5,13.6035,0.08
2021-12-08,NIFTY,20211230,17225.4,1709.7,9.9255,0.06
2021-12-09,BANKNIFTY,20211230,37402.3,5320.7,14.2256,0.08
2021-12-09,FINNIFTY,20211228,18364.65,2500.5,13.6158,0.08
2021-12-09,NIFTY,20211230,17513.65,1742.7,9.9505,0.06
2021-12-10,BANKNIFTY,20211230,37228.25,5280.3,14.1836,0.08
2021-12-10,FINNIFTY,20211228,18238.6,2484.4,13.6217,0.08
2021-12-10,NIFTY,20211230,17561.4,1743.5,9.928,0.06
2021-12-13,BANKNIFTY,20211230,37246.3,5270.4,14.1501,0.08
2021-12-13,FINNIFTY,20211228,18202.25,2472.9,13.5857,0.08
2021-12-13,NIFTY,20211230,17559.35,1738.3,9.8996,0.06
2021-12-14,BANKNIFTY,20211230,37145.25,5231.6,14.0842,0.08
2021-12-14,FINNIFTY,20211228,18099.9,2446.5,13.5166,0.08
2021-12-14,NIFTY,20211230,17446.85,1721.8,9.8688,0.06
2021-12-15,BANKNIFTY,20211230,37042.5,5214.1,14.076,0.08
2021-12-15,FINNIFTY,20211228,18002.95,2427.1,13.4817,0.08
2021-12-15,NIFTY,20211230,17355.05,1713.7,9.8744,0.06
2021-12-16,BANKNIFTY,20211230,36948.9,5186.3,14.0364,0.08
2021-12-16,FINNIFTY,20211228,17807.8,2406.6,13.5143,0.08
2021-12-16,NIFTY,20211230,17260.8,1700.4,9.8512,0.06
2021-12-17,BANKNIFTY,20211230,36711.5,5141.0,14.0038,0.08
2021-12-17,FINNIFTY,20211228,17799.2,2391.7,13.4371,0.08
2021-12-17,NIFTY,20211230,17317.5,1699.2,9.812,0.06
2021-12-20,BANKNIFTY,20211230,35749.05,5030.7,14.0723,0.08
2021-12-20,FINNIFTY,20211228,17290.35,2347.1,13.5746,0.08
2021-12-20,NIFTY,20211230,17023.5,1677.8,9.8558,0.06
2021-12-21,BANKNIFTY,20211230,34547.3,4902.5,14.1907,0.08
2021-12-21,FINNIFTY,20211228,16793.5,2292.4,13.6505,0.08
2021-12-21,NIFTY,20211230,16635.05,1653.0,9.9369,0.06
2021-12-22,BANKNIFTY,20211230,34676.95,4915.6,14.1754,0.08
2021-12-22,FINNIFTY,20211228,16899.8,2295.6,13.5836,0.08
2021-12-22,NIFTY,20211230,16800.95,1667.8,9.9268,0.06
2021-12-23,BANKNIFTY,20211230,35091.1,4969.3,14.1611,0.08
2021-12-23,FINNIFTY,20211228,17056.5,2312.5,13.5579,0.08
2021-12-23,NIFTY,20211230,16973.35,1684.6,9.925,0.06
2021-12-24,BANKNIFTY,20211230,35207.85,4979.7,14.1437,0.08
2021-12-24,FINNIFTY,20211228,17169.15,2324.8,13.5406,0.08
2021-12-24,NIFTY,20211230,17078.45,1693.2,9.9142,0.06
2021-12-27,BANKNIFTY,20211230,34874.8,4924.7,14.1211,0.08
2021-12-27,FINNIFTY,20211228,16989.2,2299.3,13.5339,0.08
2021-12-27,NIFTY,20211230,17003.8,1683.4,9.9001,0.06
2021-12-28,BANKNIFTY,20211230,35091.75,4942.2,14.0837,0.08
2021-12-28,FINNIFTY,20211228,17108.15,2315.7,13.5357,0.08
2021-12-28,NIFTY,20211230,17103.4,1687.8,9.8682,0.06
2021-12-29,BANKNIFTY,20211230,35221.25,4947.4,14.0466,0.08
2021-12-29,FINNIFTY,20220125,17230.9,2319.5,13.4613,0.08
2021-12-29,NIFTY,20211230,17246.75,1700.8,9.8616,0.06
2021-12-30,BANKNIFTY,20211230,35034.6,4917.1,14.035,0.08
2021-12-30,FINNIFTY,20220125,17178.0,2306.8,13.4288,0.08
2021-12-30,NIFTY,20211230,17215.9,1694.2,9.8409,0.06
2021-12-31,BANKNIFTY,20220127,35221.35,4907.1,13.9322,0.08
2021-12-31,FINNIFTY,20220125,17324.5,2301.2,13.2829,0.08
2021-12-31,NIFTY,20220127,17267.95,1689.5,9.784,0.06
2022-01-03,BANKNIFTY,20220127,35628.25,4959.4,13.9199,0.08
2022-01-03,FINNIFTY,20220125,17377.95,2324.6,13.3767,0.08
2022-01-03,NIFTY,20220127,17409.95,1701.9,9.7754,0.06
2022-01-04,BANKNIFTY,20220127,36582.45,5111.8,13.9734,0.08
2022-01-04,FINNIFTY,20220125,17864.95,2394.2,13.4017,0.08
2022-01-04,NIFTY,20220127,17677.95,1731.7,9.7958,0.06
2022-01-05,BANKNIFTY,20220127,36977.35,5162.3,13.9607,0.08
2022-01-05,FINNIFTY,20220125,18022.05,2418.7,13.4208,0.08
2022-01-05,NIFTY,20220127,17846.75,1747.7,9.7928,0.06
2022-01-06,BANKNIFTY,20220127,37795.2,5292.3,14.0026,0.08
2022-01-06,FINNIFTY,20220125,18431.15,2473.4,13.4197,0.08
2022-01-06,NIFTY,20220127,17960.95,1756.3,9.7784,0.06
2022-01-07,BANKNIFTY,20220127,37629.2,5251.7,13.9564,0.08
2022-01-07,FINNIFTY,20220125,18235.4,2448.3,13.4261,0.08
2022-01-07,NIFTY,20220127,17788.65,1738.0,9.7703,0.06
2022-01-10,BANKNIFTY,20220127,37856.95,5274.9,13.9338,0.08
2022-01-10,FINNIFTY,20220125,18177.75,2446.9,13.461,0.08
2022-01-10,NIFTY,20220127,17854.3,1740.5,9.7484,0.05
2022-01-11,BANKNIFTY,20220127,38468.35,5358.3,13.9291,0.08
2022-01-11,FINNIFTY,20220125,18555.5,2488.3,13.41,0.08
2022-01-11,NIFTY,20220127,18048.2,1758.4,9.7428,0.05
2022-01-12,BANKNIFTY,20220127,38548.0,5359.5,13.9034,0.08
2022-01-12,FINNIFTY,20220125,18586.9,2490.0,13.3965,0.08
2022-01-12,NIFTY,20220127,18083.55,1759.5,9.7298,0.05
2022-01-13,BANKNIFTY,20220127,38864.7,5389.0,13.8661,0.08
2022-01-13,FINNIFTY,20220125,18692.4,2503.8,13.3947,0.08
2022-01-13,NIFTY,20220127,18241.2,1772.3,9.7159,0.05
2022-01-14,BANKNIFTY,20220127,38591.45,5341.1,13.8401,0.08
2022-01-14,FINNIFTY,20220125,18645.0,2488.2,13.3451,0.08
2022-01-14,NIFTY,20220127,18287.25,1772.7,9.6936,0.05
2022-01-17,BANKNIFTY,20220127,38491.1,5315.4,13.8094,0.08
2022-01-17,FINNIFTY,20220125,18614.65,2475.5,13.2987,0.08
2022-01-17,NIFTY,20220127,18295.0,1768.4,9.666,0.05
2022-01-18,BANKNIFTY,20220127,38368.2,5280.4,13.7624,0.08
2022-01-18,FINNIFTY,20220125,18583.45,2463.8,13.258,0.07
2022-01-18,NIFTY,20220127,18336.6,1768.6,9.6452,0.05
2022-01-19,BANKNIFTY,20220127,38289.6,5267.8,13.7578,0.08
2022-01-19,FINNIFTY,20220125,18483.65,2451.0,13.2604,0.07
2022-01-19,NIFTY,20220127,18124.35,1750.6,9.6588,0.05
2022-01-20,BANKNIFTY,20220127,38156.55,5231.0,13.7093,0.08
2022-01-20,FINNIFTY,20220125,18311.7,2420.6,13.2189,0.07
2022-01-20,NIFTY,20220127,17974.1,1731.3,9.6322,0.05
2022-01-21,BANKNIFTY,20220127,37977.85,5193.0,13.6738,0.08
2022-01-21,FINNIFTY,20220125,18148.05,2399.1,13.2196,0.07
2022-01-21,NIFTY,20220127,17804.1,1713.0,9.6214,0.05
2022-01-24,BANKNIFTY,20220127,37598.05,5146.7,13.6887,0.08
2022-01-24,FINNIFTY,20220125,18206.35,2381.4,13.0801,0.07
2022-01-24,MIDCPNIFTY,20220125,7551.45,1044.2,13.8278,0.08
2022-01-24,NIFTY,20220127,17617.8,1698.7,9.642,0.05
2022-01-25,BANKNIFTY,20220127,36966.85,5062.5,13.6947,0.08
2022-01-25,FINNIFTY,20220125,17635.45,2345.6,13.3005,0.07
2022-01-25,MIDCPNIFTY,20220125,7254.05,1017.3,14.0239,0.08
2022-01-25,NIFTY,20220127,17151.65,1671.9,9.7478,0.05
2022-01-27,BANKNIFTY,20220127,37720.5,5173.2,13.7146,0.08
2022-01-27,FINNIFTY,20220222,17874.0,2363.3,13.222,0.07
2022-01-27,MIDCPNIFTY,20220201,7369.15,1030.5,13.984,0.08
2022-01-27,NIFTY,20220127,17283.45,1682.2,9.733,0.05
2022-01-28,BANKNIFTY,20220224,38168.05,5202.6,13.6308,0.08
2022-01-28,FINNIFTY,20220222,17934.4,2353.4,13.1223,0.07
2022-01-28,MIDCPNIFTY,20220201,7353.25,1025.9,13.9517,0.08
2022-01-28,NIFTY,20220224,17149.55,1665.1,9.7093,0.05
2022-01-31,BANKNIFTY,20220224,37824.3,5152.4,13.6219,0.08
2022-01-31,FINNIFTY,20220222,17799.1,2337.6,13.1332,0.07
2022-01-31,MIDCPNIFTY,20220201,7445.05,1033.1,13.8763,0.08
2022-01-31,NIFTY,20220224,17125.65,1660.5,9.696,0.05
2022-02-01,BANKNIFTY,20220224,38113.75,5181.4,13.5946,0.08
2022-02-01,FINNIFTY,20220222,17905.25,2353.6,13.1447,0.07
2022-02-01,MIDCPNIFTY,20220201,7515.7,1046.7,13.9268,0.08
2022-02-01,NIFTY,20220224,17361.95,1685.1,9.7057,0.05
2022-02-02,BANKNIFTY,20220224,38622.75,5250.3,13.5938,0.08
2022-02-02,FINNIFTY,20220222,18096.75,2380.0,13.1515,0.07
2022-02-02,MIDCPNIFTY,20220208,7605.9,1056.9,13.8958,0.08
2022-02-02,NIFTY,20220224,17589.0,1708.9,9.7157,0.05
2022-02-03,BANKNIFTY,20220224,39437.1,5371.5,13.6204,0.08
2022-02-03,FINNIFTY,20220222,18449.8,2429.2,13.1665,0.07
2022-02-03,MIDCPNIFTY,20220208,7696.65,1068.3,13.8801,0.08
2022-02-03,NIFTY,20220224,17795.9,1729.5,9.7185,0.05
2022-02-04,BANKNIFTY,20220224,39067.35,5319.1,13.6152,0.08
2022-02-04,FINNIFTY,20220222,18151.0,2396.3,13.202,0.07
2022-02-04,MIDCPNIFTY,20220208,7620.3,1057.1,13.8722,0.08
2022-02-04,NIFTY,20220224,17547.1,1709.6,9.7429,0.05
2022-02-07,BANKNIFTY,20220224,38870.6,5277.0,13.5758,0.08
2022-02-07,FINNIFTY,20220222,18134.5,2379.9,13.1236,0.07
2022-02-07,MIDCPNIFTY,20220208,7508.05,1040.3,13.8558,0.08
2022-02-07,NIFTY,20220224,17529.65,1701.5,9.7064,0.05
2022-02-08,BANKNIFTY,20220224,38101.65,5177.4,13.5884,0.08
2022-02-08,FINNIFTY,20220222,17666.35,2328.9,13.1827,0.07
2022-02-08,MIDCPNIFTY,20220208,7600.0,1029.5,13.5461,0.08
2022-02-08,NIFTY,20220224,17218.3,1678.2,9.7466,0.05
2022-02-09,BANKNIFTY,20220224,38133.1,5168.4,13.5536,0.08
2022-02-09,FINNIFTY,20220222,17692.3,2326.7,13.1509,0.07
2022-02-09,MIDCPNIFTY,20220215,7340.15,1022.3,13.9275,0.08
2022-02-09,NIFTY,20220224,17273.0,1679.5,9.7233,0.05
2022-02-10,BANKNIFTY,20220224,38704.3,5245.7,13.5533,0.08
2022-02-10,FINNIFTY,20220222,17920.0,2355.2,13.1429,0.07
2022-02-10,MIDCPNIFTY,20220215,7514.25,1039.9,13.839,0.08
2022-02-10,NIFTY,20220224,17480.15,1698.7,9.7179,0.05
2022-02-11,BANKNIFTY,20220224,39054.0,5291.5,13.5492,0.08
2022-02-11,FINNIFTY,20220222,18116.85,2379.4,13.1336,0.07
2022-02-11,MIDCPNIFTY,20220215,7530.7,1039.7,13.8062,0.08
2022-02-11,NIFTY,20220224,17617.65,1710.2,9.7073,0.05
2022-02-14,BANKNIFTY,20220224,38517.5,5221.1,13.5551,0.08
2022-02-14,FINNIFTY,20220222,17760.55,2348.4,13.2226,0.07
2022-02-14,MIDCPNIFTY,20220215,7365.45,1019.6,13.843,0.08
2022-02-14,NIFTY,20220224,17355.8,1690.8,9.742,0.05
2022-02-15,BANKNIFTY,20220224,36920.15,5076.8,13.7508,0.08
2022-02-15,FINNIFTY,20220222,17060.7,2282.1,13.3764,0.08
2022-02-15,MIDCPNIFTY,20220215,7045.05,991.3,14.0709,0.08
2022-02-15,NIFTY,20220224,16837.85,1663.7,9.8807,0.06
2022-02-16,BANKNIFTY,20220224,38187.25,5294.4,13.8643,0.08
2022-02-16,FINNIFTY,20220222,17582.5,2367.2,13.4634,0.08
2022-02-16,MIDCPNIFTY,20220222,7310.45,1039.3,14.2166,0.08
2022-02-16,NIFTY,20220224,17360.65,1738.7,10.0152,0.06
2022-02-17,BANKNIFTY,20220224,37909.55,5254.3,13.8601,0.08
2022-02-17,FINNIFTY,20220222,17486.85,2357.2,13.4798,0.08
2022-02-17,MIDCPNIFTY,20220222,7276.25,1034.0,14.2106,0.08
2022-02-17,NIFTY,20220224,17317.35,1731.9,10.001,0.06
2022-02-18,BANKNIFTY,20220224,37502.85,5187.5,13.8323,0.08
2022-02-18,FINNIFTY,20220222,17425.3,2343.0,13.446,0.08
2022-02-18,MIDCPNIFTY,20220222,7273.4,1029.3,14.1516,0.08
2022-02-18,NIFTY,20220224,17290.2,1725.5,9.9796,0.06
2022-02-21,BANKNIFTY,20220224,37591.3,5185.2,13.7936,0.08
2022-02-21,FINNIFTY,20220222,17595.8,2345.2,13.3282,0.08
2022-02-21,MIDCPNIFTY,20220222,7192.9,1018.7,14.1626,0.08
2022-02-21,NIFTY,20220224,17278.05,1718.8,9.9479,0.06
2022-02-22,BANKNIFTY,20220224,37656.9,5183.7,13.7656,0.08
2022-02-22,FINNIFTY,20220222,17556.5,2340.5,13.3312,0.08
2022-02-22,MIDCPNIFTY,20220222,7137.0,1007.7,14.1194,0.08
2022-02-22,NIFTY,20220224,17205.2,1708.1,9.9278,0.06
2022-02-23,BANKNIFTY,20220224,37350.85,5130.6,13.7362,0.08
2022-02-23,FINNIFTY,20220329,17483.3,2326.8,13.3087,0.08
2022-02-23,MIDCPNIFTY,20220228,7091.2,996.8,14.0569,0.08
2022-02-23,NIFTY,20220224,17073.6,1694.4,9.9241,0.06
2022-02-24,BANKNIFTY,20220224,37432.1,5121.7,13.6826,0.08
2022-02-24,FINNIFTY,20220329,17513.25,2316.9,13.2294,0.07
2022-02-24,MIDCPNIFTY,20220228,7099.35,995.6,14.0238,0.08
2022-02-24,NIFTY,20220224,17080.65,1687.0,9.8767,0.06
2022-02-25,BANKNIFTY,20220331,35243.7,4995.9,14.1753,0.08
2022-02-25,FINNIFTY,20220329,16411.4,2285.0,13.9232,0.08
2022-02-25,MIDCPNIFTY,20220228,6663.2,965.6,14.4915,0.08
2022-02-25,NIFTY,20220331,16272.7,1677.9,10.3111,0.06
2022-02-28,BANKNIFTY,20220331,36421.75,5203.7,14.2873,0.08
2022-02-28,FINNIFTY,20220329,17027.3,2377.9,13.9652,0.08
2022-02-28,MIDCPNIFTY,20220228,6948.35,1019.3,14.6697,0.08
2022-02-28,NIFTY,20220331,16656.05,1731.3,10.3944,0.06
2022-03-02,BANKNIFTY,20220331,36261.65,5160.2,14.2305,0.08
2022-03-02,FINNIFTY,20220329,16951.6,2359.7,13.9202,0.08
2022-03-02,MIDCPNIFTY,20220308,7015.95,1027.1,14.6395,0.08
2022-03-02,NIFTY,20220331,16794.25,1743.2,10.3797,0.06
2022-03-03,BANKNIFTY,20220331,35463.4,5051.0,14.2429,0.08
2022-03-03,FINNIFTY,20220329,16587.9,2309.8,13.9246,0.08
2022-03-03,MIDCPNIFTY,20220308,6994.6,1023.0,14.6256,0.08
2022-03-03,NIFTY,20220331,16613.45,1722.9,10.3705,0.06
2022-03-04,BANKNIFTY,20220331,35041.1,4983.6,14.2222,0.08
2022-03-04,FINNIFTY,20220329,16366.75,2281.5,13.9398,0.08
2022-03-04,MIDCPNIFTY,20220308,6919.25,1010.2,14.5998,0.08
2022-03-04,NIFTY,20220331,16505.6,1708.1,10.3486,0.06
2022-03-07,BANKNIFTY,20220331,34455.45,4907.1,14.2419,0.08
2022-03-07,FINNIFTY,20220329,16116.75,2241.9,13.9104,0.08
2022-03-07,MIDCPNIFTY,20220308,6750.8,983.7,14.5716,0.08
2022-03-07,NIFTY,20220331,16258.95,1684.1,10.358,0.06
2022-03-08,BANKNIFTY,20220331,32975.4,4755.1,14.4201,0.08
2022-03-08,FINNIFTY,20220329,15432.85,2177.3,14.1082,0.08
2022-03-08,MIDCPNIFTY,20220308,6576.4,966.7,14.6995,0.08
2022-03-08,NIFTY,20220331,15872.2,1656.4,10.4359,0.06
2022-03-09,BANKNIFTY,20220331,33253.9,4787.7,14.3974,0.08
2022-03-09,FINNIFTY,20220329,15555.4,2192.6,14.0954,0.08
2022-03-09,MIDCPNIFTY,20220315,6677.9,979.2,14.6633,0.08
2022-03-09,NIFTY,20220331,16010.9,1670.0,10.4304,0.06
2022-03-10,BANKNIFTY,20220331,33888.3,4885.7,14.4171,0.08
2022-03-10,FINNIFTY,20220329,15872.65,2240.1,14.113,0.08
2022-03-10,MIDCPNIFTY,20220315,6853.0,1009.9,14.7366,0.08
2022-03-10,NIFTY,20220331,16365.7,1714.0,10.4731,0.06
2022-03-11,BANKNIFTY,20220331,34547.2,4984.1,14.4269,0.08
2022-03-11,FINNIFTY,20220329,16101.6,2279.6,14.1576,0.08
2022-03-11,MIDCPNIFTY,20220315,6900.2,1014.5,14.7025,0.08
2022-03-11,NIFTY,20220331,16611.9,1742.4,10.4889,0.06
2022-03-14,BANKNIFTY,20220331,34595.75,4982.0,14.4006,0.08
2022-03-14,FINNIFTY,20220329,16177.8,2278.1,14.0816,0.08
2022-03-14,MIDCPNIFTY,20220315,6938.1,1018.6,14.6813,0.08
2022-03-14,NIFTY,20220331,16647.75,1741.7,10.4621,0.06
2022-03-15,BANKNIFTY,20220331,35319.05,5098.8,14.4364,0.08
2022-03-15,FINNIFTY,20220329,16519.9,2331.0,14.1103,0.08
2022-03-15,MIDCPNIFTY,20220315,6949.1,1018.4,14.6551,0.08
2022-03-15,NIFTY,20220331,16885.4,1768.4,10.473,0.06
2022-03-16,BANKNIFTY,20220331,35019.85,5047.6,14.4135,0.08
2022-03-16,FINNIFTY,20220329,16354.65,2304.5,14.0908,0.08
2022-03-16,MIDCPNIFTY,20220322,6936.9,1013.8,14.6146,0.08
2022-03-16,NIFTY,20220331,16669.0,1746.6,10.4781,0.06
2022-03-17,BANKNIFTY,20220331,35804.05,5161.7,14.4165,0.08
2022-03-17,FINNIFTY,20220329,16721.45,2354.5,14.0807,0.08
2022-03-17,MIDCPNIFTY,20220322,7096.95,1039.5,14.6471,0.08
2022-03-17,NIFTY,20220331,17008.75,1786.9,10.5058,0.06
2022-03-21,BANKNIFTY,20220331,36432.4,5260.0,14.4377,0.08
2022-03-21,FINNIFTY,20220329,17167.85,2428.8,14.1474,0.08
2022-03-21,MIDCPNIFTY,20220322,7248.6,1057.5,14.589,0.08
2022-03-21,NIFTY,20220331,17322.05,1825.1,10.5363,0.06
2022-03-22,BANKNIFTY,20220331,36093.25,5191.2,14.3827,0.08
2022-03-22,FINNIFTY,20220329,16944.45,2398.2,14.1533,0.08
2022-03-22,MIDCPNIFTY,20220322,7131.2,1043.2,14.6287,0.08
2022-03-22,NIFTY,20220331,17158.65,1805.7,10.5236,0.06
2022-03-23,BANKNIFTY,20220331,36482.8,5230.7,14.3374,0.08
2022-03-23,FINNIFTY,20220329,17151.0,2416.4,14.089,0.08
2022-03-23,MIDCPNIFTY,20220329,7181.5,1044.6,14.5457,0.08
2022-03-23,NIFTY,20220331,17362.8,1825.8,10.5156,0.06
2022-03-24,BANKNIFTY,20220331,36205.35,5192.1,14.3407,0.08
2022-03-24,FINNIFTY,20220329,16930.35,2392.9,14.1338,0.08
2022-03-24,MIDCPNIFTY,20220329,7190.45,1045.1,14.5346,0.08
2022-03-24,NIFTY,20220331,17272.25,1814.6,10.5059,0.06
2022-03-25,BANKNIFTY,20220331,35641.2,5101.4,14.3132,0.08
2022-03-25,FINNIFTY,20220329,16720.95,2353.3,14.074,0.08
2022-03-25,MIDCPNIFTY,20220329,7232.0,1049.5,14.5119,0.08
2022-03-25,NIFTY,20220331,17242.8,1807.6,10.4832,0.06
2022-03-28,BANKNIFTY,20220331,35558.8,5072.0,14.2637,0.08
2022-03-28,FINNIFTY,20220329,16672.55,2339.6,14.0326,0.08
2022-03-28,MIDCPNIFTY,20220329,7231.6,1045.3,14.4546,0.08
2022-03-28,NIFTY,20220331,17194.05,1796.5,10.4484,0.06
2022-03-29,BANKNIFTY,20220331,35848.2,5105.5,14.242,0.08
2022-03-29,FINNIFTY,20220329,16706.8,2340.8,14.0111,0.08
2022-03-29,MIDCPNIFTY,20220329,7186.25,1037.1,14.4317,0.08
2022-03-29,NIFTY,20220331,17268.95,1799.9,10.4228,0.06
2022-03-30,BANKNIFTY,20220331,35958.95,5112.4,14.2173,0.08
2022-03-30,FINNIFTY,20220426,16920.9,2360.8,13.952,0.08
2022-03-30,MIDCPNIFTY,20220405,7207.8,1040.0,14.4288,0.08
2022-03-30,NIFTY,20220331,17368.05,1806.8,10.403,0.06
2022-03-31,BANKNIFTY,20220331,36347.85,5173.7,14.2339,0.08
2022-03-31,FINNIFTY,20220426,17256.85,2409.4,13.962,0.08
2022-03-31,MIDCPNIFTY,20220405,7278.9,1051.0,14.439,0.08
2022-03-31,NIFTY,20220331,17515.4,1822.5,10.4051,0.06
2022-04-01,BANKNIFTY,20220428,36553.95,5166.4,14.1336,0.08
2022-04-01,FINNIFTY,20220426,17197.45,2400.5,13.9585,0.08
2022-04-01,MIDCPNIFTY,20220405,7301.75,1052.1,14.4089,0.08
2022-04-01,NIFTY,20220428,17544.45,1814.4,10.3417,0.06
2022-04-04,BANKNIFTY,20220428,37201.65,5278.1,14.1878,0.08
2022-04-04,FINNIFTY,20220426,17491.3,2446.1,13.9847,0.08
2022-04-04,MIDCPNIFTY,20220405,7399.6,1065.7,14.4021,0.08
2022-04-04,NIFTY,20220428,17713.0,1834.2,10.3551,0.06
2022-04-05,BANKNIFTY,20220428,38650.05,5547.7,14.3537,0.08
2022-04-05,FINNIFTY,20220426,18270.7,2596.9,14.2135,0.08
2022-04-05,MIDCPNIFTY,20220405,7492.35,1081.1,14.4294,0.08
2022-04-05,NIFTY,20220428,18098.2,1883.5,10.4071,0.06
2022-04-06,BANKNIFTY,20220428,38139.0,5459.5,14.3147,0.08
2022-04-06,FINNIFTY,20220426,18014.35,2554.4,14.1798,0.08
2022-04-06,MIDCPNIFTY,20220412,7605.5,1094.0,14.3843,0.08
2022-04-06,NIFTY,20220428,18017.5,1869.5,10.376,0.06
2022-04-07,BANKNIFTY,20220428,37754.35,5388.7,14.2731,0.08
2022-04-07,FINNIFTY,20220426,17780.55,2511.4,14.1244,0.08
2022-04-07,MIDCPNIFTY,20220412,7632.75,1096.0,14.3592,0.08
2022-04-07,NIFTY,20220428,17867.45,1851.6,10.363,0.06
2022-04-08,BANKNIFTY,20220428,37764.1,5364.6,14.2056,0.08
2022-04-08,FINNIFTY,20220426,17686.65,2488.1,14.0677,0.08
2022-04-08,MIDCPNIFTY,20220412,7561.7,1083.9,14.3341,0.08
2022-04-08,NIFTY,20220428,17730.35,1831.0,10.3269,0.06
2022-04-11,BANKNIFTY,20220428,37985.25,5380.6,14.165,0.08
2022-04-11,FINNIFTY,20220426,17760.65,2494.5,14.0451,0.08
2022-04-11,MIDCPNIFTY,20220412,7631.25,1091.6,14.3043,0.08
2022-04-11,NIFTY,20220428,17878.75,1843.6,10.3117,0.06
2022-04-12,BANKNIFTY,20220428,37751.35,5349.2,14.1696,0.08
2022-04-12,FINNIFTY,20220426,17598.25,2476.6,14.073,0.08
2022-04-12,MIDCPNIFTY,20220412,7647.0,1092.2,14.2827,0.08
2022-04-12,NIFTY,20220428,17723.95,1829.9,10.3244,0.06
2022-04-13,BANKNIFTY,20220428,37878.1,5354.8,14.1369,0.08
2022-04-13,FINNIFTY,20220426,17600.0,2471.0,14.0398,0.08
2022-04-13,MIDCPNIFTY,20220419,7516.95,1075.9,14.313,0.08
2022-04-13,NIFTY,20220428,17576.8,1812.6,10.3125,0.06
2022-04-18,BANKNIFTY,20220428,37576.5,5304.6,14.1168,0.08
2022-04-18,FINNIFTY,20220426,17477.3,2444.1,13.9844,0.08
2022-04-18,MIDCPNIFTY,20220419,7505.1,1072.3,14.2876,0.08
2022-04-18,NIFTY,20220428,17519.25,1803.1,10.2921,0.06
2022-04-19,BANKNIFTY,20220428,36906.35,5203.8,14.1,0.08
2022-04-19,FINNIFTY,20220426,17134.7,2393.1,13.9664,0.08
2022-04-19,MIDCPNIFTY,20220419,7376.85,1058.5,14.3489,0.08
2022-04-19,NIFTY,20220428,17229.6,1775.7,10.3061,0.06
2022-04-20,BANKNIFTY,20220428,36403.2,5144.1,14.1309,0.08
2022-04-20,FINNIFTY,20220426,16728.4,2353.3,14.0677,0.08
2022-04-20,MIDCPNIFTY,20220426,7268.25,1047.5,14.412,0.08
2022-04-20,NIFTY,20220428,16969.35,1755.8,10.3469,0.06
2022-04-21,BANKNIFTY,20220428,36422.5,5127.4,14.0776,0.08
2022-04-21,FINNIFTY,20220426,16798.95,2347.2,13.9723,0.08
2022-04-21,MIDCPNIFTY,20220426,7344.25,1051.3,14.3146,0.08
2022-04-21,NIFTY,20220428,17162.7,1773.4,10.3329,0.06
2022-04-22,BANKNIFTY,20220428,36930.25,5194.9,14.0668,0.08
2022-04-22,FINNIFTY,20220426,17022.1,2381.1,13.9883,0.08
2022-04-22,MIDCPNIFTY,20220426,7435.2,1063.1,14.2982,0.08
2022-04-22,NIFTY,20220428,17410.15,1802.2,10.3514,0.06
2022-04-25,BANKNIFTY,20220428,36093.85,5097.3,14.1224,0.08
2022-04-25,FINNIFTY,20220426,16702.0,2341.8,14.0211,0.08
2022-04-25,MIDCPNIFTY,20220426,7355.6,1050.2,14.2776,0.08
2022-04-25,NIFTY,20220428,17177.75,1780.1,10.3628,0.06
2022-04-26,BANKNIFTY,20220428,36150.35,5089.8,14.0795,0.08
2022-04-26,FINNIFTY,20220426,16682.05,2332.5,13.9821,0.08
2022-04-26,MIDCPNIFTY,20220426,7113.6,1035.3,14.5538,0.08
2022-04-26,NIFTY,20220428,16958.35,1757.5,10.3636,0.06
2022-04-27,BANKNIFTY,20220428,36455.15,5125.6,14.06,0.08
2022-04-27,FINNIFTY,20220531,16832.05,2351.1,13.968,0.08
2022-04-27,MIDCPNIFTY,20220502,7530.0,1053.6,13.992,0.08
2022-04-27,NIFTY,20220428,17204.0,1785.4,10.3778,0.06
2022-04-28,BANKNIFTY,20220428,36090.65,5064.6,14.033,0.08
2022-04-28,FINNIFTY,20220531,16610.0,2314.3,13.9332,0.08
2022-04-28,MIDCPNIFTY,20220502,7251.25,1040.7,14.352,0.08
2022-04-28,NIFTY,20220428,17053.8,1766.3,10.3572,0.06
2022-04-29,BANKNIFTY,20220526,36463.6,5111.8,14.0189,0.08
2022-04-29,FINNIFTY,20220531,16777.5,2332.3,13.9014,0.08
2022-04-29,MIDCPNIFTY,20220502,7303.0,1045.9,14.3215,0.08
2022-04-29,NIFTY,20220526,17260.35,1786.2,10.3486,0.06
2022-05-02,BANKNIFTY,20220526,36144.25,5055.3,13.9865,0.08
2022-05-02,FINNIFTY,20220531,16678.8,2316.5,13.8889,0.08
2022-05-02,MIDCPNIFTY,20220502,7372.7,1037.1,14.0668,0.08
2022-05-02,NIFTY,20220526,17135.25,1769.1,10.3243,0.06
2022-05-04,BANKNIFTY,20220526,36208.55,5053.1,13.9555,0.08
2022-05-04,FINNIFTY,20220531,16681.7,2315.5,13.8805,0.08
2022-05-04,MIDCPNIFTY,20220510,7202.85,1028.6,14.2805,0.08
2022-05-04,NIFTY,20220526,17084.25,1761.1,10.3083,0.06
2022-05-05,BANKNIFTY,20220526,35308.15,4944.7,14.0044,0.08
2022-05-05,FINNIFTY,20220531,16280.9,2262.3,13.8954,0.08
2022-05-05,MIDCPNIFTY,20220510,7019.1,1029.7,14.67,0.08
2022-05-05,NIFTY,20220526,16702.5,1731.1,10.3643,0.06
2022-05-06,BANKNIFTY,20220526,35251.5,4927.7,13.9787,0.08
2022-05-06,FINNIFTY,20220531,16224.0,2259.9,13.9294,0.08
2022-05-06,MIDCPNIFTY,20220510,7052.6,1044.0,14.8031,0.08
2022-05-06,NIFTY,20220526,16694.3,1727.2,10.346,0.06
2022-05-09,BANKNIFTY,20220526,34632.35,4839.5,13.9739,0.08
2022-05-09,FINNIFTY,20220531,15903.1,2211.9,13.9086,0.08
2022-05-09,MIDCPNIFTY,20220510,6901.1,1023.0,14.8237,0.08
2022-05-09,NIFTY,20220526,16419.4,1702.7,10.3701,0.06
2022-05-10,BANKNIFTY,20220526,34318.45,4787.7,13.9508,0.08
2022-05-10,FINNIFTY,20220531,15863.85,2199.1,13.8623,0.08
2022-05-10,MIDCPNIFTY,20220510,6716.75,999.6,14.8822,0.08
2022-05-10,NIFTY,20220526,16298.85,1689.2,10.3639,0.06
2022-05-11,BANKNIFTY,20220526,34515.8,4805.9,13.9238,0.08
2022-05-11,FINNIFTY,20220531,15960.55,2206.8,13.8266,0.08
2022-05-11,MIDCPNIFTY,20220517,6603.9,982.1,14.8715,0.08
2022-05-11,NIFTY,20220526,16247.1,1678.5,10.3311,0.06
2022-05-12,BANKNIFTY,20220526,34728.9,4824.5,13.8919,0.08
2022-05-12,FINNIFTY,20220531,16030.35,2207.3,13.7695,0.08
2022-05-12,MIDCPNIFTY,20220517,6559.2,978.2,14.9134,0.08
2022-05-12,NIFTY,20220526,16177.95,1667.4,10.3066,0.06
2022-05-13,BANKNIFTY,20220526,33569.05,4701.8,14.0064,0.08
2022-05-13,FINNIFTY,20220531,15521.0,2155.8,13.8896,0.08
2022-05-13,MIDCPNIFTY,20220517,6382.55,949.4,14.8749,0.08
2022-05-13,NIFTY,20220526,15810.75,1640.8,10.3777,0.06
2022-05-16,BANKNIFTY,20220526,33136.3,4639.7,14.0019,0.08
2022-05-16,FINNIFTY,20220531,15368.35,2125.2,13.8284,0.08
2022-05-16,MIDCPNIFTY,20220517,6442.95,956.2,14.841,0.08
2022-05-16,NIFTY,20220526,15786.6,1634.0,10.3506,0.06
2022-05-17,BANKNIFTY,20220526,33596.6,4702.0,13.9955,0.08
2022-05-17,FINNIFTY,20220531,15464.0,2148.3,13.8923,0.08
2022-05-17,MIDCPNIFTY,20220517,6539.65,970.9,14.8464,0.08
2022-05-17,NIFTY,20220526,15842.6,1636.7,10.331,0.06
2022-05-18,BANKNIFTY,20220526,34307.85,4808.2,14.0149,0.08
2022-05-18,FINNIFTY,20220531,15840.5,2198.7,13.8802,0.08
2022-05-18,MIDCPNIFTY,20220524,6722.8,1002.4,14.9105,0.08
2022-05-18,NIFTY,20220526,16254.95,1694.2,10.4227,0.06
2022-05-19,BANKNIFTY,20220526,34140.2,4778.2,13.9958,0.08
2022-05-19,FINNIFTY,20220531,15819.75,2187.6,13.8283,0.08
2022-05-19,MIDCPNIFTY,20220524,6717.6,999.4,14.8773,0.08
2022-05-19,NIFTY,20220526,16226.05,1687.9,10.4024,0.06
2022-05-20,BANKNIFTY,20220526,33274.3,4675.8,14.0523,0.08
2022-05-20,FINNIFTY,20220531,15400.15,2145.4,13.931,0.08
2022-05-20,MIDCPNIFTY,20220524,6486.75,980.4,15.1139,0.09
2022-05-20,NIFTY,20220526,15769.45,1661.4,10.5356,0.06
2022-05-23,BANKNIFTY,20220526,34242.7,4835.0,14.1198,0.08
2022-05-23,FINNIFTY,20220531,15826.4,2210.3,13.9659,0.08
2022-05-23,MIDCPNIFTY,20220524,6632.0,1009.6,15.2232,0.09
2022-05-23,NIFTY,20220526,16253.25,1730.3,10.6459,0.06
2022-05-24,BANKNIFTY,20220526,34191.3,4818.8,14.0936,0.08
2022-05-24,FINNIFTY,20220531,15786.3,2200.0,13.9361,0.08
2022-05-24,MIDCPNIFTY,20220524,6660.05,1011.9,15.1936,0.09
2022-05-24,NIFTY,20220526,16183.35,1721.2,10.6356,0.06
2022-05-25,BANKNIFTY,20220526,34226.3,4812.6,14.0611,0.08
2022-05-25,FINNIFTY,20220531,15827.75,2201.4,13.9085,0.08
2022-05-25,MIDCPNIFTY,20220531,6635.15,1005.0,15.1466,0.09
2022-05-25,NIFTY,20220526,16104.7,1708.1,10.6062,0.06
2022-05-26,BANKNIFTY,20220526,34330.15,4808.9,14.0078,0.08
2022-05-26,FINNIFTY,20220531,15923.8,2212.2,13.8924,0.08
2022-05-26,MIDCPNIFTY,20220531,6498.25,985.2,15.161,0.09
2022-05-26,NIFTY,20220526,16013.8,1694.1,10.579,0.06
2022-05-27,BANKNIFTY,20220630,35165.8,4924.0,14.0022,0.08
2022-05-27,FINNIFTY,20220531,16238.7,2257.9,13.9044,0.08
2022-05-27,MIDCPNIFTY,20220531,6550.0,992.1,15.1466,0.09
2022-05-27,NIFTY,20220630,16168.1,1707.9,10.5634,0.06
2022-05-30,BANKNIFTY,20220630,35631.7,4992.0,14.01,0.08
2022-05-30,FINNIFTY,20220531,16422.25,2289.0,13.9384,0.08
2022-05-30,MIDCPNIFTY,20220531,6725.0,1011.7,15.0439,0.09
2022-05-30,NIFTY,20220630,16326.9,1725.0,10.5654,0.06
2022-05-31,BANKNIFTY,20220630,35880.35,5010.8,13.9653,0.08
2022-05-31,FINNIFTY,20220531,16623.95,2307.3,13.8794,0.08
2022-05-31,MIDCPNIFTY,20220531,6818.9,1034.5,15.1711,0.09
2022-05-31,NIFTY,20220630,16643.45,1763.5,10.5958,0.06
2022-06-01,BANKNIFTY,20220630,35514.8,4955.4,13.9531,0.08
2022-06-01,FINNIFTY,20220628,16489.35,2281.7,13.8374,0.08
2022-06-01,MIDCPNIFTY,20220607,6849.25,1035.6,15.1199,0.09
2022-06-01,NIFTY,20220630,16577.6,1751.7,10.5667,0.06
2022-06-02,BANKNIFTY,20220630,35655.4,4963.0,13.9194,0.08
2022-06-02,FINNIFTY,20220628,16502.05,2279.5,13.8134,0.08
2022-06-02,MIDCPNIFTY,20220607,6866.05,1036.1,15.0902,0.09
2022-06-02,NIFTY,20220630,16508.1,1741.5,10.5494,0.06
2022-06-03,BANKNIFTY,20220630,35698.1,4949.3,13.8643,0.08
2022-06-03,FINNIFTY,20220628,16508.75,2266.8,13.7309,0.08
2022-06-03,MIDCPNIFTY,20220607,6883.4,1036.4,15.0565,0.08
2022-06-03,NIFTY,20220630,16621.2,1749.6,10.5263,0.06
2022-06-06,BANKNIFTY,20220630,35369.45,4894.4,13.8379,0.08
2022-06-06,FINNIFTY,20220628,16395.45,2245.6,13.6965,0.08
2022-06-06,MIDCPNIFTY,20220607,6771.75,1018.8,15.0449,0.08
2022-06-06,NIFTY,20220630,16604.65,1740.6,10.4826,0.06
2022-06-07,BANKNIFTY,20220630,35399.55,4886.8,13.8047,0.08
2022-06-07,FINNIFTY,20220628,16367.1,2239.7,13.6842,0.08
2022-06-07,MIDCPNIFTY,20220607,6725.7,1010.5,15.0245,0.08
2022-06-07,NIFTY,20220630,16581.25,1734.6,10.4612,0.06
2022-06-08,BANKNIFTY,20220630,35091.2,4835.5,13.7798,0.08
2022-06-08,FINNIFTY,20220628,16196.0,2212.4,13.6602,0.08
2022-06-08,MIDCPNIFTY,20220614,6674.45,999.9,14.981,0.08
2022-06-08,NIFTY,20220630,16429.25,1716.4,10.4472,0.06
2022-06-09,BANKNIFTY,20220630,35010.75,4816.2,13.7563,0.08
2022-06-09,FINNIFTY,20220628,16166.25,2206.7,13.65,0.08
2022-06-09,MIDCPNIFTY,20220614,6662.7,995.9,14.9474,0.08
2022-06-09,NIFTY,20220630,16364.8,1706.5,10.4279,0.06
2022-06-10,BANKNIFTY,20220630,35131.25,4822.9,13.7282,0.08
2022-06-10,FINNIFTY,20220628,16248.95,2210.3,13.6027,0.08
2022-06-10,MIDCPNIFTY,20220614,6698.95,999.1,14.9143,0.08
2022-06-10,NIFTY,20220630,16475.45,1716.3,10.4173,0.06
2022-06-13,BANKNIFTY,20220630,34554.95,4741.8,13.7225,0.08
2022-06-13,FINNIFTY,20220628,15892.8,2165.1,13.6232,0.08
2022-06-13,MIDCPNIFTY,20220614,6642.35,989.0,14.8893,0.08
2022-06-13,NIFTY,20220630,16219.35,1690.4,10.4221,0.06
2022-06-14,BANKNIFTY,20220630,33431.4,4629.2,13.8469,0.08
2022-06-14,FINNIFTY,20220628,15383.05,2114.4,13.745,0.08
2022-06-14,MIDCPNIFTY,20220614,6419.5,962.8,14.9981,0.08
2022-06-14,NIFTY,20220630,15766.25,1663.3,10.5498,0.06
2022-06-15,BANKNIFTY,20220630,33377.05,4604.2,13.7945,0.08
2022-06-15,FINNIFTY,20220628,15331.4,2100.8,13.7026,0.08
2022-06-15,MIDCPNIFTY,20220621,6416.2,958.9,14.945,0.08
2022-06-15,NIFTY,20220630,15737.45,1654.6,10.5138,0.06
2022-06-16,BANKNIFTY,20220630,33398.15,4597.7,13.7663,0.08
2022-06-16,FINNIFTY,20220628,15391.05,2101.7,13.6553,0.08
2022-06-16,MIDCPNIFTY,20220621,6461.8,963.8,14.9153,0.08
2022-06-16,NIFTY,20220630,15708.65,1646.2,10.4796,0.06
2022-06-17,BANKNIFTY,20220630,32633.75,4509.7,13.8191,0.08
2022-06-17,FINNIFTY,20220628,15026.7,2062.2,13.7236,0.08
2022-06-17,MIDCPNIFTY,20220621,6287.75,964.2,15.3346,0.09
2022-06-17,NIFTY,20220630,15348.55,1621.7,10.5658,0.06
2022-06-20,BANKNIFTY,20220630,32789.25,4516.9,13.7756,0.08
2022-06-20,FINNIFTY,20220628,15080.05,2064.8,13.6923,0.08
2022-06-20,MIDCPNIFTY,20220621,6239.5,954.5,15.2977,0.09
2022-06-20,NIFTY,20220630,15319.25,1610.5,10.5129,0.06
2022-06-21,BANKNIFTY,20220630,32716.35,4497.3,13.7463,0.08
2022-06-21,FINNIFTY,20220628,15168.65,2080.6,13.7164,0.08
2022-06-21,MIDCPNIFTY,20220621,6117.5,934.3,15.2726,0.09
2022-06-21,NIFTY,20220630,15347.65,1612.4,10.5058,0.06
2022-06-22,BANKNIFTY,20220630,33238.9,4567.1,13.7402,0.08
2022-06-22,FINNIFTY,20220628,15454.4,2113.7,13.677,0.08
2022-06-22,MIDCPNIFTY,20220628,6298.85,964.6,15.3139,0.09
2022-06-22,NIFTY,20220630,15638.4,1648.3,10.5401,0.06
2022-06-23,BANKNIFTY,20220630,32837.95,4513.5,13.7448,0.08
2022-06-23,FINNIFTY,20220628,15271.0,2089.1,13.6802,0.08
2022-06-23,MIDCPNIFTY,20220628,6188.65,947.8,15.3151,0.09
2022-06-23,NIFTY,20220630,15403.4,1626.6,10.56,0.06
2022-06-24,BANKNIFTY,20220630,33187.05,4547.5,13.7026,0.08
2022-06-24,FINNIFTY,20220628,15427.95,2102.1,13.6253,0.08
2022-06-24,MIDCPNIFTY,20220628,6283.2,961.6,15.3043,0.09
2022-06-24,NIFTY,20220630,15572.95,1640.3,10.533,0.06
2022-06-27,BANKNIFTY,20220630,33654.2,4612.1,13.7044,0.08
2022-06-27,FINNIFTY,20220628,15601.8,2127.2,13.6343,0.08
2022-06-27,MIDCPNIFTY,20220628,6369.85,974.1,15.2924,0.09
2022-06-27,NIFTY,20220630,15712.3,1654.0,10.5268,0.06
2022-06-28,BANKNIFTY,20220630,33862.75,4626.8,13.6634,0.08
2022-06-28,FINNIFTY,20220628,15686.9,2129.9,13.5776,0.08
2022-06-28,MIDCPNIFTY,20220628,6442.0,983.9,15.2732,0.09
2022-06-28,NIFTY,20220630,15835.55,1665.1,10.5149,0.06
2022-06-29,BANKNIFTY,20220630,33678.75,4593.2,13.6383,0.08
2022-06-29,FINNIFTY,20220726,15617.9,2113.2,13.5306,0.08
2022-06-29,MIDCPNIFTY,20220705,6460.1,985.5,15.2552,0.09
2022-06-29,NIFTY,20220630,15847.7,1662.8,10.4924,0.06
2022-06-30,BANKNIFTY,20220630,33273.05,4537.9,13.6384,0.08
2022-06-30,FINNIFTY,20220726,15462.45,2089.5,13.5134,0.08
2022-06-30,MIDCPNIFTY,20220705,6432.85,978.9,15.2172,0.09
2022-06-30,NIFTY,20220630,15779.9,1654.0,10.4817,0.06
2022-07-01,BANKNIFTY,20220728,33396.95,4547.2,13.6156,0.08
2022-07-01,FINNIFTY,20220726,15455.85,2092.8,13.5405,0.08
2022-07-01,MIDCPNIFTY,20220705,6365.6,967.1,15.1926,0.09
2022-07-01,NIFTY,20220728,15744.35,1647.8,10.466,0.06
2022-07-04,BANKNIFTY,20220728,33638.65,4553.8,13.5374,0.08
2022-07-04,FINNIFTY,20220726,15660.55,2111.2,13.481,0.08
2022-07-04,MIDCPNIFTY,20220705,6386.45,968.2,15.1602,0.09
2022-07-04,NIFTY,20220728,15754.25,1640.6,10.4137,0.06
2022-07-05,BANKNIFTY,20220728,34012.6,4602.3,13.5312,0.08
2022-07-05,FINNIFTY,20220726,15792.55,2126.7,13.4665,0.08
2022-07-05,MIDCPNIFTY,20220705,6423.9,972.3,15.1357,0.09
2022-07-05,NIFTY,20220728,15836.95,1645.8,10.3922,0.06
2022-07-06,BANKNIFTY,20220728,33827.15,4574.8,13.524,0.08
2022-07-06,FINNIFTY,20220726,15744.35,2116.8,13.4448,0.08
2022-07-06,MIDCPNIFTY,20220712,6399.65,965.5,15.0868,0.08
2022-07-06,NIFTY,20220728,15776.05,1639.7,10.3936,0.06
2022-07-07,BANKNIFTY,20220728,34370.1,4643.6,13.5106,0.08
2022-07-07,FINNIFTY,20220726,16013.9,2151.3,13.434,0.08
2022-07-07,MIDCPNIFTY,20220712,6537.3,987.3,15.1026,0.09
2022-07-07,NIFTY,20220728,15990.45,1659.0,10.3749,0.06
2022-07-08,BANKNIFTY,20220728,34981.8,4727.3,13.5136,0.08
2022-07-08,FINNIFTY,20220726,16190.8,2175.2,13.4348,0.08
2022-07-08,MIDCPNIFTY,20220712,6609.7,996.3,15.0733,0.08
2022-07-08,NIFTY,20220728,16148.15,1672.4,10.3566,0.06
2022-07-11,BANKNIFTY,20220728,35173.7,4744.0,13.4873,0.08
2022-07-11,FINNIFTY,20220726,16264.85,2181.0,13.4093,0.08
2022-07-11,MIDCPNIFTY,20220712,6617.4,995.2,15.0391,0.08
2022-07-11,NIFTY,20220728,16225.2,1677.9,10.3413,0.06
2022-07-12,BANKNIFTY,20220728,35487.9,4782.8,13.4773,0.08
2022-07-12,FINNIFTY,20220726,16385.2,2190.8,13.3706,0.08
2022-07-12,MIDCPNIFTY,20220712,6613.0,992.6,15.0098,0.08
2022-07-12,NIFTY,20220728,16203.5,1673.1,10.3255,0.06
2022-07-13,BANKNIFTY,20220728,35166.65,4729.5,13.4488,0.08
2022-07-13,FINNIFTY,20220726,16235.3,2165.1,13.3358,0.08
2022-07-13,MIDCPNIFTY,20220719,6579.65,984.5,14.9628,0.08
2022-07-13,NIFTY,20220728,16044.25,1656.1,10.3221,0.06
2022-07-14,BANKNIFTY,20220728,34923.1,4679.2,13.3986,0.08
2022-07-14,FINNIFTY,20220726,16128.25,2139.9,13.268,0.08
2022-07-14,MIDCPNIFTY,20220719,6630.95,990.2,14.933,0.08
2022-07-14,NIFTY,20220728,15979.9,1642.4,10.2779,0.06
2022-07-15,BANKNIFTY,20220728,34720.95,4644.7,13.3772,0.08
2022-07-15,FINNIFTY,20220726,16021.0,2129.6,13.2926,0.07
2022-07-15,MIDCPNIFTY,20220719,6609.0,985.0,14.9039,0.08
2022-07-15,NIFTY,20220728,15932.55,1636.0,10.2683,0.06
2022-07-18,BANKNIFTY,20220728,34782.3,4638.2,13.3349,0.08
2022-07-18,FINNIFTY,20220726,16142.5,2140.5,13.26,0.07
2022-07-18,MIDCPNIFTY,20220719,6681.95,993.7,14.8714,0.08
2022-07-18,NIFTY,20220728,16068.3,1645.2,10.2388,0.06
2022-07-19,BANKNIFTY,20220728,35428.55,4733.3,13.3601,0.08
2022-07-19,FINNIFTY,20220726,16370.75,2170.2,13.2566,0.07
2022-07-19,MIDCPNIFTY,20220719,6774.5,1006.7,14.8601,0.08
2022-07-19,NIFTY,20220728,16300.25,1670.2,10.2465,0.06
2022-07-20,BANKNIFTY,20220728,35742.6,4772.2,13.3516,0.08
2022-07-20,FINNIFTY,20220726,16451.0,2177.6,13.2369,0.07
2022-07-20,MIDCPNIFTY,20220726,6830.0,1008.8,14.7701,0.08
2022-07-20,NIFTY,20220728,16346.95,1672.9,10.2337,0.06
2022-07-21,BANKNIFTY,20220728,35966.75,4796.2,13.3351,0.08
2022-07-21,FINNIFTY,20220726,16532.0,2184.9,13.2162,0.07
2022-07-21,MIDCPNIFTY,20220726,6858.15,1013.8,14.7824,0.08
2022-07-21,NIFTY,20220728,16519.6,1690.6,10.2339,0.06
2022-07-22,BANKNIFTY,20220728,36191.2,4817.1,13.3101,0.07
2022-07-22,FINNIFTY,20220726,16596.05,2189.1,13.1905,0.07
2022-07-22,MIDCPNIFTY,20220726,6931.85,1023.0,14.758,0.08
2022-07-22,NIFTY,20220728,16597.5,1695.6,10.216,0.06
2022-07-25,BANKNIFTY,20220728,36719.1,4887.1,13.3094,0.07
2022-07-25,FINNIFTY,20220726,16828.2,2222.4,13.2064,0.07
2022-07-25,MIDCPNIFTY,20220726,6946.5,1022.8,14.724,0.08
2022-07-25,NIFTY,20220728,16722.6,1704.3,10.1916,0.06
2022-07-26,BANKNIFTY,20220728,36713.5,4872.3,13.2711,0.07
2022-07-26,FINNIFTY,20220726,16840.2,2213.6,13.1447,0.07
2022-07-26,MIDCPNIFTY,20220726,6936.1,1019.3,14.6956,0.08
2022-07-26,NIFTY,20220728,16632.1,1691.6,10.1707,0.06
2022-07-27,BANKNIFTY,20220728,36379.05,4822.1,13.2552,0.07
2022-07-27,FINNIFTY,20220830,16774.1,2195.5,13.0886,0.07
2022-07-27,MIDCPNIFTY,20220802,6828.05,1000.1,14.6469,0.08
2022-07-27,NIFTY,20220728,16491.3,1675.1,10.1575,0.06
2022-07-28,BANKNIFTY,20220728,36756.1,4865.2,13.2364,0.07
2022-07-28,FINNIFTY,20220830,16910.95,2210.2,13.0696,0.07
2022-07-28,MIDCPNIFTY,20220802,6890.9,1007.9,14.6265,0.08
2022-07-28,NIFTY,20220728,16653.3,1689.7,10.1463,0.06
2022-07-29,BANKNIFTY,20220825,37422.45,4943.9,13.2111,0.07
2022-07-29,FINNIFTY,20220830,17319.7,2271.0,13.1122,0.07
2022-07-29,MIDCPNIFTY,20220802,6953.6,1015.4,14.6025,0.08
2022-07-29,NIFTY,20220825,16955.2,1722.7,10.1603,0.06
2022-08-01,BANKNIFTY,20220825,37567.15,4947.2,13.169,0.07
2022-08-01,FINNIFTY,20220830,17483.6,2287.9,13.086,0.07
2022-08-01,MIDCPNIFTY,20220802,7059.65,1030.4,14.5956,0.08
2022-08-01,NIFTY,20220825,17201.85,1747.5,10.1588,0.06
2022-08-02,BANKNIFTY,20220825,37939.4,4994.8,13.1652,0.07
2022-08-02,FINNIFTY,20220830,17624.9,2303.2,13.0679,0.07
2022-08-02,MIDCPNIFTY,20220802,7194.25,1051.1,14.6103,0.08
2022-08-02,NIFTY,20220825,17378.3,1765.2,10.1575,0.06
2022-08-03,BANKNIFTY,20220825,38023.9,4998.9,13.1467,0.07
2022-08-03,FINNIFTY,20220830,17568.65,2291.0,13.0403,0.07
2022-08-03,MIDCPNIFTY,20220808,7217.2,1050.9,14.561,0.08
2022-08-03,NIFTY,20220825,17346.3,1761.1,10.1526,0.06
2022-08-04,BANKNIFTY,20220825,38031.8,4980.8,13.0964,0.07
2022-08-04,FINNIFTY,20220830,17576.7,2287.2,13.0127,0.07
2022-08-04,MIDCPNIFTY,20220808,7141.05,1037.7,14.5315,0.08
2022-08-04,NIFTY,20220825,17407.15,1761.6,10.12,0.06
2022-08-05,BANKNIFTY,20220825,37771.5,4940.1,13.0789,0.07
2022-08-05,FINNIFTY,20220830,17480.3,2272.2,12.9986,0.07
2022-08-05,MIDCPNIFTY,20220808,7186.35,1042.2,14.5025,0.08
2022-08-05,NIFTY,20220825,17387.85,1756.4,10.1013,0.06
2022-08-08,BANKNIFTY,20220825,37959.45,4951.6,13.0444,0.07
2022-08-08,FINNIFTY,20220830,17558.05,2274.9,12.9565,0.07
2022-08-08,MIDCPNIFTY,20220808,7176.65,1038.4,14.4691,0.08
2022-08-08,NIFTY,20220825,17416.15,1754.1,10.0717,0.06
2022-08-10,BANKNIFTY,20220825,38287.75,4984.5,13.0185,0.07
2022-08-10,FINNIFTY,20220830,17745.4,2292.9,12.9211,0.07
2022-08-10,MIDCPNIFTY,20220816,7239.85,1044.8,14.4312,0.08
2022-08-10,NIFTY,20220825,17557.75,1764.6,10.0503,0.06
2022-08-11,BANKNIFTY,20220825,38356.7,4977.5,12.9769,0.07
2022-08-11,FINNIFTY,20220830,17741.0,2287.6,12.8944,0.07
2022-08-11,MIDCPNIFTY,20220816,7225.65,1040.5,14.4001,0.08
2022-08-11,NIFTY,20220825,17558.25,1760.9,10.0289,0.06
2022-08-12,BANKNIFTY,20220825,38943.65,5054.4,12.9788,0.07
2022-08-12,FINNIFTY,20220830,17999.65,2322.7,12.9041,0.07
2022-08-12,MIDCPNIFTY,20220816,7292.5,1048.3,14.375,0.08
2022-08-12,NIFTY,20220825,17684.95,1770.2,10.0096,0.06
2022-08-16,BANKNIFTY,20220825,39077.7,5063.4,12.9573,0.07
2022-08-16,FINNIFTY,20220830,18054.9,2327.2,12.8896,0.07
2022-08-16,MIDCPNIFTY,20220816,7289.8,1049.5,14.3968,0.08
2022-08-16,NIFTY,20220825,17713.05,1770.2,9.9938,0.06
2022-08-17,BANKNIFTY,20220825,39308.65,5078.5,12.9195,0.07
2022-08-17,FINNIFTY,20220830,18190.8,2340.7,12.8675,0.07
2022-08-17,MIDCPNIFTY,20220823,7393.75,1058.0,14.3094,0.08
2022-08-17,NIFTY,20220825,17850.65,1780.6,9.975,0.06
2022-08-18,BANKNIFTY,20220825,39513.45,5096.8,12.8989,0.07
2022-08-18,FINNIFTY,20220830,18365.4,2356.8,12.8328,0.07
2022-08-18,MIDCPNIFTY,20220823,7462.0,1066.2,14.2884,0.08
2022-08-18,NIFTY,20220825,17974.1,1789.3,9.9549,0.06
2022-08-19,BANKNIFTY,20220825,39713.45,5109.5,12.8659,0.07
2022-08-19,FINNIFTY,20220830,18403.2,2358.5,12.8157,0.07
2022-08-19,MIDCPNIFTY,20220823,7486.6,1067.3,14.2561,0.08
2022-08-19,NIFTY,20220825,17980.35,1785.7,9.9314,0.06
2022-08-22,BANKNIFTY,20220825,39002.35,5028.4,12.8926,0.07
2022-08-22,FINNIFTY,20220830,18112.8,2322.0,12.8197,0.07
2022-08-22,MIDCPNIFTY,20220823,7397.4,1053.4,14.2401,0.08
2022-08-22,NIFTY,20220825,17759.5,1766.8,9.9485,0.06
2022-08-23,BANKNIFTY,20220825,38332.85,4943.0,12.8949,0.07
2022-08-23,FINNIFTY,20220830,17752.65,2281.7,12.8527,0.07
2022-08-23,MIDCPNIFTY,20220823,7242.95,1033.5,14.269,0.08
2022-08-23,NIFTY,20220825,17492.25,1743.3,9.9661,0.06
2022-08-24,BANKNIFTY,20220825,38776.05,4989.5,12.8675,0.07
2022-08-24,FINNIFTY,20220830,17920.25,2294.9,12.8062,0.07
2022-08-24,MIDCPNIFTY,20220830,7342.4,1045.4,14.2379,0.08
2022-08-24,NIFTY,20220825,17585.55,1748.0,9.94,0.06
2022-08-25,BANKNIFTY,20220825,39075.4,5024.8,12.8592,0.07
2022-08-25,FINNIFTY,20220830,18015.85,2301.6,12.7754,0.07
2022-08-25,MIDCPNIFTY,20220830,7416.95,1046.8,14.1136,0.08
2022-08-25,NIFTY,20220825,17617.25,1746.8,9.9153,0.06
2022-08-26,BANKNIFTY,20220929,39100.65,5001.4,12.7911,0.07
2022-08-26,FINNIFTY,20220830,17958.35,2287.0,12.735,0.07
2022-08-26,MIDCPNIFTY,20220830,7341.55,1042.3,14.1973,0.08
2022-08-26,NIFTY,20220929,17588.4,1735.5,9.8673,0.06
2022-08-29,BANKNIFTY,20220929,39221.85,4993.9,12.7324,0.07
2022-08-29,FINNIFTY,20220830,17979.8,2283.7,12.7015,0.07
2022-08-29,MIDCPNIFTY,20220830,7371.05,1044.1,14.1649,0.08
2022-08-29,NIFTY,20220929,17653.75,1735.2,9.8291,0.06
2022-08-30,BANKNIFTY,20220929,38441.75,4913.1,12.7806,0.07
2022-08-30,FINNIFTY,20220830,17617.05,2249.9,12.7712,0.07
2022-08-30,MIDCPNIFTY,20220830,7268.9,1029.4,14.1617,0.08
2022-08-30,NIFTY,20220929,17370.25,1714.8,9.8721,0.06
2022-09-01,BANKNIFTY,20220929,39707.6,5120.5,12.8955,0.07
2022-09-01,FINNIFTY,20220927,18257.6,2342.3,12.8292,0.07
2022-09-01,MIDCPNIFTY,20220906,7414.75,1049.8,14.1583,0.08
2022-09-01,NIFTY,20220929,17827.5,1776.3,9.9638,0.06
2022-09-02,BANKNIFTY,20220929,39466.75,5077.8,12.866,0.07
2022-09-02,FINNIFTY,20220927,18099.9,2315.2,12.7912,0.07
2022-09-02,MIDCPNIFTY,20220906,7432.7,1050.0,14.1268,0.08
2022-09-02,NIFTY,20220929,17592.4,1755.5,9.9787,0.06
2022-09-05,BANKNIFTY,20220929,39542.25,5081.0,12.8495,0.07
2022-09-05,FINNIFTY,20220927,18186.75,2321.3,12.7637,0.07
2022-09-05,MIDCPNIFTY,20220906,7431.45,1047.3,14.0928,0.08
2022-09-05,NIFTY,20220929,17562.75,1751.2,9.9711,0.06
2022-09-06,BANKNIFTY,20220929,39920.85,5123.5,12.8341,0.07
2022-09-06,FINNIFTY,20220927,18305.4,2331.5,12.7367,0.07
2022-09-06,MIDCPNIFTY,20220906,7460.0,1050.8,14.0858,0.08
2022-09-06,NIFTY,20220929,17710.0,1761.5,9.9464,0.06
2022-09-07,BANKNIFTY,20220929,39812.25,5093.3,12.7933,0.07
2022-09-07,FINNIFTY,20220927,18263.3,2317.3,12.6883,0.07
2022-09-07,MIDCPNIFTY,20220913,7488.7,1049.9,14.0198,0.08
2022-09-07,NIFTY,20220929,17682.95,1756.6,9.9339,0.06
2022-09-08,BANKNIFTY,20220929,39592.6,5055.7,12.7693,0.07
2022-09-08,FINNIFTY,20220927,18194.0,2305.1,12.6696,0.07
2022-09-08,MIDCPNIFTY,20220913,7541.5,1055.5,13.9959,0.08
2022-09-08,NIFTY,20220929,17651.05,1748.8,9.9076,0.06
2022-09-09,BANKNIFTY,20220929,40312.4,5157.6,12.7941,0.07
2022-09-09,FINNIFTY,20220927,18432.3,2337.7,12.6826,0.07
2022-09-09,MIDCPNIFTY,20220913,7556.9,1055.1,13.9621,0.08
2022-09-09,NIFTY,20220929,17824.35,1764.5,9.8994,0.06
2022-09-12,BANKNIFTY,20220929,40504.5,5171.5,12.7677,0.07
2022-09-12,FINNIFTY,20220927,18435.55,2328.7,12.6316,0.07
2022-09-12,MIDCPNIFTY,20220913,7590.4,1057.6,13.9334,0.08
2022-09-12,NIFTY,20220929,17866.45,1763.9,9.8727,0.06
2022-09-13,BANKNIFTY,20220929,40673.7,5179.2,12.7335,0.07
2022-09-13,FINNIFTY,20220927,18493.7,2329.8,12.5978,0.07
2022-09-13,MIDCPNIFTY,20220913,7670.35,1067.5,13.9172,0.08
2022-09-13,NIFTY,20220929,17964.35,1770.9,9.8579,0.06
2022-09-14,BANKNIFTY,20220929,40941.4,5208.3,12.7214,0.07
2022-09-14,FINNIFTY,20220927,18636.55,2346.8,12.5925,0.07
2022-09-14,MIDCPNIFTY,20220920,7676.95,1064.7,13.8688,0.08
2022-09-14,NIFTY,20220929,18105.5,1781.7,9.8407,0.06
2022-09-15,BANKNIFTY,20220929,41445.15,5270.6,12.717,0.07
2022-09-15,FINNIFTY,20220927,18735.2,2359.5,12.5939,0.07
2022-09-15,MIDCPNIFTY,20220920,7626.15,1055.8,13.8445,0.08
2022-09-15,NIFTY,20220929,18020.4,1771.2,9.8289,0.06
2022-09-16,BANKNIFTY,20220929,41302.6,5232.8,12.6694,0.07
2022-09-16,FINNIFTY,20220927,18682.05,2342.3,12.5377,0.07
2022-09-16,MIDCPNIFTY,20220920,7654.15,1057.1,13.8108,0.08
2022-09-16,NIFTY,20220929,17891.8,1756.4,9.8168,0.06
2022-09-19,BANKNIFTY,20220929,40837.6,5172.4,12.6658,0.07
2022-09-19,FINNIFTY,20220927,18404.4,2306.8,12.534,0.07
2022-09-19,MIDCPNIFTY,20220920,7410.4,1031.2,13.9156,0.08
2022-09-19,NIFTY,20220929,17566.15,1728.6,9.8405,0.06
2022-09-20,BANKNIFTY,20220929,40931.2,5175.9,12.6454,0.07
2022-09-20,FINNIFTY,20220927,18517.75,2317.0,12.5123,0.07
2022-09-20,MIDCPNIFTY,20220920,7389.95,1026.2,13.8864,0.08
2022-09-20,NIFTY,20220929,17628.0,1733.7,9.8349,0.06
2022-09-21,BANKNIFTY,20220929,41494.8,5245.4,12.6411,0.07
2022-09-21,FINNIFTY,20220927,18751.6,2347.7,12.52,0.07
2022-09-21,MIDCPNIFTY,20220927,7505.7,1041.0,13.8695,0.08
2022-09-21,NIFTY,20220929,17825.65,1752.8,9.833,0.06
2022-09-22,BANKNIFTY,20220929,41244.95,5200.9,12.6098,0.07
2022-09-22,FINNIFTY,20220927,18634.95,2331.6,12.512,0.07
2022-09-22,MIDCPNIFTY,20220927,7463.95,1033.0,13.8399,0.08
2022-09-22,NIFTY,20220929,17731.45,1739.2,9.8086,0.06
2022-09-23,BANKNIFTY,20220929,40697.35,5126.8,12.5974,0.07
2022-09-23,FINNIFTY,20220927,18414.8,2297.7,12.4775,0.07
2022-09-23,MIDCPNIFTY,20220927,7498.65,1035.6,13.8105,0.08
2022-09-23,NIFTY,20220929,17647.6,1727.4,9.7883,0.06
2022-09-26,BANKNIFTY,20220929,39642.75,5016.3,12.6538,0.07
2022-09-26,FINNIFTY,20220927,17984.5,2249.5,12.508,0.07
2022-09-26,MIDCPNIFTY,20220927,7307.95,1013.0,13.8616,0.08
2022-09-26,NIFTY,20220929,17335.85,1703.1,9.8242,0.06
2022-09-27,BANKNIFTY,20220929,38678.85,4919.0,12.7175,0.07
2022-09-27,FINNIFTY,20220927,17568.2,2210.2,12.5807,0.07
2022-09-27,MIDCPNIFTY,20220927,7083.55,989.0,13.9619,0.08
2022-09-27,NIFTY,20220929,17028.75,1678.6,9.8574,0.06
2022-09-28,BANKNIFTY,20220929,38466.1,4876.0,12.6761,0.07
2022-09-28,FINNIFTY,20221025,17570.1,2187.0,12.4473,0.07
2022-09-28,MIDCPNIFTY,20221004,7080.05,985.1,13.9137,0.08
2022-09-28,NIFTY,20220929,17018.65,1673.2,9.8316,0.06
2022-09-29,BANKNIFTY,20220929,37809.9,4803.2,12.7036,0.07
2022-09-29,FINNIFTY,20221025,17280.95,2161.7,12.5092,0.07
2022-09-29,MIDCPNIFTY,20221004,7049.1,978.7,13.884,0.08
2022-09-29,NIFTY,20220929,16858.7,1657.1,9.8293,0.06
2022-09-30,BANKNIFTY,20221027,37861.3,4777.2,12.6176,0.07
2022-09-30,FINNIFTY,20221025,17203.65,2146.2,12.4753,0.07
2022-09-30,MIDCPNIFTY,20221004,7074.45,979.9,13.8513,0.08
2022-09-30,NIFTY,20221027,16833.3,1649.3,9.7978,0.06
2022-10-03,BANKNIFTY,20221027,38807.35,4924.4,12.6893,0.07
2022-10-03,FINNIFTY,20221025,17575.3,2199.7,12.5159,0.07
2022-10-03,MIDCPNIFTY,20221004,7210.0,999.8,13.8669,0.08
2022-10-03,NIFTY,20221027,17103.2,1680.2,9.8239,0.06
2022-10-04,BANKNIFTY,20221027,38159.15,4849.3,12.7081,0.07
2022-10-04,FINNIFTY,20221025,17316.15,2170.0,12.5317,0.07
2022-10-04,MIDCPNIFTY,20221004,7096.9,984.6,13.8737,0.08
2022-10-04,NIFTY,20221027,16895.65,1660.6,9.8286,0.06
2022-10-06,BANKNIFTY,20221027,39267.95,5020.1,12.7842,0.07
2022-10-06,FINNIFTY,20221025,17816.05,2244.1,12.5959,0.07
2022-10-06,MIDCPNIFTY,20221011,7332.05,1023.0,13.9524,0.08
2022-10-06,NIFTY,20221027,17293.0,1711.0,9.8942,0.06
2022-10-07,BANKNIFTY,20221027,39378.25,5030.0,12.7735,0.07
2022-10-07,FINNIFTY,20221025,17798.65,2239.6,12.583,0.07
2022-10-07,MIDCPNIFTY,20221011,7441.55,1038.0,13.9487,0.08
2022-10-07,NIFTY,20221027,17325.45,1712.8,9.886,0.06
2022-10-10,BANKNIFTY,20221027,39291.05,5004.4,12.7367,0.07
2022-10-10,FINNIFTY,20221025,17759.2,2228.8,12.5501,0.07
2022-10-10,MIDCPNIFTY,20221011,7413.25,1031.9,13.9197,0.08
2022-10-10,NIFTY,20221027,17328.85,1706.5,9.8477,0.06
2022-10-11,BANKNIFTY,20221027,39216.6,4981.4,12.7023,0.07
2022-10-11,FINNIFTY,20221025,17682.35,2214.0,12.521,0.07
2022-10-11,MIDCPNIFTY,20221011,7333.0,1019.6,13.9043,0.08
2022-10-11,NIFTY,20221027,17227.45,1696.2,9.8459,0.06
2022-10-12,BANKNIFTY,20221027,38810.15,4926.1,12.6928,0.07
2022-10-12,FINNIFTY,20221025,17519.35,2188.6,12.4925,0.07
2022-10-12,MIDCPNIFTY,20221018,7226.25,1003.7,13.8896,0.08
2022-10-12,NIFTY,20221027,16978.2,1673.9,9.8591,0.06
2022-10-13,BANKNIFTY,20221027,39214.7,4972.5,12.6802,0.07
2022-10-13,FINNIFTY,20221025,17637.6,2203.3,12.4921,0.07
2022-10-13,MIDCPNIFTY,20221018,7278.85,1008.9,13.8607,0.08
2022-10-13,NIFTY,20221027,17114.8,1685.4,9.8476,0.06
2022-10-14,BANKNIFTY,20221027,38738.65,4904.5,12.6605,0.07
2022-10-14,FINNIFTY,20221025,17435.65,2174.2,12.4699,0.07
2022-10-14,MIDCPNIFTY,20221018,7210.2,998.0,13.8415,0.08
2022-10-14,NIFTY,20221027,17010.85,1671.6,9.8267,0.06
2022-10-17,BANKNIFTY,20221027,39395.35,4994.6,12.6781,0.07
2022-10-17,FINNIFTY,20221025,17723.05,2215.3,12.4995,0.07
2022-10-17,MIDCPNIFTY,20221018,7196.85,993.8,13.8088,0.08
2022-10-17,NIFTY,20221027,17195.5,1687.7,9.8148,0.06
2022-10-18,BANKNIFTY,20221027,39975.85,5072.7,12.6894,0.07
2022-10-18,FINNIFTY,20221025,17924.3,2238.3,12.4875,0.07
2022-10-18,MIDCPNIFTY,20221018,7239.95,998.3,13.7888,0.08
2022-10-18,NIFTY,20221027,17300.3,1697.0,9.8091,0.06
2022-10-19,BANKNIFTY,20221027,40380.1,5116.1,12.6699,0.07
2022-10-19,FINNIFTY,20221025,18037.55,2247.6,12.4607,0.07
2022-10-19,MIDCPNIFTY,20221025,7353.6,1012.3,13.766,0.08
2022-10-19,NIFTY,20221027,17502.0,1714.2,9.7943,0.06
2022-10-20,BANKNIFTY,20221027,40401.75,5110.5,12.6492,0.07
2022-10-20,FINNIFTY,20221025,18100.55,2251.0,12.4361,0.07
2022-10-20,MIDCPNIFTY,20221025,7378.35,1013.6,13.7375,0.08
2022-10-20,NIFTY,20221027,17494.65,1712.0,9.7858,0.06
2022-10-21,BANKNIFTY,20221027,40205.35,5063.4,12.5938,0.07
2022-10-21,FINNIFTY,20221025,18078.8,2240.8,12.3946,0.07
2022-10-21,MIDCPNIFTY,20221025,7325.1,1004.1,13.7077,0.08
2022-10-21,NIFTY,20221027,17540.7,1713.1,9.7664,0.05
2022-10-24,BANKNIFTY,20221027,40788.3,5149.8,12.6257,0.07
2022-10-24,FINNIFTY,20221025,18220.65,2253.8,12.3695,0.07
2022-10-24,MIDCPNIFTY,20221025,7256.5,993.3,13.6884,0.08
2022-10-24,NIFTY,20221027,17564.45,1710.4,9.7379,0.05
2022-10-25,BANKNIFTY,20221027,41270.0,5210.1,12.6244,0.07
2022-10-25,FINNIFTY,20221025,18412.75,2279.9,12.3822,0.07
2022-10-25,MIDCPNIFTY,20221025,7281.25,994.9,13.6639,0.08
2022-10-25,NIFTY,20221027,17732.55,1723.9,9.7217,0.05
2022-10-27,BANKNIFTY,20221027,41111.15,5176.1,12.5905,0.07
2022-10-27,FINNIFTY,20221129,18351.6,2257.2,12.2997,0.07
2022-10-27,MIDCPNIFTY,20221101,7295.65,993.3,13.615,0.08
2022-10-27,NIFTY,20221027,17654.95,1712.7,9.701,0.05
2022-10-28,BANKNIFTY,20221124,41483.15,5185.5,12.5003,0.07
2022-10-28,FINNIFTY,20221129,18397.8,2258.9,12.2781,0.07
2022-10-28,MIDCPNIFTY,20221101,7341.2,999.8,13.619,0.08
2022-10-28,NIFTY,20221124,17789.2,1717.4,9.6542,0.05
2022-10-31,BANKNIFTY,20221124,41149.45,5137.7,12.4855,0.07
2022-10-31,FINNIFTY,20221129,18354.8,2247.1,12.2426,0.07
2022-10-31,MIDCPNIFTY,20221101,7292.2,993.3,13.6214,0.08
2022-10-31,NIFTY,20221124,17830.2,1718.3,9.637,0.05
2022-11-01,BANKNIFTY,20221124,41466.8,5168.3,12.4637,0.07
2022-11-01,FINNIFTY,20221129,18587.3,2276.6,12.2481,0.07
2022-11-01,MIDCPNIFTY,20221101,7417.4,1011.2,13.6328,0.08
2022-11-01,NIFTY,20221124,18051.05,1740.8,9.6438,0.05
2022-11-02,BANKNIFTY,20221124,41477.3,5153.1,12.4239,0.07
2022-11-02,FINNIFTY,20221129,18657.4,2280.0,12.2204,0.07
2022-11-02,MIDCPNIFTY,20221107,7503.0,1020.3,13.5986,0.08
2022-11-02,NIFTY,20221124,18211.2,1752.1,9.621,0.05
2022-11-03,BANKNIFTY,20221124,41312.7,5124.3,12.4037,0.07
2022-11-03,FINNIFTY,20221129,18607.7,2270.7,12.203,0.07
2022-11-03,MIDCPNIFTY,20221107,7495.65,1017.2,13.5705,0.08
2022-11-03,NIFTY,20221124,18146.75,1742.0,9.5995,0.05
2022-11-04,BANKNIFTY,20221124,41458.65,5130.4,12.3747,0.07
2022-11-04,FINNIFTY,20221129,18642.95,2265.5,12.152,0.07
2022-11-04,MIDCPNIFTY,20221107,7492.9,1014.3,13.5368,0.08
2022-11-04,NIFTY,20221124,18118.8,1735.1,9.5762,0.05
2022-11-07,BANKNIFTY,20221124,41419.0,5112.6,12.3436,0.07
2022-11-07,FINNIFTY,20221129,18669.4,2261.9,12.1155,0.07
2022-11-07,MIDCPNIFTY,20221107,7449.85,1006.4,13.509,0.08
2022-11-07,NIFTY,20221124,18194.0,1737.3,9.5488,0.05
2022-11-09,BANKNIFTY,20221124,41845.25,5158.3,12.3271,0.07
2022-11-09,FINNIFTY,20221129,18797.45,2274.7,12.1011,0.07
2022-11-09,MIDCPNIFTY,20221115,7526.3,1014.2,13.4754,0.08
2022-11-09,NIFTY,20221124,18264.15,1741.5,9.5351,0.05
2022-11-10,BANKNIFTY,20221124,41926.4,5159.1,12.3051,0.07
2022-11-10,FINNIFTY,20221129,18755.3,2262.8,12.0649,0.07
2022-11-10,MIDCPNIFTY,20221115,7435.65,1001.3,13.4662,0.08
2022-11-10,NIFTY,20221124,18216.8,1733.1,9.5137,0.05
2022-11-11,BANKNIFTY,20221124,41731.05,5124.0,12.2786,0.07
2022-11-11,FINNIFTY,20221129,18689.25,2247.6,12.0262,0.07
2022-11-11,MIDCPNIFTY,20221115,7347.5,988.6,13.4549,0.08
2022-11-11,NIFTY,20221124,18092.65,1718.4,9.4978,0.05
2022-11-14,BANKNIFTY,20221124,42293.3,5187.8,12.2662,0.07
2022-11-14,FINNIFTY,20221129,19096.65,2303.9,12.0644,0.07
2022-11-14,MIDCPNIFTY,20221115,7336.75,984.7,13.4215,0.08
2022-11-14,NIFTY,20221124,18424.0,1755.5,9.5283,0.05
2022-11-15,BANKNIFTY,20221124,42202.65,5169.1,12.2483,0.07
2022-11-15,FINNIFTY,20221129,19032.25,2293.5,12.0506,0.07
2022-11-15,MIDCPNIFTY,20221115,7325.75,981.5,13.3979,0.08
2022-11-15,NIFTY,20221124,18379.2,1749.5,9.5189,0.05
2022-11-16,BANKNIFTY,20221124,42483.7,5194.2,12.2263,0.07
2022-11-16,FINNIFTY,20221129,19114.15,2302.1,12.044,0.07
2022-11-16,MIDCPNIFTY,20221122,7329.95,978.4,13.348,0.08
2022-11-16,NIFTY,20221124,18462.05,1753.3,9.4968,0.05
2022-11-17,BANKNIFTY,20221124,42579.9,5200.9,12.2144,0.07
2022-11-17,FINNIFTY,20221129,19174.0,2304.8,12.0204,0.07
2022-11-17,MIDCPNIFTY,20221122,7263.15,968.1,13.3289,0.08
2022-11-17,NIFTY,20221124,18451.85,1749.0,9.4787,0.05
2022-11-18,BANKNIFTY,20221124,42531.55,5178.3,12.1752,0.07
2022-11-18,FINNIFTY,20221129,19137.05,2290.3,11.9679,0.07
2022-11-18,MIDCPNIFTY,20221122,7241.1,963.1,13.3005,0.07
2022-11-18,NIFTY,20221124,18378.4,1739.5,9.4649,0.05
2022-11-21,BANKNIFTY,20221124,42505.2,5164.4,12.15,0.07
2022-11-21,FINNIFTY,20221129,19132.75,2283.6,11.9356,0.07
2022-11-21,MIDCPNIFTY,20221122,7189.1,954.4,13.2757,0.07
2022-11-21,NIFTY,20221124,18355.9,1731.2,9.4313,0.05
2022-11-22,BANKNIFTY,20221124,42366.0,5140.2,12.1328,0.07
2022-11-22,FINNIFTY,20221129,19003.35,2264.9,11.9184,0.07
2022-11-22,MIDCPNIFTY,20221122,7174.45,950.7,13.2512,0.07
2022-11-22,NIFTY,20221124,18192.2,1715.6,9.4304,0.05
2022-11-23,BANKNIFTY,20221124,42478.75,5142.3,12.1056,0.07
2022-11-23,FINNIFTY,20221129,19046.3,2262.6,11.8795,0.07
2022-11-23,MIDCPNIFTY,20221129,7239.1,956.3,13.2102,0.07
2022-11-23,NIFTY,20221124,18281.0,1720.3,9.4103,0.05
2022-11-24,BANKNIFTY,20221124,42746.65,5163.9,12.0802,0.07
2022-11-24,FINNIFTY,20221129,19093.65,2268.1,11.8788,0.07
2022-11-24,MIDCPNIFTY,20221129,7258.6,956.8,13.1816,0.07
2022-11-24,NIFTY,20221124,18286.75,1718.4,9.397,0.05
2022-11-25,BANKNIFTY,20221229,43284.25,5196.2,12.0048,0.07
2022-11-25,FINNIFTY,20221129,19278.25,2289.4,11.8756,0.07
2022-11-25,MIDCPNIFTY,20221129,7286.35,958.4,13.1534,0.07
2022-11-25,NIFTY,20221229,18626.15,1739.6,9.3396,0.05
2022-11-28,BANKNIFTY,20221229,43291.85,5171.8,11.9464,0.07
2022-11-28,FINNIFTY,20221129,19237.4,2277.2,11.8374,0.07
2022-11-28,MIDCPNIFTY,20221129,7342.25,964.0,13.1295,0.07
2022-11-28,NIFTY,20221229,18646.1,1738.2,9.3221,0.05
2022-11-29,BANKNIFTY,20221229,43275.15,5162.8,11.9302,0.07
2022-11-29,FINNIFTY,20221129,19199.6,2269.2,11.819,0.07
2022-11-29,MIDCPNIFTY,20221129,7377.4,966.8,13.1049,0.07
2022-11-29,NIFTY,20221229,18694.1,1738.8,9.3013,0.05
2022-11-30,BANKNIFTY,20221229,43293.75,5155.3,11.9077,0.07
2022-11-30,FINNIFTY,20221227,19364.7,2267.8,11.711,0.07
2022-11-30,MIDCPNIFTY,20221206,7313.25,956.1,13.0735,0.07
2022-11-30,NIFTY,20221229,18733.6,1739.9,9.2876,0.05
2022-12-01,BANKNIFTY,20221229,43452.1,5163.1,11.8823,0.07
2022-12-01,FINNIFTY,20221227,19472.95,2277.7,11.6967,0.07
2022-12-01,MIDCPNIFTY,20221206,7404.4,967.5,13.0666,0.07
2022-12-01,NIFTY,20221229,18874.5,1750.5,9.2744,0.05
2022-12-02,BANKNIFTY,20221229,43475.15,5155.1,11.8576,0.07
2022-12-02,FINNIFTY,20221227,19499.7,2272.8,11.6556,0.07
2022-12-02,MIDCPNIFTY,20221206,7454.95,972.3,13.0423,0.07
2022-12-02,NIFTY,20221229,18948.3,1751.3,9.2425,0.05
2022-12-05,BANKNIFTY,20221229,43336.0,5123.0,11.8216,0.07
2022-12-05,FINNIFTY,20221227,19377.9,2254.6,11.6349,0.07
2022-12-05,MIDCPNIFTY,20221206,7496.45,975.6,13.0142,0.07
2022-12-05,NIFTY,20221229,18812.55,1738.74,9.2424,0.05
2022-12-06,BANKNIFTY,20221229,43538.9,5138.7,11.8025,0.07
2022-12-06,FINNIFTY,20221227,19411.8,2255.0,11.6166,0.07
2022-12-06,MIDCPNIFTY,20221206,7524.95,972.3,12.921,0.07
2022-12-06,NIFTY,20221229,18817.75,1739.2,9.2423,0.05
2022-12-07,BANKNIFTY,20221229,43457.8,5104.2,11.7452,0.07
2022-12-07,FINNIFTY,20221227,19403.55,2242.6,11.5577,0.07
2022-12-07,MIDCPNIFTY,20221213,7466.35,966.5,12.9447,0.07
2022-12-07,NIFTY,20221229,18771.35,1733.78,9.2363,0.05
2022-12-08,BANKNIFTY,20221229,43331.6,5086.0,11.7374,0.07
2022-12-08,FINNIFTY,20221227,19321.75,2230.3,11.543,0.07
2022-12-08,MIDCPNIFTY,20221213,7419.15,958.5,12.9193,0.07
2022-12-08,NIFTY,20221229,18670.25,1726.13,9.2454,0.05
2022-12-09,BANKNIFTY,20221229,43752.5,5139.0,11.7456,0.07
2022-12-09,FINNIFTY,20221227,19396.6,2238.1,11.5386,0.07
2022-12-09,MIDCPNIFTY,20221213,7439.3,959.0,12.891,0.07
2022-12-09,NIFTY,20221229,18720.15,1730.67,9.245,0.05
2022-12-12,BANKNIFTY,20221229,43773.1,5129.8,11.7191,0.07
2022-12-12,FINNIFTY,20221227,19399.65,2232.8,11.5095,0.07
2022-12-12,MIDCPNIFTY,20221213,7400.3,951.9,12.863,0.07
2022-12-12,NIFTY,20221229,18583.65,1720.18,9.2564,0.05
2022-12-13,BANKNIFTY,20221229,43876.1,5127.0,11.6852,0.07
2022-12-13,FINNIFTY,20221227,19430.45,2229.5,11.4743,0.06
2022-12-13,MIDCPNIFTY,20221213,7417.15,952.2,12.8378,0.07
2022-12-13,NIFTY,20221229,18605.2,1720.24,9.246,0.05
2022-12-14,BANKNIFTY,20221229,44071.0,5143.2,11.6703,0.07
2022-12-14,FINNIFTY,20221227,19505.7,2235.4,11.4602,0.06
2022-12-14,MIDCPNIFTY,20221220,7424.85,949.9,12.7935,0.07
2022-12-14,NIFTY,20221229,18703.85,1730.54,9.2523,0.05
2022-12-15,BANKNIFTY,20221229,44166.2,5143.4,11.6456,0.07
2022-12-15,FINNIFTY,20221227,19534.65,2236.7,11.4499,0.06
2022-12-15,MIDCPNIFTY,20221220,7499.4,958.3,12.7784,0.07
2022-12-15,NIFTY,20221229,18748.9,1735.41,9.2561,0.05
2022-12-16,BANKNIFTY,20221229,43576.45,5077.2,11.6512,0.07
2022-12-16,FINNIFTY,20221227,19269.6,2207.9,11.4579,0.06
2022-12-16,MIDCPNIFTY,20221220,7427.65,947.9,12.7618,0.07
2022-12-16,NIFTY,20221229,18467.0,1712.59,9.2738,0.05
2022-12-19,BANKNIFTY,20221229,43286.8,5035.0,11.6317,0.07
2022-12-19,FINNIFTY,20221227,19167.7,2191.7,11.4343,0.06
2022-12-19,MIDCPNIFTY,20221220,7303.75,933.0,12.7743,0.07
2022-12-19,NIFTY,20221229,18328.65,1699.02,9.2697,0.05
2022-12-20,BANKNIFTY,20221229,43534.8,5048.0,11.5953,0.07
2022-12-20,FINNIFTY,20221227,19337.2,2207.3,11.4148,0.06
2022-12-20,MIDCPNIFTY,20221220,7345.75,936.9,12.7543,0.07
2022-12-20,NIFTY,20221229,18499.3,1713.1,9.2604,0.05
2022-12-21,BANKNIFTY,20221229,43439.5,5028.2,11.5752,0.07
2022-12-21,FINNIFTY,20221227,19260.85,2195.9,11.4008,0.06
2022-12-21,MIDCPNIFTY,20221227,7334.85,932.2,12.7092,0.07
2022-12-21,NIFTY,20221229,18423.95,1709.83,9.2805,0.05
2022-12-22,BANKNIFTY,20221229,42765.35,4947.9,11.5699,0.07
2022-12-22,FINNIFTY,20221227,19007.35,2161.9,11.374,0.06
2022-12-22,MIDCPNIFTY,20221227,7222.95,918.1,12.7109,0.07
2022-12-22,NIFTY,20221229,18275.9,1692.52,9.2609,0.05
2022-12-23,BANKNIFTY,20221229,42471.2,4914.2,11.5707,0.07
2022-12-23,FINNIFTY,20221227,18899.95,2149.3,11.372,0.06
2022-12-23,MIDCPNIFTY,20221227,7167.65,909.7,12.6917,0.07
2022-12-23,NIFTY,20221229,18170.35,1685.84,9.278,0.05
2022-12-26,BANKNIFTY,20221229,41735.45,4835.8,11.5868,0.07
2022-12-26,FINNIFTY,20221227,18639.6,2120.1,11.3742,0.06
2022-12-26,MIDCPNIFTY,20221227,6934.7,888.6,12.8138,0.07
2022-12-26,NIFTY,20221229,17863.9,1656.03,9.2703,0.05
2022-12-27,BANKNIFTY,20221229,42653.9,4966.4,11.6435,0.07
2022-12-27,FINNIFTY,20221227,18946.8,2160.6,11.4035,0.06
2022-12-27,MIDCPNIFTY,20221227,7083.9,910.4,12.8517,0.07
2022-12-27,NIFTY,20221229,18027.3,1675.36,9.2935,0.05
2022-12-28,BANKNIFTY,20221229,42852.8,4981.7,11.6251,0.07
2022-12-28,FINNIFTY,20230131,19110.0,2165.8,11.3333,0.06
2022-12-28,MIDCPNIFTY,20230103,7167.6,919.2,12.8244,0.07
2022-12-28,NIFTY,20221229,18138.0,1686.3,9.2971,0.05
2022-12-29,BANKNIFTY,20221229,42835.85,4964.7,11.5901,0.07
2022-12-29,FINNIFTY,20230131,19071.15,2157.6,11.3134,0.06
2022-12-29,MIDCPNIFTY,20230103,7181.25,918.5,12.7903,0.07
2022-12-29,NIFTY,20221229,18122.35,1685.39,9.3001,0.05
2022-12-30,BANKNIFTY,20230125,43376.65,5006.2,11.5412,0.07
2022-12-30,FINNIFTY,20230131,19178.5,2164.7,11.2871,0.06
2022-12-30,MIDCPNIFTY,20230103,7155.2,913.5,12.7669,0.07
2022-12-30,NIFTY,20230125,18292.25,1691.76,9.2485,0.05
2023-01-02,BANKNIFTY,20230125,43165.9,4965.9,11.5042,0.07
2023-01-02,FINNIFTY,20230131,19068.0,2148.1,11.2655,0.06
2023-01-02,MIDCPNIFTY,20230103,7186.35,915.4,12.738,0.07
2023-01-02,NIFTY,20230125,18206.85,1683.79,9.2481,0.05
2023-01-03,BANKNIFTY,20230125,43393.8,4979.4,11.4749,0.06
2023-01-03,FINNIFTY,20230131,19168.85,2154.4,11.2391,0.06
2023-01-03,MIDCPNIFTY,20230103,7214.0,917.2,12.7142,0.07
2023-01-03,NIFTY,20230125,18275.85,1692.36,9.2601,0.05
2023-01-04,BANKNIFTY,20230125,43609.3,4993.4,11.4503,0.06
2023-01-04,FINNIFTY,20230131,19293.6,2163.9,11.2156,0.06
2023-01-04,MIDCPNIFTY,20230110,7221.55,914.9,12.669,0.07
2023-01-04,NIFTY,20230125,18317.3,1695.63,9.257,0.05
2023-01-05,BANKNIFTY,20230125,43136.15,4936.0,11.4428,0.06
2023-01-05,FINNIFTY,20230131,19103.45,2140.0,11.2022,0.06
2023-01-05,MIDCPNIFTY,20230110,7128.3,903.3,12.672,0.07
2023-01-05,NIFTY,20230125,18103.05,1677.99,9.2691,0.05
2023-01-06,BANKNIFTY,20230125,42770.9,4888.2,11.4288,0.06
2023-01-06,FINNIFTY,20230131,18887.1,2113.1,11.1881,0.06
2023-01-06,MIDCPNIFTY,20230110,7170.65,906.9,12.6474,0.07
2023-01-06,NIFTY,20230125,18066.0,1673.27,9.262,0.05
2023-01-09,BANKNIFTY,20230125,42358.5,4834.4,11.4131,0.06
2023-01-09,FINNIFTY,20230131,18704.85,2091.3,11.1805,0.06
2023-01-09,MIDCPNIFTY,20230110,7125.75,899.1,12.6176,0.07
2023-01-09,NIFTY,20230125,17943.2,1660.93,9.2566,0.05
2023-01-10,BANKNIFTY,20230125,42767.35,4873.9,11.3963,0.06
2023-01-10,FINNIFTY,20230131,18837.7,2101.5,11.1558,0.06
2023-01-10,MIDCPNIFTY,20230110,7168.35,903.1,12.5984,0.07
2023-01-10,NIFTY,20230125,18173.2,1683.41,9.2631,0.05
2023-01-11,BANKNIFTY,20230125,42216.7,4807.0,11.3865,0.06
2023-01-11,FINNIFTY,20230131,18599.45,2072.6,11.1433,0.06
2023-01-11,MIDCPNIFTY,20230117,7140.95,896.8,12.5586,0.07
2023-01-11,NIFTY,20230125,17986.25,1666.02,9.2627,0.05
2023-01-12,BANKNIFTY,20230125,42393.35,4822.5,11.3756,0.06
2023-01-12,FINNIFTY,20230131,18654.15,2078.1,11.1401,0.06
2023-01-12,MIDCPNIFTY,20230117,7114.6,891.4,12.5292,0.07
2023-01-12,NIFTY,20230125,17962.95,1664.3,9.2652,0.05
2023-01-13,BANKNIFTY,20230125,42212.95,4794.1,11.3569,0.06
2023-01-13,FINNIFTY,20230131,18621.15,2069.3,11.1126,0.06
2023-01-13,MIDCPNIFTY,20230117,7081.35,885.5,12.5047,0.07
2023-01-13,NIFTY,20230125,17918.65,1660.81,9.2686,0.05
2023-01-16,BANKNIFTY,20230125,42500.35,4817.7,11.3357,0.06
2023-01-16,FINNIFTY,20230131,18741.95,2077.9,11.0869,0.06
2023-01-16,MIDCPNIFTY,20230117,7059.55,880.8,12.4767,0.07
2023-01-16,NIFTY,20230125,18025.25,1669.96,9.2646,0.05
2023-01-17,BANKNIFTY,20230125,42301.25,4783.3,11.3077,0.06
2023-01-17,FINNIFTY,20230131,18633.55,2058.2,11.0457,0.06
2023-01-17,MIDCPNIFTY,20230117,7002.15,872.5,12.4605,0.07
2023-01-17,NIFTY,20230125,17941.75,1664.22,9.2757,0.05
2023-01-18,BANKNIFTY,20230125,42341.3,4779.7,11.2885,0.06
2023-01-18,FINNIFTY,20230131,18702.45,2064.1,11.0365,0.06
2023-01-18,MIDCPNIFTY,20230124,7002.6,869.5,12.4168,0.07
2023-01-18,NIFTY,20230125,18088.8,1678.96,9.2818,0.05
2023-01-19,BANKNIFTY,20230125,42523.2,4797.75,11.2827,0.06
2023-01-19,FINNIFTY,20230131,18790.05,2075.7,11.0468,0.06
2023-01-19,MIDCPNIFTY,20230124,7047.55,873.3,12.3915,0.07
2023-01-19,NIFTY,20230125,18199.15,1689.38,9.2827,0.05
2023-01-20,BANKNIFTY,20230125,42350.0,4783.16,11.2944,0.06
2023-01-20,FINNIFTY,20230131,18784.25,2069.2,11.0156,0.06
2023-01-20,MIDCPNIFTY,20230124,7049.75,871.6,12.3636,0.07
2023-01-20,NIFTY,20230125,18113.15,1684.03,9.2973,0.05
2023-01-23,BANKNIFTY,20230125,42541.95,4803.27,11.2907,0.06
2023-01-23,FINNIFTY,20230131,18816.55,2067.8,10.9893,0.06
2023-01-23,MIDCPNIFTY,20230124,6979.9,862.2,12.3526,0.07
2023-01-23,NIFTY,20230125,18055.8,1676.57,9.2855,0.05
2023-01-24,BANKNIFTY,20230125,42861.95,4838.8,11.2893,0.06
2023-01-24,FINNIFTY,20230131,18923.15,2076.3,10.9723,0.06
2023-01-24,MIDCPNIFTY,20230124,7053.75,870.5,12.341,0.07
2023-01-24,NIFTY,20230125,18148.15,1685.03,9.2849,0.05
2023-01-25,BANKNIFTY,20230125,42762.25,4828.88,11.2924,0.06
2023-01-25,FINNIFTY,20230131,18948.1,2071.5,10.9325,0.06
2023-01-25,MIDCPNIFTY,20230131,7031.5,864.9,12.3004,0.07
2023-01-25,NIFTY,20230125,18128.25,1685.0,9.2949,0.05
2023-01-27,BANKNIFTY,20230223,41864.45,4706.18,11.2415,0.06
2023-01-27,FINNIFTY,20230131,18514.7,2038.1,11.008,0.06
2023-01-27,MIDCPNIFTY,20230131,6940.5,853.6,12.2988,0.07
2023-01-27,NIFTY,20230223,17985.9,1663.95,9.2514,0.05
2023-01-30,BANKNIFTY,20230223,40661.75,4594.5,11.2993,0.06
2023-01-30,FINNIFTY,20230131,18048.95,2002.1,11.0926,0.06
2023-01-30,MIDCPNIFTY,20230131,6812.65,839.4,12.3212,0.07
2023-01-30,NIFTY,20230223,17687.15,1637.2,9.2564,0.05
2023-01-31,BANKNIFTY,20230223,40704.45,4588.5,11.2727,0.06
2023-01-31,FINNIFTY,20230131,18091.8,2004.0,11.0768,0.06
2023-01-31,MIDCPNIFTY,20230131,6820.65,838.7,12.2965,0.07
2023-01-31,NIFTY,20230223,17741.75,1641.35,9.2513,0.05
2023-02-01,BANKNIFTY,20230223,41063.15,4609.9,11.2264,0.06
2023-02-01,FINNIFTY,20230228,18319.65,2000.4,10.9194,0.06
2023-02-01,MIDCPNIFTY,20230207,6941.7,853.3,12.2924,0.07
2023-02-01,NIFTY,20230223,17798.65,1642.58,9.2287,0.05
2023-02-02,BANKNIFTY,20230223,40727.5,4583.0,11.2528,0.06
2023-02-02,FINNIFTY,20230228,18148.2,1996.9,11.0033,0.06
2023-02-02,MIDCPNIFTY,20230207,6941.85,851.3,12.2633,0.07
2023-02-02,NIFTY,20230223,17677.25,1638.32,9.268,0.05
2023-02-03,BANKNIFTY,20230223,40937.8,4595.63,11.2259,0.06
2023-02-03,FINNIFTY,20230228,18132.45,1985.1,10.9478,0.06
2023-02-03,MIDCPNIFTY,20230207,6943.9,849.5,12.2338,0.07
2023-02-03,NIFTY,20230223,17685.25,1637.77,9.2607,0.05
2023-02-06,BANKNIFTY,20230223,41638.25,4698.3,11.2836,0.06
2023-02-06,FINNIFTY,20230228,18529.6,2041.0,11.0148,0.06
2023-02-06,MIDCPNIFTY,20230207,6957.85,851.1,12.2322,0.07
2023-02-06,NIFTY,20230223,17902.15,1660.43,9.275,0.05
2023-02-07,BANKNIFTY,20230223,41506.9,4675.34,11.264,0.06
2023-02-07,FINNIFTY,20230228,18466.7,2027.7,10.9803,0.06
2023-02-07,MIDCPNIFTY,20230207,6994.95,858.3,12.2703,0.07
2023-02-07,NIFTY,20230223,17805.95,1652.11,9.2784,0.05
2023-02-08,BANKNIFTY,20230223,41641.8,4688.48,11.2591,0.06
2023-02-08,FINNIFTY,20230228,18497.85,2025.5,10.9499,0.06
2023-02-08,MIDCPNIFTY,20230214,6992.0,855.1,12.2297,0.07
2023-02-08,NIFTY,20230223,17782.65,1648.1,9.268,0.05
2023-02-09,BANKNIFTY,20230223,41674.7,4693.75,11.2628,0.06
2023-02-09,FINNIFTY,20230228,18536.3,2030.5,10.9542,0.06
2023-02-09,MIDCPNIFTY,20230214,7045.3,860.2,12.2096,0.07
2023-02-09,NIFTY,20230223,17909.25,1662.07,9.2805,0.05
2023-02-10,BANKNIFTY,20230223,41716.8,4695.64,11.256,0.06
2023-02-10,FINNIFTY,20230228,18601.1,2028.4,10.9047,0.06
2023-02-10,MIDCPNIFTY,20230214,7065.65,860.6,12.1801,0.07
2023-02-10,NIFTY,20230223,17945.85,1664.09,9.2728,0.05
2023-02-13,BANKNIFTY,20230223,41648.75,4696.21,11.2758,0.06
2023-02-13,FINNIFTY,20230228,18574.15,2023.9,10.8963,0.06
2023-02-13,MIDCPNIFTY,20230214,7093.0,862.3,12.1571,0.07
2023-02-13,NIFTY,20230223,17877.1,1660.65,9.2893,0.05
2023-02-14,BANKNIFTY,20230223,41381.9,4664.89,11.2728,0.06
2023-02-14,FINNIFTY,20230228,18497.45,2010.3,10.868,0.06
2023-02-14,MIDCPNIFTY,20230214,6982.35,849.6,12.1678,0.07
2023-02-14,NIFTY,20230223,17801.85,1652.69,9.2838,0.05
2023-02-15,BANKNIFTY,20230223,41702.45,4706.26,11.2853,0.06
2023-02-15,FINNIFTY,20230228,18629.65,2024.4,10.8665,0.06
2023-02-15,MIDCPNIFTY,20230221,6980.75,846.3,12.1233,0.07
2023-02-15,NIFTY,20230223,17945.15,1667.48,9.2921,0.05
2023-02-16,BANKNIFTY,20230223,41791.3,4715.61,11.2837,0.06
2023-02-16,FINNIFTY,20230228,18658.1,2023.9,10.8473,0.06
2023-02-16,MIDCPNIFTY,20230221,7012.05,848.4,12.0992,0.07
2023-02-16,NIFTY,20230223,18035.15,1675.47,9.29,0.05
2023-02-17,BANKNIFTY,20230223,41735.75,4704.34,11.2717,0.06
2023-02-17,FINNIFTY,20230228,18637.35,2013.6,10.8041,0.06
2023-02-17,MIDCPNIFTY,20230221,7064.95,853.4,12.0793,0.07
2023-02-17,NIFTY,20230223,18062.85,1677.33,9.2861,0.05
2023-02-20,BANKNIFTY,20230223,41205.55,4647.89,11.2798,0.06
2023-02-20,FINNIFTY,20230228,18478.5,1994.5,10.7936,0.06
2023-02-20,MIDCPNIFTY,20230221,6998.2,844.2,12.0631,0.07
2023-02-20,NIFTY,20230223,17951.0,1668.81,9.2965,0.05
2023-02-21,BANKNIFTY,20230223,40796.05,4599.29,11.2739,0.06
2023-02-21,FINNIFTY,20230228,18315.0,1972.4,10.7693,0.06
2023-02-21,MIDCPNIFTY,20230221,7000.45,843.1,12.0435,0.07
2023-02-21,NIFTY,20230223,17862.65,1659.55,9.2906,0.05
2023-02-22,BANKNIFTY,20230223,40711.2,4596.12,11.2896,0.06
2023-02-22,FINNIFTY,20230228,18289.05,1968.6,10.7638,0.06
2023-02-22,MIDCPNIFTY,20230228,6973.0,837.0,12.0034,0.07
2023-02-22,NIFTY,20230223,17840.1,1657.88,9.293,0.05
2023-02-23,BANKNIFTY,20230223,40038.4,4519.54,11.288,0.06
2023-02-23,FINNIFTY,20230228,17946.65,1939.6,10.8076,0.06
2023-02-23,MIDCPNIFTY,20230228,6881.0,825.8,12.0012,0.07
2023-02-23,NIFTY,20230223,17566.9,1632.55,9.2933,0.05
2023-02-24,BANKNIFTY,20230329,40302.75,4520.18,11.2156,0.06
2023-02-24,FINNIFTY,20230228,17925.8,1931.6,10.7755,0.06
2023-02-24,MIDCPNIFTY,20230228,6846.35,820.0,11.9772,0.07
2023-02-24,NIFTY,20230329,17623.0,1628.55,9.241,0.05
2023-02-27,BANKNIFTY,20230329,40172.0,4509.76,11.2261,0.06
2023-02-27,FINNIFTY,20230228,17874.2,1921.7,10.7513,0.06
2023-02-27,MIDCPNIFTY,20230228,6827.95,816.1,11.9523,0.07
2023-02-27,NIFTY,20230329,17559.25,1624.32,9.2505,0.05
2023-02-28,BANKNIFTY,20230329,40547.7,4554.7,11.2329,0.06
2023-02-28,FINNIFTY,20230228,18012.2,1934.1,10.7377,0.06
2023-02-28,MIDCPNIFTY,20230228,6758.25,807.0,11.941,0.07
2023-02-28,NIFTY,20230329,17497.95,1617.52,9.2441,0.05
2023-03-01,BANKNIFTY,20230329,40487.55,4550.4,11.239,0.06
2023-03-01,FINNIFTY,20230328,18120.65,1928.0,10.6398,0.06
2023-03-01,MIDCPNIFTY,20230306,6797.7,809.1,11.9026,0.07
2023-03-01,NIFTY,20230329,17403.4,1609.27,9.2469,0.05
2023-03-02,BANKNIFTY,20230329,40910.45,4598.89,11.2414,0.06
2023-03-02,FINNIFTY,20230328,18194.75,1935.1,10.6355,0.06
2023-03-02,MIDCPNIFTY,20230306,6879.3,818.7,11.9009,0.07
2023-03-02,NIFTY,20230329,17532.7,1622.93,9.2566,0.05
2023-03-03,BANKNIFTY,20230329,40627.8,4564.05,11.2338,0.06
2023-03-03,FINNIFTY,20230328,18043.15,1916.3,10.6207,0.06
2023-03-03,MIDCPNIFTY,20230306,6869.65,815.6,11.8725,0.07
2023-03-03,NIFTY,20230329,17399.4,1610.94,9.2586,0.05
2023-03-06,BANKNIFTY,20230329,41423.3,4661.4,11.2531,0.06
2023-03-06,FINNIFTY,20230328,18355.0,1954.2,10.6467,0.06
2023-03-06,MIDCPNIFTY,20230306,6919.35,820.1,11.8523,0.07
2023-03-06,NIFTY,20230329,17671.55,1636.27,9.2593,0.05
2023-03-08,BANKNIFTY,20230329,41517.8,4672.6,11.2544,0.06
2023-03-08,FINNIFTY,20230328,18443.95,1961.4,10.6344,0.06
2023-03-08,MIDCPNIFTY,20230314,6965.2,822.9,11.8144,0.07
2023-03-08,NIFTY,20230329,17774.95,1647.16,9.2667,0.05
2023-03-09,BANKNIFTY,20230329,41706.3,4698.21,11.265,0.06
2023-03-09,FINNIFTY,20230328,18432.15,1959.0,10.6282,0.06
2023-03-09,MIDCPNIFTY,20230314,6828.0,826.3,12.1016,0.07
2023-03-09,NIFTY,20230329,17794.55,1651.16,9.279,0.05
2023-03-10,BANKNIFTY,20230329,41408.95,4662.01,11.2585,0.06
2023-03-10,FINNIFTY,20230328,18312.6,1940.3,10.5954,0.06
2023-03-10,MIDCPNIFTY,20230314,6942.6,817.9,11.7809,0.07
2023-03-10,NIFTY,20230329,17645.1,1635.83,9.2707,0.05
2023-03-13,BANKNIFTY,20230329,40614.5,4574.86,11.2641,0.06
2023-03-13,FINNIFTY,20230328,17989.5,1910.2,10.6184,0.06
2023-03-13,MIDCPNIFTY,20230314,6909.65,812.4,11.7575,0.07
2023-03-13,NIFTY,20230329,17452.55,1619.4,9.2789,0.05
2023-03-14,BANKNIFTY,20230329,39705.6,4470.81,11.2599,0.06
2023-03-14,FINNIFTY,20230328,17690.95,1883.0,10.6439,0.06
2023-03-14,MIDCPNIFTY,20230314,6769.9,803.3,11.8658,0.07
2023-03-14,NIFTY,20230329,17205.8,1595.35,9.2722,0.05
2023-03-15,BANKNIFTY,20230329,39643.4,4453.49,11.2339,0.06
2023-03-15,FINNIFTY,20230328,17666.05,1868.8,10.5785,0.06
2023-03-15,MIDCPNIFTY,20230321,6747.95,798.0,11.8258,0.07
2023-03-15,NIFTY,20230329,17125.75,1585.03,9.2552,0.05
2023-03-16,BANKNIFTY,20230329,39220.9,4412.82,11.2512,0.06
2023-03-16,FINNIFTY,20230328,17461.8,1853.6,10.6152,0.06
2023-03-16,MIDCPNIFTY,20230321,6727.7,793.9,11.8005,0.07
2023-03-16,NIFTY,20230329,17037.35,1578.41,9.2644,0.05
2023-03-17,BANKNIFTY,20230329,39396.2,4421.98,11.2244,0.06
2023-03-17,FINNIFTY,20230328,17544.85,1855.4,10.5752,0.06
2023-03-17,MIDCPNIFTY,20230321,6786.85,799.9,11.786,0.07
2023-03-17,NIFTY,20230329,17047.3,1579.66,9.2663,0.05
2023-03-20,BANKNIFTY,20230329,39740.4,4474.59,11.2595,0.06
2023-03-20,FINNIFTY,20230328,17735.6,1876.6,10.581,0.06
2023-03-20,MIDCPNIFTY,20230321,6825.75,802.8,11.7613,0.07
2023-03-20,NIFTY,20230329,17178.15,1590.3,9.2577,0.05
2023-03-21,BANKNIFTY,20230329,39482.35,4447.9,11.2655,0.06
2023-03-21,FINNIFTY,20230328,17597.95,1860.6,10.5728,0.06
2023-03-21,MIDCPNIFTY,20230321,6756.4,794.2,11.7548,0.07
2023-03-21,NIFTY,20230329,17028.9,1579.92,9.2779,0.05
2023-03-22,BANKNIFTY,20230329,40046.85,4508.1,11.2571,0.06
2023-03-22,FINNIFTY,20230328,17845.2,1889.4,10.5877,0.06
2023-03-22,MIDCPNIFTY,20230328,6794.15,795.9,11.7145,0.07
2023-03-22,NIFTY,20230329,17160.15,1591.0,9.2715,0.05
2023-03-23,BANKNIFTY,20230329,40119.3,4519.89,11.2661,0.06
2023-03-23,FINNIFTY,20230328,17864.35,1890.7,10.5836,0.06
2023-03-23,MIDCPNIFTY,20230328,6805.95,795.6,11.6898,0.07
2023-03-23,NIFTY,20230329,17185.0,1595.13,9.2821,0.05
2023-03-24,BANKNIFTY,20230329,39703.8,4476.71,11.2753,0.06
2023-03-24,FINNIFTY,20230328,17749.9,1874.4,10.5601,0.06
2023-03-24,MIDCPNIFTY,20230328,6770.1,789.8,11.666,0.07
2023-03-24,NIFTY,20230329,17087.5,1588.15,9.2942,0.05
2023-03-27,BANKNIFTY,20230329,39423.8,4451.67,11.2918,0.06
2023-03-27,FINNIFTY,20230328,17610.85,1859.0,10.556,0.06
2023-03-27,MIDCPNIFTY,20230328,6682.7,779.4,11.663,0.07
2023-03-27,NIFTY,20230329,16955.05,1575.89,9.2945,0.05
2023-03-28,BANKNIFTY,20230329,39486.4,4455.74,11.2842,0.06
2023-03-28,FINNIFTY,20230328,17603.25,1853.6,10.5299,0.06
2023-03-28,MIDCPNIFTY,20230328,6653.25,775.0,11.6484,0.07
2023-03-28,NIFTY,20230329,17037.4,1579.67,9.2718,0.05
2023-03-29,BANKNIFTY,20230329,39588.85,4471.17,11.294,0.06
2023-03-29,FINNIFTY,20230425,17805.0,1853.9,10.4122,0.06
2023-03-29,MIDCPNIFTY,20230403,6630.25,769.8,11.6104,0.07
2023-03-29,NIFTY,20230329,16970.6,1576.51,9.2897,0.05
2023-03-31,BANKNIFTY,20230427,40221.6,4509.85,11.2125,0.06
2023-03-31,FINNIFTY,20230425,17931.05,1864.4,10.3976,0.06
2023-03-31,MIDCPNIFTY,20230403,6746.25,784.6,11.6302,0.07
2023-03-31,NIFTY,20230427,17213.1,1588.51,9.2285,0.05
2023-04-03,BANKNIFTY,20230427,40833.55,4588.78,11.2378,0.06
2023-04-03,FINNIFTY,20230425,18156.4,1892.1,10.4211,0.06
2023-04-03,MIDCPNIFTY,20230403,6820.5,792.6,11.6208,0.07
2023-04-03,NIFTY,20230427,17442.65,1614.46,9.2558,0.05
2023-04-05,BANKNIFTY,20230427,41013.9,4611.87,11.2447,0.06
2023-04-05,FINNIFTY,20230425,18236.0,1899.2,10.4146,0.06
2023-04-05,MIDCPNIFTY,20230411,6828.25,790.9,11.5828,0.07
2023-04-05,NIFTY,20230427,17474.0,1618.02,9.2596,0.05
2023-04-06,BANKNIFTY,20230427,41142.3,4632.9,11.2607,0.06
2023-04-06,FINNIFTY,20230425,18426.75,1919.2,10.4153,0.06
2023-04-06,MIDCPNIFTY,20230411,6791.3,785.2,11.5619,0.07
2023-04-06,NIFTY,20230427,17622.0,1632.81,9.2657,0.05
2023-04-10,BANKNIFTY,20230427,41169.65,4637.63,11.2647,0.06
2023-04-10,FINNIFTY,20230425,18509.55,1924.5,10.3973,0.06
2023-04-10,MIDCPNIFTY,20230411,6845.9,790.4,11.5456,0.07
2023-04-10,NIFTY,20230427,17644.2,1636.72,9.2762,0.05
2023-04-11,BANKNIFTY,20230427,40978.2,4614.32,11.2604,0.06
2023-04-11,FINNIFTY,20230425,18427.8,1913.0,10.3811,0.06
2023-04-11,MIDCPNIFTY,20230411,6864.2,791.3,11.5279,0.06
2023-04-11,NIFTY,20230427,17681.5,1639.04,9.2698,0.05
2023-04-12,BANKNIFTY,20230427,41487.2,4674.41,11.2671,0.06
2023-04-12,FINNIFTY,20230425,18600.9,1931.9,10.3861,0.06
2023-04-12,MIDCPNIFTY,20230418,6895.2,794.9,11.5283,0.06
2023-04-12,NIFTY,20230427,17788.2,1648.17,9.2655,0.05
2023-04-13,BANKNIFTY,20230427,41637.75,4696.05,11.2783,0.06
2023-04-13,FINNIFTY,20230425,18716.2,1939.6,10.3632,0.06
2023-04-13,MIDCPNIFTY,20230418,6944.5,799.2,11.5084,0.06
2023-04-13,NIFTY,20230427,17858.25,1656.55,9.2761,0.05
2023-04-17,BANKNIFTY,20230427,42189.65,4760.98,11.2847,0.06
2023-04-17,FINNIFTY,20230425,18879.55,1952.9,10.344,0.06
2023-04-17,MIDCPNIFTY,20230418,7001.75,804.7,11.4928,0.06
2023-04-17,NIFTY,20230427,17879.65,1658.0,9.2731,0.05
2023-04-18,BANKNIFTY,20230427,42343.65,4775.67,11.2784,0.06
2023-04-18,FINNIFTY,20230425,18854.2,1945.9,10.3208,0.06
2023-04-18,MIDCPNIFTY,20230418,7016.2,805.1,11.4749,0.06
2023-04-18,NIFTY,20230427,17760.1,1646.74,9.2721,0.05
2023-04-19,BANKNIFTY,20230427,42335.5,4775.97,11.2812,0.06
2023-04-19,FINNIFTY,20230425,18802.45,1934.4,10.288,0.06
2023-04-19,MIDCPNIFTY,20230425,7092.25,811.6,11.4435,0.06
2023-04-19,NIFTY,20230427,17712.35,1642.39,9.2726,0.05
2023-04-20,BANKNIFTY,20230427,42178.4,4763.4,11.2935,0.06
2023-04-20,FINNIFTY,20230425,18774.9,1929.8,10.2786,0.06
2023-04-20,MIDCPNIFTY,20230425,7091.85,809.9,11.4202,0.06
2023-04-20,NIFTY,20230427,17649.65,1638.54,9.2837,0.05
2023-04-21,BANKNIFTY,20230427,42276.45,4776.45,11.2981,0.06
2023-04-21,FINNIFTY,20230425,18802.1,1927.9,10.2536,0.06
2023-04-21,MIDCPNIFTY,20230425,7107.25,809.9,11.3954,0.06
2023-04-21,NIFTY,20230427,17655.8,1639.07,9.2835,0.05
2023-04-24,BANKNIFTY,20230427,42145.95,4759.33,11.2925,0.06
2023-04-24,FINNIFTY,20230425,18767.0,1919.1,10.2259,0.06
2023-04-24,MIDCPNIFTY,20230425,7071.25,804.1,11.3714,0.06
2023-04-24,NIFTY,20230427,17657.3,1639.04,9.2825,0.05
2023-04-25,BANKNIFTY,20230427,42652.35,4817.84,11.2956,0.06
2023-04-25,FINNIFTY,20230425,19002.9,1944.4,10.2321,0.06
2023-04-25,MIDCPNIFTY,20230425,7117.55,808.2,11.355,0.06
2023-04-25,NIFTY,20230427,17763.9,1650.14,9.2893,0.05
2023-04-26,BANKNIFTY,20230427,42696.8,4822.67,11.2952,0.06
2023-04-26,FINNIFTY,20230530,18993.75,1936.2,10.1939,0.06
2023-04-26,MIDCPNIFTY,20230503,7162.25,810.8,11.3205,0.06
2023-04-26,NIFTY,20230427,17782.3,1652.54,9.2932,0.05
2023-04-27,BANKNIFTY,20230427,42823.15,4839.78,11.3018,0.06
2023-04-27,FINNIFTY,20230530,19024.6,1935.3,10.1726,0.06
2023-04-27,MIDCPNIFTY,20230503,7173.1,809.7,11.288,0.06
2023-04-27,NIFTY,20230427,17814.9,1656.66,9.2993,0.05
2023-04-28,BANKNIFTY,20230525,43012.25,4859.1,11.297,0.06
2023-04-28,FINNIFTY,20230530,19125.35,1941.5,10.1514,0.06
2023-04-28,MIDCPNIFTY,20230503,7188.65,809.8,11.265,0.06
2023-04-28,NIFTY,20230525,17991.75,1666.1,9.2604,0.05
2023-05-02,BANKNIFTY,20230525,43217.4,4885.43,11.3043,0.06
2023-05-02,FINNIFTY,20230530,19175.65,1943.1,10.1332,0.06
2023-05-02,MIDCPNIFTY,20230503,7239.6,814.4,11.2492,0.06
2023-05-02,NIFTY,20230525,18111.15,1680.05,9.2763,0.05
2023-05-03,BANKNIFTY,20230525,43367.25,4898.79,11.2961,0.06
2023-05-03,FINNIFTY,20230530,19217.35,1943.4,10.1127,0.06
2023-05-03,MIDCPNIFTY,20230503,7329.15,824.7,11.2523,0.06
2023-05-03,NIFTY,20230525,18213.15,1687.73,9.2665,0.05
2023-05-04,BANKNIFTY,20230525,43311.6,4894.34,11.3003,0.06
2023-05-04,FINNIFTY,20230530,19195.6,1935.7,10.0841,0.06
2023-05-04,MIDCPNIFTY,20230510,7349.55,823.8,11.2088,0.06
2023-05-04,NIFTY,20230525,18149.95,1682.36,9.2692,0.05
2023-05-05,BANKNIFTY,20230525,43657.8,4936.46,11.3072,0.06
2023-05-05,FINNIFTY,20230530,19467.1,1967.4,10.1063,0.06
2023-05-05,MIDCPNIFTY,20230510,7393.0,827.2,11.189,0.06
2023-05-05,NIFTY,20230525,18294.65,1697.79,9.2803,0.05
2023-05-08,BANKNIFTY,20230525,42712.2,4820.72,11.2865,0.06
2023-05-08,FINNIFTY,20230530,19023.7,1934.9,10.171,0.06
2023-05-08,MIDCPNIFTY,20230510,7330.55,819.4,11.1779,0.06
2023-05-08,NIFTY,20230525,18129.7,1680.42,9.2689,0.05
2023-05-09,BANKNIFTY,20230525,43315.95,4891.09,11.2917,0.06
2023-05-09,FINNIFTY,20230530,19295.9,1965.1,10.184,0.06
2023-05-09,MIDCPNIFTY,20230510,7438.05,832.2,11.1884,0.06
2023-05-09,NIFTY,20230525,18310.4,1698.59,9.2766,0.05
2023-05-10,BANKNIFTY,20230525,43202.2,4881.39,11.2989,0.06
2023-05-10,FINNIFTY,20230530,19269.1,1957.9,10.1608,0.06
2023-05-10,MIDCPNIFTY,20230510,7439.85,830.6,11.1642,0.06
2023-05-10,NIFTY,20230525,18306.4,1698.73,9.2794,0.05
2023-05-11,BANKNIFTY,20230525,43314.95,4896.41,11.3042,0.06
2023-05-11,FINNIFTY,20230530,19336.75,1959.1,10.1315,0.06
2023-05-11,MIDCPNIFTY,20230517,7459.8,829.9,11.125,0.06
2023-05-11,NIFTY,20230525,18345.5,1703.3,9.2846,0.05
2023-05-12,BANKNIFTY,20230525,43461.75,4912.71,11.3035,0.06
2023-05-12,FINNIFTY,20230530,19407.35,1961.3,10.106,0.06
2023-05-12,MIDCPNIFTY,20230517,7472.25,829.1,11.0957,0.06
2023-05-12,NIFTY,20230525,18353.4,1701.62,9.2714,0.05
2023-05-15,BANKNIFTY,20230525,43757.15,4948.67,11.3094,0.06
2023-05-15,FINNIFTY,20230530,19502.55,1967.6,10.0889,0.06
2023-05-15,MIDCPNIFTY,20230517,7439.85,824.0,11.0755,0.06
2023-05-15,NIFTY,20230525,18333.4,1703.28,9.2906,0.04
2023-05-16,BANKNIFTY,20230525,43999.8,4980.15,11.3186,0.06
2023-05-16,FINNIFTY,20230530,19589.05,1971.8,10.0658,0.06
2023-05-16,MIDCPNIFTY,20230517,7492.4,828.6,11.0592,0.06
2023-05-16,NIFTY,20230525,18417.55,1711.09,9.2905,0.04
2023-05-17,BANKNIFTY,20230525,43903.15,4961.12,11.3001,0.06
2023-05-17,FINNIFTY,20230530,19471.25,1953.0,10.0302,0.06
2023-05-17,MIDCPNIFTY,20230517,7528.55,831.1,11.0393,0.06
2023-05-17,NIFTY,20230525,18328.4,1700.64,9.2787,0.04
2023-05-18,BANKNIFTY,20230525,43721.15,4937.95,11.2942,0.06
2023-05-18,FINNIFTY,20230530,19332.25,1936.6,10.0175,0.06
2023-05-18,MIDCPNIFTY,20230524,7544.85,830.0,11.0009,0.06
2023-05-18,NIFTY,20230525,18224.5,1690.9,9.2782,0.04
2023-05-19,BANKNIFTY,20230525,43775.45,4944.01,11.294,0.06
2023-05-19,FINNIFTY,20230530,19385.4,1937.7,9.9957,0.06
2023-05-19,MIDCPNIFTY,20230524,7485.3,822.2,10.9842,0.06
2023-05-19,NIFTY,20230525,18175.45,1686.09,9.2767,0.04
2023-05-22,BANKNIFTY,20230525,43967.15,4968.54,11.3006,0.06
2023-05-22,FINNIFTY,20230530,19432.95,1939.0,9.9779,0.06
2023-05-22,MIDCPNIFTY,20230524,7486.9,820.6,10.9605,0.06
2023-05-22,NIFTY,20230525,18225.4,1692.92,9.2888,0.04
2023-05-23,BANKNIFTY,20230525,43922.85,4959.02,11.2903,0.06
2023-05-23,FINNIFTY,20230530,19413.25,1930.5,9.9442,0.06
2023-05-23,MIDCPNIFTY,20230524,7545.05,826.1,10.9489,0.06
2023-05-23,NIFTY,20230525,18331.35,1703.24,9.2914,0.04
2023-05-24,BANKNIFTY,20230525,43981.5,4966.85,11.293,0.06
2023-05-24,FINNIFTY,20230530,19424.75,1927.3,9.9219,0.06
2023-05-24,MIDCPNIFTY,20230524,7608.35,831.8,10.9327,0.06
2023-05-24,NIFTY,20230525,18365.8,1706.36,9.291,0.04
2023-05-25,BANKNIFTY,20230525,43719.2,4935.6,11.2893,0.06
2023-05-25,FINNIFTY,20230530,19254.05,1909.4,9.9169,0.06
2023-05-25,MIDCPNIFTY,20230531,7603.25,828.3,10.894,0.06
2023-05-25,NIFTY,20230525,18295.9,1700.54,9.2947,0.04
2023-05-26,BANKNIFTY,20230629,43736.35,4936.0,11.2858,0.06
2023-05-26,FINNIFTY,20230530,19256.5,1904.7,9.8912,0.06
2023-05-26,MIDCPNIFTY,20230531,7666.7,834.4,10.8834,0.06
2023-05-26,NIFTY,20230629,18420.25,1703.87,9.25,0.04
2023-05-29,BANKNIFTY,20230629,44068.3,4974.03,11.2871,0.06
2023-05-29,FINNIFTY,20230530,19376.8,1914.3,9.8793,0.06
2023-05-29,MIDCPNIFTY,20230531,7747.9,842.7,10.8765,0.06
2023-05-29,NIFTY,20230629,18573.3,1720.44,9.263,0.04
2023-05-30,BANKNIFTY,20230629,44368.3,5007.24,11.2856,0.06
2023-05-30,FINNIFTY,20230530,19536.25,1927.7,9.8673,0.06
2023-05-30,MIDCPNIFTY,20230531,7762.6,842.7,10.8559,0.06
2023-05-30,NIFTY,20230629,18673.7,1729.67,9.2626,0.04
2023-05-31,BANKNIFTY,20230629,44466.35,5021.31,11.2924,0.06
2023-05-31,FINNIFTY,20230627,19649.45,2215.48,11.275,0.06
2023-05-31,MIDCPNIFTY,20230531,7773.75,842.3,10.8352,0.06
2023-05-31,NIFTY,20230629,18713.0,1732.95,9.2607,0.04
2023-06-01,BANKNIFTY,20230629,44241.65,4986.48,11.271,0.06
2023-06-01,FINNIFTY,20230627,19539.7,2197.37,11.2457,0.06
2023-06-01,MIDCPNIFTY,20230627,7845.3,843.4,10.7504,0.06
2023-06-01,NIFTY,20230629,18629.55,1723.7,9.2525,0.04
2023-06-02,BANKNIFTY,20230629,43948.25,4948.29,11.2594,0.06
2023-06-02,FINNIFTY,20230627,19423.3,2183.47,11.2415,0.06
2023-06-02,MIDCPNIFTY,20230627,7834.0,842.9,10.7595,0.06
2023-06-02,NIFTY,20230629,18570.0,1719.36,9.2588,0.04
2023-06-05,BANKNIFTY,20230629,44110.6,4964.98,11.2558,0.06
2023-06-05,FINNIFTY,20230627,19482.65,2188.61,11.2336,0.06
2023-06-05,MIDCPNIFTY,20230627,7893.0,847.2,10.7336,0.06
2023-06-05,NIFTY,20230629,18635.95,1723.67,9.2492,0.04
2023-06-06,BANKNIFTY,20230629,44286.15,4983.49,11.2529,0.06
2023-06-06,FINNIFTY,20230627,19529.0,2196.55,11.2476,0.05
2023-06-06,MIDCPNIFTY,20230627,7881.55,843.3,10.6997,0.06
2023-06-06,NIFTY,20230629,18696.65,1729.23,9.2489,0.04
2023-06-07,BANKNIFTY,20230629,44309.05,4990.59,11.2631,0.06
2023-06-07,FINNIFTY,20230627,19544.35,2201.2,11.2626,0.05
2023-06-07,MIDCPNIFTY,20230627,7857.3,841.5,10.7098,0.06
2023-06-07,NIFTY,20230629,18672.95,1729.71,9.2632,0.04
2023-06-08,BANKNIFTY,20230629,44394.4,5003.11,11.2697,0.06
2023-06-08,FINNIFTY,20230627,19583.3,2207.81,11.2739,0.05
2023-06-08,MIDCPNIFTY,20230627,7925.55,847.3,10.6907,0.06
2023-06-08,NIFTY,20230629,18798.4,1741.56,9.2644,0.04
2023-06-09,BANKNIFTY,20230629,44147.4,4971.46,11.261,0.06
2023-06-09,FINNIFTY,20230627,19493.9,2196.31,11.2667,0.05
2023-06-09,MIDCPNIFTY,20230627,7873.05,837.7,10.6401,0.06
2023-06-09,NIFTY,20230629,18709.95,1733.01,9.2625,0.04
2023-06-12,BANKNIFTY,20230629,44117.95,4970.76,11.267,0.06
2023-06-12,FINNIFTY,20230627,19465.0,2193.53,11.2691,0.05
2023-06-12,MIDCPNIFTY,20230627,7840.1,834.2,10.6402,0.06
2023-06-12,NIFTY,20230629,18631.55,1726.4,9.266,0.04
2023-06-13,BANKNIFTY,20230629,44097.55,4965.69,11.2607,0.06
2023-06-13,FINNIFTY,20230627,19457.4,2192.17,11.2665,0.05
2023-06-13,MIDCPNIFTY,20230627,7904.5,839.4,10.6193,0.06
2023-06-13,NIFTY,20230629,18683.0,1729.94,9.2594,0.04
2023-06-14,BANKNIFTY,20230629,44216.65,4981.02,11.265,0.06
2023-06-14,FINNIFTY,20230627,19517.7,2200.0,11.2718,0.05
2023-06-14,MIDCPNIFTY,20230627,8021.3,851.4,10.6142,0.06
2023-06-14,NIFTY,20230629,18776.85,1740.6,9.2699,0.04
2023-06-15,BANKNIFTY,20230629,44144.2,4970.64,11.26,0.06
2023-06-15,FINNIFTY,20230627,19466.75,2194.27,11.2719,0.05
2023-06-15,MIDCPNIFTY,20230627,8010.05,849.8,10.6092,0.06
2023-06-15,NIFTY,20230629,18818.25,1744.3,9.2692,0.04
2023-06-16,BANKNIFTY,20230629,43570.05,4909.13,11.2672,0.06
2023-06-16,FINNIFTY,20230627,19275.3,2172.84,11.2727,0.05
2023-06-16,MIDCPNIFTY,20230627,8010.1,847.3,10.5779,0.06
2023-06-16,NIFTY,20230629,18745.45,1737.99,9.2715,0.04
2023-06-19,BANKNIFTY,20230629,44042.6,4965.01,11.2732,0.06
2023-06-19,FINNIFTY,20230627,19512.65,2198.63,11.2677,0.05
2023-06-19,MIDCPNIFTY,20230627,8081.35,854.0,10.5675,0.06
2023-06-19,NIFTY,20230629,18899.15,1750.82,9.264,0.04
2023-06-20,BANKNIFTY,20230629,43788.1,4930.61,11.2602,0.06
2023-06-20,FINNIFTY,20230627,19475.15,2195.13,11.2714,0.05
2023-06-20,MIDCPNIFTY,20230627,8101.0,853.0,10.5296,0.06
2023-06-20,NIFTY,20230629,18840.2,1744.26,9.2582,0.04
2023-06-21,BANKNIFTY,20230629,43864.75,4945.61,11.2747,0.06
2023-06-21,FINNIFTY,20230627,19513.35,2203.83,11.294,0.05
2023-06-21,MIDCPNIFTY,20230627,8158.45,857.9,10.5155,0.06
2023-06-21,NIFTY,20230629,18864.7,1749.95,9.2763,0.04
2023-06-22,BANKNIFTY,20230629,43940.05,4956.09,11.2792,0.06
2023-06-22,FINNIFTY,20230627,19648.15,2218.86,11.293,0.05
2023-06-22,MIDCPNIFTY,20230627,8175.25,860.0,10.5196,0.06
2023-06-22,NIFTY,20230629,18896.75,1753.69,9.2804,0.04
2023-06-23,BANKNIFTY,20230629,43774.0,4940.91,11.2873,0.06
2023-06-23,FINNIFTY,20230627,19618.45,2214.16,11.2861,0.05
2023-06-23,MIDCPNIFTY,20230627,8083.15,849.2,10.5058,0.06
2023-06-23,NIFTY,20230629,18830.05,1745.73,9.271,0.04
2023-06-26,BANKNIFTY,20230629,43671.65,4929.39,11.2874,0.06
2023-06-26,FINNIFTY,20230627,19539.0,2205.2,11.2861,0.05
2023-06-26,MIDCPNIFTY,20230627,8010.8,839.8,10.4833,0.06
2023-06-26,NIFTY,20230629,18705.9,1735.89,9.2799,0.04
2023-06-27,BANKNIFTY,20230629,43686.95,4931.44,11.2881,0.06
2023-06-27,FINNIFTY,20230627,19535.0,2205.96,11.2923,0.05
2023-06-27,MIDCPNIFTY,20230627,8074.3,845.6,10.4727,0.06
2023-06-27,NIFTY,20230629,18717.2,1738.28,9.2871,0.04
2023-06-28,BANKNIFTY,20230628,44089.45,4985.73,11.3082,0.06
2023-06-28,FINNIFTY,20230725,19753.55,2236.1,11.32,0.05
2023-06-28,MIDCPNIFTY,20230726,8132.2,846.7,10.4117,0.06
2023-06-28,NIFTY,20230628,18811.2,1750.02,9.3031,0.04
2023-06-30,BANKNIFTY,20230727,44447.45,5009.04,11.2696,0.05
2023-06-30,FINNIFTY,20230725,19910.6,2248.15,11.2912,0.05
2023-06-30,MIDCPNIFTY,20230726,8166.5,850.9,10.4194,0.06
2023-06-30,NIFTY,20230727,19072.45,1764.41,9.2511,0.04
2023-07-03,BANKNIFTY,20230727,44850.5,5056.45,11.274,0.05
2023-07-03,FINNIFTY,20230725,20072.7,2266.52,11.2916,0.05
2023-07-03,MIDCPNIFTY,20230726,8248.05,857.6,10.3976,0.06
2023-07-03,NIFTY,20230727,19261.25,1784.58,9.2651,0.04
2023-07-04,BANKNIFTY,20230727,45274.1,5102.87,11.2711,0.05
2023-07-04,FINNIFTY,20230725,20296.5,2288.67,11.2762,0.05
2023-07-04,MIDCPNIFTY,20230726,8239.65,855.7,10.3851,0.06
2023-07-04,NIFTY,20230727,19404.95,1797.0,9.2605,0.04
2023-07-05,BANKNIFTY,20230727,45364.5,5119.06,11.2843,0.05
2023-07-05,FINNIFTY,20230725,20399.1,2306.71,11.3079,0.05
2023-07-05,MIDCPNIFTY,20230726,8214.65,851.5,10.3656,0.06
2023-07-05,NIFTY,20230727,19458.4,1803.18,9.2668,0.04
2023-07-06,BANKNIFTY,20230727,45237.3,5102.15,11.2786,0.05
2023-07-06,FINNIFTY,20230725,20261.5,2287.82,11.2915,0.05
2023-07-06,MIDCPNIFTY,20230726,8274.95,856.6,10.3517,0.06
2023-07-06,NIFTY,20230727,19466.85,1804.06,9.2673,0.04
2023-07-07,BANKNIFTY,20230727,45411.2,5123.41,11.2823,0.05
2023-07-07,FINNIFTY,20230725,20294.85,2290.53,11.2863,0.05
2023-07-07,MIDCPNIFTY,20230726,8349.1,863.7,10.3448,0.06
2023-07-07,NIFTY,20230727,19536.1,1813.25,9.2815,0.04
2023-07-10,BANKNIFTY,20230727,45029.6,5076.53,11.2738,0.05
2023-07-10,FINNIFTY,20230725,20110.7,2269.82,11.2866,0.05
2023-07-10,MIDCPNIFTY,20230726,8258.6,852.8,10.3262,0.06
2023-07-10,NIFTY,20230727,19398.5,1797.86,9.268,0.04
2023-07-11,BANKNIFTY,20230727,44944.95,5069.28,11.2789,0.05
2023-07-11,FINNIFTY,20230725,20094.65,2266.47,11.279,0.05
2023-07-11,MIDCPNIFTY,20230726,8216.05,846.3,10.3006,0.06
2023-07-11,NIFTY,20230727,19409.55,1800.1,9.2743,0.04
2023-07-12,BANKNIFTY,20230727,44871.45,5056.19,11.2682,0.05
2023-07-12,FINNIFTY,20230725,20037.05,2256.54,11.2618,0.05
2023-07-12,MIDCPNIFTY,20230726,8287.95,852.3,10.2836,0.06
2023-07-12,NIFTY,20230727,19500.85,1807.86,9.2707,0.04
2023-07-13,BANKNIFTY,20230727,44803.3,5044.26,11.2587,0.05
2023-07-13,FINNIFTY,20230725,19998.0,2251.42,11.2582,0.05
2023-07-13,MIDCPNIFTY,20230726,8330.25,854.5,10.2578,0.06
2023-07-13,NIFTY,20230727,19461.3,1802.74,9.2632,0.04
2023-07-14,BANKNIFTY,20230727,44776.4,5047.15,11.2719,0.05
2023-07-14,FINNIFTY,20230725,20088.25,2262.43,11.2625,0.05
2023-07-14,MIDCPNIFTY,20230726,8237.0,845.0,10.2586,0.06
2023-07-14,NIFTY,20230727,19474.8,1805.48,9.2709,0.04
2023-07-17,BANKNIFTY,20230727,44902.65,5064.58,11.279,0.05
2023-07-17,FINNIFTY,20230725,20102.0,2265.71,11.2711,0.05
2023-07-17,MIDCPNIFTY,20230726,8352.85,858.6,10.2791,0.06
2023-07-17,NIFTY,20230727,19598.85,1819.5,9.2837,0.04
2023-07-18,BANKNIFTY,20230727,45504.9,5135.82,11.2863,0.05
2023-07-18,FINNIFTY,20230725,20318.5,2294.04,11.2904,0.05
2023-07-18,MIDCPNIFTY,20230726,8359.5,856.3,10.2434,0.06
2023-07-18,NIFTY,20230727,19721.2,1833.16,9.2954,0.04
2023-07-19,BANKNIFTY,20230727,45484.5,5131.43,11.2817,0.05
2023-07-19,FINNIFTY,20230725,20297.3,2289.67,11.2807,0.05
2023-07-19,MIDCPNIFTY,20230726,8359.95,855.4,10.2321,0.06
2023-07-19,NIFTY,20230727,19770.55,1836.68,9.29,0.04
2023-07-20,BANKNIFTY,20230727,45717.55,5160.63,11.2881,0.05
2023-07-20,FINNIFTY,20230725,20380.85,2302.63,11.298,0.05
2023-07-20,MIDCPNIFTY,20230726,8426.6,862.4,10.2343,0.06
2023-07-20,NIFTY,20230727,19847.1,1844.48,9.2934,0.04
2023-07-21,BANKNIFTY,20230727,46151.4,5219.12,11.3087,0.05
2023-07-21,FINNIFTY,20230725,20572.25,2326.03,11.3066,0.05
2023-07-21,MIDCPNIFTY,20230726,8427.85,860.9,10.2149,0.06
2023-07-21,NIFTY,20230727,19970.2,1858.06,9.3042,0.04
2023-07-24,BANKNIFTY,20230727,46108.05,5206.5,11.292,0.05
2023-07-24,FINNIFTY,20230725,20572.7,2320.38,11.2789,0.05
2023-07-24,MIDCPNIFTY,20230726,8441.05,858.9,10.1753,0.06
2023-07-24,NIFTY,20230727,19776.4,1836.29,9.2853,0.04
2023-07-25,BANKNIFTY,20230727,45980.05,5189.3,11.286,0.05
2023-07-25,FINNIFTY,20230725,20515.35,2316.81,11.2931,0.05
2023-07-25,MIDCPNIFTY,20230726,8411.55,852.3,10.1325,0.06
2023-07-25,NIFTY,20230727,19692.7,1829.53,9.2904,0.04
2023-07-26,BANKNIFTY,20230727,45924.2,5180.49,11.2805,0.05
2023-07-26,FINNIFTY,20230829,20637.55,2319.9,11.2412,0.05
2023-07-26,MIDCPNIFTY,20230726,8442.45,853.4,10.1084,0.06
2023-07-26,NIFTY,20230727,19691.15,1830.3,9.295,0.04
2023-07-27,BANKNIFTY,20230727,46047.0,5205.05,11.3038,0.05
2023-07-27,FINNIFTY,20230829,20623.15,2321.11,11.2549,0.05
2023-07-27,MIDCPNIFTY,20230830,8389.75,853.2,10.1696,0.06
2023-07-27,NIFTY,20230727,19774.0,1839.38,9.302,0.04
2023-07-28,BANKNIFTY,20230831,45986.45,5161.76,11.2245,0.05
2023-07-28,FINNIFTY,20230829,20525.3,2303.06,11.2206,0.05
2023-07-28,MIDCPNIFTY,20230830,8402.3,852.1,10.1413,0.06
2023-07-28,NIFTY,20230831,19811.4,1828.37,9.2289,0.04
2023-07-31,BANKNIFTY,20230831,45698.6,5137.9,11.243,0.05
2023-07-31,FINNIFTY,20230829,20401.0,2293.68,11.243,0.05
2023-07-31,MIDCPNIFTY,20230830,8431.75,852.3,10.1082,0.06
2023-07-31,NIFTY,20230831,19751.8,1827.08,9.2502,0.04
2023-08-01,BANKNIFTY,20230831,45860.95,5158.57,11.2483,0.05
2023-08-01,FINNIFTY,20230829,20451.6,2298.65,11.2395,0.05
2023-08-01,MIDCPNIFTY,20230830,8566.9,867.2,10.1227,0.06
2023-08-01,NIFTY,20230831,19843.95,1837.1,9.2577,0.04
2023-08-02,BANKNIFTY,20230831,45747.95,5151.95,11.2616,0.05
2023-08-02,FINNIFTY,20230829,20419.55,2296.98,11.2489,0.05
2023-08-02,MIDCPNIFTY,20230830,8553.9,863.0,10.089,0.06
2023-08-02,NIFTY,20230831,19812.55,1835.22,9.2629,0.04
2023-08-03,BANKNIFTY,20230831,45123.5,5084.51,11.268,0.05
2023-08-03,FINNIFTY,20230829,20134.9,2267.57,11.2619,0.05
2023-08-03,MIDCPNIFTY,20230830,8479.65,852.1,10.0488,0.06
2023-08-03,NIFTY,20230831,19596.55,1815.97,9.2668,0.04
2023-08-04,BANKNIFTY,20230831,44722.0,5030.02,11.2473,0.05
2023-08-04,FINNIFTY,20230829,19962.1,2241.07,11.2266,0.05
2023-08-04,MIDCPNIFTY,20230830,8516.5,851.5,9.9982,0.06
2023-08-04,NIFTY,20230831,19468.15,1802.49,9.2587,0.04
2023-08-07,BANKNIFTY,20230831,45001.6,5071.38,11.2693,0.05
2023-08-07,FINNIFTY,20230829,20082.05,2258.71,11.2474,0.05
2023-08-07,MIDCPNIFTY,20230830,8585.35,857.4,9.9868,0.06
2023-08-07,NIFTY,20230831,19576.25,1815.08,9.2718,0.04
2023-08-08,BANKNIFTY,20230831,44964.35,5066.64,11.2681,0.05
2023-08-08,FINNIFTY,20230829,20113.2,2262.55,11.2491,0.05
2023-08-08,MIDCPNIFTY,20230830,8578.25,854.4,9.9601,0.06
2023-08-08,NIFTY,20230831,19661.05,1822.55,9.2699,0.04
2023-08-09,BANKNIFTY,20230831,45057.0,5080.98,11.2768,0.05
2023-08-09,FINNIFTY,20230829,20154.15,2269.88,11.2626,0.05
2023-08-09,MIDCPNIFTY,20230830,8561.55,852.7,9.9596,0.06
2023-08-09,NIFTY,20230831,19611.25,1820.09,9.2808,0.04
2023-08-10,BANKNIFTY,20230831,45030.45,5071.52,11.2624,0.05
2023-08-10,FINNIFTY,20230829,20131.3,2265.02,11.2512,0.05
2023-08-10,MIDCPNIFTY,20230830,8593.35,855.9,9.96,0.06
2023-08-10,NIFTY,20230831,19689.6,1825.83,9.2731,0.04
2023-08-11,BANKNIFTY,20230831,44771.45,5033.22,11.242,0.05
2023-08-11,FINNIFTY,20230829,20013.7,2247.67,11.2307,0.05
2023-08-11,MIDCPNIFTY,20230830,8604.2,851.8,9.8998,0.06
2023-08-11,NIFTY,20230831,19596.8,1817.51,9.2745,0.04
2023-08-14,BANKNIFTY,20230831,44464.35,4994.5,11.2326,0.05
2023-08-14,FINNIFTY,20230829,19833.75,2228.21,11.2344,0.05
2023-08-14,MIDCPNIFTY,20230830,8580.9,847.6,9.8778,0.06
2023-08-14,NIFTY,20230831,19504.35,1806.83,9.2637,0.04
2023-08-16,BANKNIFTY,20230831,44234.05,4982.28,11.2634,0.05
2023-08-16,FINNIFTY,20230829,19728.7,2220.73,11.2563,0.05
2023-08-16,MIDCPNIFTY,20230830,8582.95,845.8,9.8544,0.06
2023-08-16,NIFTY,20230831,19478.35,1807.41,9.2791,0.04
2023-08-17,BANKNIFTY,20230831,44074.4,4965.94,11.2672,0.05
2023-08-17,FINNIFTY,20230829,19640.0,2213.23,11.269,0.05
2023-08-17,MIDCPNIFTY,20230828,8572.4,843.5,9.8397,0.06
2023-08-17,NIFTY,20230831,19484.55,1810.25,9.2907,0.04
2023-08-18,BANKNIFTY,20230831,44047.4,4959.72,11.26,0.05
2023-08-18,FINNIFTY,20230829,19613.4,2208.92,11.2623,0.05
2023-08-18,MIDCPNIFTY,20230828,8588.95,843.6,9.8219,0.06
2023-08-18,NIFTY,20230831,19393.9,1800.97,9.2863,0.04
2023-08-21,BANKNIFTY,20230831,43964.7,4955.17,11.2708,0.05
2023-08-21,FINNIFTY,20230829,19525.1,2201.38,11.2746,0.05
2023-08-21,MIDCPNIFTY,20230828,8564.9,838.6,9.7911,0.06
2023-08-21,NIFTY,20230831,19331.5,1795.84,9.2897,0.04
2023-08-22,BANKNIFTY,20230831,44114.3,4972.23,11.2712,0.05
2023-08-22,FINNIFTY,20230829,19620.65,2211.58,11.2717,0.05
2023-08-22,MIDCPNIFTY,20230828,8626.85,843.1,9.773,0.05
2023-08-22,NIFTY,20230831,19399.55,1803.6,9.2971,0.04
2023-08-23,BANKNIFTY,20230831,44088.05,4971.24,11.2757,0.05
2023-08-23,FINNIFTY,20230829,19589.75,2209.35,11.2781,0.05
2023-08-23,MIDCPNIFTY,20230828,8706.05,850.9,9.7737,0.05
2023-08-23,NIFTY,20230831,19386.3,1803.87,9.3049,0.04
2023-08-24,BANKNIFTY,20230831,44519.45,5026.13,11.2897,0.05
2023-08-24,FINNIFTY,20230829,19740.0,2229.71,11.2954,0.05
2023-08-24,MIDCPNIFTY,20230828,8785.05,856.8,9.7529,0.05
2023-08-24,NIFTY,20230831,19430.9,1808.29,9.3063,0.04
2023-08-25,BANKNIFTY,20230831,44559.1,5028.07,11.284,0.05
2023-08-25,FINNIFTY,20230829,19740.95,2228.12,11.2868,0.05
2023-08-25,MIDCPNIFTY,20230828,8803.3,857.0,9.735,0.05
2023-08-25,NIFTY,20230831,19395.6,1802.96,9.2957,0.04
2023-08-28,BANKNIFTY,20230831,44222.85,4998.15,11.3022,0.05
2023-08-28,FINNIFTY,20230829,19644.9,2220.63,11.3038,0.05
2023-08-28,MIDCPNIFTY,20230828,8714.7,848.2,9.733,0.05
2023-08-28,NIFTY,20230831,19250.3,1791.72,9.3075,0.04
2023-08-29,BANKNIFTY,20230831,44486.65,5027.9,11.302,0.05
2023-08-29,FINNIFTY,20230829,19756.95,2232.84,11.3015,0.05
2023-08-29,MIDCPNIFTY,20230925,8791.0,849.8,9.6667,0.05
2023-08-29,NIFTY,20230831,19321.3,1795.46,9.2926,0.04
2023-08-30,BANKNIFTY,20230831,44500.5,5027.96,11.2987,0.05
2023-08-30,FINNIFTY,20230926,19896.65,2237.39,11.2451,0.05
2023-08-30,MIDCPNIFTY,20230925,8828.4,852.0,9.6507,0.05
2023-08-30,NIFTY,20230831,19337.1,1798.87,9.3027,0.04
2023-08-31,BANKNIFTY,20230831,44232.2,4998.28,11.3001,0.05
2023-08-31,FINNIFTY,20230926,19815.95,2226.25,11.2346,0.05
2023-08-31,MIDCPNIFTY,20230925,8897.05,858.8,9.6526,0.05
2023-08-31,NIFTY,20230831,19342.5,1799.31,9.3024,0.04
2023-09-01,BANKNIFTY,20230928,44289.85,4970.77,11.2233,0.05
2023-09-01,FINNIFTY,20230926,19745.7,2214.53,11.2153,0.05
2023-09-01,MIDCPNIFTY,20230925,8909.85,857.8,9.6275,0.05
2023-09-01,NIFTY,20230928,19414.25,1790.6,9.2231,0.04
2023-09-04,BANKNIFTY,20230928,44601.5,5021.28,11.2581,0.05
2023-09-04,FINNIFTY,20230926,19868.95,2233.37,11.2405,0.05
2023-09-04,MIDCPNIFTY,20230925,8941.05,859.5,9.613,0.05
2023-09-04,NIFTY,20230928,19512.1,1807.48,9.2634,0.04
2023-09-05,BANKNIFTY,20230928,44781.5,5037.35,11.2487,0.05
2023-09-05,FINNIFTY,20230926,19910.4,2236.0,11.2303,0.05
2023-09-05,MIDCPNIFTY,20230925,8970.8,860.3,9.59,0.05
2023-09-05,NIFTY,20230928,19608.8,1816.18,9.2621,0.04
2023-09-06,BANKNIFTY,20230928,44766.05,5032.13,11.241,0.05
2023-09-06,FINNIFTY,20230926,19879.25,2232.29,11.2292,0.05
2023-09-06,MIDCPNIFTY,20230925,9055.2,868.6,9.5923,0.05
2023-09-06,NIFTY,20230928,19653.55,1820.47,9.2628,0.04
2023-09-07,BANKNIFTY,20230928,44644.05,5018.23,11.2405,0.05
2023-09-07,FINNIFTY,20230926,19893.65,2232.77,11.2235,0.05
2023-09-07,MIDCPNIFTY,20230925,9072.1,868.4,9.5722,0.05
2023-09-07,NIFTY,20230928,19658.85,1823.83,9.2774,0.04
2023-09-08,BANKNIFTY,20230928,45045.15,5071.25,11.2581,0.05
2023-09-08,FINNIFTY,20230926,20043.7,2255.56,11.2532,0.05
2023-09-08,MIDCPNIFTY,20230925,9077.25,866.2,9.5425,0.05
2023-09-08,NIFTY,20230928,19768.7,1834.62,9.2804,0.04
2023-09-11,BANKNIFTY,20230928,45319.65,5102.67,11.2593,0.05
2023-09-11,FINNIFTY,20230926,20189.9,2275.61,11.271,0.05
2023-09-11,MIDCPNIFTY,20230925,9137.95,871.6,9.5382,0.05
2023-09-11,NIFTY,20230928,19872.45,1843.26,9.2755,0.04
2023-09-12,BANKNIFTY,20230928,45697.85,5149.49,11.2686,0.05
2023-09-12,FINNIFTY,20230926,20348.15,2294.5,11.2762,0.05
2023-09-12,MIDCPNIFTY,20230925,9197.5,876.1,9.5254,0.05
2023-09-12,NIFTY,20230928,20036.7,1859.66,9.2813,0.04
2023-09-13,BANKNIFTY,20230928,45627.95,5142.78,11.2711,0.05
2023-09-13,FINNIFTY,20230926,20329.85,2294.34,11.2856,0.05
2023-09-13,MIDCPNIFTY,20230925,8958.15,863.9,9.6437,0.05
2023-09-13,NIFTY,20230928,20046.3,1859.37,9.2754,0.04
2023-09-14,BANKNIFTY,20230928,46001.85,5187.77,11.2773,0.05
2023-09-14,FINNIFTY,20230926,20431.8,2303.7,11.2751,0.05
2023-09-14,MIDCPNIFTY,20230925,9034.15,867.5,9.6025,0.05
2023-09-14,NIFTY,20230928,20125.15,1866.51,9.2745,0.04
2023-09-15,BANKNIFTY,20230928,46113.65,5198.1,11.2724,0.05
2023-09-15,FINNIFTY,20230926,20454.95,2306.13,11.2742,0.05
2023-09-15,MIDCPNIFTY,20230925,9134.2,877.8,9.61,0.05
2023-09-15,NIFTY,20230928,20172.0,1869.59,9.2682,0.04
2023-09-18,BANKNIFTY,20230928,46288.05,5224.16,11.2862,0.05
2023-09-18,FINNIFTY,20230926,20534.95,2320.04,11.298,0.05
2023-09-18,MIDCPNIFTY,20230925,9178.75,881.4,9.6026,0.05
2023-09-18,NIFTY,20230928,20249.6,1877.89,9.2737,0.04
2023-09-20,BANKNIFTY,20230928,46072.45,5195.72,11.2773,0.05
2023-09-20,FINNIFTY,20230926,20441.8,2306.13,11.2814,0.05
2023-09-20,MIDCPNIFTY,20230925,9125.05,876.5,9.6054,0.05
2023-09-20,NIFTY,20230928,20178.85,1872.4,9.279,0.04
2023-09-21,BANKNIFTY,20230928,45557.45,5128.46,11.2571,0.05
2023-09-21,FINNIFTY,20230926,20146.2,2271.81,11.2766,0.05
2023-09-21,MIDCPNIFTY,20230925,9147.35,874.7,9.5623,0.05
2023-09-21,NIFTY,20230928,19972.05,1850.83,9.2671,0.04
2023-09-22,BANKNIFTY,20230928,44759.25,5042.5,11.2658,0.05
2023-09-22,FINNIFTY,20230926,19853.65,2239.09,11.278,0.05
2023-09-22,MIDCPNIFTY,20230925,9067.75,866.3,9.5536,0.05
2023-09-22,NIFTY,20230928,19778.7,1836.04,9.2829,0.04
2023-09-25,BANKNIFTY,20230928,44677.6,5041.16,11.2834,0.05
2023-09-25,FINNIFTY,20230926,19744.85,2229.82,11.2932,0.05
2023-09-25,MIDCPNIFTY,20230925,9059.15,862.6,9.5219,0.05
2023-09-25,NIFTY,20230928,19708.25,1829.71,9.284,0.04
2023-09-26,BANKNIFTY,20230928,44812.65,5058.57,11.2883,0.05
2023-09-26,FINNIFTY,20230926,19864.5,2242.21,11.2875,0.05
2023-09-26,MIDCPNIFTY,20231030,9152.0,877.0,9.5826,0.05
2023-09-26,NIFTY,20230928,19700.5,1829.73,9.2877,0.04
2023-09-27,BANKNIFTY,20230928,44667.3,5042.53,11.2891,0.05
2023-09-27,FINNIFTY,20231031,19982.7,2237.16,11.1955,0.05
2023-09-27,MIDCPNIFTY,20231030,9129.25,871.3,9.544,0.05
2023-09-27,NIFTY,20230928,19677.05,1828.82,9.2942,0.04
2023-09-28,BANKNIFTY,20230928,44605.25,5038.48,11.2957,0.05
2023-09-28,FINNIFTY,20231031,19942.95,2234.3,11.2035,0.05
2023-09-28,MIDCPNIFTY,20231030,9175.8,873.0,9.5142,0.05
2023-09-28,NIFTY,20230928,19719.05,1833.63,9.2988,0.04
2023-09-29,BANKNIFTY,20231026,44605.55,5006.01,11.2228,0.05
2023-09-29,FINNIFTY,20231031,19847.4,2223.34,11.2022,0.05
2023-09-29,MIDCPNIFTY,20231030,8959.15,864.1,9.6449,0.05
2023-09-29,NIFTY,20231026,19637.1,1815.69,9.2462,0.04
2023-10-03,BANKNIFTY,20231026,44847.85,5038.05,11.2336,0.05
2023-10-03,FINNIFTY,20231031,19964.35,2238.65,11.2132,0.05
2023-10-03,MIDCPNIFTY,20231030,9078.15,873.6,9.6231,0.05
2023-10-03,NIFTY,20231026,19709.0,1826.36,9.2666,0.04
2023-10-04,BANKNIFTY,20231026,44621.45,5017.09,11.2437,0.05
2023-10-04,FINNIFTY,20231031,19862.1,2229.91,11.227,0.05
2023-10-04,MIDCPNIFTY,20231030,9073.75,871.2,9.6013,0.05
2023-10-04,NIFTY,20231026,19571.5,1816.17,9.2797,0.04
2023-10-05,BANKNIFTY,20231026,44214.15,4967.94,11.2361,0.05
2023-10-05,FINNIFTY,20231031,19715.5,2212.32,11.2212,0.05
2023-10-05,MIDCPNIFTY,20231030,8974.5,862.9,9.615,0.05
2023-10-05,NIFTY,20231026,19469.25,1807.56,9.2842,0.04
2023-10-06,BANKNIFTY,20231026,44411.7,4996.11,11.2495,0.05
2023-10-06,FINNIFTY,20231031,19800.65,2223.68,11.2303,0.05
2023-10-06,MIDCPNIFTY,20231030,8990.7,862.6,9.5944,0.05
2023-10-06,NIFTY,20231026,19568.0,1817.75,9.2894,0.04
2023-10-09,BANKNIFTY,20231026,44510.2,5012.75,11.262,0.05
2023-10-09,FINNIFTY,20231031,19941.65,2239.46,11.2301,0.05
2023-10-09,MIDCPNIFTY,20231030,9051.95,870.0,9.6112,0.05
2023-10-09,NIFTY,20231026,19678.5,1827.78,9.2882,0.04
2023-10-10,BANKNIFTY,20231026,44010.45,4959.17,11.2682,0.05
2023-10-10,FINNIFTY,20231031,19674.8,2214.2,11.254,0.05
2023-10-10,MIDCPNIFTY,20231030,8970.1,859.3,9.5796,0.05
2023-10-10,NIFTY,20231026,19539.15,1814.65,9.2873,0.04
2023-10-11,BANKNIFTY,20231026,44530.3,5012.7,11.2568,0.05
2023-10-11,FINNIFTY,20231031,19945.3,2241.34,11.2374,0.05
2023-10-11,MIDCPNIFTY,20231030,9086.55,869.9,9.5735,0.05
2023-10-11,NIFTY,20231026,19738.1,1831.16,9.2773,0.04
2023-10-12,BANKNIFTY,20231026,44685.55,5030.41,11.2574,0.05
2023-10-12,FINNIFTY,20231031,20013.7,2252.06,11.2526,0.05
2023-10-12,MIDCPNIFTY,20231030,9114.25,869.6,9.5411,0.05
2023-10-12,NIFTY,20231026,19850.1,1842.46,9.2819,0.04
2023-10-13,BANKNIFTY,20231026,44747.95,5039.71,11.2624,0.05
2023-10-13,FINNIFTY,20231031,20032.1,2253.86,11.2512,0.05
2023-10-13,MIDCPNIFTY,20231030,9139.4,868.5,9.5028,0.05
2023-10-13,NIFTY,20231026,19843.5,1840.84,9.2768,0.04
2023-10-16,BANKNIFTY,20231026,44394.05,5004.54,11.273,0.05
2023-10-16,FINNIFTY,20231031,19876.15,2240.49,11.2723,0.05
2023-10-16,MIDCPNIFTY,20231030,9112.3,865.2,9.4949,0.05
2023-10-16,NIFTY,20231026,19742.05,1836.85,9.3043,0.04
2023-10-17,BANKNIFTY,20231026,44343.05,4997.53,11.2702,0.05
2023-10-17,FINNIFTY,20231031,19888.35,2239.04,11.258,0.05
2023-10-17,MIDCPNIFTY,20231030,9136.65,864.7,9.4641,0.05
2023-10-17,NIFTY,20231026,19740.4,1835.05,9.2959,0.04
2023-10-18,BANKNIFTY,20231026,44493.7,5018.27,11.2786,0.05
2023-10-18,FINNIFTY,20231031,19979.2,2253.58,11.2796,0.05
2023-10-18,MIDCPNIFTY,20231030,9167.75,864.5,9.4298,0.05
2023-10-18,NIFTY,20231026,19811.1,1842.47,9.3002,0.04
2023-10-19,BANKNIFTY,20231026,44053.4,4959.42,11.2577,0.05
2023-10-19,FINNIFTY,20231031,19784.9,2224.65,11.2442,0.05
2023-10-19,MIDCPNIFTY,20231030,9062.25,855.8,9.4436,0.05
2023-10-19,NIFTY,20231026,19683.35,1829.41,9.2942,0.04
2023-10-20,BANKNIFTY,20231026,43845.15,4944.26,11.2766,0.05
2023-10-20,FINNIFTY,20231031,19685.35,2215.95,11.2568,0.05
2023-10-20,MIDCPNIFTY,20231030,9044.65,852.0,9.4199,0.05
2023-10-20,NIFTY,20231026,19618.75,1825.1,9.3028,0.04
2023-10-23,BANKNIFTY,20231026,43738.75,4940.7,11.2959,0.05
2023-10-23,FINNIFTY,20231031,19646.05,2215.51,11.2771,0.05
2023-10-23,MIDCPNIFTY,20231030,8905.6,842.6,9.4615,0.05
2023-10-23,NIFTY,20231026,19527.85,1817.47,9.3071,0.04
2023-10-25,BANKNIFTY,20231026,43141.6,4876.09,11.3025,0.05
2023-10-25,FINNIFTY,20231031,19434.55,2192.74,11.2827,0.05
2023-10-25,MIDCPNIFTY,20231030,8790.15,834.3,9.4913,0.05
2023-10-25,NIFTY,20231026,19269.2,1793.2,9.306,0.04
2023-10-26,BANKNIFTY,20231026,42811.55,4840.02,11.3054,0.05
2023-10-26,FINNIFTY,20231031,19232.6,2172.32,11.295,0.05
2023-10-26,MIDCPNIFTY,20231030,8785.45,826.6,9.4087,0.05
2023-10-26,NIFTY,20231026,19128.0,1778.36,9.2972,0.04
2023-10-27,BANKNIFTY,20231130,42601.5,4777.66,11.2148,0.05
2023-10-27,FINNIFTY,20231031,18962.4,2138.27,11.2764,0.05
2023-10-27,MIDCPNIFTY,20231030,8648.25,813.9,9.4112,0.05
2023-10-27,NIFTY,20231130,18972.6,1753.72,9.2434,0.04
2023-10-30,BANKNIFTY,20231130,43043.4,4834.37,11.2314,0.05
2023-10-30,FINNIFTY,20231031,19147.4,2161.59,11.2892,0.05
2023-10-30,MIDCPNIFTY,20231030,8748.35,824.4,9.4235,0.05
2023-10-30,NIFTY,20231130,19131.35,1771.39,9.2591,0.04
2023-10-31,BANKNIFTY,20231130,43295.7,4863.42,11.233,0.05
2023-10-31,FINNIFTY,20231031,19263.7,2174.28,11.2869,0.05
2023-10-31,MIDCPNIFTY,20231124,8702.55,820.2,9.4248,0.05
2023-10-31,NIFTY,20231130,19220.9,1780.1,9.2613,0.04
2023-11-01,BANKNIFTY,20231130,43076.85,4841.59,11.2394,0.05
2023-11-01,FINNIFTY,20231128,19340.5,2170.12,11.2206,0.05
2023-11-01,MIDCPNIFTY,20231124,8722.5,820.6,9.4079,0.05
2023-11-01,NIFTY,20231130,19158.2,1774.4,9.2618,0.04
2023-11-02,BANKNIFTY,20231130,42928.1,4825.21,11.2402,0.05
2023-11-02,FINNIFTY,20231128,19240.35,2163.34,11.2438,0.05
2023-11-02,MIDCPNIFTY,20231124,8701.2,817.2,9.3918,0.05
2023-11-02,NIFTY,20231130,19060.25,1765.99,9.2653,0.04
2023-11-03,BANKNIFTY,20231130,43320.55,4860.94,11.2209,0.05
2023-11-03,FINNIFTY,20231128,19422.45,2177.73,11.2124,0.05
2023-11-03,MIDCPNIFTY,20231124,8825.95,828.6,9.3882,0.05
2023-11-03,NIFTY,20231130,19238.85,1779.39,9.2489,0.04
2023-11-06,BANKNIFTY,20231130,43509.1,4894.96,11.2504,0.05
2023-11-06,FINNIFTY,20231128,19460.7,2188.52,11.2458,0.05
2023-11-06,MIDCPNIFTY,20231124,8878.6,833.0,9.3821,0.05
2023-11-06,NIFTY,20231130,19303.6,1788.45,9.2649,0.04
2023-11-07,BANKNIFTY,20231130,43839.8,4928.99,11.2432,0.05
2023-11-07,FINNIFTY,20231128,19633.0,2207.74,11.245,0.05
2023-11-07,MIDCPNIFTY,20231124,8959.4,838.5,9.3589,0.05
2023-11-07,NIFTY,20231130,19486.5,1805.29,9.2643,0.04
2023-11-08,BANKNIFTY,20231130,43926.85,4942.38,11.2514,0.05
2023-11-08,FINNIFTY,20231128,19636.65,2210.35,11.2562,0.05
2023-11-08,MIDCPNIFTY,20231124,8978.35,838.4,9.338,0.05
2023-11-08,NIFTY,20231130,19476.9,1804.82,9.2665,0.04
2023-11-09,BANKNIFTY,20231130,43836.2,4933.43,11.2542,0.05
2023-11-09,FINNIFTY,20231128,19586.7,2204.73,11.2563,0.05
2023-11-09,MIDCPNIFTY,20231124,9066.15,846.4,9.3358,0.05
2023-11-09,NIFTY,20231130,19490.85,1808.25,9.2774,0.04
2023-11-10,BANKNIFTY,20231130,43916.6,4936.25,11.2401,0.05
2023-11-10,FINNIFTY,20231128,19589.65,2202.59,11.2436,0.05
2023-11-10,MIDCPNIFTY,20231124,9113.15,849.3,9.3195,0.05
2023-11-10,NIFTY,20231130,19484.6,1803.76,9.2574,0.04
2023-11-13,BANKNIFTY,20231130,44051.9,4971.62,11.2858,0.05
2023-11-13,FINNIFTY,20231128,19698.2,2221.27,11.2765,0.05
2023-11-13,MIDCPNIFTY,20231124,9220.55,860.28,9.33,0.05
2023-11-13,NIFTY,20231130,19538.1,1815.88,9.294,0.04
2023-11-15,BANKNIFTY,20231130,44013.7,4959.71,11.2686,0.05
2023-11-15,FINNIFTY,20231128,19620.05,2208.26,11.2551,0.05
2023-11-15,MIDCPNIFTY,20231124,9203.55,859.83,9.3424,0.05
2023-11-15,NIFTY,20231130,19497.15,1808.25,9.2744,0.04
2023-11-16,BANKNIFTY,20231130,44387.25,4994.79,11.2528,0.05
2023-11-16,FINNIFTY,20231128,19788.9,2228.68,11.2623,0.05
2023-11-16,MIDCPNIFTY,20231124,9337.5,869.28,9.3096,0.05
2023-11-16,NIFTY,20231130,19723.3,1829.82,9.2775,0.04
2023-11-17,BANKNIFTY,20231130,44293.9,4990.26,11.2662,0.05
2023-11-17,FINNIFTY,20231128,19778.35,2229.74,11.2736,0.05
2023-11-17,MIDCPNIFTY,20231124,9434.7,879.12,9.3179,0.05
2023-11-17,NIFTY,20231130,19829.7,1838.16,9.2697,0.04
2023-11-20,BANKNIFTY,20231130,43715.45,4924.99,11.266,0.05
2023-11-20,FINNIFTY,20231128,19620.75,2209.64,11.2618,0.05
2023-11-20,MIDCPNIFTY,20231124,9457.05,879.54,9.3004,0.05
2023-11-20,NIFTY,20231130,19806.5,1835.06,9.2649,0.04
2023-11-21,BANKNIFTY,20231130,43742.15,4925.1,11.2594,0.05
2023-11-21,FINNIFTY,20231128,19573.9,2205.6,11.2681,0.05
2023-11-21,MIDCPNIFTY,20231124,9463.4,880.11,9.3001,0.05
2023-11-21,NIFTY,20231130,19751.2,1831.54,9.2731,0.04
2023-11-22,BANKNIFTY,20231130,43791.85,4936.87,11.2735,0.05
2023-11-22,FINNIFTY,20231128,19653.4,2216.17,11.2763,0.05
2023-11-22,MIDCPNIFTY,20231124,9485.65,881.59,9.2939,0.05
2023-11-22,NIFTY,20231130,19841.3,1839.86,9.2729,0.04
2023-11-23,BANKNIFTY,20231130,43587.95,4909.8,11.2641,0.05
2023-11-23,FINNIFTY,20231128,19600.85,2210.99,11.2801,0.05
2023-11-23,MIDCPNIFTY,20231124,9499.65,882.77,9.2927,0.05
2023-11-23,NIFTY,20231130,19884.1,1842.5,9.2662,0.04
2023-11-24,BANKNIFTY,20231130,43690.15,4924.26,11.2709,0.05
2023-11-24,FINNIFTY,20231128,19634.15,2213.36,11.273,0.05
2023-11-24,MIDCPNIFTY,20231124,9510.4,884.01,9.2952,0.05
2023-11-24,NIFTY,20231130,19868.75,1841.59,9.2688,0.04
2023-11-28,BANKNIFTY,20231130,43805.55,4945.91,11.2906,0.05
2023-11-28,FINNIFTY,20231128,19648.2,2220.68,11.3022,0.05
2023-11-28,MIDCPNIFTY,20231222,9476.8,883.06,9.3181,0.05
2023-11-28,NIFTY,20231130,19826.95,1840.91,9.2849,0.04
2023-11-29,BANKNIFTY,20231130,43984.3,4958.55,11.2735,0.05
2023-11-29,FINNIFTY,20231226,19918.55,2226.4,11.1775,0.05
2023-11-29,MIDCPNIFTY,20231222,9550.65,888.06,9.2984,0.05
2023-11-29,NIFTY,20231130,19936.7,1849.74,9.2781,0.04
2023-11-30,BANKNIFTY,20231130,44662.65,5036.01,11.2757,0.05
2023-11-30,FINNIFTY,20231226,20160.15,2260.04,11.2104,0.05
2023-11-30,MIDCPNIFTY,20231222,9640.35,895.07,9.2846,0.05
2023-11-30,NIFTY,20231130,20131.45,1868.98,9.2839,0.04
2023-12-01,BANKNIFTY,20231228,44732.3,5026.44,11.2367,0.05
2023-12-01,FINNIFTY,20231226,20193.3,2266.18,11.2224,0.05
2023-12-01,MIDCPNIFTY,20231222,9682.4,900.61,9.3015,0.05
2023-12-01,NIFTY,20231228,20270.6,1872.38,9.2369,0.04
2023-12-04,BANKNIFTY,20231228,45071.2,5064.0,11.2356,0.05
2023-12-04,FINNIFTY,20231226,20327.2,2283.84,11.2354,0.05
2023-12-04,MIDCPNIFTY,20231222,9776.2,908.39,9.2919,0.05
2023-12-04,NIFTY,20231228,20375.15,1884.91,9.251,0.04
2023-12-05,BANKNIFTY,20231228,46659.55,5246.75,11.2448,0.05
2023-12-05,FINNIFTY,20231226,20984.5,2357.51,11.2345,0.05
2023-12-05,MIDCPNIFTY,20231222,9927.95,919.22,9.2589,0.05
2023-12-05,NIFTY,20231228,20798.9,1923.87,9.2499,0.04
2023-12-06,BANKNIFTY,20231228,47152.4,5312.38,11.2664,0.05
2023-12-06,FINNIFTY,20231226,21110.75,2379.31,11.2706,0.05
2023-12-06,MIDCPNIFTY,20231222,9942.95,922.69,9.2798,0.05
2023-12-06,NIFTY,20231228,20942.6,1939.52,9.2611,0.04
2023-12-07,BANKNIFTY,20231228,46926.2,5292.3,11.2779,0.05
2023-12-07,FINNIFTY,20231226,21082.35,2376.02,11.2702,0.05
2023-12-07,MIDCPNIFTY,20231222,9972.95,923.29,9.2579,0.05
2023-12-07,NIFTY,20231228,21039.3,1947.21,9.2551,0.04
2023-12-08,BANKNIFTY,20231228,47047.15,5293.08,11.2506,0.05
2023-12-08,FINNIFTY,20231226,21103.6,2375.65,11.2571,0.05
2023-12-08,MIDCPNIFTY,20231222,10028.05,927.67,9.2508,0.05
2023-12-08,NIFTY,20231228,21030.8,1943.81,9.2427,0.04
2023-12-11,BANKNIFTY,20231228,47499.8,5340.61,11.2434,0.05
2023-12-11,FINNIFTY,20231226,21308.2,2397.17,11.25,0.05
2023-12-11,MIDCPNIFTY,20231222,10002.75,927.65,9.2739,0.05
2023-12-11,NIFTY,20231228,21075.0,1950.15,9.2534,0.04
2023-12-12,BANKNIFTY,20231228,47491.85,5346.51,11.2577,0.05
2023-12-12,FINNIFTY,20231226,21279.4,2397.26,11.2656,0.05
2023-12-12,MIDCPNIFTY,20231222,10053.15,931.54,9.2662,0.05
2023-12-12,NIFTY,20231228,21084.45,1952.73,9.2615,0.04
2023-12-13,BANKNIFTY,20231228,47308.45,5322.02,11.2496,0.05
2023-12-13,FINNIFTY,20231226,21269.0,2392.58,11.2491,0.05
2023-12-13,MIDCPNIFTY,20231222,10000.3,928.0,9.2797,0.05
2023-12-13,NIFTY,20231228,21022.95,1944.3,9.2485,0.04
2023-12-14,BANKNIFTY,20231228,47396.25,5321.42,11.2275,0.05
2023-12-14,FINNIFTY,20231226,21260.0,2392.35,11.2528,0.05
2023-12-14,MIDCPNIFTY,20231222,10126.0,938.57,9.2689,0.05
2023-12-14,NIFTY,20231228,21033.95,1946.15,9.2524,0.04
2023-12-15,BANKNIFTY,20231228,48029.6,5393.75,11.2301,0.05
2023-12-15,FINNIFTY,20231226,21561.25,2425.12,11.2476,0.05
2023-12-15,MIDCPNIFTY,20231222,10317.6,954.3,9.2492,0.05
2023-12-15,NIFTY,20231228,21327.65,1969.99,9.2368,0.04
2023-12-18,BANKNIFTY,20231228,48271.45,5440.22,11.2701,0.05
2023-12-18,FINNIFTY,20231226,21591.7,2432.86,11.2676,0.05
2023-12-18,MIDCPNIFTY,20231222,10351.4,958.57,9.2603,0.05
2023-12-18,NIFTY,20231228,21557.1,1995.47,9.2567,0.04
2023-12-19,BANKNIFTY,20231228,47947.35,5409.05,11.2812,0.05
2023-12-19,FINNIFTY,20231226,21469.75,2423.27,11.2869,0.05
2023-12-19,MIDCPNIFTY,20231222,10301.0,957.55,9.2957,0.05
2023-12-19,NIFTY,20231228,21477.25,1991.93,9.2746,0.04
2023-12-20,BANKNIFTY,20231228,48009.8,5409.41,11.2673,0.05
2023-12-20,FINNIFTY,20231226,21493.1,2422.09,11.2692,0.05
2023-12-20,MIDCPNIFTY,20231222,10282.15,955.08,9.2887,0.05
2023-12-20,NIFTY,20231228,21527.75,1995.14,9.2678,0.04
2023-12-21,BANKNIFTY,20231228,47480.55,5361.32,11.2916,0.05
2023-12-21,FINNIFTY,20231226,21253.85,2395.74,11.272,0.05
2023-12-21,MIDCPNIFTY,20231222,10017.45,931.92,9.303,0.05
2023-12-21,NIFTY,20231228,21217.05,1966.96,9.2707,0.04
2023-12-22,BANKNIFTY,20231228,48105.0,5405.94,11.2378,0.05
2023-12-22,FINNIFTY,20231226,21398.7,2409.84,11.2616,0.05
2023-12-22,MIDCPNIFTY,20231222,10191.9,945.76,9.2795,0.05
2023-12-22,NIFTY,20231228,21350.4,1976.72,9.2585,0.04
2023-12-26,BANKNIFTY,20231228,47575.6,5366.58,11.2801,0.05
2023-12-26,FINNIFTY,20231226,21235.05,2395.28,11.2798,0.05
2023-12-26,MIDCPNIFTY,20240129,10299.55,953.47,9.2574,0.05
2023-12-26,NIFTY,20231228,21402.35,1985.49,9.277,0.04
2023-12-27,BANKNIFTY,20231228,47825.45,5392.91,11.2762,0.05
2023-12-27,FINNIFTY,20240130,21464.0,2402.57,11.1935,0.05
2023-12-27,MIDCPNIFTY,20240129,10318.9,956.71,9.2714,0.05
2023-12-27,NIFTY,20231228,21472.3,1994.05,9.2866,0.04
2023-12-28,BANKNIFTY,20231228,48359.95,5455.89,11.2818,0.05
2023-12-28,FINNIFTY,20240130,21664.55,2425.62,11.1963,0.05
2023-12-28,MIDCPNIFTY,20240129,10370.7,957.57,9.2334,0.05
2023-12-28,NIFTY,20231228,21681.8,2013.89,9.2884,0.04
2023-12-29,BANKNIFTY,20240125,48822.2,5481.47,11.2274,0.05
2023-12-29,FINNIFTY,20240130,21709.85,2433.35,11.2085,0.05
2023-12-29,MIDCPNIFTY,20240129,10436.7,965.34,9.2495,0.05
2023-12-29,NIFTY,20240125,21942.3,2025.42,9.2307,0.04
2024-01-01,BANKNIFTY,20240125,48628.8,5457.02,11.2218,0.05
2024-01-01,FINNIFTY,20240130,21657.0,2428.08,11.2115,0.05
2024-01-01,MIDCPNIFTY,20240129,10444.55,966.97,9.2581,0.05
2024-01-01,NIFTY,20240125,21885.95,2021.02,9.2343,0.04
2024-01-02,BANKNIFTY,20240125,48535.7,5450.48,11.2298,0.05
2024-01-02,FINNIFTY,20240130,21610.05,2424.65,11.22,0.05
2024-01-02,MIDCPNIFTY,20240129,10470.45,968.6,9.2508,0.05
2024-01-02,NIFTY,20240125,21888.9,2022.0,9.2376,0.04
2024-01-03,BANKNIFTY,20240125,47946.65,5397.07,11.2564,0.05
2024-01-03,FINNIFTY,20240130,21469.75,2412.12,11.235,0.04
2024-01-03,MIDCPNIFTY,20240129,10383.45,963.36,9.2778,0.05
2024-01-03,NIFTY,20240125,21756.75,2014.92,9.2611,0.04
2024-01-04,BANKNIFTY,20240125,47931.95,5390.66,11.2465,0.05
2024-01-04,FINNIFTY,20240130,21369.95,2401.99,11.24,0.04
2024-01-04,MIDCPNIFTY,20240129,10402.85,965.27,9.2789,0.05
2024-01-04,NIFTY,20240125,21600.0,2001.11,9.2644,0.04
2024-01-05,BANKNIFTY,20240125,48501.75,5446.13,11.2287,0.05
2024-01-05,FINNIFTY,20240130,21641.4,2431.38,11.2349,0.04
2024-01-05,MIDCPNIFTY,20240129,10588.45,981.41,9.2687,0.05
2024-01-05,NIFTY,20240125,21785.95,2014.25,9.2456,0.04
2024-01-08,BANKNIFTY,20240125,48388.45,5441.97,11.2464,0.05
2024-01-08,FINNIFTY,20240130,21612.1,2431.1,11.2488,0.04
2024-01-08,MIDCPNIFTY,20240129,10570.1,982.35,9.2937,0.05
2024-01-08,NIFTY,20240125,21793.85,2019.1,9.2645,0.04
2024-01-09,BANKNIFTY,20240125,47621.85,5361.88,11.2593,0.05
2024-01-09,FINNIFTY,20240130,21367.3,2406.05,11.2604,0.04
2024-01-09,MIDCPNIFTY,20240129,10409.75,971.09,9.3287,0.05
2024-01-09,NIFTY,20240125,21579.55,2000.71,9.2713,0.04
2024-01-10,BANKNIFTY,20240125,47391.5,5338.42,11.2645,0.05
2024-01-10,FINNIFTY,20240130,21281.0,2395.29,11.2555,0.04
2024-01-10,MIDCPNIFTY,20240129,10393.45,969.29,9.326,0.05
2024-01-10,NIFTY,20240125,21616.85,2003.67,9.269,0.04
2024-01-11,BANKNIFTY,20240125,47606.85,5351.78,11.2416,0.05
2024-01-11,FINNIFTY,20240130,21333.1,2398.35,11.2424,0.04
2024-01-11,MIDCPNIFTY,20240129,10440.0,970.26,9.2937,0.05
2024-01-11,NIFTY,20240125,21709.1,2010.54,9.2613,0.04
2024-01-12,BANKNIFTY,20240125,47573.7,5360.53,11.2678,0.05
2024-01-12,FINNIFTY,20240130,21323.2,2401.16,11.2608,0.04
2024-01-12,MIDCPNIFTY,20240129,10461.7,972.55,9.2963,0.05
2024-01-12,NIFTY,20240125,21678.45,2013.19,9.2866,0.04
2024-01-15,BANKNIFTY,20240125,47840.15,5391.21,11.2692,0.05
2024-01-15,FINNIFTY,20240130,21393.05,2406.98,11.2512,0.04
2024-01-15,MIDCPNIFTY,20240129,10529.75,980.44,9.3111,0.05
2024-01-15,NIFTY,20240125,21947.0,2036.19,9.2778,0.04
2024-01-16,BANKNIFTY,20240125,48306.25,5441.89,11.2654,0.05
2024-01-16,FINNIFTY,20240130,21537.15,2425.13,11.2602,0.04
2024-01-16,MIDCPNIFTY,20240129,10636.15,990.17,9.3095,0.05
2024-01-16,NIFTY,20240125,22133.3,2055.06,9.2849,0.04
2024-01-17,BANKNIFTY,20240125,48224.95,5438.14,11.2766,0.05
2024-01-17,FINNIFTY,20240130,21503.7,2423.53,11.2703,0.04
2024-01-17,MIDCPNIFTY,20240129,10533.05,982.17,9.3246,0.05
2024-01-17,NIFTY,20240125,22029.5,2049.0,9.3012,0.04
2024-01-18,BANKNIFTY,20240125,46159.25,5205.28,11.2768,0.05
2024-01-18,FINNIFTY,20240130,20585.5,2319.77,11.269,0.05
2024-01-18,MIDCPNIFTY,20240129,10365.35,970.08,9.3589,0.05
2024-01-18,NIFTY,20240125,21589.55,2006.19,9.2924,0.04
2024-01-19,BANKNIFTY,20240125,45869.25,5165.63,11.2616,0.05
2024-01-19,FINNIFTY,20240130,20417.15,2296.62,11.2485,0.05
2024-01-19,MIDCPNIFTY,20240129,10449.3,971.84,9.3005,0.05
2024-01-19,NIFTY,20240125,21527.45,1995.99,9.2718,0.04
2024-01-23,BANKNIFTY,20240125,46136.05,5204.58,11.2809,0.05
2024-01-23,FINNIFTY,20240130,20593.9,2321.25,11.2715,0.05
2024-01-23,MIDCPNIFTY,20240129,10600.4,987.85,9.319,0.05
2024-01-23,NIFTY,20240125,21604.1,2006.18,9.2861,0.04
2024-01-24,BANKNIFTY,20240125,44913.05,5086.7,11.3257,0.05
2024-01-24,FINNIFTY,20240130,20141.75,2275.49,11.2974,0.05
2024-01-24,MIDCPNIFTY,20240129,10344.8,962.91,9.3082,0.05
2024-01-24,NIFTY,20240125,21194.25,1975.21,9.3196,0.04
2024-01-25,BANKNIFTY,20240125,45152.85,5094.31,11.2824,0.05
2024-01-25,FINNIFTY,20240130,20267.15,2283.32,11.2661,0.05
2024-01-25,MIDCPNIFTY,20240129,10591.05,982.85,9.28,0.05
2024-01-25,NIFTY,20240125,21477.6,1995.22,9.2898,0.04
2024-01-29,BANKNIFTY,20240229,45291.65,5069.88,11.1939,0.05
2024-01-29,FINNIFTY,20240130,20140.6,2271.23,11.2769,0.05
2024-01-29,MIDCPNIFTY,20240129,10459.6,968.68,9.2612,0.05
2024-01-29,NIFTY,20240229,21488.55,1985.79,9.2412,0.04
2024-01-30,BANKNIFTY,20240229,45735.05,5134.99,11.2277,0.05
2024-01-30,FINNIFTY,20240130,20450.75,2306.71,11.2793,0.05
2024-01-30,MIDCPNIFTY,20240226,10669.25,993.07,9.3078,0.05
2024-01-30,NIFTY,20240229,21855.25,2021.6,9.25,0.04
2024-01-31,BANKNIFTY,20240229,45671.25,5126.56,11.2249,0.05
2024-01-31,FINNIFTY,20240227,20407.2,2292.26,11.2326,0.05
2024-01-31,MIDCPNIFTY,20240226,10594.3,986.04,9.3073,0.05
2024-01-31,NIFTY,20240229,21630.5,2001.56,9.2534,0.04
2024-02-01,BANKNIFTY,20240229,46324.25,5197.64,11.2201,0.05
2024-02-01,FINNIFTY,20240227,20606.2,2316.22,11.2404,0.05
2024-02-01,MIDCPNIFTY,20240226,10695.45,995.28,9.3056,0.05
2024-02-01,NIFTY,20240229,21808.6,2020.49,9.2646,0.04
2024-02-02,BANKNIFTY,20240229,46437.15,5219.32,11.2395,0.05
2024-02-02,FINNIFTY,20240227,20615.15,2318.38,11.246,0.05
2024-02-02,MIDCPNIFTY,20240226,10631.0,988.73,9.3004,0.05
2024-02-02,NIFTY,20240229,21751.45,2017.86,9.2769,0.04
2024-02-05,BANKNIFTY,20240229,46236.65,5194.72,11.2351,0.05
2024-02-05,FINNIFTY,20240227,20531.15,2309.05,11.2466,0.05
2024-02-05,MIDCPNIFTY,20240226,10731.35,997.77,9.2977,0.05
2024-02-05,NIFTY,20240229,21951.4,2032.4,9.2586,0.04
2024-02-06,BANKNIFTY,20240229,46040.4,5178.29,11.2473,0.05
2024-02-06,FINNIFTY,20240227,20378.85,2295.69,11.2651,0.05
2024-02-06,MIDCPNIFTY,20240226,10715.8,998.95,9.3222,0.05
2024-02-06,NIFTY,20240229,21803.45,2024.77,9.2865,0.04
2024-02-07,BANKNIFTY,20240229,45971.0,5163.06,11.2311,0.05
2024-02-07,FINNIFTY,20240227,20465.55,2301.3,11.2448,0.05
2024-02-07,MIDCPNIFTY,20240226,10813.8,1004.59,9.2899,0.05
2024-02-07,NIFTY,20240229,21979.55,2039.43,9.2788,0.04
2024-02-08,BANKNIFTY,20240229,46131.9,5177.49,11.2232,0.05
2024-02-08,FINNIFTY,20240227,20553.45,2310.13,11.2396,0.05
2024-02-08,MIDCPNIFTY,20240226,10861.65,1009.49,9.2941,0.05
2024-02-08,NIFTY,20240229,22003.7,2039.54,9.2691,0.04
2024-02-09,BANKNIFTY,20240229,45212.45,5086.36,11.2499,0.05
2024-02-09,FINNIFTY,20240227,20158.65,2267.31,11.2473,0.05
2024-02-09,MIDCPNIFTY,20240226,10836.05,1008.68,9.3086,0.05
2024-02-09,NIFTY,20240229,21814.6,2019.77,9.2588,0.04
2024-02-12,BANKNIFTY,20240229,45899.55,5156.7,11.2348,0.05
2024-02-12,FINNIFTY,20240227,20297.55,2282.97,11.2475,0.05
2024-02-12,MIDCPNIFTY,20240226,10755.65,999.45,9.2923,0.05
2024-02-12,NIFTY,20240229,21842.6,2025.77,9.2744,0.04
2024-02-13,BANKNIFTY,20240229,45090.85,5071.69,11.2477,0.05
2024-02-13,FINNIFTY,20240227,19996.8,2250.79,11.2558,0.05
2024-02-13,MIDCPNIFTY,20240226,10640.2,992.41,9.327,0.05
2024-02-13,NIFTY,20240229,21697.85,2010.29,9.2649,0.04
2024-02-14,BANKNIFTY,20240229,45732.5,5141.77,11.2431,0.05
2024-02-14,FINNIFTY,20240227,20264.85,2281.53,11.2586,0.05
2024-02-14,MIDCPNIFTY,20240226,10684.05,993.16,9.2957,0.05
2024-02-14,NIFTY,20240229,21823.75,2022.12,9.2657,0.04
2024-02-15,BANKNIFTY,20240229,46089.95,5187.64,11.2555,0.05
2024-02-15,FINNIFTY,20240227,20391.05,2296.79,11.2637,0.05
2024-02-15,MIDCPNIFTY,20240226,10783.9,1001.04,9.2827,0.05
2024-02-15,NIFTY,20240229,21916.85,2031.12,9.2674,0.04
2024-02-16,BANKNIFTY,20240229,46385.05,5222.74,11.2595,0.05
2024-02-16,FINNIFTY,20240227,20472.4,2307.03,11.269,0.05
2024-02-16,MIDCPNIFTY,20240226,10909.7,1013.79,9.2926,0.05
2024-02-16,NIFTY,20240229,22005.05,2037.7,9.2601,0.04
2024-02-19,BANKNIFTY,20240229,46503.4,5241.49,11.2712,0.05
2024-02-19,FINNIFTY,20240227,20512.65,2313.42,11.278,0.05
2024-02-19,MIDCPNIFTY,20240226,11028.0,1024.98,9.2943,0.05
2024-02-19,NIFTY,20240229,22097.8,2049.79,9.276,0.04
2024-02-20,BANKNIFTY,20240229,46638.9,5258.51,11.2749,0.05
2024-02-20,FINNIFTY,20240227,20574.45,2322.03,11.286,0.05
2024-02-20,MIDCPNIFTY,20240226,11026.95,1024.97,9.2951,0.05
2024-02-20,NIFTY,20240229,22171.4,2057.37,9.2794,0.04
2024-02-21,BANKNIFTY,20240229,47188.0,5321.64,11.2775,0.05
2024-02-21,FINNIFTY,20240227,20822.9,2350.5,11.2881,0.05
2024-02-21,MIDCPNIFTY,20240226,10993.75,1021.24,9.2893,0.05
2024-02-21,NIFTY,20240229,22217.2,2064.32,9.2915,0.04
2024-02-22,BANKNIFTY,20240229,47024.85,5313.23,11.2988,0.05
2024-02-22,FINNIFTY,20240227,20676.4,2337.6,11.3056,0.05
2024-02-22,MIDCPNIFTY,20240226,10862.65,1010.35,9.3011,0.05
2024-02-22,NIFTY,20240229,22070.15,2051.12,9.2936,0.04
2024-02-23,BANKNIFTY,20240229,46980.3,5301.94,11.2855,0.05
2024-02-23,FINNIFTY,20240227,20678.1,2335.25,11.2933,0.05
2024-02-23,MIDCPNIFTY,20240226,10994.65,1021.15,9.2877,0.05
2024-02-23,NIFTY,20240229,22243.25,2066.22,9.2892,0.04
2024-02-26,BANKNIFTY,20240229,46842.65,5289.73,11.2926,0.05
2024-02-26,FINNIFTY,20240227,20692.45,2336.51,11.2916,0.05
2024-02-26,MIDCPNIFTY,20240226,11062.8,1029.19,9.3032,0.05
2024-02-26,NIFTY,20240229,22228.85,2065.78,9.2932,0.04
2024-02-27,BANKNIFTY,20240229,46607.7,5263.14,11.2924,0.05
2024-02-27,FINNIFTY,20240227,20621.4,2330.03,11.2991,0.05
2024-02-27,MIDCPNIFTY,20240322,11025.55,1023.4,9.2821,0.05
2024-02-27,NIFTY,20240229,22141.65,2057.35,9.2918,0.04
2024-02-28,BANKNIFTY,20240229,46587.2,5264.45,11.3002,0.05
2024-02-28,FINNIFTY,20240326,20682.0,2322.48,11.2295,0.05
2024-02-28,MIDCPNIFTY,20240322,11049.9,1023.51,9.2626,0.05
2024-02-28,NIFTY,20240229,22203.05,2064.45,9.298,0.04
2024-02-29,BANKNIFTY,20240229,45852.25,5193.84,11.3273,0.05
2024-02-29,FINNIFTY,20240326,20442.15,2298.47,11.2438,0.05
2024-02-29,MIDCPNIFTY,20240322,10765.25,999.86,9.2878,0.05
2024-02-29,NIFTY,20240229,21921.35,2041.46,9.3127,0.04
2024-03-01,BANKNIFTY,20240327,46546.7,5211.66,11.1966,0.05
2024-03-01,FINNIFTY,20240326,20564.2,2306.09,11.2141,0.05
2024-03-01,MIDCPNIFTY,20240322,10842.95,1006.87,9.2859,0.05
2024-03-01,NIFTY,20240328,22160.5,2044.4,9.2254,0.04
2024-03-04,BANKNIFTY,20240327,47659.8,5344.62,11.2141,0.05
2024-03-04,FINNIFTY,20240326,20990.6,2355.85,11.2234,0.05
2024-03-04,MIDCPNIFTY,20240322,10976.55,1019.93,9.2919,0.05
2024-03-04,NIFTY,20240328,22502.0,2081.19,9.2489,0.04
2024-03-05,BANKNIFTY,20240327,47691.25,5362.54,11.2443,0.05
2024-03-05,FINNIFTY,20240326,21029.1,2364.78,11.2453,0.05
2024-03-05,MIDCPNIFTY,20240322,11004.4,1022.27,9.2896,0.05
2024-03-05,NIFTY,20240328,22497.95,2083.72,9.2618,0.04
2024-03-06,BANKNIFTY,20240327,47909.05,5376.65,11.2226,0.05
2024-03-06,FINNIFTY,20240326,20973.5,2356.56,11.2359,0.05
2024-03-06,MIDCPNIFTY,20240322,10933.1,1014.93,9.2831,0.05
2024-03-06,NIFTY,20240328,22433.25,2079.14,9.2681,0.04
2024-03-07,BANKNIFTY,20240327,48117.45,5420.09,11.2643,0.05
2024-03-07,FINNIFTY,20240326,21063.75,2371.43,11.2583,0.05
2024-03-07,MIDCPNIFTY,20240322,10884.85,1012.08,9.2981,0.05
2024-03-07,NIFTY,20240328,22593.05,2090.09,9.251,0.04
2024-03-11,BANKNIFTY,20240327,47958.3,5405.45,11.2711,0.05
2024-03-11,FINNIFTY,20240326,21049.25,2373.66,11.2767,0.05
2024-03-11,MIDCPNIFTY,20240322,10870.25,1012.81,9.3173,0.05
2024-03-11,NIFTY,20240328,22552.35,2091.9,9.2758,0.04
2024-03-12,BANKNIFTY,20240327,47489.85,5348.05,11.2615,0.05
2024-03-12,FINNIFTY,20240326,20898.65,2357.47,11.2805,0.05
2024-03-12,MIDCPNIFTY,20240322,10823.1,1009.18,9.3243,0.05
2024-03-12,NIFTY,20240328,22421.35,2076.94,9.2632,0.04
2024-03-13,BANKNIFTY,20240327,47527.25,5342.91,11.2418,0.05
2024-03-13,FINNIFTY,20240326,20963.75,2361.42,11.2643,0.05
2024-03-13,MIDCPNIFTY,20240322,10705.15,996.53,9.3089,0.05
2024-03-13,NIFTY,20240328,22447.05,2077.22,9.2539,0.04
2024-03-14,BANKNIFTY,20240327,47081.35,5308.89,11.276,0.05
2024-03-14,FINNIFTY,20240326,20795.3,2345.68,11.2799,0.05
2024-03-14,MIDCPNIFTY,20240322,10386.35,965.2,9.293,0.05
2024-03-14,NIFTY,20240328,22103.25,2045.79,9.2556,0.04
2024-03-15,BANKNIFTY,20240327,46996.15,5287.26,11.2504,0.05
2024-03-15,FINNIFTY,20240326,20799.05,2342.03,11.2603,0.05
2024-03-15,MIDCPNIFTY,20240322,10496.7,978.04,9.3176,0.05
2024-03-15,NIFTY,20240328,22264.55,2059.64,9.2508,0.04
2024-03-18,BANKNIFTY,20240327,46694.7,5265.13,11.2756,0.05
2024-03-18,FINNIFTY,20240326,20677.75,2332.81,11.2817,0.05
2024-03-18,MIDCPNIFTY,20240322,10464.25,975.24,9.3197,0.05
2024-03-18,NIFTY,20240328,22133.2,2048.17,9.2538,0.04
2024-03-19,BANKNIFTY,20240327,46741.6,5263.08,11.2599,0.05
2024-03-19,FINNIFTY,20240326,20673.5,2330.81,11.2744,0.05
2024-03-19,MIDCPNIFTY,20240322,10318.35,959.79,9.3018,0.05
2024-03-19,NIFTY,20240328,22135.45,2051.18,9.2665,0.04
2024-03-20,BANKNIFTY,20240327,46449.05,5241.48,11.2844,0.05
2024-03-20,FINNIFTY,20240326,20611.4,2328.02,11.2948,0.05
2024-03-20,MIDCPNIFTY,20240322,10158.9,944.37,9.296,0.05
2024-03-20,NIFTY,20240328,21886.5,2029.02,9.2706,0.04
2024-03-21,BANKNIFTY,20240327,46449.05,5233.13,11.2664,0.05
2024-03-21,FINNIFTY,20240326,20591.75,2321.5,11.2739,0.05
2024-03-21,MIDCPNIFTY,20240322,10151.35,943.62,9.2955,0.05
2024-03-21,NIFTY,20240328,21910.05,2031.04,9.2699,0.04
2024-03-22,BANKNIFTY,20240327,46794.65,5275.39,11.2735,0.05
2024-03-22,FINNIFTY,20240326,20758.3,2340.77,11.2763,0.05
2024-03-22,MIDCPNIFTY,20240322,10437.3,969.53,9.2891,0.05
2024-03-22,NIFTY,20240328,22102.5,2047.11,9.2619,0.04
2024-03-26,BANKNIFTY,20240327,46929.0,5295.6,11.2843,0.05
2024-03-26,FINNIFTY,20240326,20805.2,2348.54,11.2882,0.04
2024-03-26,MIDCPNIFTY,20240429,10442.45,967.4,9.2641,0.05
2024-03-26,NIFTY,20240328,22165.45,2055.0,9.2712,0.04
2024-03-27,BANKNIFTY,20240327,46717.55,5265.82,11.2716,0.05
2024-03-27,FINNIFTY,20240430,20923.65,2339.77,11.1824,0.04
2024-03-27,MIDCPNIFTY,20240429,10540.9,976.38,9.2628,0.05
2024-03-27,NIFTY,20240328,22088.55,2046.44,9.2647,0.04
2024-03-28,BANKNIFTY,20240424,47224.25,5286.81,11.1951,0.05
2024-03-28,FINNIFTY,20240430,20978.25,2349.54,11.1999,0.04
2024-03-28,MIDCPNIFTY,20240429,10528.95,976.02,9.2699,0.05
2024-03-28,NIFTY,20240328,22167.05,2057.5,9.2818,0.04
2024-04-01,BANKNIFTY,20240424,47545.15,5325.08,11.2,0.05
2024-04-01,FINNIFTY,20240430,21154.05,2371.77,11.2119,0.04
2024-04-01,MIDCPNIFTY,20240429,10549.6,978.85,9.2786,0.05
2024-04-01,NIFTY,20240425,22488.2,2076.4,9.2333,0.04
2024-04-02,BANKNIFTY,20240424,47913.7,5376.34,11.2209,0.05
2024-04-02,FINNIFTY,20240430,21348.5,2395.42,11.2206,0.04
2024-04-02,MIDCPNIFTY,20240429,10718.2,994.12,9.2751,0.05
2024-04-02,NIFTY,20240425,22602.6,2088.97,9.2422,0.04
2024-04-03,BANKNIFTY,20240424,47892.9,5372.64,11.218,0.05
2024-04-03,FINNIFTY,20240430,21301.5,2390.06,11.2201,0.04
2024-04-03,MIDCPNIFTY,20240429,10809.1,1002.28,9.2726,0.05
2024-04-03,NIFTY,20240425,22577.5,2088.16,9.2489,0.04
2024-04-04,BANKNIFTY,20240424,47912.3,5381.54,11.2321,0.05
2024-04-04,FINNIFTY,20240430,21316.85,2395.29,11.2366,0.04
2024-04-04,MIDCPNIFTY,20240429,10834.75,1005.76,9.2827,0.05
2024-04-04,NIFTY,20240425,22542.6,2086.42,9.2555,0.04
2024-04-05,BANKNIFTY,20240424,48199.1,5430.87,11.2676,0.05
2024-04-05,FINNIFTY,20240430,21449.95,2415.21,11.2597,0.04
2024-04-05,MIDCPNIFTY,20240429,10834.2,1006.14,9.2867,0.05
2024-04-05,NIFTY,20240425,22612.25,2093.86,9.2598,0.04
2024-04-08,BANKNIFTY,20240424,48658.1,5479.71,11.2617,0.05
2024-04-08,FINNIFTY,20240430,21613.6,2435.9,11.2702,0.04
2024-04-08,MIDCPNIFTY,20240429,10867.45,1010.44,9.2979,0.05
2024-04-08,NIFTY,20240425,22595.5,2093.77,9.2663,0.04
2024-04-09,BANKNIFTY,20240424,48691.15,5489.73,11.2746,0.05
2024-04-09,FINNIFTY,20240430,21661.9,2441.31,11.2701,0.04
2024-04-09,MIDCPNIFTY,20240429,10877.95,1010.58,9.2902,0.05
2024-04-09,NIFTY,20240425,22748.5,2107.97,9.2664,0.04
2024-04-10,BANKNIFTY,20240424,48799.85,5506.55,11.2839,0.05
2024-04-10,FINNIFTY,20240430,21715.7,2450.09,11.2826,0.04
2024-04-10,MIDCPNIFTY,20240429,10878.25,1011.27,9.2963,0.05
2024-04-10,NIFTY,20240425,22735.35,2105.78,9.2621,0.04
2024-04-12,BANKNIFTY,20240424,49019.05,5535.49,11.2925,0.05
2024-04-12,FINNIFTY,20240430,21755.85,2454.1,11.2802,0.04
2024-04-12,MIDCPNIFTY,20240429,10979.0,1021.07,9.3002,0.05
2024-04-12,NIFTY,20240425,22812.4,2116.1,9.2761,0.04
2024-04-15,BANKNIFTY,20240424,48714.1,5487.79,11.2653,0.05
2024-04-15,FINNIFTY,20240430,21589.65,2431.96,11.2645,0.04
2024-04-15,MIDCPNIFTY,20240429,10927.65,1017.35,9.3099,0.05
2024-04-15,NIFTY,20240425,22601.45,2094.3,9.2662,0.04
2024-04-16,BANKNIFTY,20240424,47851.15,5398.38,11.2816,0.05
2024-04-16,FINNIFTY,20240430,21190.8,2389.5,11.2761,0.04
2024-04-16,MIDCPNIFTY,20240429,10793.25,1004.5,9.3067,0.05
2024-04-16,NIFTY,20240425,22357.3,2071.34,9.2647,0.04
2024-04-18,BANKNIFTY,20240424,47660.95,5365.78,11.2582,0.05
2024-04-18,FINNIFTY,20240430,21183.15,2384.22,11.2553,0.04
2024-04-18,MIDCPNIFTY,20240429,10752.4,1000.58,9.3056,0.05
2024-04-18,NIFTY,20240425,22200.75,2059.75,9.2778,0.04
2024-04-19,BANKNIFTY,20240424,47175.05,5318.85,11.2747,0.05
2024-04-19,FINNIFTY,20240430,20979.35,2361.64,11.257,0.04
2024-04-19,MIDCPNIFTY,20240429,10744.65,999.39,9.3013,0.05
2024-04-19,NIFTY,20240425,22055.2,2045.61,9.275,0.04
2024-04-22,BANKNIFTY,20240424,47575.6,5375.88,11.2997,0.05
2024-04-22,FINNIFTY,20240430,21198.5,2392.55,11.2864,0.04
2024-04-22,MIDCPNIFTY,20240429,10658.25,992.09,9.3082,0.05
2024-04-22,NIFTY,20240425,22128.7,2059.67,9.3077,0.04
2024-04-23,BANKNIFTY,20240424,47989.1,5415.51,11.2849,0.05
2024-04-23,FINNIFTY,20240430,21371.45,2409.89,11.2762,0.04
2024-04-23,MIDCPNIFTY,20240429,10718.7,995.22,9.2849,0.05
2024-04-23,NIFTY,20240425,22358.2,2077.29,9.291,0.04
2024-04-24,BANKNIFTY,20240424,47991.65,5420.66,11.295,0.05
2024-04-24,FINNIFTY,20240430,21356.0,2410.76,11.2884,0.04
2024-04-24,MIDCPNIFTY,20240429,10797.4,1002.69,9.2864,0.05
2024-04-24,NIFTY,20240425,22371.05,2080.22,9.2987,0.04
2024-04-24,NIFTYNXT50,20240531,63277.0,5840.27,9.2297,0.05
2024-04-25,BANKNIFTY,20240529,48350.3,5445.36,11.2623,0.05
2024-04-25,FINNIFTY,20240430,21455.0,2423.01,11.2935,0.04
2024-04-25,MIDCPNIFTY,20240429,10841.15,1007.77,9.2958,0.05
2024-04-25,NIFTY,20240425,22414.7,2083.42,9.2949,0.04
2024-04-25,NIFTYNXT50,20240531,63977.6,5884.8,9.1982,0.05
2024-04-26,BANKNIFTY,20240529,48632.4,5479.93,11.2681,0.05
2024-04-26,FINNIFTY,20240430,21557.35,2434.62,11.2937,0.04
2024-04-26,MIDCPNIFTY,20240429,10894.25,1012.08,9.29,0.05
2024-04-26,NIFTY,20240530,22653.95,2099.04,9.2657,0.04
2024-04-26,NIFTYNXT50,20240531,64178.15,5924.51,9.2314,0.05
2024-04-29,BANKNIFTY,20240529,48379.85,5446.72,11.2582,0.05
2024-04-29,FINNIFTY,20240430,21362.9,2413.01,11.2953,0.04
2024-04-29,MIDCPNIFTY,20240429,10980.25,1020.56,9.2945,0.05
2024-04-29,NIFTY,20240530,22556.0,2085.06,9.2439,0.04
2024-04-29,NIFTYNXT50,20240531,64613.8,5964.51,9.231,0.05
2024-04-30,BANKNIFTY,20240529,49549.75,5584.92,11.2713,0.05
2024-04-30,FINNIFTY,20240430,21821.35,2464.67,11.2948,0.04
2024-04-30,MIDCPNIFTY,20240527,11129.6,1026.73,9.2252,0.05
2024-04-30,NIFTY,20240530,22750.55,2105.84,9.2562,0.04
2024-04-30,NIFTYNXT50,20240531,64849.3,5997.39,9.2482,0.05
2024-05-02,BANKNIFTY,20240529,49450.55,5581.83,11.2877,0.05
2024-05-02,FINNIFTY,20240528,21844.25,2468.05,11.2984,0.04
2024-05-02,MIDCPNIFTY,20240527,11116.8,1028.56,9.2523,0.05
2024-05-02,NIFTY,20240530,22718.3,2102.25,9.2536,0.04
2024-05-02,NIFTYNXT50,20240531,65291.3,6035.75,9.2443,0.05
2024-05-03,BANKNIFTY,20240529,49388.35,5563.11,11.264,0.05
2024-05-03,FINNIFTY,20240528,21927.2,2471.73,11.2724,0.04
2024-05-03,MIDCPNIFTY,20240527,11193.5,1035.06,9.247,0.05
2024-05-03,NIFTY,20240530,22773.95,2106.28,9.2486,0.04
2024-05-03,NIFTYNXT50,20240531,66215.5,6138.82,9.271,0.05
2024-05-06,BANKNIFTY,20240529,49094.75,5528.36,11.2606,0.05
2024-05-06,FINNIFTY,20240528,21892.75,2463.11,11.2508,0.04
2024-05-06,MIDCPNIFTY,20240527,11111.8,1028.95,9.26,0.05
2024-05-06,NIFTY,20240530,22575.2,2090.25,9.2591,0.04
2024-05-06,NIFTYNXT50,20240531,66067.8,6116.66,9.2582,0.05
2024-05-07,BANKNIFTY,20240529,49045.65,5525.17,11.2654,0.05
2024-05-07,FINNIFTY,20240528,21814.25,2457.04,11.2635,0.04
2024-05-07,MIDCPNIFTY,20240527,11086.65,1027.16,9.2648,0.05
2024-05-07,NIFTY,20240530,22550.15,2087.17,9.2557,0.04
2024-05-07,NIFTYNXT50,20240531,65389.25,6039.18,9.2357,0.05
2024-05-08,BANKNIFTY,20240529,48349.05,5456.24,11.2851,0.05
2024-05-08,FINNIFTY,20240528,21575.85,2434.42,11.2831,0.04
2024-05-08,MIDCPNIFTY,20240527,10862.9,1008.42,9.2832,0.05
2024-05-08,NIFTY,20240530,22381.8,2074.13,9.267,0.04
2024-05-08,NIFTYNXT50,20240531,64446.3,5946.17,9.2265,0.05
2024-05-09,BANKNIFTY,20240529,48175.9,5426.38,11.2637,0.05
2024-05-09,FINNIFTY,20240528,21479.4,2421.4,11.2731,0.04
2024-05-09,MIDCPNIFTY,20240527,10967.2,1016.1,9.2649,0.05
2024-05-09,NIFTY,20240530,22393.85,2074.13,9.2621,0.04
2024-05-09,NIFTYNXT50,20240531,65049.0,6024.94,9.2622,0.05
2024-05-10,BANKNIFTY,20240529,47669.2,5366.13,11.257,0.05
2024-05-10,FINNIFTY,20240528,21163.4,2383.57,11.2627,0.04
2024-05-10,MIDCPNIFTY,20240527,10768.65,1000.08,9.287,0.05
2024-05-10,NIFTY,20240530,22075.8,2042.05,9.2502,0.04
2024-05-10,NIFTYNXT50,20240531,63847.95,5897.23,9.2364,0.05
2024-05-13,BANKNIFTY,20240529,47607.25,5358.58,11.2558,0.05
2024-05-13,FINNIFTY,20240528,21175.75,2383.64,11.2565,0.04
2024-05-13,MIDCPNIFTY,20240527,10896.1,1011.62,9.2842,0.05
2024-05-13,NIFTY,20240530,22140.6,2051.13,9.2641,0.04
2024-05-13,NIFTYNXT50,20240531,64214.25,5945.88,9.2594,0.05
2024-05-14,BANKNIFTY,20240529,48003.7,5396.21,11.2412,0.05
2024-05-14,FINNIFTY,20240528,21357.4,2401.23,11.2431,0.04
2024-05-14,MIDCPNIFTY,20240527,11084.2,1031.95,9.3101,0.05
2024-05-14,NIFTY,20240530,22201.1,2055.68,9.2594,0.04
2024-05-14,NIFTYNXT50,20240531,64783.8,5984.96,9.2384,0.05
2024-05-15,BANKNIFTY,20240529,48091.65,5408.12,11.2454,0.05
2024-05-15,FINNIFTY,20240528,21368.35,2401.76,11.2398,0.04
2024-05-15,MIDCPNIFTY,20240527,11150.1,1035.33,9.2854,0.05
2024-05-15,NIFTY,20240530,22308.7,2066.26,9.2621,0.04
2024-05-15,NIFTYNXT50,20240531,65360.45,6073.35,9.2921,0.05
2024-05-16,BANKNIFTY,20240529,47908.55,5388.68,11.2478,0.05
2024-05-16,FINNIFTY,20240528,21289.1,2394.02,11.2453,0.04
2024-05-16,MIDCPNIFTY,20240527,11188.75,1038.57,9.2823,0.05
2024-05-16,NIFTY,20240530,22287.05,2064.65,9.2639,0.04
2024-05-16,NIFTYNXT50,20240531,65550.25,6104.86,9.3133,0.05
2024-05-17,BANKNIFTY,20240529,48092.35,5421.41,11.2729,0.05
2024-05-17,FINNIFTY,20240528,21461.15,2420.02,11.2763,0.04
2024-05-17,MIDCPNIFTY,20240527,11287.7,1048.74,9.291,0.05
2024-05-17,NIFTY,20240530,22452.35,2083.56,9.2799,0.04
2024-05-17,NIFTYNXT50,20240531,66310.15,6167.78,9.3014,0.05
2024-05-21,BANKNIFTY,20240529,48288.1,5446.54,11.2793,0.05
2024-05-21,FINNIFTY,20240528,21529.0,2429.74,11.2859,0.04
2024-05-21,MIDCPNIFTY,20240527,11321.95,1054.33,9.3123,0.05
2024-05-21,NIFTY,20240530,22543.9,2092.69,9.2827,0.04
2024-05-21,NIFTYNXT50,20240531,67350.9,6292.1,9.3423,0.05
2024-05-22,BANKNIFTY,20240529,48153.1,5429.45,11.2754,0.05
2024-05-22,FINNIFTY,20240528,21487.55,2422.52,11.2741,0.04
2024-05-22,MIDCPNIFTY,20240527,11336.15,1054.56,9.3026,0.05
2024-05-22,NIFTY,20240530,22605.9,2095.2,9.2684,0.04
2024-05-22,NIFTYNXT50,20240531,67989.7,6346.48,9.3345,0.05
2024-05-23,BANKNIFTY,20240529,47974.1,5399.36,11.2547,0.05
2024-05-23,FINNIFTY,20240528,21398.05,2409.92,11.2623,0.04
2024-05-23,MIDCPNIFTY,20240527,11356.3,1056.07,9.2994,0.05
2024-05-23,NIFTY,20240530,22657.95,2101.6,9.2753,0.04
2024-05-23,NIFTYNXT50,20240531,68255.7,6354.53,9.3099,0.05
2024-05-24,BANKNIFTY,20240529,48838.65,5510.85,11.2838,0.05
2024-05-24,FINNIFTY,20240528,21764.55,2455.68,11.2829,0.04
2024-05-24,MIDCPNIFTY,20240527,11421.0,1062.07,9.2993,0.05
2024-05-24,NIFTY,20240530,23002.7,2135.99,9.2858,0.04
2024-05-24,NIFTYNXT50,20240531,68747.25,6400.24,9.3098,0.05
2024-05-27,BANKNIFTY,20240529,49045.15,5533.8,11.2831,0.05
2024-05-27,FINNIFTY,20240528,21867.25,2469.31,11.2923,0.04
2024-05-27,MIDCPNIFTY,20240527,11467.05,1065.62,9.2929,0.05
2024-05-27,NIFTY,20240530,23019.6,2135.01,9.2747,0.04
2024-05-27,NIFTYNXT50,20240531,69030.05,6420.09,9.3004,0.05
2024-05-28,BANKNIFTY,20240529,49297.5,5568.84,11.2964,0.05
2024-05-28,FINNIFTY,20240528,21981.1,2482.11,11.292,0.04
2024-05-28,MIDCPNIFTY,20240624,11706.2,1085.59,9.2736,0.05
2024-05-28,NIFTY,20240530,22981.5,2132.72,9.2802,0.04
2024-05-28,NIFTYNXT50,20240531,69121.3,6429.68,9.302,0.05
2024-05-29,BANKNIFTY,20240529,49182.8,5553.06,11.2907,0.05
2024-05-29,FINNIFTY,20240625,22188.25,2483.98,11.195,0.04
2024-05-29,MIDCPNIFTY,20240624,11611.7,1077.19,9.2768,0.05
2024-05-29,NIFTY,20240530,22937.25,2128.6,9.2801,0.04
2024-05-29,NIFTYNXT50,20240531,68442.35,6374.74,9.314,0.05
2024-05-30,BANKNIFTY,20240626,49011.15,5480.65,11.1825,0.05
2024-05-30,FINNIFTY,20240625,21838.65,2443.11,11.1871,0.04
2024-05-30,MIDCPNIFTY,20240624,11572.65,1071.9,9.2624,0.05
2024-05-30,NIFTY,20240530,22743.8,2111.54,9.284,0.04
2024-05-30,NIFTYNXT50,20240531,68110.75,6330.56,9.2945,0.05
2024-05-31,BANKNIFTY,20240626,49037.4,5501.11,11.2182,0.05
2024-05-31,FINNIFTY,20240625,21762.5,2440.49,11.2142,0.04
2024-05-31,MIDCPNIFTY,20240624,11384.9,1054.49,9.2622,0.05
2024-05-31,NIFTY,20240627,22627.35,2091.44,9.243,0.04
2024-05-31,NIFTYNXT50,20240531,67555.15,6264.31,9.2729,0.05
2024-06-03,BANKNIFTY,20240626,49352.35,5535.19,11.2157,0.05
2024-06-03,FINNIFTY,20240625,21896.85,2454.17,11.2079,0.04
2024-06-03,MIDCPNIFTY,20240624,11414.65,1056.3,9.2539,0.05
2024-06-03,NIFTY,20240627,22700.7,2095.36,9.2304,0.04
2024-06-03,NIFTYNXT50,20240628,67867.55,6280.07,9.2534,0.05
2024-06-04,BANKNIFTY,20240626,51283.05,5760.73,11.2332,0.05
2024-06-04,FINNIFTY,20240625,22780.85,2553.39,11.2085,0.05
2024-06-04,MIDCPNIFTY,20240624,11795.15,1090.29,9.2435,0.05
2024-06-04,NIFTY,20240627,23407.9,2163.54,9.2428,0.04
2024-06-04,NIFTYNXT50,20240628,70952.75,6567.68,9.2564,0.05
2024-06-05,BANKNIFTY,20240626,47088.55,5302.93,11.2616,0.06
2024-06-05,FINNIFTY,20240625,20946.8,2352.6,11.2313,0.05
2024-06-05,MIDCPNIFTY,20240624,10812.1,1135.4,10.5012,0.06
2024-06-05,NIFTY,20240627,21908.15,2035.26,9.29,0.04
2024-06-05,NIFTYNXT50,20240628,64295.1,6685.1,10.3975,0.06
2024-06-06,BANKNIFTY,20240626,49117.65,5543.17,11.2855,0.06
2024-06-06,FINNIFTY,20240625,21713.3,2450.13,11.284,0.05
2024-06-06,MIDCPNIFTY,20240624,11448.5,1259.8,11.0041,0.06
2024-06-06,NIFTY,20240627,22642.9,2103.69,9.2907,0.04
2024-06-06,NIFTYNXT50,20240628,67016.65,7171.8,10.7015,0.06
2024-06-07,BANKNIFTY,20240626,49435.75,5569.98,11.2671,0.06
2024-06-07,FINNIFTY,20240625,21953.7,2474.12,11.2697,0.05
2024-06-07,MIDCPNIFTY,20240624,11596.6,1274.5,10.9903,0.06
2024-06-07,NIFTY,20240627,22899.5,2122.39,9.2683,0.04
2024-06-07,NIFTYNXT50,20240628,68522.6,7351.1,10.728,0.06
2024-06-10,BANKNIFTY,20240626,49908.95,5627.76,11.2761,0.06
2024-06-10,FINNIFTY,20240625,22221.35,2504.74,11.2718,0.05
2024-06-10,MIDCPNIFTY,20240624,11770.6,1293.9,10.9926,0.06
2024-06-10,NIFTY,20240627,23325.15,2165.98,9.286,0.04
2024-06-10,NIFTYNXT50,20240628,69449.95,7461.7,10.744,0.06
2024-06-11,BANKNIFTY,20240626,49732.2,5625.24,11.3111,0.06
2024-06-11,FINNIFTY,20240625,22132.35,2503.5,11.3115,0.05
2024-06-11,MIDCPNIFTY,20240624,11681.15,1284.7,10.9981,0.06
2024-06-11,NIFTY,20240627,23247.15,2163.11,9.3048,0.04
2024-06-11,NIFTYNXT50,20240628,69747.1,7508.7,10.7656,0.06
2024-06-12,BANKNIFTY,20240626,49768.75,5616.75,11.2857,0.06
2024-06-12,FINNIFTY,20240625,22181.3,2500.18,11.2716,0.05
2024-06-12,MIDCPNIFTY,20240624,11765.05,1290.7,10.9706,0.06
2024-06-12,NIFTY,20240627,23309.8,2163.63,9.2821,0.04
2024-06-12,NIFTYNXT50,20240628,69889.4,7483.1,10.7071,0.06
2024-06-13,BANKNIFTY,20240626,49914.95,5638.15,11.2955,0.06
2024-06-13,FINNIFTY,20240625,22268.6,2512.26,11.2816,0.05
2024-06-13,MIDCPNIFTY,20240624,11886.9,1303.1,10.9625,0.06
2024-06-13,NIFTY,20240627,23355.1,2169.03,9.2872,0.04
2024-06-13,NIFTYNXT50,20240628,70202.8,7526.8,10.7215,0.06
2024-06-14,BANKNIFTY,20240626,49912.65,5632.68,11.2851,0.06
2024-06-14,FINNIFTY,20240625,22337.7,2519.53,11.2793,0.05
2024-06-14,MIDCPNIFTY,20240624,11945.95,1306.5,10.9368,0.06
2024-06-14,NIFTY,20240627,23399.25,2176.1,9.2999,0.04
2024-06-14,NIFTYNXT50,20240628,70852.55,7586.0,10.7067,0.06
2024-06-18,BANKNIFTY,20240626,50042.4,5650.23,11.2909,0.06
2024-06-18,FINNIFTY,20240625,22431.95,2532.55,11.2899,0.05
2024-06-18,MIDCPNIFTY,20240624,12044.95,1315.9,10.9249,0.06
2024-06-18,NIFTY,20240627,23466.65,2182.3,9.2996,0.04
2024-06-18,NIFTYNXT50,20240628,71878.45,7704.8,10.7192,0.06
2024-06-19,BANKNIFTY,20240626,50417.35,5699.82,11.3053,0.06
2024-06-19,FINNIFTY,20240625,22580.4,2552.14,11.3025,0.05
2024-06-19,MIDCPNIFTY,20240624,12113.45,1320.0,10.897,0.06
2024-06-19,NIFTY,20240627,23568.1,2190.88,9.296,0.04
2024-06-19,NIFTYNXT50,20240628,72356.35,7737.3,10.6933,0.06
2024-06-20,BANKNIFTY,20240626,51353.4,5807.98,11.3098,0.06
2024-06-20,FINNIFTY,20240625,22944.15,2592.67,11.2999,0.05
2024-06-20,MIDCPNIFTY,20240624,12001.95,1306.2,10.8832,0.06
2024-06-20,NIFTY,20240627,23503.6,2186.99,9.3049,0.04
2024-06-20,NIFTYNXT50,20240628,71506.0,7647.6,10.695,0.06
2024-06-21,BANKNIFTY,20240626,51755.1,5851.51,11.3062,0.06
2024-06-21,FINNIFTY,20240625,23024.8,2602.99,11.3052,0.05
2024-06-21,MIDCPNIFTY,20240624,12139.55,1320.4,10.8768,0.06
2024-06-21,NIFTY,20240627,23582.5,2191.73,9.2939,0.04
2024-06-21,NIFTYNXT50,20240628,71626.9,7638.8,10.6647,0.06
2024-06-24,BANKNIFTY,20240626,51613.35,5837.74,11.3105,0.06
2024-06-24,FINNIFTY,20240625,22980.5,2598.05,11.3055,0.05
2024-06-24,MIDCPNIFTY,20240624,12169.15,1320.0,10.8471,0.06
2024-06-24,NIFTY,20240627,23487.3,2185.6,9.3055,0.04
2024-06-24,NIFTYNXT50,20240628,71066.05,7570.6,10.6529,0.06
2024-06-25,BANKNIFTY,20240626,51751.05,5842.55,11.2897,0.06
2024-06-25,FINNIFTY,20240625,23091.2,2607.05,11.2902,0.05
2024-06-25,MIDCPNIFTY,20240729,12303.65,1331.5,10.822,0.06
2024-06-25,NIFTY,20240627,23543.2,2189.02,9.2979,0.04
2024-06-25,NIFTYNXT50,20240628,71571.0,7614.4,10.6389,0.06
2024-06-26,BANKNIFTY,20240626,52626.85,5944.48,11.2955,0.06
2024-06-26,FINNIFTY,20240730,23564.55,2656.7,11.2741,0.05
2024-06-26,MIDCPNIFTY,20240729,12291.6,1328.9,10.8114,0.06
2024-06-26,NIFTY,20240627,23731.25,2206.08,9.2961,0.04
2024-06-26,NIFTYNXT50,20240628,71621.1,7568.6,10.5676,0.06
2024-06-27,BANKNIFTY,20240731,52877.1,5974.37,11.2986,0.06
2024-06-27,FINNIFTY,20240730,23650.85,2665.98,11.2722,0.05
2024-06-27,MIDCPNIFTY,20240729,12273.15,1322.3,10.7739,0.06
2024-06-27,NIFTY,20240627,23867.95,2219.8,9.3003,0.04
2024-06-27,NIFTYNXT50,20240628,71480.7,7536.4,10.5433,0.06
2024-06-28,BANKNIFTY,20240731,52905.6,5967.68,11.2799,0.06
2024-06-28,FINNIFTY,20240730,23682.3,2669.61,11.2726,0.05
2024-06-28,MIDCPNIFTY,20240729,12270.0,1319.6,10.7547,0.06
2024-06-28,NIFTY,20240725,24095.85,2236.14,9.2802,0.04
2024-06-28,NIFTYNXT50,20240628,71328.6,7528.5,10.5547,0.06
2024-07-01,BANKNIFTY,20240731,52529.7,5914.67,11.2597,0.06
2024-07-01,FINNIFTY,20240730,23541.4,2646.49,11.2419,0.05
2024-07-01,MIDCPNIFTY,20240729,12239.4,1315.7,10.7497,0.06
2024-07-01,NIFTY,20240725,24132.25,2232.99,9.2531,0.04
2024-07-01,NIFTYNXT50,20240726,71646.25,7528.7,10.5082,0.06
2024-07-02,BANKNIFTY,20240731,52709.1,5940.95,11.2712,0.06
2024-07-02,FINNIFTY,20240730,23711.1,2670.31,11.2619,0.05
2024-07-02,MIDCPNIFTY,20240729,12308.65,1315.8,10.69,0.06
2024-07-02,NIFTY,20240725,24206.25,2245.2,9.2753,0.04
2024-07-02,NIFTYNXT50,20240726,72227.2,7593.2,10.5129,0.06
2024-07-03,BANKNIFTY,20240731,52368.5,5895.0,11.2568,0.06
2024-07-03,FINNIFTY,20240730,23594.1,2655.6,11.2554,0.05
2024-07-03,MIDCPNIFTY,20240729,12217.6,1307.2,10.6993,0.06
2024-07-03,NIFTY,20240725,24203.15,2243.52,9.2695,0.04
2024-07-03,NIFTYNXT50,20240726,71909.25,7536.3,10.4803,0.06
2024-07-04,BANKNIFTY,20240731,53091.65,5999.09,11.2995,0.06
2024-07-04,FINNIFTY,20240730,23943.85,2703.38,11.2905,0.05
2024-07-04,MIDCPNIFTY,20240729,12310.4,1313.8,10.6723,0.06
2024-07-04,NIFTY,20240725,24350.4,2258.64,9.2756,0.04
2024-07-04,NIFTYNXT50,20240726,72669.0,7614.6,10.4785,0.06
2024-07-05,BANKNIFTY,20240731,53166.2,6000.72,11.2867,0.06
2024-07-05,FINNIFTY,20240730,23928.25,2698.41,11.2771,0.05
2024-07-05,MIDCPNIFTY,20240729,12441.9,1327.8,10.672,0.06
2024-07-05,NIFTY,20240725,24359.45,2260.1,9.2781,0.04
2024-07-05,NIFTYNXT50,20240726,72862.2,7634.5,10.478,0.06
2024-07-08,BANKNIFTY,20240731,52724.1,5950.62,11.2863,0.06
2024-07-08,FINNIFTY,20240730,23700.15,2671.52,11.2722,0.05
2024-07-08,MIDCPNIFTY,20240729,12520.7,1334.1,10.6552,0.06
2024-07-08,NIFTY,20240725,24379.4,2262.12,9.2788,0.04
2024-07-08,NIFTYNXT50,20240726,73450.85,7670.3,10.4428,0.06
2024-07-09,BANKNIFTY,20240731,52560.5,5924.12,11.271,0.06
2024-07-09,FINNIFTY,20240730,23638.9,2665.3,11.2751,0.05
2024-07-09,MIDCPNIFTY,20240729,12385.05,1317.9,10.6411,0.06
2024-07-09,NIFTY,20240725,24375.6,2261.81,9.279,0.04
2024-07-09,NIFTYNXT50,20240726,73618.45,7662.6,10.4085,0.06
2024-07-10,BANKNIFTY,20240731,52615.75,5940.27,11.2899,0.06
2024-07-10,FINNIFTY,20240730,23715.5,2673.87,11.2748,0.05
2024-07-10,MIDCPNIFTY,20240729,12440.1,1318.6,10.5996,0.06
2024-07-10,NIFTY,20240725,24485.65,2272.29,9.2801,0.04
2024-07-10,NIFTYNXT50,20240726,73857.35,7683.2,10.4028,0.06
2024-07-11,BANKNIFTY,20240731,52318.6,5897.39,11.2721,0.06
2024-07-11,FINNIFTY,20240730,23653.05,2666.7,11.2742,0.05
2024-07-11,MIDCPNIFTY,20240729,12399.75,1313.8,10.5954,0.06
2024-07-11,NIFTY,20240725,24355.05,2262.17,9.2883,0.04
2024-07-11,NIFTYNXT50,20240726,73892.4,7667.0,10.3759,0.06
2024-07-12,BANKNIFTY,20240731,52439.45,5906.58,11.2636,0.06
2024-07-12,FINNIFTY,20240730,23663.0,2666.74,11.2697,0.05
2024-07-12,MIDCPNIFTY,20240729,12417.95,1313.9,10.5807,0.06
2024-07-12,NIFTY,20240725,24382.65,2261.38,9.2745,0.04
2024-07-12,NIFTYNXT50,20240726,74035.1,7664.0,10.3518,0.06
2024-07-15,BANKNIFTY,20240731,52366.9,5907.52,11.281,0.05
2024-07-15,FINNIFTY,20240730,23634.2,2667.3,11.2858,0.05
2024-07-15,MIDCPNIFTY,20240729,12434.15,1314.3,10.5701,0.06
2024-07-15,NIFTY,20240725,24521.6,2278.7,9.2926,0.04
2024-07-15,NIFTYNXT50,20240726,73779.05,7613.8,10.3197,0.06
2024-07-16,BANKNIFTY,20240731,52630.15,5927.52,11.2626,0.05
2024-07-16,FINNIFTY,20240730,23753.85,2677.18,11.2705,0.05
2024-07-16,MIDCPNIFTY,20240729,12505.55,1318.5,10.5433,0.06
2024-07-16,NIFTY,20240725,24621.7,2286.56,9.2868,0.04
2024-07-16,NIFTYNXT50,20240726,74269.05,7669.5,10.3266,0.06
2024-07-18,BANKNIFTY,20240731,52529.05,5920.84,11.2716,0.05
2024-07-18,FINNIFTY,20240730,23705.8,2672.26,11.2726,0.05
2024-07-18,MIDCPNIFTY,20240729,12541.35,1317.9,10.5084,0.06
2024-07-18,NIFTY,20240725,24644.45,2289.01,9.2881,0.04
2024-07-18,NIFTYNXT50,20240726,73997.9,7610.4,10.2846,0.06
2024-07-19,BANKNIFTY,20240731,52670.35,5946.14,11.2893,0.05
2024-07-19,FINNIFTY,20240730,23802.15,2687.54,11.2912,0.05
2024-07-19,MIDCPNIFTY,20240729,12477.1,1307.5,10.4792,0.06
2024-07-19,NIFTY,20240725,24809.05,2306.48,9.2969,0.04
2024-07-19,NIFTYNXT50,20240726,73264.65,7523.9,10.2695,0.06
2024-07-22,BANKNIFTY,20240731,52270.65,5906.01,11.2989,0.05
2024-07-22,FINNIFTY,20240730,23605.55,2666.39,11.2956,0.05
2024-07-22,MIDCPNIFTY,20240729,12190.95,1286.3,10.5513,0.06
2024-07-22,NIFTY,20240725,24529.1,2281.37,9.3007,0.04
2024-07-22,NIFTYNXT50,20240726,71480.3,7396.7,10.3479,0.06
2024-07-23,BANKNIFTY,20240731,52286.55,5907.69,11.2987,0.05
2024-07-23,FINNIFTY,20240730,23651.5,2669.83,11.2882,0.05
2024-07-23,MIDCPNIFTY,20240729,12395.25,1311.6,10.5815,0.06
2024-07-23,NIFTY,20240725,24509.1,2279.36,9.3001,0.04
2024-07-23,NIFTYNXT50,20240726,72373.55,7494.5,10.3553,0.06
2024-07-24,BANKNIFTY,20240731,51818.2,5850.95,11.2913,0.05
2024-07-24,FINNIFTY,20240730,23352.25,2633.36,11.2767,0.05
2024-07-24,MIDCPNIFTY,20240729,12391.35,1304.4,10.5267,0.06
2024-07-24,NIFTY,20240725,24463.1,2276.55,9.3061,0.04
2024-07-24,NIFTYNXT50,20240726,71734.55,7419.2,10.3426,0.06
2024-07-25,BANKNIFTY,20240731,51401.1,5798.82,11.2815,0.05
2024-07-25,FINNIFTY,20240730,23209.55,2617.66,11.2784,0.05
2024-07-25,MIDCPNIFTY,20240729,12475.85,1311.0,10.5083,0.06
2024-07-25,NIFTY,20240725,24388.75,2270.46,9.3095,0.04
2024-07-25,NIFTYNXT50,20240726,71951.2,7422.1,10.3155,0.06
2024-07-26,BANKNIFTY,20240731,50934.2,5750.43,11.2899,0.05
2024-07-26,FINNIFTY,20240730,23055.55,2604.59,11.297,0.05
2024-07-26,MIDCPNIFTY,20240729,12422.35,1303.9,10.4964,0.06
2024-07-26,NIFTY,20240829,24455.4,2269.77,9.2813,0.04
2024-07-26,NIFTYNXT50,20240726,72215.2,7447.0,10.3122,0.06
2024-07-29,BANKNIFTY,20240731,51299.1,5796.44,11.2993,0.05
2024-07-29,FINNIFTY,20240730,23308.95,2634.79,11.3038,0.05
2024-07-29,MIDCPNIFTY,20240729,12688.5,1338.3,10.5473,0.06
2024-07-29,NIFTY,20240829,24915.45,2309.64,9.2699,0.04
2024-07-29,NIFTYNXT50,20240830,73588.9,7582.8,10.3043,0.06
2024-07-30,BANKNIFTY,20240731,51384.85,5808.91,11.3047,0.05
2024-07-30,FINNIFTY,20240730,23293.05,2634.63,11.3108,0.05
2024-07-30,MIDCPNIFTY,20240826,12852.4,1350.4,10.507,0.06
2024-07-30,NIFTY,20240829,24910.45,2309.76,9.2723,0.04
2024-07-30,NIFTYNXT50,20240830,74364.0,7674.5,10.3202,0.06
2024-07-31,BANKNIFTY,20240731,51520.3,5819.42,11.2954,0.05
2024-07-31,FINNIFTY,20240827,23480.2,2637.19,11.2315,0.05
2024-07-31,MIDCPNIFTY,20240826,12913.65,1354.1,10.4858,0.06
2024-07-31,NIFTY,20240829,24929.1,2311.73,9.2732,0.04
2024-07-31,NIFTYNXT50,20240830,74410.5,7647.3,10.2772,0.06
2024-08-01,BANKNIFTY,20240828,51815.05,5825.53,11.2429,0.05
2024-08-01,FINNIFTY,20240827,23533.25,2645.58,11.2419,0.05
2024-08-01,MIDCPNIFTY,20240826,12979.9,1359.0,10.47,0.06
2024-08-01,NIFTY,20240829,25013.15,2320.46,9.277,0.04
2024-08-01,NIFTYNXT50,20240830,75011.25,7696.3,10.2602,0.06
2024-08-02,BANKNIFTY,20240828,51753.4,5826.73,11.2586,0.05
2024-08-02,FINNIFTY,20240827,23534.1,2648.25,11.2528,0.05
2024-08-02,MIDCPNIFTY,20240826,12894.55,1347.6,10.4509,0.06
2024-08-02,NIFTY,20240829,25032.25,2326.01,9.2921,0.04
2024-08-02,NIFTYNXT50,20240830,74375.1,7632.3,10.2619,0.06
2024-08-05,BANKNIFTY,20240828,51429.3,5802.57,11.2826,0.05
2024-08-05,FINNIFTY,20240827,23398.0,2640.35,11.2845,0.05
2024-08-05,MIDCPNIFTY,20240826,12627.8,1329.5,10.5284,0.06
2024-08-05,NIFTY,20240829,24711.55,2298.75,9.3023,0.04
2024-08-05,NIFTYNXT50,20240830,73603.5,7536.3,10.2391,0.06
2024-08-06,BANKNIFTY,20240828,50215.45,5660.41,11.2722,0.05
2024-08-06,FINNIFTY,20240827,22825.15,2572.19,11.2691,0.05
2024-08-06,MIDCPNIFTY,20240826,12317.75,1304.5,10.5904,0.06
2024-08-06,NIFTY,20240829,24102.95,2237.17,9.2817,0.04
2024-08-06,NIFTYNXT50,20240830,71222.0,7407.1,10.4,0.06
2024-08-07,BANKNIFTY,20240828,49919.2,5621.56,11.2613,0.05
2024-08-07,FINNIFTY,20240827,22619.35,2544.77,11.2504,0.05
2024-08-07,MIDCPNIFTY,20240826,12277.85,1296.4,10.5589,0.06
2024-08-07,NIFTY,20240829,24056.9,2231.31,9.2751,0.04
2024-08-07,NIFTYNXT50,20240830,70486.35,7329.4,10.3983,0.06
2024-08-08,BANKNIFTY,20240828,50340.7,5663.45,11.2502,0.05
2024-08-08,FINNIFTY,20240827,22894.95,2576.94,11.2555,0.05
2024-08-08,MIDCPNIFTY,20240826,12605.6,1341.8,10.6445,0.06
2024-08-08,NIFTY,20240829,24366.45,2259.67,9.2737,0.04
2024-08-08,NIFTYNXT50,20240830,72614.0,7643.6,10.5263,0.06
2024-08-09,BANKNIFTY,20240828,50205.9,5667.71,11.2889,0.05
2024-08-09,FINNIFTY,20240827,22852.1,2580.74,11.2932,0.05
2024-08-09,MIDCPNIFTY,20240826,12529.7,1334.6,10.6515,0.06
2024-08-09,NIFTY,20240829,24136.55,2242.88,9.2925,0.04
2024-08-09,NIFTYNXT50,20240830,72007.95,7570.1,10.5129,0.06
2024-08-12,BANKNIFTY,20240828,50574.1,5704.75,11.28,0.05
2024-08-12,FINNIFTY,20240827,23029.7,2597.11,11.2772,0.05
2024-08-12,MIDCPNIFTY,20240826,12635.9,1340.8,10.611,0.06
2024-08-12,NIFTY,20240829,24401.5,2266.18,9.2871,0.04
2024-08-12,NIFTYNXT50,20240830,72804.9,7664.2,10.527,0.06
2024-08-13,BANKNIFTY,20240828,50721.0,5715.31,11.2681,0.05
2024-08-13,FINNIFTY,20240827,23075.75,2602.23,11.2769,0.05
2024-08-13,MIDCPNIFTY,20240826,12665.15,1343.1,10.6047,0.06
2024-08-13,NIFTY,20240829,24356.8,2264.27,9.2963,0.04
2024-08-13,NIFTYNXT50,20240830,72535.2,7618.1,10.5026,0.06
2024-08-14,BANKNIFTY,20240828,50052.0,5631.0,11.2503,0.05
2024-08-14,FINNIFTY,20240827,22700.8,2553.44,11.2482,0.05
2024-08-14,MIDCPNIFTY,20240826,12591.45,1330.9,10.5699,0.06
2024-08-14,NIFTY,20240829,24161.0,2244.93,9.2915,0.04
2024-08-14,NIFTYNXT50,20240830,71815.25,7528.2,10.4827,0.06
2024-08-16,BANKNIFTY,20240828,49955.3,5619.18,11.2484,0.05
2024-08-16,FINNIFTY,20240827,22694.3,2552.86,11.2489,0.05
2024-08-16,MIDCPNIFTY,20240826,12543.95,1323.5,10.5509,0.06
2024-08-16,NIFTY,20240829,24174.65,2245.37,9.2881,0.04
2024-08-16,NIFTYNXT50,20240830,71776.8,7512.6,10.4666,0.06
2024-08-19,BANKNIFTY,20240828,50624.4,5708.41,11.276,0.05
2024-08-19,FINNIFTY,20240827,23018.8,2596.31,11.2791,0.05
2024-08-19,MIDCPNIFTY,20240826,12744.0,1346.8,10.5681,0.06
2024-08-19,NIFTY,20240829,24585.5,2282.33,9.2832,0.04
2024-08-19,NIFTYNXT50,20240830,73028.7,7671.7,10.505,0.06
2024-08-20,BANKNIFTY,20240828,50485.25,5691.62,11.2738,0.05
2024-08-20,FINNIFTY,20240827,22975.35,2590.27,11.2741,0.05
2024-08-20,MIDCPNIFTY,20240826,12757.45,1343.8,10.5335,0.06
2024-08-20,NIFTY,20240829,24595.75,2285.26,9.2913,0.04
2024-08-20,NIFTYNXT50,20240830,73469.05,7700.3,10.481,0.06
2024-08-21,BANKNIFTY,20240828,50892.2,5740.76,11.2802,0.05
2024-08-21,FINNIFTY,20240827,23210.5,2619.13,11.2842,0.05
2024-08-21,MIDCPNIFTY,20240826,12873.7,1357.5,10.5448,0.06
2024-08-21,NIFTY,20240829,24711.25,2296.99,9.2953,0.04
2024-08-21,NIFTYNXT50,20240830,74080.35,7753.5,10.4663,0.06
2024-08-22,BANKNIFTY,20240828,50806.95,5727.47,11.273,0.05
2024-08-22,FINNIFTY,20240827,23200.75,2615.23,11.2722,0.05
2024-08-22,MIDCPNIFTY,20240826,12938.15,1361.9,10.5262,0.06
2024-08-22,NIFTY,20240829,24798.15,2303.63,9.2895,0.04
2024-08-22,NIFTYNXT50,20240830,74176.05,7755.5,10.4555,0.06
2024-08-23,BANKNIFTY,20240828,51037.05,5761.38,11.2886,0.05
2024-08-23,FINNIFTY,20240827,23264.7,2626.93,11.2915,0.05
2024-08-23,MIDCPNIFTY,20240826,13074.2,1374.3,10.5115,0.06
2024-08-23,NIFTY,20240829,24840.45,2307.47,9.2892,0.04
2024-08-23,NIFTYNXT50,20240830,74536.25,7792.6,10.4548,0.06
2024-08-26,BANKNIFTY,20240828,50966.35,5755.48,11.2927,0.05
2024-08-26,FINNIFTY,20240827,23252.55,2625.23,11.2901,0.05
2024-08-26,MIDCPNIFTY,20240826,12961.65,1361.5,10.5041,0.06
2024-08-26,NIFTY,20240829,24854.0,2308.55,9.2884,0.04
2024-08-26,NIFTYNXT50,20240830,74446.2,7745.9,10.4047,0.06
2024-08-27,BANKNIFTY,20240828,51219.15,5779.74,11.2843,0.05
2024-08-27,FINNIFTY,20240827,23411.2,2642.64,11.2879,0.05
2024-08-27,MIDCPNIFTY,20240930,13118.9,1370.5,10.4468,0.06
2024-08-27,NIFTY,20240829,25043.3,2325.99,9.2879,0.04
2024-08-27,NIFTYNXT50,20240830,74754.1,7767.4,10.3906,0.06
2024-08-28,BANKNIFTY,20240828,51256.2,5794.5,11.305,0.05
2024-08-28,FINNIFTY,20240924,23674.65,2664.4,11.2542,0.05
2024-08-28,MIDCPNIFTY,20240930,13122.3,1369.5,10.4364,0.06
2024-08-28,NIFTY,20240829,25017.7,2326.65,9.3,0.04
2024-08-28,NIFTYNXT50,20240830,74883.35,7759.1,10.3616,0.06
2024-08-29,BANKNIFTY,20240925,51428.8,5779.26,11.2374,0.05
2024-08-29,FINNIFTY,20240924,23639.8,2657.93,11.2435,0.05
2024-08-29,MIDCPNIFTY,20240930,13118.75,1367.0,10.4202,0.06
2024-08-29,NIFTY,20240829,25048.35,2329.87,9.3015,0.04
2024-08-29,NIFTYNXT50,20240830,75303.3,7763.3,10.3094,0.06
2024-08-30,BANKNIFTY,20240925,51490.75,5780.26,11.2258,0.05
2024-08-30,FINNIFTY,20240924,23719.05,2664.73,11.2346,0.05
2024-08-30,MIDCPNIFTY,20240930,13120.05,1362.5,10.3849,0.06
2024-08-30,NIFTY,20240926,25265.2,2339.13,9.2583,0.04
2024-08-30,NIFTYNXT50,20240830,75016.3,7727.4,10.301,0.06
2024-09-02,BANKNIFTY,20240925,51663.1,5802.66,11.2317,0.05
2024-09-02,FINNIFTY,20240924,23779.85,2671.08,11.2325,0.05
2024-09-02,MIDCPNIFTY,20240930,13213.7,1369.1,10.3612,0.06
2024-09-02,NIFTY,20240926,25376.9,2346.94,9.2483,0.04
2024-09-02,NIFTYNXT50,20240927,75379.45,7750.2,10.2816,0.06
2024-09-03,BANKNIFTY,20240925,51650.7,5812.67,11.2538,0.05
2024-09-03,FINNIFTY,20240924,23803.8,2681.21,11.2638,0.05
2024-09-03,MIDCPNIFTY,20240930,13196.1,1364.6,10.3409,0.06
2024-09-03,NIFTY,20240926,25340.45,2350.92,9.2773,0.04
2024-09-03,NIFTYNXT50,20240927,75261.95,7735.9,10.2786,0.06
2024-09-04,BANKNIFTY,20240925,51834.1,5840.87,11.2684,0.05
2024-09-04,FINNIFTY,20240924,23960.4,2703.21,11.282,0.05
2024-09-04,MIDCPNIFTY,20240930,13259.95,1367.9,10.316,0.06
2024-09-04,NIFTY,20240926,25354.55,2351.03,9.2726,0.04
2024-09-04,NIFTYNXT50,20240927,75542.8,7723.8,10.2244,0.06
2024-09-05,BANKNIFTY,20240925,51607.6,5808.23,11.2546,0.05
2024-09-05,FINNIFTY,20240924,23916.1,2693.25,11.2612,0.05
2024-09-05,MIDCPNIFTY,20240930,13253.65,1365.0,10.299,0.06
2024-09-05,NIFTY,20240926,25247.8,2343.48,9.2819,0.04
2024-09-05,NIFTYNXT50,20240927,75479.7,7710.8,10.2157,0.06
2024-09-06,BANKNIFTY,20240925,51727.6,5816.45,11.2444,0.05
2024-09-06,FINNIFTY,20240924,23974.1,2696.12,11.246,0.05
2024-09-06,MIDCPNIFTY,20240930,13324.35,1368.7,10.2722,0.06
2024-09-06,NIFTY,20240926,25236.75,2338.49,9.2662,0.04
2024-09-06,NIFTYNXT50,20240927,75606.05,7694.3,10.1768,0.06
2024-09-09,BANKNIFTY,20240925,50781.4,5715.18,11.2545,0.05
2024-09-09,FINNIFTY,20240924,23629.8,2658.86,11.2521,0.05
2024-09-09,MIDCPNIFTY,20240930,13076.35,1351.6,10.3362,0.06
2024-09-09,NIFTY,20240926,24906.0,2311.25,9.2799,0.04
2024-09-09,NIFTYNXT50,20240927,74609.9,7596.6,10.1818,0.06
2024-09-10,BANKNIFTY,20240925,51267.4,5776.31,11.267,0.05
2024-09-10,FINNIFTY,20240924,23788.95,2680.6,11.2683,0.05
2024-09-10,MIDCPNIFTY,20240930,13055.45,1342.1,10.28,0.06
2024-09-10,NIFTY,20240926,24985.0,2319.09,9.2819,0.04
2024-09-10,NIFTYNXT50,20240927,74561.75,7588.0,10.1768,0.06
2024-09-11,BANKNIFTY,20240925,51371.2,5793.77,11.2782,0.05
2024-09-11,FINNIFTY,20240924,23705.2,2672.38,11.2734,0.05
2024-09-11,MIDCPNIFTY,20240930,13206.85,1359.7,10.2954,0.06
2024-09-11,NIFTY,20240926,25083.0,2328.82,9.2845,0.04
2024-09-11,NIFTYNXT50,20240927,74754.9,7584.9,10.1464,0.06
2024-09-12,BANKNIFTY,20240925,51124.0,5764.13,11.2748,0.05
2024-09-12,FINNIFTY,20240924,23618.8,2664.82,11.2826,0.05
2024-09-12,MIDCPNIFTY,20240930,13116.9,1350.4,10.2951,0.06
2024-09-12,NIFTY,20240926,24938.45,2317.42,9.2926,0.04
2024-09-12,NIFTYNXT50,20240927,74388.75,7532.9,10.1264,0.06
2024-09-13,BANKNIFTY,20240925,51759.2,5850.28,11.3029,0.05
2024-09-13,FINNIFTY,20240924,23944.0,2705.85,11.3007,0.05
2024-09-13,MIDCPNIFTY,20240930,13290.85,1367.3,10.2875,0.06
2024-09-13,NIFTY,20240926,25356.3,2361.17,9.312,0.04
2024-09-13,NIFTYNXT50,20240927,75349.25,7650.1,10.1529,0.06
2024-09-16,BANKNIFTY,20240925,51929.4,5869.0,11.3019,0.05
2024-09-16,FINNIFTY,20240924,23978.45,2709.69,11.3005,0.05
2024-09-16,MIDCPNIFTY,20240930,13355.2,1372.3,10.2754,0.06
2024-09-16,NIFTY,20240926,25372.6,2358.15,9.2941,0.04
2024-09-16,NIFTYNXT50,20240927,75502.1,7631.4,10.1075,0.06
2024-09-17,BANKNIFTY,20240925,52261.35,5893.31,11.2766,0.05
2024-09-17,FINNIFTY,20240924,24037.1,2710.85,11.2778,0.05
2024-09-17,MIDCPNIFTY,20240930,13313.1,1361.5,10.2268,0.06
2024-09-17,NIFTY,20240926,25442.75,2360.69,9.2784,0.04
2024-09-17,NIFTYNXT50,20240927,75549.1,7615.0,10.0795,0.06
2024-09-18,BANKNIFTY,20240925,52295.6,5897.32,11.2769,0.05
2024-09-18,FINNIFTY,20240924,24038.4,2711.05,11.278,0.05
2024-09-18,MIDCPNIFTY,20240930,13304.75,1358.7,10.2121,0.06
2024-09-18,NIFTY,20240926,25449.8,2363.93,9.2886,0.04
2024-09-18,NIFTYNXT50,20240927,75285.75,7577.7,10.0653,0.06
2024-09-19,BANKNIFTY,20240925,52757.1,5960.8,11.2986,0.05
2024-09-19,FINNIFTY,20240924,24325.55,2748.94,11.3006,0.05
2024-09-19,MIDCPNIFTY,20240930,13152.85,1343.3,10.213,0.06
2024-09-19,NIFTY,20240926,25396.1,2360.11,9.2932,0.04
2024-09-19,NIFTYNXT50,20240927,74807.15,7528.5,10.0639,0.06
2024-09-20,BANKNIFTY,20240925,53177.55,5993.25,11.2703,0.05
2024-09-20,FINNIFTY,20240924,24471.7,2757.61,11.2686,0.05
2024-09-20,MIDCPNIFTY,20240930,13100.15,1335.8,10.1968,0.06
2024-09-20,NIFTY,20240926,25489.1,2363.67,9.2733,0.04
2024-09-20,NIFTYNXT50,20240927,74480.15,7463.3,10.0205,0.06
2024-09-23,BANKNIFTY,20240925,53550.85,6078.63,11.3511,0.05
2024-09-23,FINNIFTY,20240924,24697.2,2801.18,11.3421,0.05
2024-09-23,MIDCPNIFTY,20240930,13118.55,1334.9,10.1757,0.06
2024-09-23,NIFTY,20240926,25767.75,2398.56,9.3084,0.04
2024-09-23,NIFTYNXT50,20240927,75259.95,7579.9,10.0716,0.06
2024-09-24,BANKNIFTY,20240925,54072.3,6113.96,11.307,0.05
2024-09-24,FINNIFTY,20240924,24939.2,2819.7,11.3063,0.05
2024-09-24,MIDCPNIFTY,20240930,13217.6,1342.1,10.1539,0.06
2024-09-24,NIFTY,20240926,25917.85,2412.33,9.3076,0.04
2024-09-24,NIFTYNXT50,20240927,76492.5,7716.6,10.088,0.06
2024-09-25,BANKNIFTY,20240925,54026.3,6098.45,11.2879,0.05
2024-09-25,FINNIFTY,20241029,25037.55,2811.85,11.2305,0.05
2024-09-25,MIDCPNIFTY,20240930,13285.75,1347.6,10.1432,0.06
2024-09-25,NIFTY,20240926,25944.7,2412.46,9.2985,0.04
2024-09-25,NIFTYNXT50,20240927,76650.15,7709.3,10.0578,0.06
2024-09-26,BANKNIFTY,20241030,54335.4,6113.49,11.2514,0.05
2024-09-26,FINNIFTY,20241029,25105.1,2823.62,11.2472,0.05
2024-09-26,MIDCPNIFTY,20240930,13257.55,1341.6,10.1195,0.06
2024-09-26,NIFTY,20240926,25998.2,2418.39,9.3021,0.04
2024-09-26,NIFTYNXT50,20240927,76435.2,7663.5,10.0261,0.06
2024-09-27,BANKNIFTY,20241030,54549.05,6144.41,11.264,0.05
2024-09-27,FINNIFTY,20241029,25246.3,2842.57,11.2594,0.05
2024-09-27,MIDCPNIFTY,20240930,13271.65,1338.5,10.0854,0.06
2024-09-27,NIFTY,20241031,26308.85,2438.09,9.2672,0.04
2024-09-27,NIFTYNXT50,20240927,76988.4,7706.9,10.0105,0.06
2024-09-30,BANKNIFTY,20241030,54220.0,6083.28,11.2196,0.05
2024-09-30,FINNIFTY,20241029,25099.2,2814.6,11.2139,0.05
2024-09-30,MIDCPNIFTY,20240930,13348.2,1342.8,10.0598,0.06
2024-09-30,NIFTY,20241031,26345.15,2434.64,9.2413,0.04
2024-09-30,NIFTYNXT50,20241025,77559.5,7772.6,10.0215,0.06
2024-10-01,BANKNIFTY,20241030,53435.15,5986.53,11.2034,0.05
2024-10-01,FINNIFTY,20241029,24673.1,2766.27,11.2117,0.05
2024-10-01,MIDCPNIFTY,20241028,13285.55,1330.9,10.0177,0.06
2024-10-01,NIFTY,20241031,25990.15,2400.41,9.2358,0.04
2024-10-01,NIFTYNXT50,20241025,77267.2,7694.0,9.9577,0.06
2024-10-03,BANKNIFTY,20241030,53381.2,5980.25,11.2029,0.05
2024-10-03,FINNIFTY,20241029,24681.25,2765.95,11.2067,0.05
2024-10-03,MIDCPNIFTY,20241028,13374.2,1335.8,9.9879,0.06
2024-10-03,NIFTY,20241031,25969.25,2399.11,9.2383,0.04
2024-10-03,NIFTYNXT50,20241025,77465.6,7695.7,9.9343,0.06
2024-10-04,BANKNIFTY,20241030,52384.75,5858.51,11.1836,0.05
2024-10-04,FINNIFTY,20241029,24141.95,2698.62,11.1781,0.05
2024-10-04,MIDCPNIFTY,20241028,13046.15,1314.7,10.0773,0.06
2024-10-04,NIFTY,20241031,25475.7,2348.26,9.2176,0.04
2024-10-04,NIFTYNXT50,20241025,76329.9,7573.2,9.9217,0.06
2024-10-07,BANKNIFTY,20241030,51871.45,5815.21,11.2108,0.05
2024-10-07,FINNIFTY,20241029,23805.35,2669.26,11.2129,0.05
2024-10-07,MIDCPNIFTY,20241028,12869.5,1299.2,10.0952,0.06
2024-10-07,NIFTY,20241031,25173.85,2326.36,9.2412,0.04
2024-10-07,NIFTYNXT50,20241025,75402.65,7486.8,9.9291,0.06
2024-10-08,BANKNIFTY,20241030,51016.25,5704.12,11.181,0.05
2024-10-08,FINNIFTY,20241029,23452.15,2623.98,11.1887,0.05
2024-10-08,MIDCPNIFTY,20241028,12723.0,1282.6,10.081,0.06
2024-10-08,NIFTY,20241031,24985.55,2306.0,9.2293,0.04
2024-10-08,NIFTYNXT50,20241025,73277.6,7367.7,10.0545,0.06
2024-10-09,BANKNIFTY,20241030,51392.5,5765.37,11.2183,0.05
2024-10-09,FINNIFTY,20241029,23595.25,2650.17,11.2318,0.05
2024-10-09,MIDCPNIFTY,20241028,12929.1,1307.8,10.1152,0.06
2024-10-09,NIFTY,20241031,25131.65,2326.22,9.2561,0.04
2024-10-09,NIFTYNXT50,20241025,74577.9,7590.5,10.1779,0.06
2024-10-10,BANKNIFTY,20241030,51373.7,5763.79,11.2193,0.05
2024-10-10,FINNIFTY,20241029,23696.95,2660.7,11.228,0.05
2024-10-10,MIDCPNIFTY,20241028,12997.55,1315.0,10.1173,0.06
2024-10-10,NIFTY,20241031,25083.9,2323.32,9.2622,0.04
2024-10-10,NIFTYNXT50,20241025,75133.75,7669.6,10.2079,0.06
2024-10-11,BANKNIFTY,20241030,51780.95,5822.99,11.2454,0.05
2024-10-11,FINNIFTY,20241029,23875.55,2685.41,11.2475,0.05
2024-10-11,MIDCPNIFTY,20241028,12954.6,1306.4,10.0844,0.06
2024-10-11,NIFTY,20241031,25117.9,2324.86,9.2558,0.04
2024-10-11,NIFTYNXT50,20241025,75303.25,7639.7,10.1452,0.06
2024-10-14,BANKNIFTY,20241030,51386.4,5782.47,11.2529,0.05
2024-10-14,FINNIFTY,20241029,23714.8,2668.22,11.2513,0.05
2024-10-14,MIDCPNIFTY,20241028,13010.4,1309.9,10.0681,0.06
2024-10-14,NIFTY,20241031,25049.55,2321.68,9.2684,0.04
2024-10-14,NIFTYNXT50,20241025,75327.1,7629.8,10.1289,0.06
2024-10-15,BANKNIFTY,20241030,52042.75,5855.31,11.251,0.05
2024-10-15,FINNIFTY,20241029,23976.3,2695.9,11.244,0.05
2024-10-15,MIDCPNIFTY,20241028,13115.55,1320.0,10.0644,0.06
2024-10-15,NIFTY,20241031,25221.5,2336.9,9.2655,0.04
2024-10-15,NIFTYNXT50,20241025,75709.3,7640.7,10.0922,0.06
2024-10-16,BANKNIFTY,20241030,52106.85,5865.38,11.2564,0.05
2024-10-16,FINNIFTY,20241029,23952.0,2696.57,11.2582,0.05
2024-10-16,MIDCPNIFTY,20241028,13171.2,1322.5,10.0408,0.06
2024-10-16,NIFTY,20241031,25118.35,2330.33,9.2774,0.04
2024-10-16,NIFTYNXT50,20241025,75851.15,7644.9,10.0788,0.06
2024-10-17,BANKNIFTY,20241030,52042.65,5853.52,11.2475,0.05
2024-10-17,FINNIFTY,20241029,23982.0,2698.71,11.2531,0.05
2024-10-17,MIDCPNIFTY,20241028,13180.45,1319.9,10.0141,0.06
2024-10-17,NIFTY,20241031,25048.8,2322.33,9.2712,0.04
2024-10-17,NIFTYNXT50,20241025,75766.3,7608.4,10.0419,0.06
2024-10-18,BANKNIFTY,20241030,51491.7,5795.63,11.2555,0.05
2024-10-18,FINNIFTY,20241029,23678.45,2664.96,11.2548,0.05
2024-10-18,MIDCPNIFTY,20241028,13008.45,1304.1,10.025,0.06
2024-10-18,NIFTY,20241031,24843.8,2301.74,9.2648,0.04
2024-10-18,NIFTYNXT50,20241025,74085.2,7487.7,10.1069,0.06
2024-10-21,BANKNIFTY,20241030,52310.4,5886.64,11.2533,0.05
2024-10-21,FINNIFTY,20241029,24034.15,2705.01,11.2549,0.05
2024-10-21,MIDCPNIFTY,20241028,13067.2,1305.4,9.9899,0.06
2024-10-21,NIFTY,20241031,24949.15,2311.43,9.2646,0.04
2024-10-21,NIFTYNXT50,20241025,74190.15,7499.7,10.1088,0.06
2024-10-22,BANKNIFTY,20241030,52040.25,5871.79,11.2832,0.05
2024-10-22,FINNIFTY,20241029,23959.15,2706.88,11.2979,0.05
2024-10-22,MIDCPNIFTY,20241028,12725.05,1284.4,10.0935,0.06
2024-10-22,NIFTY,20241031,24788.8,2304.64,9.2971,0.04
2024-10-22,NIFTYNXT50,20241025,73265.5,7404.9,10.1069,0.06
2024-10-23,BANKNIFTY,20241030,51434.8,5792.06,11.261,0.05
2024-10-23,FINNIFTY,20241029,23764.8,2678.14,11.2694,0.05
2024-10-23,MIDCPNIFTY,20241028,12449.3,1266.1,10.17,0.06
2024-10-23,NIFTY,20241031,24538.3,2275.91,9.2749,0.04
2024-10-23,NIFTYNXT50,20241025,71114.35,7278.5,10.2349,0.06
2024-10-24,BANKNIFTY,20241030,51352.65,5790.01,11.275,0.05
2024-10-24,FINNIFTY,20241029,23796.75,2683.98,11.2788,0.05
2024-10-24,MIDCPNIFTY,20241028,12551.9,1274.8,10.1562,0.06
2024-10-24,NIFTY,20241031,24482.65,2272.5,9.2821,0.04
2024-10-24,NIFTYNXT50,20241025,71291.9,7234.8,10.1481,0.06
2024-10-25,BANKNIFTY,20241030,51605.75,5823.02,11.2837,0.05
2024-10-25,FINNIFTY,20241029,23912.9,2695.52,11.2722,0.05
2024-10-25,MIDCPNIFTY,20241028,12578.2,1274.8,10.135,0.06
2024-10-25,NIFTY,20241031,24452.0,2269.14,9.28,0.04
2024-10-25,NIFTYNXT50,20241025,71256.75,7213.1,10.1227,0.06
2024-10-28,BANKNIFTY,20241030,50846.1,5738.98,11.287,0.05
2024-10-28,FINNIFTY,20241029,23763.6,2681.8,11.2853,0.05
2024-10-28,MIDCPNIFTY,20241028,12325.05,1254.9,10.1817,0.06
2024-10-28,NIFTY,20241031,24192.75,2248.81,9.2954,0.04
2024-10-28,NIFTYNXT50,20241129,70278.25,7112.5,10.1205,0.06
2024-10-29,BANKNIFTY,20241030,51327.35,5792.3,11.285,0.05
2024-10-29,FINNIFTY,20241029,23893.75,2696.39,11.2849,0.05
2024-10-29,MIDCPNIFTY,20241125,12465.35,1261.3,10.1184,0.06
2024-10-29,NIFTY,20241031,24348.45,2263.54,9.2964,0.04
2024-10-29,NIFTYNXT50,20241129,70986.6,7128.9,10.0426,0.06
2024-10-30,BANKNIFTY,20241030,52294.05,5912.24,11.3058,0.05
2024-10-30,FINNIFTY,20241126,24413.05,2752.43,11.2744,0.05
2024-10-30,MIDCPNIFTY,20241125,12574.95,1272.2,10.1169,0.06
2024-10-30,NIFTY,20241031,24477.7,2275.42,9.2959,0.04
2024-10-30,NIFTYNXT50,20241129,70992.4,7168.1,10.097,0.06
2024-10-31,BANKNIFTY,20241127,52260.0,5854.25,11.2022,0.05
2024-10-31,FINNIFTY,20241126,24231.0,2716.23,11.2097,0.05
2024-10-31,MIDCPNIFTY,20241125,12522.0,1261.7,10.0759,0.06
2024-10-31,NIFTY,20241031,24371.05,2263.7,9.2885,0.04
2024-10-31,NIFTYNXT50,20241129,70792.45,7125.1,10.0648,0.06
2024-11-01,BANKNIFTY,20241127,51954.4,5816.71,11.1958,0.05
2024-11-01,FINNIFTY,20241126,24096.0,2699.18,11.2018,0.05
2024-11-01,MIDCPNIFTY,20241125,12401.05,1250.0,10.0798,0.06
2024-11-01,NIFTY,20241128,24388.3,2251.1,9.2302,0.04
2024-11-01,NIFTYNXT50,20241129,70499.05,7073.4,10.0333,0.06
2024-11-04,BANKNIFTY,20241127,51927.75,5839.15,11.2448,0.05
2024-11-04,FINNIFTY,20241126,24066.65,2706.08,11.2441,0.05
2024-11-04,MIDCPNIFTY,20241125,12399.0,1253.2,10.1073,0.06
2024-11-04,NIFTY,20241128,24383.65,2260.3,9.2697,0.04
2024-11-04,NIFTYNXT50,20241129,70628.15,7113.5,10.0718,0.06
2024-11-05,BANKNIFTY,20241127,51552.05,5787.32,11.2262,0.05
2024-11-05,FINNIFTY,20241126,23798.75,2673.61,11.2342,0.05
2024-11-05,MIDCPNIFTY,20241125,12330.35,1240.1,10.0573,0.06
2024-11-05,NIFTY,20241128,24114.65,2231.57,9.254,0.04
2024-11-05,NIFTYNXT50,20241129,69995.85,7020.4,10.0297,0.06
2024-11-06,BANKNIFTY,20241127,52393.95,5899.42,11.2597,0.05
2024-11-06,FINNIFTY,20241126,24186.55,2726.57,11.2731,0.05
2024-11-06,MIDCPNIFTY,20241125,12419.75,1245.7,10.03,0.06
2024-11-06,NIFTY,20241128,24295.45,2251.84,9.2686,0.04
2024-11-06,NIFTYNXT50,20241129,70232.45,7043.2,10.0284,0.06
2024-11-07,BANKNIFTY,20241127,52650.35,5911.87,11.2285,0.05
2024-11-07,FINNIFTY,20241126,24322.4,2732.48,11.2344,0.05
2024-11-07,MIDCPNIFTY,20241125,12720.3,1283.8,10.0925,0.06
2024-11-07,NIFTY,20241128,24587.1,2277.02,9.261,0.04
2024-11-07,NIFTYNXT50,20241129,71725.0,7251.5,10.1101,0.06
2024-11-08,BANKNIFTY,20241127,52199.9,5866.56,11.2386,0.05
2024-11-08,FINNIFTY,20241126,24103.85,2708.23,11.2357,0.05
2024-11-08,MIDCPNIFTY,20241125,12633.2,1275.4,10.0956,0.06
2024-11-08,NIFTY,20241128,24300.5,2250.54,9.2613,0.04
2024-11-08,NIFTYNXT50,20241129,71254.9,7172.1,10.0654,0.06
2024-11-11,BANKNIFTY,20241127,51788.55,5826.42,11.2504,0.05
2024-11-11,FINNIFTY,20241126,23945.15,2693.3,11.2478,0.05
2024-11-11,MIDCPNIFTY,20241125,12516.25,1266.8,10.1212,0.06
2024-11-11,NIFTY,20241128,24219.85,2245.78,9.2725,0.04
2024-11-11,NIFTYNXT50,20241129,70422.25,7084.3,10.0597,0.06
2024-11-12,BANKNIFTY,20241127,52082.2,5862.07,11.2554,0.05
2024-11-12,FINNIFTY,20241126,24044.75,2707.47,11.2601,0.05
2024-11-12,MIDCPNIFTY,20241125,12500.5,1261.0,10.0876,0.06
2024-11-12,NIFTY,20241128,24226.3,2245.14,9.2674,0.04
2024-11-12,NIFTYNXT50,20241129,70357.2,7089.0,10.0757,0.06
2024-11-13,BANKNIFTY,20241127,51373.85,5780.83,11.2525,0.05
2024-11-13,FINNIFTY,20241126,23671.75,2662.69,11.2484,0.05
2024-11-13,MIDCPNIFTY,20241125,12340.1,1245.1,10.0899,0.06
2024-11-13,NIFTY,20241128,23959.6,2221.16,9.2704,0.04
2024-11-13,NIFTYNXT50,20241129,69115.35,6974.0,10.0904,0.06
2024-11-14,BANKNIFTY,20241127,50358.25,5659.98,11.2394,0.05
2024-11-14,FINNIFTY,20241126,23251.0,2614.64,11.2453,0.05
2024-11-14,MIDCPNIFTY,20241125,12096.5,1224.0,10.1186,0.06
2024-11-14,NIFTY,20241128,23658.55,2190.99,9.2609,0.04
2024-11-14,NIFTYNXT50,20241129,67670.6,6866.5,10.1469,0.06
2024-11-18,BANKNIFTY,20241127,50296.95,5670.29,11.2736,0.05
2024-11-18,FINNIFTY,20241126,23252.95,2621.63,11.2744,0.05
2024-11-18,MIDCPNIFTY,20241125,12116.35,1224.3,10.1045,0.06
2024-11-18,NIFTY,20241128,23601.7,2188.54,9.2728,0.04
2024-11-18,NIFTYNXT50,20241129,67756.1,6883.0,10.1585,0.06
2024-11-19,BANKNIFTY,20241127,50429.85,5691.11,11.2852,0.05
2024-11-19,FINNIFTY,20241126,23283.75,2628.12,11.2874,0.05
2024-11-19,MIDCPNIFTY,20241125,12086.3,1220.2,10.0957,0.06
2024-11-19,NIFTY,20241128,23513.95,2181.2,9.2762,0.04
2024-11-19,NIFTYNXT50,20241129,67516.9,6874.5,10.1819,0.06
2024-11-21,BANKNIFTY,20241127,50590.9,5720.79,11.3079,0.05
2024-11-21,FINNIFTY,20241126,23389.85,2644.54,11.3064,0.05
2024-11-21,MIDCPNIFTY,20241125,12150.85,1226.1,10.0907,0.06
2024-11-21,NIFTY,20241128,23534.8,2187.22,9.2936,0.04
2024-11-21,NIFTYNXT50,20241129,68296.3,6890.4,10.089,0.06
2024-11-22,BANKNIFTY,20241127,50407.4,5692.14,11.2923,0.05
2024-11-22,FINNIFTY,20241126,23283.55,2629.9,11.2951,0.05
2024-11-22,MIDCPNIFTY,20241125,12163.4,1222.2,10.0482,0.06
2024-11-22,NIFTY,20241128,23348.7,2171.54,9.3005,0.04
2024-11-22,NIFTYNXT50,20241129,67402.35,6796.6,10.0836,0.06
2024-11-25,BANKNIFTY,20241127,51082.35,5778.3,11.3117,0.05
2024-11-25,FINNIFTY,20241126,23583.35,2669.48,11.3193,0.05
2024-11-25,MIDCPNIFTY,20241125,12317.3,1237.0,10.0428,0.06
2024-11-25,NIFTY,20241128,23886.55,2223.37,9.308,0.04
2024-11-25,NIFTYNXT50,20241129,68291.3,6948.1,10.1742,0.06
2024-11-26,BANKNIFTY,20241127,52171.6,5899.45,11.3078,0.05
2024-11-26,FINNIFTY,20241126,24063.2,2718.63,11.2979,0.05
2024-11-26,MIDCPNIFTY,20241230,12662.85,1275.3,10.0712,0.06
2024-11-26,NIFTY,20241128,24273.5,2252.64,9.2802,0.04
2024-11-26,NIFTYNXT50,20241129,69570.75,7111.3,10.2217,0.06
2024-11-27,BANKNIFTY,20241127,52218.7,5897.64,11.2941,0.05
2024-11-27,FINNIFTY,20241231,24197.45,2717.29,11.2297,0.05
2024-11-27,MIDCPNIFTY,20241230,12636.5,1271.8,10.0645,0.06
2024-11-27,NIFTY,20241128,24217.1,2250.09,9.2913,0.04
2024-11-27,NIFTYNXT50,20241129,69636.4,7114.3,10.2164,0.06
2024-11-28,BANKNIFTY,20241224,52617.45,5910.1,11.2322,0.05
2024-11-28,FINNIFTY,20241231,24317.55,2731.39,11.2322,0.05
2024-11-28,MIDCPNIFTY,20241230,12699.45,1274.0,10.0319,0.06
2024-11-28,NIFTY,20241128,24299.55,2257.57,9.2906,0.04
2024-11-28,NIFTYNXT50,20241129,70279.1,7172.8,10.2062,0.06
2024-11-29,BANKNIFTY,20241224,52329.4,5865.47,11.2087,0.05
2024-11-29,FINNIFTY,20241231,24103.7,2702.91,11.2137,0.05
2024-11-29,MIDCPNIFTY,20241230,12628.3,1265.2,10.0188,0.06
2024-11-29,NIFTY,20241226,24115.25,2224.02,9.2225,0.04
2024-11-29,NIFTYNXT50,20241129,70140.6,7164.2,10.2141,0.06
2024-12-02,BANKNIFTY,20241224,52364.45,5882.28,11.2333,0.05
2024-12-02,FINNIFTY,20241231,24155.75,2713.15,11.2319,0.05
2024-12-02,MIDCPNIFTY,20241230,12706.6,1269.0,9.9869,0.06
2024-12-02,NIFTY,20241226,24304.15,2244.19,9.2338,0.04
2024-12-02,NIFTYNXT50,20241227,71010.25,7199.8,10.1391,0.06
2024-12-03,BANKNIFTY,20241224,52395.15,5888.32,11.2383,0.05
2024-12-03,FINNIFTY,20241231,24218.9,2720.21,11.2318,0.05
2024-12-03,MIDCPNIFTY,20241230,12802.1,1278.0,9.9827,0.06
2024-12-03,NIFTY,20241226,24428.5,2257.67,9.242,0.04
2024-12-03,NIFTYNXT50,20241227,71458.25,7228.6,10.1158,0.06
2024-12-04,BANKNIFTY,20241224,52868.85,5954.62,11.263,0.05
2024-12-04,FINNIFTY,20241231,24391.55,2745.51,11.256,0.05
2024-12-04,MIDCPNIFTY,20241230,12856.65,1283.9,9.9863,0.06
2024-12-04,NIFTY,20241226,24547.0,2274.52,9.266,0.04
2024-12-04,NIFTYNXT50,20241227,71978.1,7299.1,10.1407,0.06
2024-12-05,BANKNIFTY,20241224,53381.4,6019.16,11.2758,0.05
2024-12-05,FINNIFTY,20241231,24629.0,2775.57,11.2695,0.05
2024-12-05,MIDCPNIFTY,20241230,12959.3,1293.6,9.982,0.06
2024-12-05,NIFTY,20241226,24561.7,2275.47,9.2643,0.04
2024-12-05,NIFTYNXT50,20241227,72204.2,7319.1,10.1367,0.06
2024-12-06,BANKNIFTY,20241224,53674.65,6057.2,11.285,0.05
2024-12-06,FINNIFTY,20241231,24784.6,2794.63,11.2757,0.05
2024-12-06,MIDCPNIFTY,20241230,12982.6,1291.6,9.9487,0.06
2024-12-06,NIFTY,20241226,24764.35,2297.88,9.279,0.04
2024-12-06,NIFTYNXT50,20241227,72532.45,7327.5,10.1024,0.06
2024-12-09,BANKNIFTY,20241224,53717.85,6046.57,11.2562,0.05
2024-12-09,FINNIFTY,20241231,24810.9,2791.52,11.2512,0.05
2024-12-09,MIDCPNIFTY,20241230,13017.0,1290.5,9.914,0.06
2024-12-09,NIFTY,20241226,24783.25,2295.04,9.2604,0.04
2024-12-09,NIFTYNXT50,20241227,73077.35,7370.5,10.0859,0.06
2024-12-10,BANKNIFTY,20241224,53531.0,6035.08,11.274,0.05
2024-12-10,FINNIFTY,20241231,24798.3,2793.65,11.2655,0.05
2024-12-10,MIDCPNIFTY,20241230,13025.6,1290.5,9.9074,0.06
2024-12-10,NIFTY,20241226,24694.6,2289.57,9.2715,0.04
2024-12-10,NIFTYNXT50,20241227,72871.1,7324.0,10.0506,0.06
2024-12-11,BANKNIFTY,20241224,53699.5,6054.28,11.2744,0.05
2024-12-11,FINNIFTY,20241231,24877.55,2802.73,11.2661,0.05
2024-12-11,MIDCPNIFTY,20241230,13117.6,1297.8,9.8936,0.06
2024-12-11,NIFTY,20241226,24682.6,2288.73,9.2726,0.04
2024-12-11,NIFTYNXT50,20241227,73213.45,7346.9,10.0349,0.06
2024-12-12,BANKNIFTY,20241224,53558.6,6033.22,11.2647,0.05
2024-12-12,FINNIFTY,20241231,24879.9,2802.74,11.2651,0.05
2024-12-12,MIDCPNIFTY,20241230,13170.7,1299.7,9.8681,0.06
2024-12-12,NIFTY,20241226,24734.9,2291.69,9.265,0.04
2024-12-12,NIFTYNXT50,20241227,73463.8,7350.3,10.0053,0.06
2024-12-13,BANKNIFTY,20241224,53437.8,6013.46,11.2532,0.05
2024-12-13,FINNIFTY,20241231,24840.65,2794.15,11.2483,0.05
2024-12-13,MIDCPNIFTY,20241230,13104.85,1290.6,9.8483,0.06
2024-12-13,NIFTY,20241226,24648.55,2283.03,9.2623,0.04
2024-12-13,NIFTYNXT50,20241227,73203.65,7309.8,9.9856,0.06
2024-12-16,BANKNIFTY,20241224,53625.8,6054.97,11.2912,0.05
2024-12-16,FINNIFTY,20241231,24937.1,2811.49,11.2743,0.05
2024-12-16,MIDCPNIFTY,20241230,13176.15,1294.5,9.8246,0.06
2024-12-16,NIFTY,20241226,24830.75,2303.45,9.2766,0.04
2024-12-16,NIFTYNXT50,20241227,73129.05,7281.9,9.9576,0.06
2024-12-17,BANKNIFTY,20241224,53697.2,6054.69,11.2756,0.05
2024-12-17,FINNIFTY,20241231,24951.65,2808.84,11.2571,0.05
2024-12-17,MIDCPNIFTY,20241230,13247.4,1299.4,9.8087,0.06
2024-12-17,NIFTY,20241226,24738.5,2294.15,9.2736,0.04
2024-12-17,NIFTYNXT50,20241227,73274.6,7281.4,9.9371,0.06
2024-12-18,BANKNIFTY,20241224,53015.75,5970.33,11.2614,0.05
2024-12-18,FINNIFTY,20241231,24611.8,2768.38,11.2482,0.05
2024-12-18,MIDCPNIFTY,20241230,13128.65,1286.8,9.8015,0.06
2024-12-18,NIFTY,20241226,24417.65,2263.25,9.2689,0.04
2024-12-18,NIFTYNXT50,20241227,72393.5,7191.5,9.9339,0.06
2024-12-19,BANKNIFTY,20241224,52304.2,5891.77,11.2644,0.05
2024-12-19,FINNIFTY,20241231,24286.5,2734.41,11.259,0.05
2024-12-19,MIDCPNIFTY,20241230,13047.15,1278.6,9.7998,0.06
2024-12-19,NIFTY,20241226,24257.35,2250.49,9.2776,0.04
2024-12-19,NIFTYNXT50,20241227,71444.55,7101.2,9.9395,0.06
2024-12-20,BANKNIFTY,20241224,51749.7,5828.05,11.262,0.05
2024-12-20,FINNIFTY,20241231,23991.95,2701.45,11.2598,0.05
2024-12-20,MIDCPNIFTY,20241230,13060.9,1274.7,9.7597,0.06
2024-12-20,NIFTY,20241226,24018.8,2227.51,9.274,0.04
2024-12-20,NIFTYNXT50,20241227,70694.2,7032.7,9.9481,0.06
2024-12-23,BANKNIFTY,20241224,50769.95,5735.79,11.2976,0.05
2024-12-23,FINNIFTY,20241231,23622.05,2665.86,11.2855,0.05
2024-12-23,MIDCPNIFTY,20241230,12702.15,1256.2,9.8897,0.06
2024-12-23,NIFTY,20241226,23625.65,2193.64,9.285,0.04
2024-12-23,NIFTYNXT50,20241227,68926.2,6917.5,10.0361,0.06
2024-12-24,BANKNIFTY,20241224,51303.15,5798.89,11.3032,0.05
2024-12-24,FINNIFTY,20241231,23826.75,2687.77,11.2805,0.05
2024-12-24,MIDCPNIFTY,20241230,12781.9,1261.2,9.8671,0.06
2024-12-24,NIFTY,20241226,23769.75,2209.07,9.2936,0.04
2024-12-24,NIFTYNXT50,20241227,68884.4,6920.9,10.0471,0.06
2024-12-26,BANKNIFTY,20250129,51727.95,5789.33,11.1919,0.05
2024-12-26,FINNIFTY,20241231,23818.45,2682.35,11.2616,0.05
2024-12-26,MIDCPNIFTY,20241230,12779.55,1257.9,9.8431,0.06
2024-12-26,NIFTY,20241226,23770.6,2206.67,9.2832,0.04
2024-12-26,NIFTYNXT50,20241227,69079.6,6899.4,9.9876,0.06
2024-12-27,BANKNIFTY,20250129,51574.95,5782.29,11.2114,0.05
2024-12-27,FINNIFTY,20241231,23803.5,2683.05,11.2717,0.05
2024-12-27,MIDCPNIFTY,20241230,12803.65,1258.5,9.8292,0.06
2024-12-27,NIFTY,20250130,23919.75,2208.77,9.2341,0.04
2024-12-27,NIFTYNXT50,20241227,69348.2,6915.0,9.9714,0.06
2024-12-30,BANKNIFTY,20250129,51724.3,5798.18,11.2098,0.05
2024-12-30,FINNIFTY,20241231,23823.8,2688.04,11.283,0.05
2024-12-30,MIDCPNIFTY,20241230,12787.65,1252.8,9.797,0.06
2024-12-30,NIFTY,20250130,23992.65,2214.65,9.2305,0.04
2024-12-30,NIFTYNXT50,20250131,69125.95,6848.0,9.9066,0.06
2024-12-31,BANKNIFTY,20250129,51404.35,5757.66,11.2007,0.05
2024-12-31,FINNIFTY,20241231,23611.85,2662.88,11.2777,0.05
2024-12-31,MIDCPNIFTY,20250127,12968.7,1273.1,9.8167,0.06
2024-12-31,NIFTY,20250130,23816.7,2198.98,9.2329,0.04
2024-12-31,NIFTYNXT50,20250131,68727.45,6786.7,9.8748,0.06
2025-01-01,BANKNIFTY,20250129,51286.15,5747.2,11.2061,0.05
2025-01-01,FINNIFTY,20250128,23730.55,2656.95,11.1963,0.05
2025-01-01,MIDCPNIFTY,20250127,12929.7,1262.4,9.7636,0.06
2025-01-01,NIFTY,20250130,23805.85,2198.97,9.2371,0.04
2025-01-01,NIFTYNXT50,20250131,68344.95,6764.0,9.8969,0.06
2025-01-02,BANKNIFTY,20250130,51439.25,5769.85,11.2168,0.05
2025-01-02,FINNIFTY,20250130,23795.45,2669.05,11.2166,0.05
2025-01-02,MIDCPNIFTY,20250130,12962.65,1261.6,9.7326,0.05
2025-01-02,NIFTY,20250130,23897.85,2208.09,9.2397,0.04
2025-01-02,NIFTYNXT50,20250130,68649.85,6774.7,9.8685,0.06
2025-01-03,BANKNIFTY,20250130,51860.2,5831.43,11.2445,0.05
2025-01-03,FINNIFTY,20250130,24110.2,2712.76,11.2515,0.05
2025-01-03,MIDCPNIFTY,20250130,13152.9,1279.6,9.7287,0.05
2025-01-03,NIFTY,20250130,24282.65,2249.54,9.264,0.04
2025-01-03,NIFTYNXT50,20250130,69447.6,6862.7,9.8818,0.06
2025-01-06,BANKNIFTY,20250130,51259.2,5761.73,11.2404,0.05
2025-01-06,FINNIFTY,20250130,23862.6,2682.13,11.2399,0.05
2025-01-06,MIDCPNIFTY,20250130,13053.8,1269.5,9.7251,0.05
2025-01-06,NIFTY,20250130,24092.4,2232.44,9.2662,0.04
2025-01-06,NIFTYNXT50,20250130,69402.7,6853.1,9.8744,0.06
2025-01-07,BANKNIFTY,20250130,50163.1,5641.19,11.2457,0.05
2025-01-07,FINNIFTY,20250130,23434.55,2634.92,11.2437,0.05
2025-01-07,MIDCPNIFTY,20250130,12731.9,1250.2,9.8194,0.06
2025-01-07,NIFTY,20250130,23721.05,2196.29,9.2588,0.04
2025-01-07,NIFTYNXT50,20250130,67305.2,6745.7,10.0226,0.06
2025-01-08,BANKNIFTY,20250130,50415.3,5672.84,11.2522,0.05
2025-01-08,FINNIFTY,20250130,23528.15,2647.62,11.253,0.05
2025-01-08,MIDCPNIFTY,20250130,12770.25,1251.6,9.8009,0.06
2025-01-08,NIFTY,20250130,23795.05,2204.83,9.2659,0.04
2025-01-08,NIFTYNXT50,20250130,67317.3,6722.1,9.9857,0.06
2025-01-09,BANKNIFTY,20250130,50095.4,5631.36,11.2413,0.05
2025-01-09,FINNIFTY,20250130,23366.65,2625.67,11.2368,0.05
2025-01-09,MIDCPNIFTY,20250130,12601.45,1235.3,9.8028,0.06
2025-01-09,NIFTY,20250130,23781.35,2203.07,9.2639,0.04
2025-01-09,NIFTYNXT50,20250130,66716.2,6659.4,9.9817,0.06
2025-01-10,BANKNIFTY,20250130,49787.25,5593.9,11.2356,0.05
2025-01-10,FINNIFTY,20250130,23162.25,2601.95,11.2336,0.05
2025-01-10,MIDCPNIFTY,20250130,12505.25,1225.7,9.8015,0.06
2025-01-10,NIFTY,20250130,23648.1,2187.96,9.2522,0.04
2025-01-10,NIFTYNXT50,20250130,65886.55,6577.5,9.9831,0.06
2025-01-13,BANKNIFTY,20250130,48886.4,5506.96,11.2648,0.05
2025-01-13,FINNIFTY,20250130,22797.15,2568.51,11.2668,0.05
2025-01-13,MIDCPNIFTY,20250130,12287.05,1210.1,9.8486,0.06
2025-01-13,NIFTY,20250130,23500.65,2179.13,9.2726,0.04
2025-01-13,NIFTYNXT50,20250130,64474.75,6478.4,10.048,0.06
2025-01-14,BANKNIFTY,20250130,48266.25,5428.66,11.2473,0.05
2025-01-14,FINNIFTY,20250130,22497.45,2531.25,11.2513,0.05
2025-01-14,MIDCPNIFTY,20250130,11838.05,1190.6,10.0574,0.06
2025-01-14,NIFTY,20250130,23162.1,2146.99,9.2694,0.04
2025-01-14,NIFTYNXT50,20250130,61774.9,6392.5,10.3481,0.06
2025-01-15,BANKNIFTY,20250130,48971.05,5506.39,11.2442,0.05
2025-01-15,FINNIFTY,20250130,22856.9,2567.6,11.2334,0.05
2025-01-15,MIDCPNIFTY,20250130,12061.8,1216.6,10.0864,0.06
2025-01-15,NIFTY,20250130,23271.75,2155.37,9.2617,0.04
2025-01-15,NIFTYNXT50,20250130,63375.4,6615.1,10.438,0.06
2025-01-16,BANKNIFTY,20250130,48892.55,5508.94,11.2674,0.05
2025-01-16,FINNIFTY,20250130,22753.45,2562.85,11.2636,0.05
2025-01-16,MIDCPNIFTY,20250130,12133.1,1224.5,10.0922,0.06
2025-01-16,NIFTY,20250130,23265.9,2158.83,9.2789,0.04
2025-01-16,NIFTYNXT50,20250130,63830.65,6664.9,10.4415,0.06
2025-01-17,BANKNIFTY,20250130,49443.95,5568.49,11.2622,0.05
2025-01-17,FINNIFTY,20250130,23032.45,2592.64,11.2565,0.05
2025-01-17,MIDCPNIFTY,20250130,12223.35,1231.3,10.0733,0.06
2025-01-17,NIFTY,20250130,23377.55,2168.0,9.2739,0.04
2025-01-17,NIFTYNXT50,20250130,64651.2,6767.5,10.4677,0.06
2025-01-20,BANKNIFTY,20250130,48685.65,5485.09,11.2663,0.05
2025-01-20,FINNIFTY,20250130,22683.95,2554.73,11.2623,0.05
2025-01-20,MIDCPNIFTY,20250130,12245.15,1231.8,10.0595,0.06
2025-01-20,NIFTY,20250130,23267.2,2157.9,9.2744,0.04
2025-01-20,NIFTYNXT50,20250130,65270.7,6810.1,10.4336,0.06
2025-01-21,BANKNIFTY,20250130,49512.9,5576.64,11.263,0.05
2025-01-21,FINNIFTY,20250130,23016.35,2590.72,11.256,0.05
2025-01-21,MIDCPNIFTY,20250130,12365.45,1241.4,10.0393,0.06
2025-01-21,NIFTY,20250130,23400.2,2171.06,9.278,0.04
2025-01-21,NIFTYNXT50,20250130,65368.65,6798.3,10.3999,0.06
2025-01-22,BANKNIFTY,20250130,48763.25,5488.51,11.2554,0.05
2025-01-22,FINNIFTY,20250130,22644.25,2548.03,11.2524,0.05
2025-01-22,MIDCPNIFTY,20250130,12006.8,1222.4,10.1809,0.06
2025-01-22,NIFTY,20250130,23103.2,2141.29,9.2684,0.04
2025-01-22,NIFTYNXT50,20250130,63596.5,6679.9,10.5036,0.06
2025-01-23,BANKNIFTY,20250130,48887.65,5505.86,11.2623,0.05
2025-01-23,FINNIFTY,20250130,22722.95,2559.5,11.2639,0.05
2025-01-23,MIDCPNIFTY,20250130,11937.45,1210.7,10.142,0.06
2025-01-23,NIFTY,20250130,23198.95,2153.45,9.2825,0.04
2025-01-23,NIFTYNXT50,20250130,63129.25,6614.6,10.4779,0.06
2025-01-24,BANKNIFTY,20250130,48696.0,5490.56,11.2752,0.05
2025-01-24,FINNIFTY,20250130,22680.7,2556.72,11.2727,0.05
2025-01-24,MIDCPNIFTY,20250130,12174.85,1241.8,10.1997,0.06
2025-01-24,NIFTY,20250130,23263.7,2158.1,9.2767,0.04
2025-01-24,NIFTYNXT50,20250130,63735.05,6675.6,10.474,0.06
2025-01-27,BANKNIFTY,20250130,48375.2,5465.56,11.2983,0.05
2025-01-27,FINNIFTY,20250130,22516.5,2544.03,11.2985,0.05
2025-01-27,MIDCPNIFTY,20250130,12089.55,1231.1,10.1832,0.06
2025-01-27,NIFTY,20250130,23113.9,2147.57,9.2912,0.04
2025-01-27,NIFTYNXT50,20250130,62575.35,6581.0,10.5169,0.06
2025-01-28,BANKNIFTY,20250130,48080.95,5431.31,11.2962,0.05
2025-01-28,FINNIFTY,20250130,22382.25,2529.29,11.3004,0.05
2025-01-28,MIDCPNIFTY,20250130,11742.0,1208.4,10.2913,0.06
2025-01-28,NIFTY,20250130,22846.45,2123.11,9.293,0.04
2025-01-28,NIFTYNXT50,20250130,60944.4,6462.8,10.6044,0.06
2025-01-29,BANKNIFTY,20250130,48828.9,5521.95,11.3088,0.05
2025-01-29,FINNIFTY,20250130,22794.7,2577.07,11.3056,0.05
2025-01-29,MIDCPNIFTY,20250130,11660.05,1198.3,10.277,0.06
2025-01-29,NIFTY,20250130,22977.7,2135.02,9.2917,0.04
2025-01-29,NIFTYNXT50,20250130,61108.2,6465.8,10.5809,0.06
2025-01-30,BANKNIFTY,20250130,49082.15,5555.75,11.3193,0.05
2025-01-30,FINNIFTY,20250130,22997.95,2604.08,11.3231,0.05
2025-01-30,MIDCPNIFTY,20250130,11864.95,1224.9,10.3237,0.06
2025-01-30,NIFTY,20250130,23148.25,2154.17,9.306,0.04
2025-01-30,NIFTYNXT50,20250130,62125.2,6624.0,10.6623,0.06
2025-01-31,BANKNIFTY,20250227,49686.5,5572.25,11.2148,0.05
2025-01-31,FINNIFTY,20250227,23306.65,2614.11,11.2162,0.05
2025-01-31,MIDCPNIFTY,20250227,11846.3,1214.4,10.2513,0.06
2025-01-31,NIFTY,20250227,23418.3,2162.2,9.233,0.04
2025-01-31,NIFTYNXT50,20250227,62648.35,6612.9,10.5556,0.06
2025-02-03,BANKNIFTY,20250227,49768.6,5594.29,11.2406,0.05
2025-02-03,FINNIFTY,20250227,23291.75,2618.24,11.2411,0.05
2025-02-03,MIDCPNIFTY,20250227,11871.8,1218.9,10.2672,0.06
2025-02-03,NIFTY,20250227,23555.55,2183.84,9.271,0.04
2025-02-03,NIFTYNXT50,20250227,63647.1,6746.5,10.5999,0.06
2025-02-04,BANKNIFTY,20250227,49505.15,5560.79,11.2328,0.05
2025-02-04,FINNIFTY,20250227,23262.8,2613.97,11.2367,0.05
2025-02-04,MIDCPNIFTY,20250227,11848.3,1211.4,10.2243,0.06
2025-02-04,NIFTY,20250227,23442.75,2172.58,9.2676,0.04
2025-02-04,NIFTYNXT50,20250227,62674.8,6657.0,10.6215,0.06
2025-02-05,BANKNIFTY,20250227,50315.55,5667.85,11.2646,0.05
2025-02-05,FINNIFTY,20250227,23688.85,2669.14,11.2675,0.05
2025-02-05,MIDCPNIFTY,20250227,12043.7,1233.5,10.2419,0.06
2025-02-05,NIFTY,20250227,23785.4,2207.75,9.282,0.04
2025-02-05,NIFTYNXT50,20250227,63631.85,6767.9,10.636,0.06
2025-02-06,BANKNIFTY,20250227,50531.1,5688.76,11.2579,0.05
2025-02-06,FINNIFTY,20250227,23744.8,2674.08,11.2617,0.05
2025-02-06,MIDCPNIFTY,20250227,12133.2,1239.7,10.2174,0.06
2025-02-06,NIFTY,20250227,23772.6,2203.76,9.2702,0.04
2025-02-06,NIFTYNXT50,20250227,64073.7,6797.8,10.6093,0.06
2025-02-07,BANKNIFTY,20250227,50608.7,5693.18,11.2494,0.05
2025-02-07,FINNIFTY,20250227,23757.6,2673.63,11.2538,0.05
2025-02-07,MIDCPNIFTY,20250227,12001.3,1226.9,10.2231,0.06
2025-02-07,NIFTY,20250227,23688.9,2195.11,9.2664,0.04
2025-02-07,NIFTYNXT50,20250227,63607.25,6738.8,10.5944,0.06
2025-02-10,BANKNIFTY,20250227,50354.55,5667.95,11.2561,0.05
2025-02-10,FINNIFTY,20250227,23638.75,2659.99,11.2527,0.05
2025-02-10,MIDCPNIFTY,20250227,12030.75,1228.1,10.208,0.06
2025-02-10,NIFTY,20250227,23614.95,2191.08,9.2784,0.04
2025-02-10,NIFTYNXT50,20250227,63563.0,6723.5,10.5777,0.06
2025-02-11,BANKNIFTY,20250227,50234.15,5647.85,11.243,0.05
2025-02-11,FINNIFTY,20250227,23516.05,2644.24,11.2444,0.05
2025-02-11,MIDCPNIFTY,20250227,11804.45,1209.7,10.2478,0.06
2025-02-11,NIFTY,20250227,23459.15,2174.49,9.2693,0.04
2025-02-11,NIFTYNXT50,20250227,62423.75,6620.0,10.6049,0.06
2025-02-12,BANKNIFTY,20250227,49681.75,5582.58,11.2367,0.05
2025-02-12,FINNIFTY,20250227,23200.0,2609.12,11.2462,0.05
2025-02-12,MIDCPNIFTY,20250227,11496.25,1188.2,10.3355,0.06
2025-02-12,NIFTY,20250227,23153.15,2145.68,9.2673,0.04
2025-02-12,NIFTYNXT50,20250227,60882.4,6502.8,10.6809,0.06
2025-02-13,BANKNIFTY,20250227,49716.5,5591.18,11.2461,0.05
2025-02-13,FINNIFTY,20250227,23303.35,2620.79,11.2464,0.05
2025-02-13,MIDCPNIFTY,20250227,11422.6,1178.3,10.3155,0.06
2025-02-13,NIFTY,20250227,23123.85,2143.21,9.2684,0.04
2025-02-13,NIFTYNXT50,20250227,60876.4,6486.5,10.6552,0.06
2025-02-14,BANKNIFTY,20250227,49571.4,5577.66,11.2518,0.05
2025-02-14,FINNIFTY,20250227,23352.2,2629.78,11.2614,0.05
2025-02-14,MIDCPNIFTY,20250227,11376.75,1172.1,10.3026,0.06
2025-02-14,NIFTY,20250227,23107.75,2141.92,9.2693,0.04
2025-02-14,NIFTYNXT50,20250227,60940.05,6483.2,10.6387,0.06
2025-02-17,BANKNIFTY,20250227,49334.55,5548.24,11.2462,0.05
2025-02-17,FINNIFTY,20250227,23269.95,2620.12,11.2597,0.05
2025-02-17,MIDCPNIFTY,20250227,11118.55,1151.6,10.3575,0.06
2025-02-17,NIFTY,20250227,22995.65,2132.42,9.2731,0.04
2025-02-17,NIFTYNXT50,20250227,59573.95,6375.0,10.701,0.06
2025-02-18,BANKNIFTY,20250227,49462.15,5566.26,11.2536,0.05
2025-02-18,FINNIFTY,20250227,23366.85,2629.62,11.2536,0.05
2025-02-18,MIDCPNIFTY,20250227,11210.45,1158.2,10.3314,0.06
2025-02-18,NIFTY,20250227,23026.4,2135.23,9.273,0.04
2025-02-18,NIFTYNXT50,20250227,59542.75,6347.2,10.6599,0.06
2025-02-19,BANKNIFTY,20250227,49208.05,5546.86,11.2723,0.05
2025-02-19,FINNIFTY,20250227,23329.25,2630.67,11.2763,0.05
2025-02-19,MIDCPNIFTY,20250227,11154.95,1152.0,10.3273,0.06
2025-02-19,NIFTY,20250227,22972.6,2133.91,9.2889,0.04
2025-02-19,NIFTYNXT50,20250227,59457.9,6331.7,10.649,0.06
2025-02-20,BANKNIFTY,20250227,49630.55,5601.42,11.2862,0.05
2025-02-20,FINNIFTY,20250227,23477.65,2650.55,11.2897,0.05
2025-02-20,MIDCPNIFTY,20250227,11296.15,1166.3,10.3248,0.06
2025-02-20,NIFTY,20250227,22964.5,2132.76,9.2872,0.04
2025-02-20,NIFTYNXT50,20250227,60138.65,6404.3,10.6492,0.06
2025-02-21,BANKNIFTY,20250227,49473.3,5574.8,11.2683,0.05
2025-02-21,FINNIFTY,20250227,23329.3,2630.8,11.2768,0.05
2025-02-21,MIDCPNIFTY,20250227,11406.5,1177.9,10.3266,0.06
2025-02-21,NIFTY,20250227,22942.5,2130.92,9.2881,0.04
2025-02-21,NIFTYNXT50,20250227,61004.4,6503.7,10.661,0.06
2025-02-24,BANKNIFTY,20250227,49031.4,5534.88,11.2884,0.05
2025-02-24,FINNIFTY,20250227,23193.5,2618.7,11.2907,0.05
2025-02-24,MIDCPNIFTY,20250227,11185.65,1162.4,10.3919,0.06
2025-02-24,NIFTY,20250227,22822.6,2120.02,9.2891,0.04
2025-02-24,NIFTYNXT50,20250227,60393.7,6434.7,10.6546,0.06
2025-02-25,BANKNIFTY,20250227,48793.9,5497.67,11.2671,0.05
2025-02-25,FINNIFTY,20250227,23050.45,2598.46,11.2729,0.05
2025-02-25,MIDCPNIFTY,20250227,11151.2,1152.0,10.3307,0.06
2025-02-25,NIFTY,20250227,22612.65,2097.46,9.2756,0.04
2025-02-25,NIFTYNXT50,20250227,59768.3,6358.7,10.6389,0.06
2025-02-27,BANKNIFTY,20250227,48723.45,5492.74,11.2733,0.05
2025-02-27,FINNIFTY,20250227,23074.0,2603.07,11.2814,0.05
2025-02-27,MIDCPNIFTY,20250227,11058.95,1143.1,10.3364,0.06
2025-02-27,NIFTY,20250227,22582.15,2096.92,9.2857,0.04
2025-02-27,NIFTYNXT50,20250227,59368.45,6301.3,10.6139,0.06
2025-02-28,BANKNIFTY,20250327,49034.6,5508.05,11.233,0.05
2025-02-28,FINNIFTY,20250327,23282.5,2618.62,11.2472,0.05
2025-02-28,MIDCPNIFTY,20250327,11005.8,1131.5,10.2809,0.06
2025-02-28,NIFTY,20250327,22683.65,2096.69,9.2432,0.04
2025-02-28,NIFTYNXT50,20250327,58808.1,6235.5,10.6031,0.06
2025-03-03,BANKNIFTY,20250327,48628.25,5462.95,11.2341,0.05
2025-03-03,FINNIFTY,20250327,23149.0,2602.27,11.2414,0.05
2025-03-03,MIDCPNIFTY,20250327,10784.1,1117.0,10.3578,0.06
2025-03-03,NIFTY,20250327,22280.05,2057.6,9.2352,0.04
2025-03-03,NIFTYNXT50,20250327,57130.5,6123.2,10.7179,0.06
2025-03-04,BANKNIFTY,20250327,48396.0,5436.92,11.2342,0.05
2025-03-04,FINNIFTY,20250327,23077.2,2593.69,11.2392,0.05
2025-03-04,MIDCPNIFTY,20250327,10906.65,1126.5,10.3286,0.06
2025-03-04,NIFTY,20250327,22259.8,2057.09,9.2413,0.04
2025-03-04,NIFTYNXT50,20250327,57697.4,6180.7,10.7123,0.06
2025-03-05,BANKNIFTY,20250327,48472.25,5451.71,11.2471,0.05
2025-03-05,FINNIFTY,20250327,23117.4,2602.21,11.2565,0.05
2025-03-05,MIDCPNIFTY,20250327,10869.45,1120.7,10.3105,0.06
2025-03-05,NIFTY,20250327,22191.05,2053.69,9.2546,0.04
2025-03-05,NIFTYNXT50,20250327,58113.0,6202.1,10.6725,0.06
2025-03-06,BANKNIFTY,20250327,48714.7,5479.36,11.2479,0.05
2025-03-06,FINNIFTY,20250327,23153.7,2604.72,11.2497,0.05
2025-03-06,MIDCPNIFTY,20250327,11211.15,1170.7,10.4423,0.06
2025-03-06,NIFTY,20250327,22441.35,2077.37,9.2569,0.04
2025-03-06,NIFTYNXT50,20250327,59456.25,6407.4,10.7767,0.06
2025-03-07,BANKNIFTY,20250327,48780.35,5494.93,11.2646,0.05
2025-03-07,FINNIFTY,20250327,23223.45,2617.42,11.2706,0.05
2025-03-07,MIDCPNIFTY,20250327,11220.55,1170.0,10.4273,0.06
2025-03-07,NIFTY,20250327,22620.95,2096.66,9.2687,0.04
2025-03-07,NIFTYNXT50,20250327,60102.25,6477.3,10.7771,0.06
2025-03-10,BANKNIFTY,20250327,48680.15,5480.22,11.2576,0.05
2025-03-10,FINNIFTY,20250327,23222.1,2614.39,11.2582,0.05
2025-03-10,MIDCPNIFTY,20250327,11140.35,1161.0,10.4216,0.06
2025-03-10,NIFTY,20250327,22649.95,2097.38,9.26,0.04
2025-03-10,NIFTYNXT50,20250327,59827.55,6433.1,10.7527,0.06
2025-03-11,BANKNIFTY,20250327,48315.35,5448.5,11.277,0.05
2025-03-11,FINNIFTY,20250327,23091.0,2605.42,11.2833,0.05
2025-03-11,MIDCPNIFTY,20250327,10953.05,1146.5,10.4674,0.06
2025-03-11,NIFTY,20250327,22515.65,2088.81,9.2771,0.04
2025-03-11,NIFTYNXT50,20250327,58896.15,6346.3,10.7754,0.06
2025-03-12,BANKNIFTY,20250327,47999.5,5407.5,11.2657,0.05
2025-03-12,FINNIFTY,20250327,23252.7,2621.98,11.276,0.05
2025-03-12,MIDCPNIFTY,20250327,11042.55,1149.4,10.4088,0.06
2025-03-12,NIFTY,20250327,22564.3,2092.3,9.2726,0.04
2025-03-12,NIFTYNXT50,20250327,59341.6,6363.0,10.7227,0.06
2025-03-13,BANKNIFTY,20250327,48213.9,5430.4,11.2631,0.05
2025-03-13,FINNIFTY,20250327,23387.85,2636.05,11.271,0.05
2025-03-13,MIDCPNIFTY,20250327,10927.05,1139.4,10.4273,0.06
2025-03-13,NIFTY,20250327,22530.35,2089.76,9.2753,0.04
2025-03-13,NIFTYNXT50,20250327,59287.2,6347.6,10.7065,0.06
2025-03-17,BANKNIFTY,20250327,48160.2,5430.83,11.2766,0.05
2025-03-17,FINNIFTY,20250327,23324.15,2631.77,11.2835,0.05
2025-03-17,MIDCPNIFTY,20250327,10818.9,1129.3,10.4382,0.06
2025-03-17,NIFTY,20250327,22444.25,2082.94,9.2805,0.04
2025-03-17,NIFTYNXT50,20250327,58978.4,6302.2,10.6856,0.06
2025-03-18,BANKNIFTY,20250327,48485.6,5464.02,11.2694,0.05
2025-03-18,FINNIFTY,20250327,23576.7,2658.81,11.2773,0.05
2025-03-18,MIDCPNIFTY,20250327,10910.65,1135.1,10.4036,0.06
2025-03-18,NIFTY,20250327,22584.3,2093.31,9.2689,0.04
2025-03-18,NIFTYNXT50,20250327,59531.4,6337.7,10.646,0.06
2025-03-19,BANKNIFTY,20250327,49422.4,5572.54,11.2753,0.05
2025-03-19,FINNIFTY,20250327,24006.9,2708.58,11.2825,0.05
2025-03-19,MIDCPNIFTY,20250327,11171.3,1168.5,10.4598,0.06
2025-03-19,NIFTY,20250327,22895.4,2123.59,9.2752,0.04
2025-03-19,NIFTYNXT50,20250327,60999.05,6558.8,10.7523,0.06
2025-03-20,BANKNIFTY,20250327,49808.15,5616.39,11.276,0.05
2025-03-20,FINNIFTY,20250327,24182.1,2727.86,11.2805,0.05
2025-03-20,MIDCPNIFTY,20250327,11377.05,1194.0,10.4948,0.06
2025-03-20,NIFTY,20250327,22972.95,2130.41,9.2736,0.04
2025-03-20,NIFTYNXT50,20250327,61955.2,6675.4,10.7746,0.06
2025-03-21,BANKNIFTY,20250327,50097.1,5657.1,11.2923,0.05
2025-03-21,FINNIFTY,20250327,24336.95,2746.92,11.287,0.05
2025-03-21,MIDCPNIFTY,20250327,11404.25,1192.8,10.4593,0.06
2025-03-21,NIFTY,20250327,23200.25,2156.73,9.2961,0.04
2025-03-21,NIFTYNXT50,20250327,62325.2,6699.9,10.7499,0.06
2025-03-24,BANKNIFTY,20250327,50593.75,5717.07,11.3,0.05
2025-03-24,FINNIFTY,20250327,24563.9,2776.18,11.3019,0.05
2025-03-24,MIDCPNIFTY,20250327,11534.4,1207.2,10.4661,0.06
2025-03-24,NIFTY,20250327,23379.85,2171.59,9.2883,0.04
2025-03-24,NIFTYNXT50,20250327,62880.0,6750.3,10.7352,0.06
2025-03-25,BANKNIFTY,20250327,51753.9,5842.66,11.2893,0.05
2025-03-25,FINNIFTY,20250327,25085.1,2831.5,11.2876,0.05
2025-03-25,MIDCPNIFTY,20250327,11719.5,1229.5,10.4911,0.06
2025-03-25,NIFTY,20250327,23699.35,2200.23,9.2839,0.04
2025-03-25,NIFTYNXT50,20250327,63588.1,6831.5,10.7434,0.06
2025-03-26,BANKNIFTY,20250327,51665.2,5831.7,11.2875,0.05
2025-03-26,FINNIFTY,20250327,25125.55,2834.72,11.2822,0.05
2025-03-26,MIDCPNIFTY,20250327,11603.4,1216.0,10.4797,0.06
2025-03-26,NIFTY,20250327,23705.35,2201.18,9.2856,0.04
2025-03-26,NIFTYNXT50,20250327,62633.35,6736.8,10.7559,0.06
2025-03-27,BANKNIFTY,20250327,51273.45,5786.62,11.2858,0.05
2025-03-27,FINNIFTY,20250327,24873.7,2805.74,11.2799,0.05
2025-03-27,MIDCPNIFTY,20250327,11499.7,1206.2,10.489,0.06
2025-03-27,NIFTY,20250327,23521.9,2184.28,9.2862,0.04
2025-03-27,NIFTYNXT50,20250327,62474.65,6696.8,10.7192,0.06
2025-03-28,BANKNIFTY,20250424,51907.6,5828.07,11.2278,0.05
2025-03-28,FINNIFTY,20250424,25179.85,2826.26,11.2243,0.05
2025-03-28,MIDCPNIFTY,20250424,11657.8,1205.6,10.3416,0.06
2025-03-28,NIFTY,20250424,23777.65,2194.05,9.2274,0.04
2025-03-28,NIFTYNXT50,20250424,63660.75,6810.5,10.6981,0.06
2025-04-01,BANKNIFTY,20250424,51840.85,5826.83,11.2398,0.05
2025-04-01,FINNIFTY,20250424,25191.4,2833.46,11.2477,0.05
2025-04-01,MIDCPNIFTY,20250424,11554.8,1207.2,10.4476,0.06
2025-04-01,NIFTY,20250424,23637.65,2187.3,9.2535,0.04
2025-04-01,NIFTYNXT50,20250424,63351.9,6756.5,10.665,0.06
2025-04-02,BANKNIFTY,20250424,51187.1,5743.51,11.2206,0.05
2025-04-02,FINNIFTY,20250424,24686.2,2771.82,11.2282,0.05
2025-04-02,MIDCPNIFTY,20250424,11399.6,1190.7,10.4451,0.06
2025-04-02,NIFTY,20250424,23321.4,2154.41,9.2379,0.04
2025-04-02,NIFTYNXT50,20250424,62603.4,6679.0,10.6687,0.06
2025-04-03,BANKNIFTY,20250424,51581.15,5802.33,11.2489,0.05
2025-04-03,FINNIFTY,20250424,24859.5,2796.76,11.2503,0.05
2025-04-03,MIDCPNIFTY,20250424,11637.95,1219.7,10.4804,0.06
2025-04-03,NIFTY,20250424,23438.95,2169.91,9.2577,0.04
2025-04-03,NIFTYNXT50,20250424,63347.35,6752.7,10.6598,0.06
2025-04-04,BANKNIFTY,20250424,51798.5,5830.5,11.2561,0.05
2025-04-04,FINNIFTY,20250424,24808.0,2793.92,11.2622,0.05
2025-04-04,MIDCPNIFTY,20250424,11535.45,1208.5,10.4764,0.06
2025-04-04,NIFTY,20250424,23325.95,2162.26,9.2698,0.04
2025-04-04,NIFTYNXT50,20250424,63329.9,6737.8,10.6392,0.06
2025-04-07,BANKNIFTY,20250424,51593.55,5819.81,11.2801,0.05
2025-04-07,FINNIFTY,20250424,24820.5,2799.5,11.279,0.05
2025-04-07,MIDCPNIFTY,20250424,11193.1,1188.0,10.6137,0.06
2025-04-07,NIFTY,20250424,22958.15,2130.11,9.2782,0.04
2025-04-07,NIFTYNXT50,20250424,61612.05,6617.7,10.7409,0.06
2025-04-08,BANKNIFTY,20250424,50095.7,5634.19,11.2469,0.05
2025-04-08,FINNIFTY,20250424,24039.1,2701.65,11.2386,0.05
2025-04-08,MIDCPNIFTY,20250424,10787.6,1165.7,10.8059,0.06
2025-04-08,NIFTY,20250424,22263.8,2061.03,9.2573,0.04
2025-04-08,NIFTYNXT50,20250424,59610.7,6495.4,10.8964,0.06
2025-04-09,BANKNIFTY,20250424,50768.2,5707.74,11.2427,0.05
2025-04-09,FINNIFTY,20250424,24440.05,2746.07,11.2359,0.05
2025-04-09,MIDCPNIFTY,20250424,11062.45,1204.0,10.8837,0.06
2025-04-09,NIFTY,20250424,22630.35,2095.83,9.2611,0.04
2025-04-09,NIFTYNXT50,20250424,60912.55,6660.0,10.9337,0.06
2025-04-11,BANKNIFTY,20250424,50468.6,5677.14,11.2489,0.05
2025-04-11,FINNIFTY,20250424,24236.2,2726.99,11.2517,0.05
2025-04-11,MIDCPNIFTY,20250424,11030.65,1198.9,10.8688,0.06
2025-04-11,NIFTY,20250424,22479.65,2083.12,9.2667,0.04
2025-04-11,NIFTYNXT50,20250424,60694.7,6628.2,10.9206,0.06
2025-04-15,BANKNIFTY,20250424,51162.05,5763.27,11.2647,0.05
2025-04-15,FINNIFTY,20250424,24636.3,2774.78,11.263,0.05
2025-04-15,MIDCPNIFTY,20250424,11243.45,1224.6,10.8917,0.06
2025-04-15,NIFTY,20250424,22917.65,2123.06,9.2639,0.04
2025-04-15,NIFTYNXT50,20250424,61581.2,6716.6,10.9069,0.06
2025-04-16,BANKNIFTY,20250424,52383.6,5918.88,11.2991,0.05
2025-04-16,FINNIFTY,20250424,25272.5,2856.71,11.3036,0.05
2025-04-16,MIDCPNIFTY,20250424,11566.7,1271.2,10.9902,0.06
2025-04-16,NIFTY,20250424,23340.9,2169.56,9.2951,0.04
2025-04-16,NIFTYNXT50,20250424,63390.0,7003.0,11.0475,0.06
2025-04-17,BANKNIFTY,20250424,53082.8,6002.31,11.3074,0.05
2025-04-17,FINNIFTY,20250424,25486.9,2880.61,11.3023,0.05
2025-04-17,MIDCPNIFTY,20250424,11565.8,1271.0,10.9893,0.06
2025-04-17,NIFTY,20250424,23433.5,2179.66,9.3015,0.04
2025-04-17,NIFTYNXT50,20250424,63743.4,7038.6,11.0421,0.06
2025-04-21,BANKNIFTY,20250424,54201.4,6134.79,11.3185,0.05
2025-04-21,FINNIFTY,20250424,26039.8,2946.09,11.3138,0.05
2025-04-21,MIDCPNIFTY,20250424,11684.75,1280.6,10.9596,0.06
2025-04-21,NIFTY,20250424,23851.3,2218.2,9.3001,0.04
2025-04-21,NIFTYNXT50,20250424,64159.4,7074.7,11.0268,0.06
2025-04-22,BANKNIFTY,20250424,55293.8,6249.41,11.3022,0.05
2025-04-22,FINNIFTY,20250424,26428.9,2987.17,11.3027,0.05
2025-04-22,MIDCPNIFTY,20250424,11963.05,1319.8,11.0323,0.06
2025-04-22,NIFTY,20250424,24135.5,2243.68,9.2962,0.04
2025-04-22,NIFTYNXT50,20250424,65317.0,7218.9,11.0521,0.06
2025-04-23,BANKNIFTY,20250424,55576.8,6288.13,11.3143,0.05
2025-04-23,FINNIFTY,20250424,26607.0,3008.6,11.3076,0.05
2025-04-23,MIDCPNIFTY,20250424,12108.15,1335.0,11.0256,0.06
2025-04-23,NIFTY,20250424,24169.0,2247.55,9.2993,0.04
2025-04-23,NIFTYNXT50,20250424,65455.2,7214.2,11.0216,0.06
2025-04-24,BANKNIFTY,20250424,55400.6,6256.82,11.2938,0.05
2025-04-24,FINNIFTY,20250424,26453.8,2988.42,11.2968,0.05
2025-04-24,MIDCPNIFTY,20250424,12256.75,1353.3,11.0413,0.06
2025-04-24,NIFTY,20250424,24312.7,2262.59,9.3062,0.04
2025-04-24,NIFTYNXT50,20250424,65864.2,7252.1,11.0107,0.06
2025-04-25,BANKNIFTY,20250529,55326.4,6237.76,11.2745,0.05
2025-04-25,FINNIFTY,20250529,26368.9,2972.54,11.2729,0.05
2025-04-25,MIDCPNIFTY,20250529,12268.1,1347.5,10.9838,0.06
2025-04-25,NIFTY,20250529,24373.0,2254.94,9.2518,0.04
2025-04-25,NIFTYNXT50,20250529,65839.2,7223.7,10.9717,0.06
2025-04-28,BANKNIFTY,20250529,54724.0,6177.04,11.2876,0.05
2025-04-28,FINNIFTY,20250529,26074.9,2942.08,11.2832,0.05
2025-04-28,MIDCPNIFTY,20250529,11964.25,1326.6,11.088,0.06
2025-04-28,NIFTY,20250529,24139.1,2235.66,9.2616,0.04
2025-04-28,NIFTYNXT50,20250529,64196.0,7095.6,11.053,0.06
2025-04-29,BANKNIFTY,20250529,55671.2,6263.91,11.2516,0.05
2025-04-29,FINNIFTY,20250529,26413.7,2970.96,11.2478,0.05
2025-04-29,MIDCPNIFTY,20250529,12244.65,1359.6,11.1036,0.06
2025-04-29,NIFTY,20250529,24452.8,2262.55,9.2527,0.04
2025-04-29,NIFTYNXT50,20250529,65125.6,7170.1,11.0096,0.06
2025-04-30,BANKNIFTY,20250529,55509.6,6259.21,11.2759,0.05
2025-04-30,FINNIFTY,20250529,26249.8,2959.91,11.2759,0.05
2025-04-30,MIDCPNIFTY,20250529,12200.2,1355.7,11.1121,0.06
2025-04-30,NIFTY,20250529,24425.3,2263.24,9.266,0.04
2025-04-30,NIFTYNXT50,20250529,65004.0,7136.2,10.9781,0.06
2025-05-02,BANKNIFTY,20250529,55241.8,6224.85,11.2684,0.05
2025-05-02,FINNIFTY,20250529,26197.0,2950.83,11.264,0.05
2025-05-02,MIDCPNIFTY,20250529,12074.7,1340.8,11.1042,0.06
2025-05-02,NIFTY,20250529,24418.4,2263.08,9.2679,0.04
2025-05-02,NIFTYNXT50,20250529,64556.2,7079.7,10.9667,0.06
2025-05-05,BANKNIFTY,20250529,55209.8,6228.03,11.2807,0.05
2025-05-05,FINNIFTY,20250529,26193.1,2955.15,11.2822,0.05
2025-05-05,MIDCPNIFTY,20250529,11996.9,1327.8,11.0679,0.06
2025-05-05,NIFTY,20250529,24400.7,2264.24,9.2794,0.04
2025-05-05,NIFTYNXT50,20250529,64428.8,7053.9,10.9484,0.06
2025-05-06,BANKNIFTY,20250529,55080.6,6205.9,11.2669,0.05
2025-05-06,FINNIFTY,20250529,26246.6,2956.63,11.2648,0.05
2025-05-06,MIDCPNIFTY,20250529,12291.85,1365.4,11.1082,0.06
2025-05-06,NIFTY,20250529,24553.7,2274.89,9.265,0.04
2025-05-06,NIFTYNXT50,20250529,65513.4,7166.6,10.9391,0.06
2025-05-07,BANKNIFTY,20250529,54363.0,6132.67,11.281,0.05
2025-05-07,FINNIFTY,20250529,25994.6,2934.5,11.2889,0.05
2025-05-07,MIDCPNIFTY,20250529,11997.2,1344.7,11.2084,0.06
2025-05-07,NIFTY,20250529,24431.4,2267.3,9.2803,0.04
2025-05-07,NIFTYNXT50,20250529,63847.0,7038.7,11.0243,0.06
2025-05-08,BANKNIFTY,20250529,54671.0,6171.03,11.2876,0.05
2025-05-08,FINNIFTY,20250529,26198.3,2956.72,11.2859,0.05
2025-05-08,MIDCPNIFTY,20250529,12249.8,1375.6,11.2296,0.06
2025-05-08,NIFTY,20250529,24461.4,2270.54,9.2821,0.04
2025-05-08,NIFTYNXT50,20250529,64210.6,7058.5,10.9927,0.06
2025-05-09,BANKNIFTY,20250529,54288.6,6143.32,11.316,0.05
2025-05-09,FINNIFTY,20250529,25964.9,2935.81,11.3068,0.05
2025-05-09,MIDCPNIFTY,20250529,11980.35,1355.6,11.3152,0.06
2025-05-09,NIFTY,20250529,24271.9,2257.46,9.3007,0.04
2025-05-09,NIFTYNXT50,20250529,62728.6,6938.0,11.0603,0.06
2025-05-12,BANKNIFTY,20250529,53732.0,6056.26,11.2712,0.05
2025-05-12,FINNIFTY,20250529,25569.8,2881.74,11.2701,0.05
2025-05-12,MIDCPNIFTY,20250529,12040.3,1356.8,11.2688,0.06
2025-05-12,NIFTY,20250529,24065.5,2232.74,9.2778,0.04
2025-05-12,NIFTYNXT50,20250529,62672.0,6895.5,11.0025,0.06
2025-05-13,BANKNIFTY,20250529,55599.2,6258.26,11.256,0.05
2025-05-13,FINNIFTY,20250529,26593.4,2994.23,11.2593,0.05
2025-05-13,MIDCPNIFTY,20250529,12610.75,1454.0,11.5298,0.07
2025-05-13,NIFTY,20250529,25044.1,2318.0,9.2557,0.04
2025-05-13,NIFTYNXT50,20250529,65430.4,7327.2,11.1985,0.06
2025-05-14,BANKNIFTY,20250529,55089.0,6208.32,11.2696,0.05
2025-05-14,FINNIFTY,20250529,26281.0,2961.28,11.2678,0.05
2025-05-14,MIDCPNIFTY,20250529,12594.6,1454.7,11.5502,0.07
2025-05-14,NIFTY,20250529,24640.2,2285.79,9.2767,0.04
2025-05-14,NIFTYNXT50,20250529,65200.8,7308.4,11.2091,0.06
2025-05-15,BANKNIFTY,20250529,54910.0,6192.55,11.2776,0.05
2025-05-15,FINNIFTY,20250529,26207.4,2954.45,11.2733,0.05
2025-05-15,MIDCPNIFTY,20250529,12694.0,1461.6,11.5141,0.07
2025-05-15,NIFTY,20250529,24715.9,2294.02,9.2816,0.04
2025-05-15,NIFTYNXT50,20250529,65756.4,7347.2,11.1734,0.06
2025-05-16,BANKNIFTY,20250529,55399.6,6255.18,11.291,0.05
2025-05-16,FINNIFTY,20250529,26512.5,2992.56,11.2874,0.05
2025-05-16,MIDCPNIFTY,20250529,12782.3,1468.5,11.4885,0.06
2025-05-16,NIFTY,20250529,25078.7,2330.78,9.2939,0.04
2025-05-16,NIFTYNXT50,20250529,66433.2,7418.2,11.1664,0.06
2025-05-19,BANKNIFTY,20250529,55503.2,6255.1,11.2698,0.05
2025-05-19,FINNIFTY,20250529,26554.4,2991.63,11.266,0.05
2025-05-19,MIDCPNIFTY,20250529,12847.9,1473.8,11.4711,0.06
2025-05-19,NIFTY,20250529,25078.7,2326.84,9.2782,0.04
2025-05-19,NIFTYNXT50,20250529,67272.0,7513.7,11.1691,0.06
2025-05-20,BANKNIFTY,20250529,55514.8,6262.54,11.2808,0.05
2025-05-20,FINNIFTY,20250529,26563.5,2995.38,11.2763,0.05
2025-05-20,MIDCPNIFTY,20250529,12782.9,1464.7,11.4583,0.06
2025-05-20,NIFTY,20250529,24976.4,2319.93,9.2885,0.04
2025-05-20,NIFTYNXT50,20250529,67497.2,7532.4,11.1596,0.06
2025-05-21,BANKNIFTY,20250529,55103.8,6201.14,11.2536,0.05
2025-05-21,FINNIFTY,20250529,26312.9,2959.91,11.2489,0.05
2025-05-21,MIDCPNIFTY,20250529,12611.5,1444.2,11.4515,0.06
2025-05-21,NIFTY,20250529,24774.6,2295.6,9.2659,0.04
2025-05-21,NIFTYNXT50,20250529,66338.8,7411.4,11.172,0.06
2025-05-22,BANKNIFTY,20250529,55142.0,6223.49,11.2863,0.05
2025-05-22,FINNIFTY,20250529,26367.6,2976.38,11.288,0.05
2025-05-22,MIDCPNIFTY,20250529,12649.75,1445.1,11.4239,0.06
2025-05-22,NIFTY,20250529,24832.2,2307.65,9.293,0.04
2025-05-22,NIFTYNXT50,20250529,67001.2,7495.1,11.1865,0.06
2025-05-23,BANKNIFTY,20250529,55068.4,6208.37,11.2739,0.05
2025-05-23,FINNIFTY,20250529,26289.8,2963.53,11.2725,0.05
2025-05-23,MIDCPNIFTY,20250529,12511.45,1427.2,11.4072,0.06
2025-05-23,NIFTY,20250529,24652.2,2288.7,9.284,0.04
2025-05-23,NIFTYNXT50,20250529,66791.4,7452.4,11.1577,0.06
2025-05-26,BANKNIFTY,20250529,55495.6,6260.0,11.2802,0.05
2025-05-26,FINNIFTY,20250529,26551.5,2992.85,11.2719,0.05
2025-05-26,MIDCPNIFTY,20250529,12621.9,1438.5,11.3969,0.06
2025-05-26,NIFTY,20250529,24879.9,2311.34,9.29,0.04
2025-05-26,NIFTYNXT50,20250529,67162.6,7479.8,11.1369,0.06
2025-05-27,BANKNIFTY,20250529,55687.0,6279.64,11.2767,0.05
2025-05-27,FINNIFTY,20250529,26645.0,3004.88,11.2775,0.05
2025-05-27,MIDCPNIFTY,20250529,12684.9,1442.7,11.3734,0.06
2025-05-27,NIFTY,20250529,25035.9,2325.11,9.2871,0.04
2025-05-27,NIFTYNXT50,20250529,67488.8,7492.7,11.1021,0.06
2025-05-28,BANKNIFTY,20250529,55472.6,6254.87,11.2756,0.05
2025-05-28,FINNIFTY,20250529,26480.3,2985.55,11.2746,0.05
2025-05-28,MIDCPNIFTY,20250529,12659.7,1434.8,11.3336,0.06
2025-05-28,NIFTY,20250529,24862.6,2308.84,9.2864,0.04
2025-05-28,NIFTYNXT50,20250529,67209.4,7454.6,11.0916,0.06
2025-05-29,BANKNIFTY,20250529,55445.6,6262.12,11.2942,0.05
2025-05-29,FINNIFTY,20250529,26466.4,2989.06,11.2938,0.05
2025-05-29,MIDCPNIFTY,20250529,12624.75,1428.8,11.3175,0.06
2025-05-29,NIFTY,20250529,24762.5,2301.98,9.2962,0.04
2025-05-29,NIFTYNXT50,20250529,67108.8,7415.2,11.0495,0.06
2025-05-30,BANKNIFTY,20250626,55869.8,6276.7,11.2345,0.05
2025-05-30,FINNIFTY,20250626,26642.1,2992.06,11.2306,0.05
2025-05-30,MIDCPNIFTY,20250626,12792.9,1440.2,11.2578,0.06
2025-05-30,NIFTY,20250626,24942.8,2309.52,9.2593,0.04
2025-05-30,NIFTYNXT50,20250626,67435.4,7408.1,10.9855,0.06
2025-06-03,BANKNIFTY,20250626,56180.4,6317.08,11.2443,0.05
2025-06-03,FINNIFTY,20250626,26602.1,2988.67,11.2347,0.05
2025-06-03,MIDCPNIFTY,20250626,12817.3,1440.2,11.2364,0.06
2025-06-03,NIFTY,20250626,24826.3,2298.64,9.2589,0.04
2025-06-03,NIFTYNXT50,20250626,67337.8,7369.4,10.9439,0.06
2025-06-04,BANKNIFTY,20250626,55931.0,6282.79,11.2331,0.05
2025-06-04,FINNIFTY,20250626,26423.8,2966.81,11.2278,0.05
2025-06-04,MIDCPNIFTY,20250626,12739.95,1428.1,11.2096,0.06
2025-06-04,NIFTY,20250626,24675.3,2282.45,9.2499,0.04
2025-06-04,NIFTYNXT50,20250626,66861.8,7314.1,10.9391,0.06
2025-06-05,BANKNIFTY,20250626,55989.4,6291.48,11.2369,0.05
2025-06-05,FINNIFTY,20250626,26427.9,2967.89,11.2301,0.05
2025-06-05,MIDCPNIFTY,20250626,12866.85,1442.0,11.2071,0.06
2025-06-05,NIFTY,20250626,24729.4,2289.68,9.2589,0.04
2025-06-05,NIFTYNXT50,20250626,67188.0,7317.7,10.8914,0.06
2025-06-06,BANKNIFTY,20250626,56044.4,6300.98,11.2428,0.05
2025-06-06,FINNIFTY,20250626,26525.3,2981.75,11.2412,0.05
2025-06-06,MIDCPNIFTY,20250626,12972.7,1454.2,11.2097,0.06
2025-06-06,NIFTY,20250626,24861.4,2301.83,9.2586,0.04
2025-06-06,NIFTYNXT50,20250626,67320.0,7333.5,10.8935,0.06
2025-06-09,BANKNIFTY,20250626,56770.4,6393.36,11.2618,0.05
2025-06-09,FINNIFTY,20250626,26959.1,3033.93,11.2538,0.05
2025-06-09,MIDCPNIFTY,20250626,13193.95,1478.4,11.2051,0.06
2025-06-09,NIFTY,20250626,25096.3,2325.28,9.2654,0.04
2025-06-09,NIFTYNXT50,20250626,68165.6,7422.8,10.8894,0.06
2025-06-10,BANKNIFTY,20250626,56999.2,6422.87,11.2684,0.05
2025-06-10,FINNIFTY,20250626,27083.1,3050.19,11.2623,0.05
2025-06-10,MIDCPNIFTY,20250626,13335.9,1494.2,11.2043,0.06
2025-06-10,NIFTY,20250626,25181.8,2334.6,9.271,0.04
2025-06-10,NIFTYNXT50,20250626,69048.0,7515.7,10.8847,0.06
2025-06-11,BANKNIFTY,20250626,56764.6,6399.09,11.273,0.05
2025-06-11,FINNIFTY,20250626,26940.8,3035.98,11.2691,0.05
2025-06-11,MIDCPNIFTY,20250626,13326.7,1491.7,11.1933,0.06
2025-06-11,NIFTY,20250626,25160.6,2334.7,9.2792,0.04
2025-06-11,NIFTYNXT50,20250626,69119.4,7505.9,10.8593,0.06
2025-06-12,BANKNIFTY,20250626,56648.6,6379.95,11.2623,0.05
2025-06-12,FINNIFTY,20250626,26889.9,3027.26,11.258,0.05
2025-06-12,MIDCPNIFTY,20250626,13274.4,1479.9,11.1485,0.06
2025-06-12,NIFTY,20250626,25211.7,2338.15,9.2741,0.04
2025-06-12,NIFTYNXT50,20250626,68857.0,7471.2,10.8503,0.06
2025-06-13,BANKNIFTY,20250626,56269.6,6337.33,11.2624,0.05
2025-06-13,FINNIFTY,20250626,26671.1,3003.53,11.2614,0.05
2025-06-13,MIDCPNIFTY,20250626,13062.35,1459.7,11.1749,0.06
2025-06-13,NIFTY,20250626,24937.4,2314.6,9.2816,0.04
2025-06-13,NIFTYNXT50,20250626,67639.2,7355.0,10.8739,0.06
2025-06-16,BANKNIFTY,20250626,55614.4,6274.59,11.2823,0.05
2025-06-16,FINNIFTY,20250626,26380.2,2975.92,11.2809,0.05
2025-06-16,MIDCPNIFTY,20250626,13012.8,1451.2,11.1521,0.06
2025-06-16,NIFTY,20250626,24727.4,2298.83,9.2967,0.04
2025-06-16,NIFTYNXT50,20250626,67060.8,7282.4,10.8594,0.06
2025-06-17,BANKNIFTY,20250626,56112.4,6321.77,11.2663,0.05
2025-06-17,FINNIFTY,20250626,26635.9,3000.69,11.2656,0.05
2025-06-17,MIDCPNIFTY,20250626,13148.5,1462.4,11.1222,0.06
2025-06-17,NIFTY,20250626,24996.2,2320.02,9.2815,0.04
2025-06-17,NIFTYNXT50,20250626,67619.4,7324.0,10.8312,0.06
2025-06-19,BANKNIFTY,20250626,55899.0,6308.65,11.2858,0.05
2025-06-19,FINNIFTY,20250626,26426.1,2983.19,11.2888,0.05
2025-06-19,MIDCPNIFTY,20250626,12953.25,1439.5,11.113,0.06
2025-06-19,NIFTY,20250626,24826.9,2307.52,9.2944,0.04
2025-06-19,NIFTYNXT50,20250626,66856.0,7220.2,10.7996,0.06
2025-06-20,BANKNIFTY,20250626,55655.0,6280.25,11.2843,0.05
2025-06-20,FINNIFTY,20250626,26323.7,2971.86,11.2897,0.05
2025-06-20,MIDCPNIFTY,20250626,12750.1,1417.2,11.1152,0.06
2025-06-20,NIFTY,20250626,24803.1,2305.77,9.2963,0.04
2025-06-20,NIFTYNXT50,20250626,65957.8,7124.3,10.8013,0.06
2025-06-23,BANKNIFTY,20250626,56298.0,6356.57,11.2909,0.05
2025-06-23,FINNIFTY,20250626,26667.5,3011.3,11.292,0.05
2025-06-23,MIDCPNIFTY,20250626,12987.15,1449.3,11.1595,0.06
2025-06-23,NIFTY,20250626,25111.7,2335.45,9.3002,0.04
2025-06-23,NIFTYNXT50,20250626,66756.0,7220.1,10.8157,0.06
2025-06-24,BANKNIFTY,20250626,56097.8,6334.71,11.2923,0.05
2025-06-24,FINNIFTY,20250626,26573.0,3000.88,11.293,0.05
2025-06-24,MIDCPNIFTY,20250626,13056.6,1451.8,11.1193,0.06
2025-06-24,NIFTY,20250626,24993.3,2322.39,9.2921,0.04
2025-06-24,NIFTYNXT50,20250626,66788.0,7207.4,10.7915,0.06
2025-06-25,BANKNIFTY,20250626,56500.8,6380.19,11.2922,0.05
2025-06-25,FINNIFTY,20250626,26761.8,3022.8,11.2952,0.05
2025-06-25,MIDCPNIFTY,20250626,13164.75,1462.3,11.1077,0.06
2025-06-25,NIFTY,20250626,25071.7,2329.12,9.2898,0.04
2025-06-25,NIFTYNXT50,20250626,67358.8,7259.8,10.7778,0.06
2025-06-26,BANKNIFTY,20250626,56619.2,6398.19,11.3004,0.05
2025-06-26,FINNIFTY,20250626,26845.4,3034.19,11.3025,0.05
2025-06-26,MIDCPNIFTY,20250626,13238.25,1467.5,11.0853,0.06
2025-06-26,NIFTY,20250626,25252.2,2347.76,9.2972,0.04
2025-06-26,NIFTYNXT50,20250626,67703.6,7279.3,10.7517,0.06
2025-06-27,BANKNIFTY,20250731,57256.4,6464.36,11.2902,0.05
2025-06-27,FINNIFTY,20250731,27263.7,3079.07,11.2937,0.05
2025-06-27,MIDCPNIFTY,20250731,13387.95,1473.8,11.0084,0.06
2025-06-27,NIFTY,20250731,25615.0,2376.06,9.276,0.04
2025-06-27,NIFTYNXT50,20250731,68725.4,7337.5,10.6765,0.06
2025-06-30,BANKNIFTY,20250731,57648.2,6491.16,11.26,0.05
2025-06-30,FINNIFTY,20250731,27441.5,3089.88,11.2599,0.05
2025-06-30,MIDCPNIFTY,20250731,13423.85,1474.2,10.9819,0.06
2025-06-30,NIFTY,20250731,25750.2,2384.32,9.2594,0.04
2025-06-30,NIFTYNXT50,20250731,68961.8,7367.1,10.6829,0.06
2025-07-01,BANKNIFTY,20250731,57553.6,6476.34,11.2527,0.05
2025-07-01,FINNIFTY,20250731,27302.8,3070.71,11.2469,0.05
2025-07-01,MIDCPNIFTY,20250731,13488.25,1481.5,10.9836,0.06
2025-07-01,NIFTY,20250731,25614.2,2373.09,9.2647,0.04
2025-07-01,NIFTYNXT50,20250731,69203.8,7382.4,10.6676,0.06
2025-07-02,BANKNIFTY,20250731,57689.6,6492.92,11.2549,0.05
2025-07-02,FINNIFTY,20250731,27252.0,3065.03,11.247,0.05
2025-07-02,MIDCPNIFTY,20250731,13487.3,1476.0,10.9436,0.06
2025-07-02,NIFTY,20250731,25643.3,2375.39,9.2632,0.04
2025-07-02,NIFTYNXT50,20250731,69154.6,7356.8,10.6382,0.06
2025-07-03,BANKNIFTY,20250731,57317.0,6440.91,11.2373,0.05
2025-07-03,FINNIFTY,20250731,27014.5,3035.37,11.2361,0.05
2025-07-03,MIDCPNIFTY,20250731,13495.55,1474.5,10.9258,0.06
2025-07-03,NIFTY,20250731,25546.1,2367.17,9.2663,0.04
2025-07-03,NIFTYNXT50,20250731,68967.6,7317.0,10.6093,0.06
2025-07-04,BANKNIFTY,20250731,57119.6,6417.49,11.2352,0.05
2025-07-04,FINNIFTY,20250731,26892.3,3021.04,11.2338,0.05
2025-07-04,MIDCPNIFTY,20250731,13515.8,1473.3,10.9006,0.06
2025-07-04,NIFTY,20250731,25508.6,2362.69,9.2623,0.04
2025-07-04,NIFTYNXT50,20250731,68563.2,7262.1,10.5918,0.06
2025-07-07,BANKNIFTY,20250731,57293.8,6444.6,11.2483,0.05
2025-07-07,FINNIFTY,20250731,26997.3,3035.89,11.2452,0.05
2025-07-07,MIDCPNIFTY,20250731,13464.85,1465.3,10.8824,0.06
2025-07-07,NIFTY,20250731,25540.1,2367.87,9.2712,0.04
2025-07-07,NIFTYNXT50,20250731,68817.4,7273.6,10.5694,0.06
2025-07-08,BANKNIFTY,20250731,57187.8,6435.26,11.2529,0.05
2025-07-08,FINNIFTY,20250731,26949.6,3032.18,11.2513,0.05
2025-07-08,MIDCPNIFTY,20250731,13445.45,1459.8,10.8572,0.06
2025-07-08,NIFTY,20250731,25538.9,2367.9,9.2717,0.04
2025-07-08,NIFTYNXT50,20250731,68876.2,7267.8,10.552,0.06
2025-07-09,BANKNIFTY,20250731,57454.0,6469.96,11.2611,0.05
2025-07-09,FINNIFTY,20250731,27114.5,3052.9,11.2593,0.05
2025-07-09,MIDCPNIFTY,20250731,13396.95,1449.1,10.8166,0.06
2025-07-09,NIFTY,20250731,25611.9,2373.59,9.2675,0.04
2025-07-09,NIFTYNXT50,20250731,68891.0,7248.8,10.5221,0.06
2025-07-10,BANKNIFTY,20250731,57383.6,6465.13,11.2665,0.05
2025-07-10,FINNIFTY,20250731,27159.7,3057.6,11.2579,0.05
2025-07-10,MIDCPNIFTY,20250731,13338.45,1441.7,10.8086,0.06
2025-07-10,NIFTY,20250731,25558.8,2369.28,9.2699,0.04
2025-07-10,NIFTYNXT50,20250731,68835.4,7226.1,10.4977,0.06
2025-07-11,BANKNIFTY,20250731,57171.6,6436.03,11.2574,0.05
2025-07-11,FINNIFTY,20250731,27091.8,3049.23,11.2552,0.05
2025-07-11,MIDCPNIFTY,20250731,13252.6,1430.0,10.7903,0.06
2025-07-11,NIFTY,20250731,25421.9,2358.04,9.2756,0.04
2025-07-11,NIFTYNXT50,20250731,68570.0,7191.6,10.488,0.06
2025-07-14,BANKNIFTY,20250731,56917.6,6413.28,11.2677,0.05
2025-07-14,FINNIFTY,20250731,26946.7,3034.4,11.2607,0.05
2025-07-14,MIDCPNIFTY,20250731,13036.7,1412.4,10.834,0.06
2025-07-14,NIFTY,20250731,25223.4,2338.94,9.2729,0.04
2025-07-14,NIFTYNXT50,20250731,68075.2,7124.0,10.4649,0.06
2025-07-15,BANKNIFTY,20250731,57002.6,6414.48,11.253,0.05
2025-07-15,FINNIFTY,20250731,26911.2,3028.65,11.2542,0.05
2025-07-15,MIDCPNIFTY,20250731,13211.75,1428.3,10.8108,0.06
2025-07-15,NIFTY,20250731,25167.5,2332.65,9.2685,0.04
2025-07-15,NIFTYNXT50,20250731,68424.4,7142.4,10.4384,0.06
2025-07-16,BANKNIFTY,20250731,57232.6,6441.75,11.2554,0.05
2025-07-16,FINNIFTY,20250731,27032.4,3042.97,11.2568,0.05
2025-07-16,MIDCPNIFTY,20250731,13380.1,1446.5,10.8108,0.06
2025-07-16,NIFTY,20250731,25265.6,2343.21,9.2743,0.04
2025-07-16,NIFTYNXT50,20250731,68828.6,7176.4,10.4265,0.06
2025-07-17,BANKNIFTY,20250731,57265.2,6460.09,11.281,0.05
2025-07-17,FINNIFTY,20250731,26970.1,3041.55,11.2775,0.05
2025-07-17,MIDCPNIFTY,20250731,13347.95,1441.5,10.7994,0.06
2025-07-17,NIFTY,20250731,25245.8,2344.72,9.2876,0.04
2025-07-17,NIFTYNXT50,20250731,68967.4,7173.0,10.4006,0.06
2025-07-18,BANKNIFTY,20250731,56973.4,6421.65,11.2713,0.05
2025-07-18,FINNIFTY,20250731,26876.5,3029.47,11.2718,0.05
2025-07-18,MIDCPNIFTY,20250731,13287.05,1431.7,10.7752,0.06
2025-07-18,NIFTY,20250731,25174.6,2335.36,9.2767,0.04
2025-07-18,NIFTYNXT50,20250731,68759.0,7138.1,10.3813,0.06
2025-07-21,BANKNIFTY,20250731,56415.6,6359.98,11.2734,0.05
2025-07-21,FINNIFTY,20250731,26608.0,3000.85,11.278,0.05
2025-07-21,MIDCPNIFTY,20250731,13202.5,1419.2,10.7495,0.06
2025-07-21,NIFTY,20250731,25032.3,2322.06,9.2763,0.04
2025-07-21,NIFTYNXT50,20250731,68206.8,7075.5,10.3736,0.06
2025-07-22,BANKNIFTY,20250731,56981.8,6435.66,11.2942,0.05
2025-07-22,FINNIFTY,20250731,27012.1,3049.53,11.2895,0.05
2025-07-22,MIDCPNIFTY,20250731,13336.35,1431.4,10.7331,0.06
2025-07-22,NIFTY,20250731,25127.6,2333.44,9.2864,0.04
2025-07-22,NIFTYNXT50,20250731,68591.6,7089.1,10.3352,0.06
2025-07-23,BANKNIFTY,20250731,56804.6,6413.43,11.2903,0.05
2025-07-23,FINNIFTY,20250731,27004.7,3049.92,11.294,0.05
2025-07-23,MIDCPNIFTY,20250731,13220.05,1419.5,10.7375,0.06
2025-07-23,NIFTY,20250731,25093.9,2330.66,9.2878,0.04
2025-07-23,NIFTYNXT50,20250731,68212.6,7048.1,10.3325,0.06
2025-07-24,BANKNIFTY,20250731,57235.8,6464.78,11.295,0.05
2025-07-24,FINNIFTY,20250731,27239.6,3075.39,11.2901,0.05
2025-07-24,MIDCPNIFTY,20250731,13322.5,1424.7,10.6939,0.06
2025-07-24,NIFTY,20250731,25252.8,2345.45,9.2879,0.04
2025-07-24,NIFTYNXT50,20250731,68444.8,7041.2,10.2874,0.06
2025-07-25,BANKNIFTY,20250731,57117.6,6448.46,11.2898,0.05
2025-07-25,FINNIFTY,20250731,27078.6,3056.23,11.2865,0.05
2025-07-25,MIDCPNIFTY,20250731,13139.9,1407.7,10.7132,0.06
2025-07-25,NIFTY,20250731,25095.4,2330.78,9.2877,0.04
2025-07-25,NIFTYNXT50,20250731,68223.2,7007.0,10.2707,0.06
2025-07-28,BANKNIFTY,20250731,56585.8,6387.77,11.2886,0.05
2025-07-28,FINNIFTY,20250731,26824.6,3029.3,11.293,0.05
2025-07-28,MIDCPNIFTY,20250731,12948.95,1389.3,10.7291,0.06
2025-07-28,NIFTY,20250731,24850.4,2309.84,9.295,0.04
2025-07-28,NIFTYNXT50,20250731,67140.6,6909.9,10.2917,0.06
2025-07-29,BANKNIFTY,20250731,56179.0,6337.59,11.2811,0.05
2025-07-29,FINNIFTY,20250731,26659.9,3007.52,11.2811,0.05
2025-07-29,MIDCPNIFTY,20250731,12921.4,1383.0,10.7032,0.06
2025-07-29,NIFTY,20250731,24710.2,2295.32,9.289,0.04
2025-07-29,NIFTYNXT50,20250731,66801.2,6859.2,10.2681,0.06
2025-07-31,BANKNIFTY,20250731,56217.6,6345.03,11.2866,0.05
2025-07-31,FINNIFTY,20250731,26715.6,3017.5,11.2949,0.05
2025-07-31,MIDCPNIFTY,20250731,13025.0,1390.3,10.6741,0.06
2025-07-31,NIFTY,20250731,24869.3,2311.52,9.2947,0.04
2025-07-31,NIFTYNXT50,20250731,67406.2,6900.7,10.2375,0.06
2025-08-01,BANKNIFTY,20250828,56194.0,6323.7,11.2533,0.05
2025-08-01,FINNIFTY,20250828,26731.0,3011.44,11.2657,0.05
2025-08-01,MIDCPNIFTY,20250828,12920.65,1373.9,10.6334,0.06
2025-08-01,NIFTY,20250828,24871.6,2303.46,9.2614,0.04
2025-08-01,NIFTYNXT50,20250828,67228.2,6854.1,10.1953,0.06
2025-08-04,BANKNIFTY,20250828,55794.2,6284.79,11.2642,0.05
2025-08-04,FINNIFTY,20250828,26569.6,2993.65,11.2672,0.05
2025-08-04,MIDCPNIFTY,20250828,12687.8,1356.6,10.6922,0.06
2025-08-04,NIFTY,20250828,24627.2,2284.58,9.2767,0.04
2025-08-04,NIFTYNXT50,20250828,66253.6,6764.7,10.2103,0.06
2025-08-05,BANKNIFTY,20250828,55860.0,6284.99,11.2513,0.05
2025-08-05,FINNIFTY,20250828,26593.6,2991.86,11.2503,0.05
2025-08-05,MIDCPNIFTY,20250828,12904.25,1380.1,10.6949,0.06
2025-08-05,NIFTY,20250828,24793.1,2299.22,9.2736,0.04
2025-08-05,NIFTYNXT50,20250828,67123.6,6835.8,10.1839,0.06
2025-08-06,BANKNIFTY,20250828,55539.2,6255.71,11.2636,0.05
2025-08-06,FINNIFTY,20250828,26455.1,2980.21,11.2652,0.05
2025-08-06,MIDCPNIFTY,20250828,12792.15,1367.1,10.687,0.06
2025-08-06,NIFTY,20250828,24707.8,2292.41,9.2781,0.04
2025-08-06,NIFTYNXT50,20250828,66972.0,6805.1,10.1611,0.06
2025-08-07,BANKNIFTY,20250828,55580.8,6261.46,11.2655,0.05
2025-08-07,FINNIFTY,20250828,26454.4,2979.94,11.2644,0.05
2025-08-07,MIDCPNIFTY,20250828,12678.0,1352.1,10.6649,0.06
2025-08-07,NIFTY,20250828,24634.9,2285.4,9.2771,0.04
2025-08-07,NIFTYNXT50,20250828,66258.4,6737.1,10.1679,0.06
2025-08-08,BANKNIFTY,20250828,55757.6,6273.89,11.2521,0.05
2025-08-08,FINNIFTY,20250828,26508.9,2983.64,11.2552,0.05
2025-08-08,MIDCPNIFTY,20250828,12789.45,1359.8,10.6322,0.06
2025-08-08,NIFTY,20250828,24673.4,2287.44,9.2709,0.04
2025-08-08,NIFTYNXT50,20250828,66498.0,6735.4,10.1287,0.06
2025-08-11,BANKNIFTY,20250828,55166.0,6215.55,11.267,0.05
2025-08-11,FINNIFTY,20250828,26242.5,2956.91,11.2676,0.05
2025-08-11,MIDCPNIFTY,20250828,12556.15,1340.4,10.6752,0.06
2025-08-11,NIFTY,20250828,24441.1,2265.79,9.2704,0.04
2025-08-11,NIFTYNXT50,20250828,65666.0,6654.7,10.1342,0.06
2025-08-12,BANKNIFTY,20250828,55540.0,6272.71,11.294,0.05
2025-08-12,FINNIFTY,20250828,26411.4,2983.86,11.2976,0.05
2025-08-12,MIDCPNIFTY,20250828,12658.5,1349.8,10.6632,0.06
2025-08-12,NIFTY,20250828,24627.9,2286.41,9.2838,0.04
2025-08-12,NIFTYNXT50,20250828,66453.8,6732.8,10.1316,0.06
2025-08-13,BANKNIFTY,20250828,55287.4,6219.94,11.2502,0.05
2025-08-13,FINNIFTY,20250828,26250.5,2953.29,11.2504,0.05
2025-08-13,MIDCPNIFTY,20250828,12602.2,1341.3,10.6434,0.06
2025-08-13,NIFTY,20250828,24554.9,2277.33,9.2744,0.04
2025-08-13,NIFTYNXT50,20250828,66330.2,6709.1,10.1147,0.06
2025-08-14,BANKNIFTY,20250828,55433.2,6235.5,11.2487,0.05
2025-08-14,FINNIFTY,20250828,26354.8,2964.94,11.2501,0.05
2025-08-14,MIDCPNIFTY,20250828,12748.95,1355.4,10.6315,0.06
2025-08-14,NIFTY,20250828,24712.2,2289.6,9.2651,0.04
2025-08-14,NIFTYNXT50,20250828,66726.8,6737.6,10.0973,0.06
2025-08-18,BANKNIFTY,20250828,55503.8,6253.63,11.267,0.05
2025-08-18,FINNIFTY,20250828,26405.1,2975.68,11.2693,0.05
2025-08-18,MIDCPNIFTY,20250828,12666.95,1346.7,10.6316,0.06
2025-08-18,NIFTY,20250828,24684.7,2290.71,9.2799,0.04
2025-08-18,NIFTYNXT50,20250828,66581.0,6708.7,10.076,0.06
2025-08-19,BANKNIFTY,20250828,55862.8,6298.04,11.2741,0.05
2025-08-19,FINNIFTY,20250828,26683.7,3006.83,11.2684,0.05
2025-08-19,MIDCPNIFTY,20250828,12872.15,1367.4,10.6229,0.06
2025-08-19,NIFTY,20250828,24966.8,2313.56,9.2665,0.04
2025-08-19,NIFTYNXT50,20250828,67460.6,6801.2,10.0817,0.06
2025-08-20,BANKNIFTY,20250828,55965.8,6312.76,11.2797,0.05
2025-08-20,FINNIFTY,20250828,26658.4,3004.93,11.272,0.05
2025-08-20,MIDCPNIFTY,20250828,12958.3,1374.8,10.6094,0.06
2025-08-20,NIFTY,20250828,25033.5,2323.2,9.2804,0.04
2025-08-20,NIFTYNXT50,20250828,67971.6,6843.4,10.068,0.06
2025-08-21,BANKNIFTY,20250828,55815.6,6293.93,11.2763,0.05
2025-08-21,FINNIFTY,20250828,26549.5,2993.12,11.2737,0.05
2025-08-21,MIDCPNIFTY,20250828,13023.85,1381.7,10.609,0.06
2025-08-21,NIFTY,20250828,25083.3,2329.7,9.2879,0.04
2025-08-21,NIFTYNXT50,20250828,68205.0,6854.2,10.0494,0.06
2025-08-22,BANKNIFTY,20250828,55890.0,6300.37,11.2728,0.05
2025-08-22,FINNIFTY,20250828,26632.6,3002.79,11.2749,0.05
2025-08-22,MIDCPNIFTY,20250828,12949.4,1371.1,10.5881,0.06
2025-08-22,NIFTY,20250828,25122.5,2332.79,9.2857,0.04
2025-08-22,NIFTYNXT50,20250828,67969.6,6816.8,10.0292,0.06
2025-08-25,BANKNIFTY,20250828,55270.6,6231.88,11.2752,0.05
2025-08-25,FINNIFTY,20250828,26377.5,2973.83,11.2741,0.05
2025-08-25,MIDCPNIFTY,20250828,12945.9,1369.2,10.5763,0.06
2025-08-25,NIFTY,20250828,24898.2,2312.92,9.2895,0.04
2025-08-25,NIFTYNXT50,20250828,67527.4,6764.4,10.0173,0.06
2025-08-26,BANKNIFTY,20250828,55258.8,6230.74,11.2756,0.05
2025-08-26,FINNIFTY,20250828,26364.8,2972.68,11.2752,0.05
2025-08-26,MIDCPNIFTY,20250828,12969.2,1367.6,10.545,0.06
2025-08-26,NIFTY,20250828,24989.7,2322.0,9.2918,0.04
2025-08-26,NIFTYNXT50,20250828,67665.8,6763.5,9.9954,0.06
2025-08-28,BANKNIFTY,20250828,54525.6,6152.9,11.2844,0.05
2025-08-28,FINNIFTY,20250828,25989.9,2932.64,11.2838,0.05
2025-08-28,MIDCPNIFTY,20250828,12696.1,1344.0,10.5859,0.06
2025-08-28,NIFTY,20250828,24731.5,2298.22,9.2927,0.04
2025-08-28,NIFTYNXT50,20250828,66764.4,6678.5,10.0031,0.06
2025-08-29,BANKNIFTY,20250930,54259.4,6081.7,11.2086,0.05
2025-08-29,FINNIFTY,20250930,25855.1,2897.35,11.2061,0.05
2025-08-29,MIDCPNIFTY,20250930,12593.95,1328.4,10.5479,0.06
2025-08-29,NIFTY,20250930,24651.7,2278.58,9.2431,0.04
2025-08-29,NIFTYNXT50,20250930,66237.0,6595.4,9.9573,0.06
2025-09-01,BANKNIFTY,20250930,54060.4,6063.09,11.2154,0.05
2025-09-01,FINNIFTY,20250930,25768.3,2889.15,11.212,0.05
2025-09-01,MIDCPNIFTY,20250930,12515.7,1317.2,10.5244,0.06
2025-09-01,NIFTY,20250930,24568.5,2271.7,9.2464,0.04
2025-09-01,NIFTYNXT50,20250930,66060.6,6561.4,9.9324,0.06
2025-09-02,BANKNIFTY,20250930,54370.0,6102.28,11.2236,0.05
2025-09-02,FINNIFTY,20250930,25909.1,2909.02,11.2278,0.05
2025-09-02,MIDCPNIFTY,20250930,12791.2,1352.1,10.5705,0.06
2025-09-02,NIFTY,20250930,24748.0,2290.13,9.2538,0.04
2025-09-02,NIFTYNXT50,20250930,66961.2,6659.5,9.9453,0.06
2025-09-03,BANKNIFTY,20250930,54039.4,6063.69,11.2209,0.05
2025-09-03,FINNIFTY,20250930,25746.2,2889.74,11.2239,0.05
2025-09-03,MIDCPNIFTY,20250930,12754.05,1348.0,10.5692,0.06
2025-09-03,NIFTY,20250930,24691.8,2285.9,9.2577,0.04
2025-09-03,NIFTYNXT50,20250930,67220.0,6682.4,9.9411,0.06
2025-09-04,BANKNIFTY,20250930,54373.6,6109.63,11.2364,0.05
2025-09-04,FINNIFTY,20250930,25869.1,2907.78,11.2404,0.05
2025-09-04,MIDCPNIFTY,20250930,12825.1,1352.0,10.5418,0.06
2025-09-04,NIFTY,20250930,24813.1,2298.5,9.2633,0.04
2025-09-04,NIFTYNXT50,20250930,67697.6,6714.8,9.9188,0.06
2025-09-05,BANKNIFTY,20250930,54293.0,6110.53,11.2547,0.05
2025-09-05,FINNIFTY,20250930,25937.5,2921.43,11.2633,0.05
2025-09-05,MIDCPNIFTY,20250930,12769.6,1345.5,10.5367,0.06
2025-09-05,NIFTY,20250930,24827.5,2300.29,9.2651,0.04
2025-09-05,NIFTYNXT50,20250930,67288.0,6668.8,9.9108,0.06
2025-09-08,BANKNIFTY,20250930,54364.6,6114.94,11.248,0.05
2025-09-08,FINNIFTY,20250930,26004.1,2925.49,11.2501,0.05
2025-09-08,MIDCPNIFTY,20250930,12820.4,1346.8,10.5051,0.06
2025-09-08,NIFTY,20250930,24847.7,2300.91,9.2601,0.04
2025-09-08,NIFTYNXT50,20250930,67325.6,6647.8,9.8741,0.06
2025-09-09,BANKNIFTY,20250930,54499.8,6123.12,11.2351,0.04
2025-09-09,FINNIFTY,20250930,26078.8,2931.53,11.241,0.05
2025-09-09,MIDCPNIFTY,20250930,12879.55,1350.6,10.4864,0.06
2025-09-09,NIFTY,20250930,24892.7,2303.9,9.2553,0.04
2025-09-09,NIFTYNXT50,20250930,67576.0,6660.2,9.8559,0.06
2025-09-10,BANKNIFTY,20250930,54468.4,6126.42,11.2477,0.04
2025-09-10,FINNIFTY,20250930,26070.9,2933.7,11.2528,0.05
2025-09-10,MIDCPNIFTY,20250930,12927.05,1351.6,10.4556,0.06
2025-09-10,NIFTY,20250930,24950.3,2312.78,9.2695,0.04
2025-09-10,NIFTYNXT50,20250930,67703.4,6651.6,9.8246,0.06
2025-09-11,BANKNIFTY,20250930,54791.8,6162.57,11.2472,0.04
2025-09-11,FINNIFTY,20250930,26239.3,2951.98,11.2502,0.05
2025-09-11,MIDCPNIFTY,20250930,13087.1,1368.1,10.4538,0.06
2025-09-11,NIFTY,20250930,25072.3,2322.5,9.2632,0.04
2025-09-11,NIFTYNXT50,20250930,67987.4,6665.5,9.804,0.06
2025-09-12,BANKNIFTY,20250930,54875.0,6177.66,11.2577,0.04
2025-09-12,FINNIFTY,20250930,26272.1,2958.19,11.2598,0.05
2025-09-12,MIDCPNIFTY,20250930,13073.4,1364.3,10.4357,0.06
2025-09-12,NIFTY,20250930,25104.5,2325.51,9.2633,0.04
2025-09-12,NIFTYNXT50,20250930,68133.2,6672.1,9.7927,0.06
2025-09-15,BANKNIFTY,20250930,55013.4,6193.45,11.2581,0.04
2025-09-15,FINNIFTY,20250930,26456.1,2979.05,11.2604,0.05
2025-09-15,MIDCPNIFTY,20250930,13112.7,1366.1,10.4181,0.06
2025-09-15,NIFTY,20250930,25205.0,2335.6,9.2664,0.04
2025-09-15,NIFTYNXT50,20250930,68400.2,6678.5,9.7639,0.06
2025-09-16,BANKNIFTY,20250930,55113.6,6202.33,11.2537,0.04
2025-09-16,FINNIFTY,20250930,26501.5,2982.41,11.2537,0.05
2025-09-16,MIDCPNIFTY,20250930,13144.8,1364.6,10.3813,0.06
2025-09-16,NIFTY,20250930,25164.7,2331.44,9.2647,0.04
2025-09-16,NIFTYNXT50,20250930,68780.0,6706.4,9.7505,0.06
2025-09-17,BANKNIFTY,20250930,55339.6,6231.68,11.2608,0.04
2025-09-17,FINNIFTY,20250930,26594.4,2993.97,11.2579,0.05
2025-09-17,MIDCPNIFTY,20250930,13192.85,1366.4,10.3571,0.06
2025-09-17,NIFTY,20250930,25331.4,2347.24,9.2661,0.04
2025-09-17,NIFTYNXT50,20250930,69203.6,6733.0,9.7293,0.05
2025-09-18,BANKNIFTY,20250930,55699.8,6270.74,11.2581,0.04
2025-09-18,FINNIFTY,20250930,26669.0,3001.68,11.2553,0.05
2025-09-18,MIDCPNIFTY,20250930,13194.95,1363.4,10.3327,0.06
2025-09-18,NIFTY,20250930,25423.4,2355.71,9.2659,0.04
2025-09-18,NIFTYNXT50,20250930,69334.4,6731.9,9.7093,0.05
2025-09-19,BANKNIFTY,20250930,55879.6,6297.2,11.2692,0.04
2025-09-19,FINNIFTY,20250930,26751.8,3016.95,11.2776,0.05
2025-09-19,MIDCPNIFTY,20250930,13282.55,1369.0,10.3068,0.06
2025-09-19,NIFTY,20250930,25510.9,2364.39,9.2682,0.04
2025-09-19,NIFTYNXT50,20250930,69516.8,6731.6,9.6834,0.05
2025-09-22,BANKNIFTY,20250930,55654.4,6266.85,11.2603,0.04
2025-09-22,FINNIFTY,20250930,26623.4,2997.62,11.2593,0.05
2025-09-22,MIDCPNIFTY,20250930,13282.0,1366.7,10.2899,0.06
2025-09-22,NIFTY,20250930,25411.2,2355.42,9.2692,0.04
2025-09-22,NIFTYNXT50,20250930,69875.2,6758.3,9.672,0.05
2025-09-23,BANKNIFTY,20250930,55471.8,6247.18,11.2619,0.04
2025-09-23,FINNIFTY,20250930,26610.5,2997.71,11.2651,0.05
2025-09-23,MIDCPNIFTY,20250930,13127.5,1351.1,10.2921,0.06
2025-09-23,NIFTY,20250930,25277.7,2343.82,9.2723,0.04
2025-09-23,NIFTYNXT50,20250930,69985.4,6764.7,9.6659,0.05
2025-09-24,BANKNIFTY,20250930,55723.8,6272.6,11.2566,0.04
2025-09-24,FINNIFTY,20250930,26656.8,3001.22,11.2587,0.05
2025-09-24,MIDCPNIFTY,20250930,13118.25,1345.5,10.2567,0.06
2025-09-24,NIFTY,20250930,25255.8,2340.76,9.2682,0.04
2025-09-24,NIFTYNXT50,20250930,69739.0,6721.4,9.6379,0.05
2025-09-25,BANKNIFTY,20250930,55252.2,6228.73,11.2733,0.04
2025-09-25,FINNIFTY,20250930,26450.6,2981.89,11.2734,0.05
2025-09-25,MIDCPNIFTY,20250930,12946.35,1328.7,10.2631,0.06
2025-09-25,NIFTY,20250930,25111.9,2330.29,9.2796,0.04
2025-09-25,NIFTYNXT50,20250930,68892.0,6640.8,9.6394,0.05
2025-09-26,BANKNIFTY,20250930,55152.2,6212.31,11.2639,0.04
2025-09-26,FINNIFTY,20250930,26340.1,2965.96,11.2602,0.04
2025-09-26,MIDCPNIFTY,20250930,12847.6,1318.4,10.2618,0.06
2025-09-26,NIFTY,20250930,24967.7,2314.85,9.2714,0.04
2025-09-26,NIFTYNXT50,20250930,68345.6,6582.1,9.6306,0.05
2025-09-29,BANKNIFTY,20250930,54474.8,6146.0,11.2823,0.04
2025-09-29,FINNIFTY,20250930,26027.4,2936.33,11.2817,0.04
2025-09-29,MIDCPNIFTY,20250930,12584.7,1297.9,10.3133,0.06
2025-09-29,NIFTY,20250930,24689.9,2292.89,9.2868,0.04
2025-09-29,NIFTYNXT50,20250930,67308.2,6492.2,9.6455,0.05
2025-09-30,BANKNIFTY,20250930,54550.2,6154.09,11.2815,0.04
2025-09-30,FINNIFTY,20250930,26059.9,2938.79,11.2771,0.04
2025-09-30,MIDCPNIFTY,20250930,12642.85,1300.3,10.2849,0.06
2025-09-30,NIFTY,20250930,24685.0,2291.05,9.2811,0.04
2025-09-30,NIFTYNXT50,20250930,67802.0,6556.0,9.6693,0.05
2025-10-01,BANKNIFTY,20251028,55012.2,6173.85,11.2227,0.04
2025-10-01,FINNIFTY,20251028,26215.8,2940.5,11.2165,0.04
2025-10-01,MIDCPNIFTY,20251028,12665.65,1295.5,10.2285,0.06
2025-10-01,NIFTY,20251028,24778.3,2288.83,9.2372,0.04
2025-10-01,NIFTYNXT50,20251028,68271.4,6538.9,9.5778,0.05
2025-10-03,BANKNIFTY,20251028,55663.2,6254.32,11.236,0.04
2025-10-03,FINNIFTY,20251028,26519.1,2981.19,11.2417,0.04
2025-10-03,MIDCPNIFTY,20251028,12776.7,1304.5,10.21,0.06
2025-10-03,NIFTY,20251028,24967.2,2309.78,9.2513,0.04
2025-10-03,NIFTYNXT50,20251028,68473.6,6547.1,9.5615,0.05
2025-10-06,BANKNIFTY,20251028,55854.2,6281.59,11.2464,0.04
2025-10-06,FINNIFTY,20251028,26549.7,2986.22,11.2477,0.04
2025-10-06,MIDCPNIFTY,20251028,12865.15,1312.1,10.1989,0.06
2025-10-06,NIFTY,20251028,25006.6,2315.17,9.2582,0.04
2025-10-06,NIFTYNXT50,20251028,68725.2,6560.8,9.5464,0.05
2025-10-07,BANKNIFTY,20251028,56297.8,6339.85,11.2613,0.04
2025-10-07,FINNIFTY,20251028,26798.6,3018.46,11.2635,0.04
2025-10-07,MIDCPNIFTY,20251028,13014.4,1327.0,10.1964,0.06
2025-10-07,NIFTY,20251028,25185.4,2332.22,9.2602,0.04
2025-10-07,NIFTYNXT50,20251028,68947.8,6568.0,9.526,0.05
2025-10-08,BANKNIFTY,20251028,56468.6,6355.05,11.2541,0.04
2025-10-08,FINNIFTY,20251028,26890.2,3025.83,11.2525,0.04
2025-10-08,MIDCPNIFTY,20251028,13080.65,1331.2,10.1769,0.06
2025-10-08,NIFTY,20251028,25225.3,2335.07,9.2569,0.04
2025-10-08,NIFTYNXT50,20251028,68983.2,6557.5,9.5059,0.05
2025-10-09,BANKNIFTY,20251028,56218.0,6330.06,11.2598,0.04
2025-10-09,FINNIFTY,20251028,26750.9,3012.17,11.2601,0.04
2025-10-09,MIDCPNIFTY,20251028,12951.35,1320.0,10.192,0.06
2025-10-09,NIFTY,20251028,25120.4,2329.29,9.2725,0.04
2025-10-09,NIFTYNXT50,20251028,68343.2,6500.7,9.5118,0.05
2025-10-10,BANKNIFTY,20251028,56413.2,6349.7,11.2557,0.04
2025-10-10,FINNIFTY,20251028,26833.5,3019.85,11.254,0.04
2025-10-10,MIDCPNIFTY,20251028,13100.75,1332.1,10.1681,0.06
2025-10-10,NIFTY,20251028,25273.8,2341.91,9.2662,0.04
2025-10-10,NIFTYNXT50,20251028,68778.0,6524.8,9.4868,0.05
2025-10-13,BANKNIFTY,20251028,56862.2,6396.9,11.2498,0.04
2025-10-13,FINNIFTY,20251028,26965.6,3033.17,11.2483,0.04
2025-10-13,MIDCPNIFTY,20251028,13216.55,1342.1,10.1547,0.06
2025-10-13,NIFTY,20251028,25411.0,2351.54,9.254,0.04
2025-10-13,NIFTYNXT50,20251028,68958.6,6522.4,9.4584,0.05
2025-10-14,BANKNIFTY,20251028,56856.2,6398.62,11.254,0.04
2025-10-14,FINNIFTY,20251028,26993.4,3038.03,11.2547,0.04
2025-10-14,MIDCPNIFTY,20251028,13238.8,1343.0,10.1444,0.06
2025-10-14,NIFTY,20251028,25309.3,2346.14,9.2699,0.04
2025-10-14,NIFTYNXT50,20251028,68815.0,6496.0,9.4398,0.05
2025-10-15,BANKNIFTY,20251028,56716.4,6384.1,11.2562,0.04
2025-10-15,FINNIFTY,20251028,26925.2,3031.6,11.2593,0.04
2025-10-15,MIDCPNIFTY,20251028,13074.1,1327.6,10.1544,0.06
2025-10-15,NIFTY,20251028,25206.0,2338.53,9.2777,0.04
2025-10-15,NIFTYNXT50,20251028,68388.0,6449.6,9.4309,0.05
2025-10-16,BANKNIFTY,20251028,56987.2,6418.39,11.2629,0.04
2025-10-16,FINNIFTY,20251028,27165.7,3059.11,11.2609,0.04
2025-10-16,MIDCPNIFTY,20251028,13217.3,1339.9,10.1375,0.06
2025-10-16,NIFTY,20251028,25424.8,2355.09,9.263,0.04
2025-10-16,NIFTYNXT50,20251028,69281.4,6541.4,9.4418,0.05
2025-10-17,BANKNIFTY,20251028,57486.2,6488.75,11.2875,0.04
2025-10-17,FINNIFTY,20251028,27409.4,3094.08,11.2884,0.04
2025-10-17,MIDCPNIFTY,20251028,13321.8,1348.2,10.1203,0.06
2025-10-17,NIFTY,20251028,25656.1,2379.43,9.2743,0.04
2025-10-17,NIFTYNXT50,20251028,69583.8,6561.2,9.4292,0.05
2025-10-20,BANKNIFTY,20251028,57757.2,6521.61,11.2914,0.04
2025-10-20,FINNIFTY,20251028,27559.3,3111.86,11.2915,0.04
2025-10-20,MIDCPNIFTY,20251028,13189.85,1336.9,10.1358,0.06
2025-10-20,NIFTY,20251028,25757.8,2391.02,9.2827,0.04
2025-10-20,NIFTYNXT50,20251028,69378.8,6536.6,9.4216,0.05
2025-10-21,BANKNIFTY,20251028,58099.6,6557.75,11.2871,0.04
2025-10-21,FINNIFTY,20251028,27550.2,3108.12,11.2817,0.04
2025-10-21,MIDCPNIFTY,20251028,13258.0,1341.8,10.1207,0.06
2025-10-21,NIFTY,20251028,25915.1,2403.41,9.2742,0.04
2025-10-21,NIFTYNXT50,20251028,69494.0,6530.1,9.3966,0.05
2025-10-23,BANKNIFTY,20251028,57960.0,6554.81,11.3092,0.04
2025-10-23,FINNIFTY,20251028,27517.1,3111.66,11.3081,0.04
2025-10-23,MIDCPNIFTY,20251028,13233.6,1338.2,10.1121,0.06
2025-10-23,NIFTY,20251028,25906.3,2405.78,9.2865,0.04
2025-10-23,NIFTYNXT50,20251028,69505.0,6518.1,9.3779,0.05
2025-10-24,BANKNIFTY,20251028,58090.6,6562.82,11.2976,0.04
2025-10-24,FINNIFTY,20251028,27587.2,3113.9,11.2875,0.04
2025-10-24,MIDCPNIFTY,20251028,13226.45,1331.9,10.07,0.06
2025-10-24,NIFTY,20251028,25976.9,2407.9,9.2694,0.04
2025-10-24,NIFTYNXT50,20251028,69388.4,6494.7,9.3599,0.05
2025-10-27,BANKNIFTY,20251028,57703.2,6520.05,11.2993,0.04
2025-10-27,FINNIFTY,20251028,27400.6,3095.67,11.2978,0.04
2025-10-27,MIDCPNIFTY,20251028,13168.35,1325.0,10.062,0.06
2025-10-27,NIFTY,20251028,25814.8,2398.95,9.2929,0.04
2025-10-27,NIFTYNXT50,20251028,69273.2,6471.9,9.3426,0.05
2025-10-28,BANKNIFTY,20251028,58183.2,6566.91,11.2866,0.04
2025-10-28,FINNIFTY,20251028,27568.6,3109.65,11.2797,0.04
2025-10-28,MIDCPNIFTY,20251028,13367.75,1345.5,10.0653,0.06
2025-10-28,NIFTY,20251028,26013.5,2414.84,9.283,0.04
2025-10-28,NIFTYNXT50,20251028,69571.0,6480.4,9.3148,0.05
2025-10-29,BANKNIFTY,20251125,58518.6,6578.19,11.2412,0.04
2025-10-29,FINNIFTY,20251125,27577.8,3102.3,11.2493,0.04
2025-10-29,MIDCPNIFTY,20251125,13436.45,1344.1,10.0034,0.06
2025-10-29,NIFTY,20251125,26090.1,2412.07,9.2452,0.04
2025-10-29,NIFTYNXT50,20251125,69519.8,6441.02,9.265,0.05
2025-10-30,BANKNIFTY,20251125,58766.0,6597.53,11.2268,0.04
2025-10-30,FINNIFTY,20251125,27760.5,3117.4,11.2296,0.04
2025-10-30,MIDCPNIFTY,20251125,13513.35,1348.2,9.9768,0.06
2025-10-30,NIFTY,20251125,26238.7,2423.01,9.2345,0.04
2025-10-30,NIFTYNXT50,20251125,70557.0,6535.5,9.2627,0.05
2025-10-31,BANKNIFTY,20251125,58425.6,6557.51,11.2237,0.04
2025-10-31,FINNIFTY,20251125,27552.5,3093.49,11.2276,0.04
2025-10-31,MIDCPNIFTY,20251125,13518.4,1348.3,9.9738,0.06
2025-10-31,NIFTY,20251125,26031.6,2406.64,9.2451,0.04
2025-10-31,NIFTYNXT50,20251125,70270.6,6517.68,9.2751,0.05
2025-11-03,BANKNIFTY,20251125,58184.6,6528.73,11.2207,0.04
2025-11-03,FINNIFTY,20251125,27331.0,3066.69,11.2206,0.04
2025-11-03,MIDCPNIFTY,20251125,13518.5,1345.3,9.9515,0.06
2025-11-03,NIFTY,20251125,25905.5,2392.16,9.2342,0.04
2025-11-03,NIFTYNXT50,20251125,70146.6,6493.7,9.2573,0.05
2025-11-04,BANKNIFTY,20251125,58404.4,6565.46,11.2414,0.04
2025-11-04,FINNIFTY,20251125,27437.0,3085.6,11.2461,0.04
2025-11-04,MIDCPNIFTY,20251125,13647.35,1356.2,9.9375,0.06
2025-11-04,NIFTY,20251125,25898.9,2395.99,9.2513,0.04
2025-11-04,NIFTYNXT50,20251125,70801.2,6554.95,9.2582,0.05
2025-11-06,BANKNIFTY,20251125,58117.8,6534.46,11.2435,0.04
2025-11-06,FINNIFTY,20251125,27327.2,3073.13,11.2457,0.04
2025-11-06,MIDCPNIFTY,20251125,13518.9,1346.7,9.9616,0.06
2025-11-06,NIFTY,20251125,25708.3,2380.58,9.26,0.04
2025-11-06,NIFTYNXT50,20251125,70321.8,6525.7,9.2798,0.05
2025-11-07,BANKNIFTY,20251125,57886.8,6503.63,11.2351,0.04
2025-11-07,FINNIFTY,20251125,27183.1,3054.74,11.2376,0.04
2025-11-07,MIDCPNIFTY,20251125,13412.3,1331.9,9.9304,0.06
2025-11-07,NIFTY,20251125,25627.2,2372.4,9.2574,0.04
2025-11-07,NIFTYNXT50,20251125,69474.4,6444.86,9.2766,0.05
2025-11-10,BANKNIFTY,20251125,58181.6,6540.08,11.2408,0.04
2025-11-10,FINNIFTY,20251125,27382.0,3077.98,11.2409,0.04
2025-11-10,MIDCPNIFTY,20251125,13472.0,1336.0,9.9169,0.06
2025-11-10,NIFTY,20251125,25589.2,2370.78,9.2648,0.04
2025-11-10,NIFTYNXT50,20251125,69558.8,6451.05,9.2742,0.05
2025-11-11,BANKNIFTY,20251125,58252.2,6546.94,11.239,0.04
2025-11-11,FINNIFTY,20251125,27446.1,3085.47,11.2419,0.04
2025-11-11,MIDCPNIFTY,20251125,13588.65,1342.3,9.8781,0.06
2025-11-11,NIFTY,20251125,25694.5,2378.41,9.2565,0.04
2025-11-11,NIFTYNXT50,20251125,69873.6,6475.52,9.2675,0.05
2025-11-12,BANKNIFTY,20251125,58370.8,6569.61,11.255,0.04
2025-11-12,FINNIFTY,20251125,27385.7,3082.56,11.2561,0.04
2025-11-12,MIDCPNIFTY,20251125,13739.85,1357.5,9.88,0.06
2025-11-12,NIFTY,20251125,25811.4,2389.63,9.258,0.04
2025-11-12,NIFTYNXT50,20251125,69945.0,6484.43,9.2708,0.05
2025-11-13,BANKNIFTY,20251125,58523.2,6585.04,11.252,0.04
2025-11-13,FINNIFTY,20251125,27459.5,3089.12,11.2497,0.04
2025-11-13,MIDCPNIFTY,20251125,13940.9,1376.6,9.8745,0.06
2025-11-13,NIFTY,20251125,25986.1,2406.45,9.2605,0.04
2025-11-13,NIFTYNXT50,20251125,70009.2,6492.14,9.2733,0.05
2025-11-14,BANKNIFTY,20251125,58535.0,6597.16,11.2705,0.04
2025-11-14,FINNIFTY,20251125,27476.0,3095.77,11.2672,0.04
2025-11-14,MIDCPNIFTY,20251125,13867.85,1370.7,9.884,0.06
2025-11-14,NIFTY,20251125,25953.8,2406.76,9.2732,0.04
2025-11-14,NIFTYNXT50,20251125,69970.4,6496.2,9.2842,0.05
2025-11-17,BANKNIFTY,20251125,58644.4,6612.48,11.2756,0.04
2025-11-17,FINNIFTY,20251125,27546.2,3106.58,11.2777,0.04
2025-11-17,MIDCPNIFTY,20251125,13933.8,1372.1,9.8473,0.06
2025-11-17,NIFTY,20251125,25951.4,2409.63,9.2852,0.04
2025-11-17,NIFTYNXT50,20251125,69935.2,6490.18,9.2803,0.05
2025-11-18,BANKNIFTY,20251125,59027.4,6662.79,11.2876,0.04
2025-11-18,FINNIFTY,20251125,27683.8,3124.02,11.2847,0.04
2025-11-18,MIDCPNIFTY,20251125,14044.5,1383.3,9.8494,0.06
2025-11-18,NIFTY,20251125,26060.1,2419.25,9.2833,0.04
2025-11-18,NIFTYNXT50,20251125,70288.4,6524.33,9.2822,0.05
2025-11-19,BANKNIFTY,20251125,58974.6,6655.62,11.2856,0.04
2025-11-19,FINNIFTY,20251125,27589.2,3112.78,11.2826,0.04
2025-11-19,MIDCPNIFTY,20251125,13949.05,1372.9,9.8422,0.06
2025-11-19,NIFTY,20251125,25948.8,2409.63,9.2861,0.04
2025-11-19,NIFTYNXT50,20251125,69679.2,6476.85,9.2952,0.05
2025-11-20,BANKNIFTY,20251125,59227.4,6691.41,11.2978,0.04
2025-11-20,FINNIFTY,20251125,27662.4,3123.74,11.2924,0.04
2025-11-20,MIDCPNIFTY,20251125,14025.65,1378.0,9.8249,0.06
2025-11-20,NIFTY,20251125,26071.0,2422.9,9.2935,0.04
2025-11-20,NIFTYNXT50,20251125,69658.8,6476.13,9.2969,0.05
2025-11-21,BANKNIFTY,20251125,59399.0,6706.29,11.2902,0.04
2025-11-21,FINNIFTY,20251125,27885.6,3148.33,11.2902,0.04
2025-11-21,MIDCPNIFTY,20251125,14007.25,1374.1,9.8099,0.06
2025-11-21,NIFTY,20251125,26220.8,2435.87,9.2898,0.04
2025-11-21,NIFTYNXT50,20251125,69623.4,6469.8,9.2926,0.05
2025-11-24,BANKNIFTY,20251125,58869.0,6652.05,11.2998,0.04
2025-11-24,FINNIFTY,20251125,27587.6,3114.98,11.2912,0.04
2025-11-24,MIDCPNIFTY,20251125,13848.6,1360.2,9.8219,0.06
2025-11-24,NIFTY,20251125,26077.5,2424.34,9.2967,0.04
2025-11-24,NIFTYNXT50,20251125,68722.0,6386.23,9.2928,0.05
2025-11-25,BANKNIFTY,20251125,58871.8,6648.39,11.293,0.04
2025-11-25,FINNIFTY,20251125,27525.9,3107.35,11.2888,0.04
2025-11-25,MIDCPNIFTY,20251125,13754.55,1346.7,9.7909,0.06
2025-11-25,NIFTY,20251125,25996.4,2414.23,9.2868,0.04
2025-11-25,NIFTYNXT50,20251125,68116.2,6323.76,9.2838,0.05
2025-11-26,BANKNIFTY,20251230,59139.6,6646.69,11.239,0.04
2025-11-26,FINNIFTY,20251230,27551.2,3097.26,11.2418,0.04
2025-11-26,MIDCPNIFTY,20251230,13900.0,1350.3,9.7144,0.06
2025-11-26,NIFTY,20251230,26055.4,2407.29,9.2391,0.04
2025-11-26,NIFTYNXT50,20251230,68579.4,6340.04,9.2448,0.05
2025-11-27,BANKNIFTY,20251230,59817.2,6726.67,11.2454,0.04
2025-11-27,FINNIFTY,20251230,27946.0,3141.34,11.2408,0.04
2025-11-27,MIDCPNIFTY,20251230,14114.9,1373.3,9.7294,0.06
2025-11-27,NIFTY,20251230,26381.2,2437.09,9.238,0.04
2025-11-27,NIFTYNXT50,20251230,69589.2,6434.61,9.2466,0.05
2025-11-28,BANKNIFTY,20251230,60031.8,6750.31,11.2446,0.04
2025-11-28,FINNIFTY,20251230,28099.8,3157.92,11.2382,0.04
2025-11-28,MIDCPNIFTY,20251230,14159.8,1376.7,9.7226,0.06
2025-11-28,NIFTY,20251230,26390.9,2438.05,9.2382,0.04
2025-11-28,NIFTYNXT50,20251230,69510.6,6423.49,9.241,0.05
2025-12-01,BANKNIFTY,20251230,60068.2,6752.06,11.2407,0.04
2025-12-01,FINNIFTY,20251230,28053.1,3151.6,11.2344,0.04
2025-12-01,MIDCPNIFTY,20251230,14125.35,1369.8,9.6975,0.05
2025-12-01,NIFTY,20251230,26387.4,2436.87,9.235,0.04
2025-12-01,NIFTYNXT50,20251230,69537.2,6429.78,9.2465,0.05
2025-12-02,BANKNIFTY,20251230,59914.0,6743.99,11.2561,0.04
2025-12-02,FINNIFTY,20251230,27940.1,3143.04,11.2492,0.04
2025-12-02,MIDCPNIFTY,20251230,14111.85,1366.9,9.6862,0.05
2025-12-02,NIFTY,20251230,26334.7,2434.34,9.2438,0.04
2025-12-02,NIFTYNXT50,20251230,69533.6,6437.52,9.2581,0.05
2025-12-03,BANKNIFTY,20251230,59665.4,6697.94,11.2258,0.04
2025-12-03,FINNIFTY,20251230,27763.2,3114.87,11.2194,0.04
2025-12-03,MIDCPNIFTY,20251230,14032.75,1359.0,9.6845,0.05
2025-12-03,NIFTY,20251230,26213.0,2420.99,9.2358,0.04
2025-12-03,NIFTYNXT50,20251230,69477.2,6431.36,9.2568,0.05
2025-12-04,BANKNIFTY,20251230,59737.0,6706.35,11.2265,0.04
2025-12-04,FINNIFTY,20251230,27813.6,3122.14,11.2252,0.04
2025-12-04,MIDCPNIFTY,20251230,13900.05,1343.5,9.6654,0.05
2025-12-04,NIFTY,20251230,26136.2,2416.7,9.2466,0.04
2025-12-04,NIFTYNXT50,20251230,68673.8,6361.28,9.263,0.05
2025-12-05,BANKNIFTY,20251230,59643.2,6699.62,11.2328,0.04
2025-12-05,FINNIFTY,20251230,27785.4,3120.09,11.2292,0.04
2025-12-05,MIDCPNIFTY,20251230,13922.4,1343.5,9.6499,0.05
2025-12-05,NIFTY,20251230,26186.5,2421.14,9.2458,0.04
2025-12-05,NIFTYNXT50,20251230,68869.0,6376.15,9.2584,0.05
2025-12-08,BANKNIFTY,20251230,60055.6,6754.82,11.2476,0.04
2025-12-08,FINNIFTY,20251230,28015.6,3150.65,11.2461,0.04
2025-12-08,MIDCPNIFTY,20251230,14053.85,1354.2,9.6358,0.05
2025-12-08,NIFTY,20251230,26333.2,2435.34,9.2482,0.04
2025-12-08,NIFTYNXT50,20251230,68980.4,6390.02,9.2635,0.05
2025-12-09,BANKNIFTY,20251230,59553.0,6693.96,11.2403,0.04
2025-12-09,FINNIFTY,20251230,27827.6,3128.65,11.243,0.04
2025-12-09,MIDCPNIFTY,20251230,13794.65,1337.1,9.6929,0.05
2025-12-09,NIFTY,20251230,26064.7,2414.33,9.2628,0.04
2025-12-09,NIFTYNXT50,20251230,67543.4,6259.13,9.2668,0.05
2025-12-10,BANKNIFTY,20251230,59528.4,6692.13,11.2419,0.04
2025-12-10,FINNIFTY,20251230,27703.1,3113.12,11.2374,0.04
2025-12-10,MIDCPNIFTY,20251230,13787.35,1331.1,9.6545,0.05
2025-12-10,NIFTY,20251230,25960.2,2403.09,9.2568,0.04
2025-12-10,NIFTYNXT50,20251230,67960.0,6296.51,9.265,0.05
2025-12-11,BANKNIFTY,20251230,59246.4,6662.53,11.2455,0.04
2025-12-11,FINNIFTY,20251230,27554.6,3096.69,11.2384,0.04
2025-12-11,MIDCPNIFTY,20251230,13573.7,1314.1,9.6812,0.05
2025-12-11,NIFTY,20251230,25863.9,2395.49,9.2619,0.04
2025-12-11,NIFTYNXT50,20251230,67708.2,6284.23,9.2813,0.05
2025-12-12,BANKNIFTY,20251230,59496.2,6690.71,11.2456,0.04
2025-12-12,FINNIFTY,20251230,27695.5,3114.49,11.2455,0.04
2025-12-12,MIDCPNIFTY,20251230,13765.05,1334.7,9.6963,0.05
2025-12-12,NIFTY,20251230,26009.5,2408.57,9.2603,0.04
2025-12-12,NIFTYNXT50,20251230,68162.2,6318.37,9.2696,0.05
2025-12-15,BANKNIFTY,20251230,59657.8,6711.06,11.2493,0.04
2025-12-15,FINNIFTY,20251230,27806.2,3127.0,11.2457,0.04
2025-12-15,MIDCPNIFTY,20251230,13974.8,1354.7,9.6939,0.05
2025-12-15,NIFTY,20251230,26145.4,2422.37,9.265,0.04
2025-12-15,NIFTYNXT50,20251230,68687.8,6371.4,9.2759,0.05
2025-12-16,BANKNIFTY,20251230,59678.0,6719.18,11.2591,0.04
2025-12-16,FINNIFTY,20251230,27725.4,3119.16,11.2502,0.04
2025-12-16,MIDCPNIFTY,20251230,13907.75,1347.8,9.691,0.05
2025-12-16,NIFTY,20251230,26108.7,2420.54,9.271,0.04
2025-12-16,NIFTYNXT50,20251230,68780.6,6381.89,9.2786,0.05
2025-12-17,BANKNIFTY,20251230,59287.8,6670.91,11.2517,0.04
2025-12-17,FINNIFTY,20251230,27505.1,3094.57,11.2509,0.04
2025-12-17,MIDCPNIFTY,20251230,13776.85,1335.4,9.6931,0.05
2025-12-17,NIFTY,20251230,25940.7,2404.99,9.2711,0.04
2025-12-17,NIFTYNXT50,20251230,68492.0,6355.36,9.279,0.05
2025-12-18,BANKNIFTY,20251230,59146.8,6658.72,11.258,0.04
2025-12-18,FINNIFTY,20251230,27375.7,3079.47,11.2489,0.04
2025-12-18,MIDCPNIFTY,20251230,13686.05,1323.7,9.6719,0.05
2025-12-18,NIFTY,20251230,25897.8,2401.13,9.2716,0.04
2025-12-18,NIFTYNXT50,20251230,68220.0,6331.15,9.2805,0.05
2025-12-19,BANKNIFTY,20251230,59074.2,6657.15,11.2691,0.04
2025-12-19,FINNIFTY,20251230,27368.5,3081.18,11.2581,0.04
2025-12-19,MIDCPNIFTY,20251230,13777.4,1330.9,9.66,0.05
2025-12-19,NIFTY,20251230,25880.6,2400.85,9.2766,0.04
2025-12-19,NIFTYNXT50,20251230,67881.0,6308.21,9.293,0.05
2025-12-22,BANKNIFTY,20251230,59231.4,6674.82,11.2691,0.04
2025-12-22,FINNIFTY,20251230,27468.5,3093.78,11.263,0.04
2025-12-22,MIDCPNIFTY,20251230,13882.7,1340.4,9.6552,0.05
2025-12-22,NIFTY,20251230,26030.0,2414.88,9.2773,0.04
2025-12-22,NIFTYNXT50,20251230,68437.4,6359.21,9.292,0.05
2025-12-23,BANKNIFTY,20251230,59435.0,6701.35,11.2751,0.04
2025-12-23,FINNIFTY,20251230,27543.6,3105.22,11.2738,0.04
2025-12-23,MIDCPNIFTY,20251230,13992.0,1349.1,9.6419,0.05
2025-12-23,NIFTY,20251230,26197.9,2434.03,9.2909,0.04
2025-12-23,NIFTYNXT50,20251230,68880.8,6402.38,9.2949,0.05
2025-12-24,BANKNIFTY,20251230,59407.6,6700.85,11.2794,0.04
2025-12-24,FINNIFTY,20251230,27633.1,3117.05,11.2801,0.04
2025-12-24,MIDCPNIFTY,20251230,13963.75,1342.9,9.617,0.05
2025-12-24,NIFTY,20251230,26206.9,2434.47,9.2894,0.04
2025-12-24,NIFTYNXT50,20251230,69063.2,6425.96,9.3045,0.05
2025-12-26,BANKNIFTY,20251230,59253.0,6687.75,11.2868,0.04
2025-12-26,FINNIFTY,20251230,27583.6,3114.9,11.2926,0.04
2025-12-26,MIDCPNIFTY,20251230,13803.7,1330.7,9.6402,0.05
2025-12-26,NIFTY,20251230,26173.1,2431.22,9.289,0.04
2025-12-26,NIFTYNXT50,20251230,68957.0,6413.02,9.3,0.05
2025-12-29,BANKNIFTY,20251230,59065.8,6668.28,11.2896,0.04
2025-12-29,FINNIFTY,20251230,27449.2,3099.67,11.2924,0.04
2025-12-29,MIDCPNIFTY,20251230,13732.25,1319.0,9.6051,0.05
2025-12-29,NIFTY,20251230,26060.2,2421.93,9.2936,0.04
2025-12-29,NIFTYNXT50,20251230,69023.8,6413.38,9.2915,0.05
2025-12-30,BANKNIFTY,20251230,58947.2,6659.36,11.2972,0.04
2025-12-30,FINNIFTY,20251230,27380.0,3092.08,11.2932,0.04
2025-12-30,MIDCPNIFTY,20251230,13660.3,1309.7,9.5876,0.05
2025-12-30,NIFTY,20251230,25957.2,2412.62,9.2946,0.04
2025-12-30,NIFTYNXT50,20251230,68554.8,6383.4,9.3114,0.05
2025-12-31,BANKNIFTY,20260127,59586.2,6686.35,11.2213,0.04
2025-12-31,FINNIFTY,20260127,27594.4,2546.6,9.2287,0.04
2025-12-31,MIDCPNIFTY,20260127,13671.5,1301.9,9.5227,0.05
2025-12-31,NIFTY,20260127,26118.8,2412.31,9.2359,0.04
2025-12-31,NIFTYNXT50,20260127,69066.8,6386.1,9.2463,0.05
2026-01-01,BANKNIFTY,20260127,59883.6,6732.75,11.2431,0.04
2026-01-01,FINNIFTY,20260127,27763.6,2568.04,9.2497,0.04
2026-01-01,MIDCPNIFTY,20260127,13841.3,1319.3,9.5316,0.05
2026-01-01,NIFTY,20260127,26296.3,2430.05,9.241,0.04
2026-01-01,NIFTYNXT50,20260127,69597.6,6450.9,9.2689,0.05
2026-01-02,BANKNIFTY,20260127,59955.6,6747.41,11.254,0.04
2026-01-02,FINNIFTY,20260127,27798.3,2573.01,9.256,0.04
2026-01-02,MIDCPNIFTY,20260127,13899.15,1322.6,9.5157,0.05
2026-01-02,NIFTY,20260127,26290.4,2431.63,9.2491,0.04
2026-01-02,NIFTYNXT50,20260127,69942.0,6479.81,9.2645,0.05
2026-01-05,BANKNIFTY,20260127,60341.0,6797.06,11.2644,0.04
2026-01-05,FINNIFTY,20260127,28000.0,2594.62,9.2665,0.04
2026-01-05,MIDCPNIFTY,20260127,14065.15,1336.6,9.5029,0.05
2026-01-05,NIFTY,20260127,26455.4,2448.56,9.2554,0.04
2026-01-05,NIFTYNXT50,20260127,70682.4,6548.77,9.2651,0.05
2026-01-06,BANKNIFTY,20260127,60173.0,6784.99,11.2758,0.04
2026-01-06,FINNIFTY,20260127,27931.8,2590.18,9.2732,0.04
2026-01-06,MIDCPNIFTY,20260127,14011.05,1332.0,9.5068,0.05
2026-01-06,NIFTY,20260127,26331.3,2441.28,9.2714,0.04
2026-01-06,NIFTYNXT50,20260127,70633.6,6548.45,9.271,0.05
2026-01-07,BANKNIFTY,20260127,60312.8,6793.38,11.2636,0.04
2026-01-07,FINNIFTY,20260127,28041.1,2598.89,9.2681,0.04
2026-01-07,MIDCPNIFTY,20260127,14007.65,1327.9,9.4798,0.05
2026-01-07,NIFTY,20260127,26285.1,2434.62,9.2624,0.04
2026-01-07,NIFTYNXT50,20260127,70841.4,6566.0,9.2686,0.05
2026-01-08,BANKNIFTY,20260127,60171.2,6778.97,11.2661,0.04
2026-01-08,FINNIFTY,20260127,27955.3,2590.36,9.2661,0.04
2026-01-08,MIDCPNIFTY,20260127,14113.4,1335.1,9.4598,0.05
2026-01-08,NIFTY,20260127,26235.3,2431.09,9.2665,0.04
2026-01-08,NIFTYNXT50,20260127,70906.0,6574.23,9.2718,0.05
2026-01-09,BANKNIFTY,20260127,59885.2,6744.57,11.2625,0.04
2026-01-09,FINNIFTY,20260127,27773.2,2573.55,9.2663,0.04
2026-01-09,MIDCPNIFTY,20260127,13795.85,1317.0,9.5463,0.05
2026-01-09,NIFTY,20260127,25985.6,2406.55,9.2611,0.04
2026-01-09,NIFTYNXT50,20260127,69342.0,6435.24,9.2804,0.05
2026-01-12,BANKNIFTY,20260127,59541.4,6695.43,11.245,0.04
2026-01-12,FINNIFTY,20260127,27523.7,2546.54,9.2522,0.04
2026-01-12,MIDCPNIFTY,20260127,13695.2,1307.3,9.5457,0.05
2026-01-12,NIFTY,20260127,25788.3,2388.55,9.2621,0.04
2026-01-12,NIFTYNXT50,20260127,68707.0,6369.77,9.2709,0.05
2026-01-13,BANKNIFTY,20260127,59730.4,6717.91,11.2471,0.04
2026-01-13,FINNIFTY,20260127,27644.5,2559.22,9.2576,0.04
2026-01-13,MIDCPNIFTY,20260127,13738.65,1306.1,9.5068,0.05
2026-01-13,NIFTY,20260127,25876.0,2398.49,9.2692,0.04
2026-01-13,NIFTYNXT50,20260127,68903.8,6389.01,9.2724,0.05
2026-01-14,BANKNIFTY,20260127,59755.2,6732.4,11.2666,0.04
2026-01-14,FINNIFTY,20260127,27675.2,2565.5,9.27,0.04
2026-01-14,MIDCPNIFTY,20260127,13671.65,1299.2,9.5029,0.05
2026-01-14,NIFTY,20260127,25790.8,2393.1,9.2789,0.04
2026-01-14,NIFTYNXT50,20260127,68673.6,6372.55,9.2795,0.05
2026-01-16,BANKNIFTY,20260127,59780.6,6732.56,11.2621,0.04
2026-01-16,FINNIFTY,20260127,27602.7,2557.63,9.2659,0.04
2026-01-16,MIDCPNIFTY,20260127,13722.05,1301.5,9.4847,0.05
2026-01-16,NIFTY,20260127,25719.0,2386.9,9.2807,0.04
2026-01-16,NIFTYNXT50,20260127,68820.0,6397.18,9.2955,0.05
2026-01-19,BANKNIFTY,20260127,60194.4,6790.75,11.2814,0.04
2026-01-19,FINNIFTY,20260127,27585.4,2559.65,9.279,0.04
2026-01-19,MIDCPNIFTY,20260127,13704.0,1297.7,9.4695,0.05
2026-01-19,NIFTY,20260127,25751.5,2389.57,9.2793,0.04
2026-01-19,NIFTYNXT50,20260127,68942.8,6403.78,9.2885,0.05
2026-01-20,BANKNIFTY,20260127,59891.4,6767.72,11.3,0.04
2026-01-20,FINNIFTY,20260127,27530.8,2559.26,9.296,0.04
2026-01-20,MIDCPNIFTY,20260127,13658.55,1290.6,9.449,0.05
2026-01-20,NIFTY,20260127,25596.0,2379.45,9.2962,0.04
2026-01-20,NIFTYNXT50,20260127,68666.2,6388.53,9.3037,0.05
2026-01-21,BANKNIFTY,20260127,59483.0,6712.67,11.285,0.04
2026-01-21,FINNIFTY,20260127,27221.7,2529.66,9.2928,0.04
2026-01-21,MIDCPNIFTY,20260127,13312.85,1271.4,9.5502,0.05
2026-01-21,NIFTY,20260127,25259.2,2346.62,9.2902,0.04
2026-01-21,NIFTYNXT50,20260127,67179.4,6241.31,9.2905,0.05
2026-01-22,BANKNIFTY,20260127,58855.8,6644.43,11.2893,0.04
2026-01-22,FINNIFTY,20260127,27005.0,2507.61,9.2857,0.04
2026-01-22,MIDCPNIFTY,20260127,13141.2,1258.0,9.5729,0.05
2026-01-22,NIFTY,20260127,25178.2,2339.65,9.2924,0.04
2026-01-22,NIFTYNXT50,20260127,66991.2,6218.39,9.2824,0.05
2026-01-23,BANKNIFTY,20260127,59343.2,6689.61,11.2727,0.04
2026-01-23,FINNIFTY,20260127,27244.9,2524.95,9.2676,0.04
2026-01-23,MIDCPNIFTY,20260127,13337.15,1276.0,9.5673,0.05
2026-01-23,NIFTY,20260127,25349.8,2351.96,9.278,0.04
2026-01-23,NIFTYNXT50,20260127,67754.0,6286.13,9.2779,0.05
2026-01-27,BANKNIFTY,20260127,58522.8,6607.46,11.2904,0.04
2026-01-27,FINNIFTY,20260127,26840.4,2494.39,9.2934,0.04
2026-01-27,MIDCPNIFTY,20260127,13073.25,1258.2,9.6242,0.05
2026-01-27,NIFTY,20260127,25079.8,2329.52,9.2884,0.04
2026-01-27,NIFTYNXT50,20260127,66347.0,6162.23,9.2879,0.05
2026-01-28,BANKNIFTY,20260224,59629.6,6690.22,11.2196,0.04
2026-01-28,FINNIFTY,20260224,27198.2,2516.39,9.252,0.04
2026-01-28,MIDCPNIFTY,20260224,13216.2,1264.5,9.5678,0.05
2026-01-28,NIFTY,20260224,25382.6,2341.31,9.2241,0.04
2026-01-28,NIFTYNXT50,20260224,67036.4,6202.78,9.2529,0.05
2026-01-29,BANKNIFTY,20260224,59866.4,6734.66,11.2495,0.04
2026-01-29,FINNIFTY,20260224,27445.4,2542.17,9.2626,0.04
2026-01-29,MIDCPNIFTY,20260224,13409.05,1290.4,9.6234,0.05
2026-01-29,NIFTY,20260224,25450.4,2356.88,9.2607,0.04
2026-01-29,NIFTYNXT50,20260224,68402.8,6343.13,9.2732,0.05
2026-01-30,BANKNIFTY,20260224,60209.4,6775.24,11.2528,0.04
2026-01-30,FINNIFTY,20260224,27628.2,2558.39,9.2601,0.04
2026-01-30,MIDCPNIFTY,20260224,13456.55,1291.5,9.5976,0.05
2026-01-30,NIFTY,20260224,25536.3,2363.96,9.2573,0.04
2026-01-30,NIFTYNXT50,20260224,68555.8,6362.11,9.2802,0.05
2026-02-02,BANKNIFTY,20260224,58701.4,6601.14,11.2453,0.04
2026-02-02,FINNIFTY,20260224,26800.0,2483.02,9.265,0.04
2026-02-02,MIDCPNIFTY,20260224,13025.5,1266.5,9.7232,0.05
2026-02-02,NIFTY,20260224,24853.5,2308.77,9.2895,0.04
2026-02-02,NIFTYNXT50,20260224,66488.0,6171.53,9.2822,0.05
2026-02-03,BANKNIFTY,20260224,58842.8,6623.95,11.257,0.04
2026-02-03,FINNIFTY,20260224,26899.3,2492.31,9.2653,0.04
2026-02-03,MIDCPNIFTY,20260224,13275.9,1294.8,9.753,0.05
2026-02-03,NIFTY,20260224,25141.8,2333.22,9.2802,0.04
2026-02-03,NIFTYNXT50,20260224,67163.2,6237.81,9.2875,0.05
2026-02-04,BANKNIFTY,20260224,60210.0,6784.67,11.2683,0.04
2026-02-04,FINNIFTY,20260224,27743.3,2573.69,9.2768,0.04
2026-02-04,MIDCPNIFTY,20260224,13698.1,1355.0,9.8919,0.06
2026-02-04,NIFTY,20260224,25817.1,2392.66,9.2677,0.04
2026-02-04,NIFTYNXT50,20260224,68891.6,6402.99,9.2943,0.05
2026-02-05,BANKNIFTY,20260224,60418.0,6806.91,11.2664,0.04
2026-02-05,FINNIFTY,20260224,27878.9,2585.64,9.2745,0.04
2026-02-05,MIDCPNIFTY,20260224,13772.65,1359.1,9.8681,0.06
2026-02-05,NIFTY,20260224,25848.8,2397.17,9.2738,0.04
2026-02-05,NIFTYNXT50,20260224,69399.6,6444.77,9.2865,0.05
2026-02-06,BANKNIFTY,20260224,60254.8,6787.19,11.2641,0.04
2026-02-06,FINNIFTY,20260224,27773.7,2575.11,9.2718,0.04
2026-02-06,MIDCPNIFTY,20260224,13732.9,1353.3,9.8544,0.06
2026-02-06,NIFTY,20260224,25725.0,2384.78,9.2703,0.04
2026-02-06,NIFTYNXT50,20260224,69056.0,6414.25,9.2885,0.05
2026-02-09,BANKNIFTY,20260224,60252.4,6793.62,11.2753,0.04
2026-02-09,FINNIFTY,20260224,27854.2,2586.06,9.2843,0.04
2026-02-09,MIDCPNIFTY,20260224,13655.7,1345.4,9.8523,0.06
2026-02-09,NIFTY,20260224,25735.1,2389.51,9.285,0.04
2026-02-09,NIFTYNXT50,20260224,69036.4,6422.43,9.303,0.05
2026-02-10,BANKNIFTY,20260224,60728.0,6855.64,11.2891,0.04
2026-02-10,FINNIFTY,20260224,28171.0,2618.33,9.2944,0.04
2026-02-10,MIDCPNIFTY,20260224,13865.5,1369.9,9.8799,0.06
2026-02-10,NIFTY,20260224,25915.4,2405.66,9.2827,0.04
2026-02-10,NIFTYNXT50,20260224,69755.6,6484.83,9.2965,0.05
2026-02-11,BANKNIFTY,20260224,60704.0,6850.78,11.2855,0.04
2026-02-11,FINNIFTY,20260224,28210.2,2621.32,9.2921,0.04
2026-02-11,MIDCPNIFTY,20260224,13944.6,1375.8,9.8662,0.06
2026-02-11,NIFTY,20260224,25985.6,2411.97,9.2819,0.04
2026-02-11,NIFTYNXT50,20260224,69872.2,6494.15,9.2943,0.05
2026-02-12,BANKNIFTY,20260224,60809.0,6864.22,11.2882,0.04
2026-02-12,FINNIFTY,20260224,28286.8,2629.76,9.2968,0.04
2026-02-12,MIDCPNIFTY,20260224,13950.2,1372.1,9.8357,0.06
2026-02-12,NIFTY,20260224,25994.2,2413.71,9.2856,0.04
2026-02-12,NIFTYNXT50,20260224,70184.2,6530.14,9.3043,0.05
2026-02-13,BANKNIFTY,20260224,60796.6,6863.59,11.2894,0.04
2026-02-13,FINNIFTY,20260224,28395.6,2639.82,9.2966,0.04
2026-02-13,MIDCPNIFTY,20260224,13896.2,1363.8,9.8142,0.06
2026-02-13,NIFTY,20260224,25858.2,2400.07,9.2817,0.04
2026-02-13,NIFTYNXT50,20260224,69927.6,6502.2,9.2985,0.05
2026-02-16,BANKNIFTY,20260224,60320.6,6801.09,11.2749,0.04
2026-02-16,FINNIFTY,20260224,28174.1,2615.75,9.2842,0.04
2026-02-16,MIDCPNIFTY,20260224,13630.35,1343.2,9.8545,0.06
2026-02-16,NIFTY,20260224,25518.8,2368.81,9.2826,0.04
2026-02-16,NIFTYNXT50,20260224,68804.4,6400.89,9.303,0.05
2026-02-17,BANKNIFTY,20260224,60968.8,6887.25,11.2964,0.04
2026-02-17,FINNIFTY,20260224,28301.2,2632.48,9.3017,0.04
2026-02-17,MIDCPNIFTY,20260224,13677.4,1341.5,9.8082,0.06
2026-02-17,NIFTY,20260224,25717.2,2388.5,9.2876,0.04
2026-02-17,NIFTYNXT50,20260224,69547.8,6463.2,9.2932,0.05
2026-02-18,BANKNIFTY,20260224,61112.8,6912.66,11.3113,0.04
2026-02-18,FINNIFTY,20260224,28264.2,2630.73,9.3076,0.04
2026-02-18,MIDCPNIFTY,20260224,13671.3,1340.7,9.8067,0.06
2026-02-18,NIFTY,20260224,25739.4,2392.46,9.2949,0.04
2026-02-18,NIFTYNXT50,20260224,69799.8,6497.79,9.3092,0.05
2026-02-19,BANKNIFTY,20260224,61500.4,6955.24,11.3093,0.04
2026-02-19,FINNIFTY,20260224,28437.0,2647.08,9.3086,0.04
2026-02-19,MIDCPNIFTY,20260224,13740.55,1344.0,9.7813,0.06
2026-02-19,NIFTY,20260224,25827.8,2401.2,9.297,0.04
2026-02-19,NIFTYNXT50,20260224,70285.0,6541.09,9.3065,0.05
2026-02-20,BANKNIFTY,20260224,60716.6,6863.57,11.3043,0.04
2026-02-20,FINNIFTY,20260224,28037.2,2610.46,9.3107,0.04
2026-02-20,MIDCPNIFTY,20260224,13407.35,1327.9,9.9043,0.06
2026-02-20,NIFTY,20260224,25446.0,2367.25,9.303,0.04
2026-02-20,NIFTYNXT50,20260224,69005.4,6419.67,9.3031,0.05
2026-02-23,BANKNIFTY,20260224,61179.2,6912.44,11.2987,0.04
2026-02-23,FINNIFTY,20260224,28203.3,2623.59,9.3024,0.04
2026-02-23,MIDCPNIFTY,20260224,13474.8,1328.2,9.8569,0.06
2026-02-23,NIFTY,20260224,25584.7,2378.13,9.2951,0.04
2026-02-23,NIFTYNXT50,20260224,69440.4,6459.19,9.3018,0.05
2026-02-24,BANKNIFTY,20260224,61238.0,6922.86,11.3048,0.04
2026-02-24,FINNIFTY,20260224,28433.3,2646.32,9.3071,0.04
2026-02-24,MIDCPNIFTY,20260224,13473.0,1325.4,9.8375,0.06
2026-02-24,NIFTY,20260224,25705.2,2391.31,9.3028,0.04
2026-02-24,NIFTYNXT50,20260224,69686.0,6484.25,9.305,0.05
2026-02-25,BANKNIFTY,20260330,61439.2,6898.34,11.2279,0.04
2026-02-25,FINNIFTY,20260330,28443.5,2631.44,9.2515,0.04
2026-02-25,MIDCPNIFTY,20260330,13506.45,1318.9,9.765,0.06
2026-02-25,NIFTY,20260330,25600.3,2364.49,9.2362,0.04
2026-02-25,NIFTYNXT50,20260330,69996.6,6489.4,9.271,0.05
2026-02-26,BANKNIFTY,20260330,61367.8,6897.9,11.2403,0.04
2026-02-26,FINNIFTY,20260330,28481.9,2635.59,9.2536,0.04
2026-02-26,MIDCPNIFTY,20260330,13625.15,1328.5,9.7504,0.06
2026-02-26,NIFTY,20260330,25628.8,2369.87,9.2469,0.04
2026-02-26,NIFTYNXT50,20260330,70527.8,6547.13,9.283,0.05
2026-02-27,BANKNIFTY,20260330,61501.0,5690.46,9.2526,0.04
2026-02-27,FINNIFTY,20260330,28443.9,2632.82,9.2562,0.04
2026-02-27,MIDCPNIFTY,20260330,13719.75,1335.3,9.7327,0.06
2026-02-27,NIFTY,20260330,25635.8,2371.18,9.2495,0.04
2026-02-27,NIFTYNXT50,20260330,70793.0,6568.45,9.2784,0.05
2026-03-02,BANKNIFTY,20260330,60901.0,5629.2,9.2432,0.04
2026-03-02,FINNIFTY,20260330,28048.0,2591.89,9.2409,0.04
2026-03-02,MIDCPNIFTY,20260330,13529.85,1321.3,9.7658,0.06
2026-03-02,NIFTY,20260330,25338.6,2341.61,9.2413,0.04
2026-03-02,NIFTYNXT50,20260330,69979.0,6483.11,9.2644,0.05
2026-03-04,BANKNIFTY,20260330,60213.6,5565.09,9.2422,0.04
2026-03-04,FINNIFTY,20260330,27710.2,2563.46,9.251,0.04
2026-03-04,MIDCPNIFTY,20260330,13326.95,1303.9,9.7839,0.06
2026-03-04,NIFTY,20260330,24982.2,2312.51,9.2566,0.04
2026-03-04,NIFTYNXT50,20260330,68767.2,6384.47,9.2842,0.05
2026-03-05,BANKNIFTY,20260330,59100.4,5464.24,9.2457,0.04
2026-03-05,FINNIFTY,20260330,27137.3,2512.9,9.2599,0.04
2026-03-05,MIDCPNIFTY,20260330,13070.65,1284.6,9.8281,0.06
2026-03-05,NIFTY,20260330,24584.7,2276.69,9.2606,0.04
2026-03-05,NIFTYNXT50,20260330,67008.8,6212.34,9.2709,0.05
2026-03-06,BANKNIFTY,20260330,59375.2,5492.19,9.25,0.04
2026-03-06,FINNIFTY,20260330,27361.1,2532.93,9.2574,0.04
2026-03-06,MIDCPNIFTY,20260330,13298.85,1311.1,9.8587,0.06
2026-03-06,NIFTY,20260330,24854.3,2303.23,9.2669,0.04
2026-03-06,NIFTYNXT50,20260330,67928.4,6298.16,9.2718,0.05
2026-03-09,BANKNIFTY,20260330,58079.0,5373.84,9.2526,0.04
2026-03-09,FINNIFTY,20260330,26783.9,2478.68,9.2544,0.04
2026-03-09,MIDCPNIFTY,20260330,13168.9,1300.6,9.8763,0.06
2026-03-09,NIFTY,20260330,24545.7,2273.89,9.2639,0.04
2026-03-09,NIFTYNXT50,20260330,67472.6,6275.33,9.3006,0.05
2026-03-10,BANKNIFTY,20260330,56318.6,5209.84,9.2507,0.04
2026-03-10,FINNIFTY,20260330,26182.1,2421.65,9.2493,0.04
2026-03-10,MIDCPNIFTY,20260330,12962.45,1281.3,9.8847,0.06
2026-03-10,NIFTY,20260330,24122.5,2234.61,9.2636,0.04
2026-03-10,NIFTYNXT50,20260330,66178.2,6144.57,9.2849,0.05
2026-03-11,BANKNIFTY,20260330,57310.6,5296.42,9.2416,0.04
2026-03-11,FINNIFTY,20260330,26683.8,2467.77,9.2482,0.04
2026-03-11,MIDCPNIFTY,20260330,13249.75,1316.0,9.9323,0.06
2026-03-11,NIFTY,20260330,24393.6,2256.33,9.2497,0.04
2026-03-11,NIFTYNXT50,20260330,67346.0,6252.2,9.2837,0.05
2026-03-12,BANKNIFTY,20260330,55929.8,5183.42,9.2677,0.04
2026-03-12,FINNIFTY,20260330,26003.8,2410.63,9.2703,0.04
2026-03-12,MIDCPNIFTY,20260330,12963.2,1298.8,10.0191,0.06
2026-03-12,NIFTY,20260330,23939.1,2219.62,9.2719,0.04
2026-03-12,NIFTYNXT50,20260330,66507.8,6184.37,9.2987,0.05
2026-03-13,BANKNIFTY,20260330,55369.8,5124.39,9.2548,0.04
2026-03-13,FINNIFTY,20260330,25750.0,2386.68,9.2687,0.04
2026-03-13,MIDCPNIFTY,20260330,12962.8,1295.9,9.9971,0.06
2026-03-13,NIFTY,20260330,23728.5,2198.44,9.265,0.04
2026-03-13,NIFTYNXT50,20260330,66510.2,6177.48,9.288,0.05
2026-03-16,BANKNIFTY,20260330,53922.8,4999.48,9.2716,0.04
2026-03-16,FINNIFTY,20260330,25187.5,2337.89,9.2819,0.04
2026-03-16,MIDCPNIFTY,20260330,12606.85,1275.6,10.1183,0.06
2026-03-16,NIFTY,20260330,23199.3,2153.05,9.2807,0.04
2026-03-16,NIFTYNXT50,20260330,64781.0,6016.3,9.2871,0.05
2026-03-17,BANKNIFTY,20260330,54556.8,5060.45,9.2756,0.04
2026-03-17,FINNIFTY,20260330,25526.1,2372.92,9.2961,0.04
2026-03-17,MIDCPNIFTY,20260330,12618.85,1272.5,10.0841,0.06
2026-03-17,NIFTY,20260330,23429.2,2177.02,9.2919,0.04
2026-03-17,NIFTYNXT50,20260330,64532.2,5994.99,9.2899,0.05
2026-03-18,BANKNIFTY,20260330,54994.6,5103.47,9.2799,0.04
2026-03-18,FINNIFTY,20260330,25772.5,2392.39,9.2827,0.04
2026-03-18,MIDCPNIFTY,20260330,12750.05,1283.6,10.0674,0.06
2026-03-18,NIFTY,20260330,23617.4,2193.05,9.2857,0.04
2026-03-18,NIFTYNXT50,20260330,65031.6,6047.01,9.2986,0.05
2026-03-19,BANKNIFTY,20260330,55416.2,5145.32,9.2849,0.04
2026-03-19,FINNIFTY,20260330,25932.1,2411.24,9.2983,0.04
2026-03-19,MIDCPNIFTY,20260330,12969.9,1311.6,10.1126,0.06
2026-03-19,NIFTY,20260330,23776.4,2211.34,9.3006,0.04
2026-03-19,NIFTYNXT50,20260330,65626.0,6107.17,9.306,0.05
2026-03-20,BANKNIFTY,20260330,53603.8,4970.94,9.2735,0.04
2026-03-20,FINNIFTY,20260330,25009.4,2320.52,9.2786,0.05
2026-03-20,MIDCPNIFTY,20260330,12520.75,1289.3,10.2973,0.06
2026-03-20,NIFTY,20260330,23054.8,2139.2,9.2788,0.04
2026-03-20,NIFTYNXT50,20260330,63513.0,5932.4,9.3404,0.05
2026-03-23,BANKNIFTY,20260330,53554.2,4968.72,9.2779,0.04
2026-03-23,FINNIFTY,20260330,24830.1,2304.65,9.2817,0.05
2026-03-23,MIDCPNIFTY,20260330,12621.6,1298.8,10.2903,0.06
2026-03-23,NIFTY,20260330,23140.5,2149.65,9.2896,0.04
2026-03-23,NIFTYNXT50,20260330,63773.6,5947.9,9.3266,0.05
2026-03-24,BANKNIFTY,20260330,51496.0,4783.71,9.2895,0.05
2026-03-24,FINNIFTY,20260330,23952.0,2228.21,9.3028,0.05
2026-03-24,MIDCPNIFTY,20260330,12168.05,1278.2,10.5046,0.06
2026-03-24,NIFTY,20260330,22514.9,2093.68,9.2991,0.04
2026-03-24,NIFTYNXT50,20260330,61284.6,5883.7,9.6006,0.05
2026-03-25,BANKNIFTY,20260330,52707.6,4892.33,9.282,0.05
2026-03-25,FINNIFTY,20260330,24518.3,2276.84,9.2863,0.05
2026-03-25,MIDCPNIFTY,20260330,12529.9,1329.8,10.613,0.06
2026-03-25,NIFTY,20260330,22928.4,2130.85,9.2935,0.04
2026-03-25,NIFTYNXT50,20260330,62364.6,5985.3,9.5973,0.05
2026-03-27,BANKNIFTY,20260330,53730.8,4994.85,9.2961,0.05
2026-03-27,FINNIFTY,20260330,25036.0,2330.24,9.3076,0.05
2026-03-27,MIDCPNIFTY,20260330,12778.05,1362.1,10.6597,0.06
2026-03-27,NIFTY,20260330,23300.0,2167.5,9.3026,0.04
2026-03-27,NIFTYNXT50,20260330,63427.8,6140.2,9.6806,0.05
2026-03-30,BANKNIFTY,20260330,52271.0,4861.54,9.3006,0.05
2026-03-30,FINNIFTY,20260330,24382.6,2266.71,9.2964,0.05
2026-03-30,MIDCPNIFTY,20260330,12510.05,1339.3,10.7058,0.06
2026-03-30,NIFTY,20260330,22816.6,2122.22,9.3012,0.04
2026-03-30,NIFTYNXT50,20260330,62142.4,6045.8,9.7289,0.05
2026-04-01,BANKNIFTY,20260428,50631.2,4675.61,9.2346,0.05
2026-04-01,FINNIFTY,20260428,23952.7,2187.53,9.1327,0.05
2026-04-01,MIDCPNIFTY,20260428,12155.9,1312.8,10.7997,0.06
2026-04-01,NIFTY,20260428,22426.2,2076.82,9.2607,0.04
2026-04-01,NIFTYNXT50,20260428,60572.8,5950.5,9.8237,0.06
2026-04-02,BANKNIFTY,20260428,51784.6,4784.72,9.2397,0.05
2026-04-02,FINNIFTY,20260428,24165.8,2230.31,9.2292,0.05
2026-04-02,MIDCPNIFTY,20260428,12480.45,1356.4,10.8682,0.06
2026-04-02,NIFTY,20260428,22800.1,2109.18,9.2507,0.04
2026-04-02,NIFTYNXT50,20260428,62225.2,6162.3,9.9032,0.06
2026-04-06,BANKNIFTY,20260428,51818.4,4794.03,9.2516,0.05
2026-04-06,FINNIFTY,20260428,24135.1,2235.86,9.2639,0.05
2026-04-06,MIDCPNIFTY,20260428,12416.25,1346.6,10.8455,0.06
2026-04-06,NIFTY,20260428,22766.6,2112.32,9.2782,0.04
2026-04-06,NIFTYNXT50,20260428,62009.2,6153.0,9.9227,0.06
2026-04-07,BANKNIFTY,20260428,52896.2,4892.65,9.2495,0.05
2026-04-07,FINNIFTY,20260428,24718.6,2288.09,9.2566,0.05
2026-04-07,MIDCPNIFTY,20260428,12621.75,1369.3,10.8487,0.06
2026-04-07,NIFTY,20260428,23057.0,2136.05,9.2642,0.04
2026-04-07,NIFTYNXT50,20260428,62973.2,6250.9,9.9263,0.06
2026-04-08,BANKNIFTY,20260428,52872.8,4902.61,9.2725,0.05
2026-04-08,FINNIFTY,20260428,24754.2,2295.76,9.2742,0.05
2026-04-08,MIDCPNIFTY,20260428,12625.35,1370.0,10.8512,0.06
2026-04-08,NIFTY,20260428,23151.1,2150.5,9.289,0.04
2026-04-08,NIFTYNXT50,20260428,63314.2,6266.0,9.8967,0.06
2026-04-09,BANKNIFTY,20260428,55928.0,5269.7,9.4223,0.05
2026-04-09,FINNIFTY,20260428,26167.9,2509.8,9.5911,0.05
2026-04-09,MIDCPNIFTY,20260428,13264.85,1483.8,11.186,0.06
2026-04-09,NIFTY,20260428,24057.8,2231.75,9.2766,0.04
2026-04-09,NIFTYNXT50,20260428,66403.8,6801.0,10.2419,0.06
2026-04-10,BANKNIFTY,20260428,55080.0,5200.9,9.4424,0.05
2026-04-10,FINNIFTY,20260428,25808.6,2477.9,9.6011,0.05
2026-04-10,MIDCPNIFTY,20260428,13233.3,1478.8,11.1748,0.06
2026-04-10,NIFTY,20260428,23861.3,2211.08,9.2664,0.04
2026-04-10,NIFTYNXT50,20260428,66395.4,6796.0,10.2356,0.06
2026-04-13,BANKNIFTY,20260428,56077.2,5331.7,9.5078,0.05
2026-04-13,FINNIFTY,20260428,26287.3,2542.8,9.6731,0.05
2026-04-13,MIDCPNIFTY,20260428,13429.95,1502.3,11.1862,0.06
2026-04-13,NIFTY,20260428,24101.0,2236.71,9.2806,0.04
2026-04-13,NIFTYNXT50,20260428,67764.2,6969.8,10.2854,0.06
2026-04-15,BANKNIFTY,20260428,55736.8,5292.5,9.4955,0.05
2026-04-15,FINNIFTY,20260428,26120.4,2522.0,9.6553,0.05
2026-04-15,MIDCPNIFTY,20260428,13273.0,1486.4,11.1987,0.06
2026-04-15,NIFTY,20260428,23858.7,2217.37,9.2938,0.04
2026-04-15,NIFTYNXT50,20260428,67238.8,6904.5,10.2686,0.06
2026-04-16,BANKNIFTY,20260428,56418.8,5361.3,9.5027,0.05
2026-04-16,FINNIFTY,20260428,26472.4,2565.2,9.6901,0.05
2026-04-16,MIDCPNIFTY,20260428,13572.1,1524.7,11.2341,0.06
2026-04-16,NIFTY,20260428,24237.7,2253.51,9.2975,0.04
2026-04-16,NIFTYNXT50,20260428,68578.8,7089.8,10.3382,0.06
2026-04-17,BANKNIFTY,20260428,56209.2,5330.8,9.4839,0.05
2026-04-17,FINNIFTY,20260428,26392.2,2550.7,9.6646,0.05
2026-04-17,MIDCPNIFTY,20260428,13681.15,1537.0,11.2344,0.06
2026-04-17,NIFTY,20260428,24195.8,2250.3,9.3004,0.04
2026-04-17,NIFTYNXT50,20260428,69334.8,7162.4,10.3302,0.06
2026-04-20,BANKNIFTY,20260428,56666.8,5368.9,9.4745,0.05
2026-04-20,FINNIFTY,20260428,26566.3,2563.2,9.6483,0.05
2026-04-20,MIDCPNIFTY,20260428,13849.2,1553.9,11.2201,0.06
2026-04-20,NIFTY,20260428,24368.0,2264.88,9.2945,0.04
2026-04-20,NIFTYNXT50,20260428,70321.2,7269.2,10.3371,0.06
2026-04-21,BANKNIFTY,20260428,56568.8,5357.9,9.4715,0.05
2026-04-21,FINNIFTY,20260428,26511.9,2558.8,9.6515,0.05
2026-04-21,MIDCPNIFTY,20260428,13785.25,1547.2,11.2236,0.06
2026-04-21,NIFTY,20260428,24331.8,2265.93,9.3126,0.04
2026-04-21,NIFTYNXT50,20260428,70229.6,7257.4,10.3338,0.06
2026-04-22,BANKNIFTY,20260428,57374.0,5440.2,9.482,0.05
2026-04-22,FINNIFTY,20260428,26866.7,2589.1,9.6368,0.05
2026-04-22,MIDCPNIFTY,20260428,13927.15,1558.0,11.1868,0.06
2026-04-22,NIFTY,20260428,24584.5,2285.62,9.297,0.04
2026-04-22,NIFTYNXT50,20260428,70796.8,7294.7,10.3037,0.06
2026-04-23,BANKNIFTY,20260428,57147.0,5404.1,9.4565,0.05
2026-04-23,FINNIFTY,20260428,26644.9,2565.0,9.6266,0.05
2026-04-23,MIDCPNIFTY,20260428,13939.8,1556.5,11.1659,0.06
2026-04-23,NIFTY,20260428,24381.2,2267.16,9.2988,0.04
2026-04-23,NIFTYNXT50,20260428,71349.2,7335.8,10.2815,0.06
2026-04-24,BANKNIFTY,20260428,56344.2,5336.6,9.4714,0.05
2026-04-24,FINNIFTY,20260428,26273.9,2532.0,9.6369,0.05
2026-04-24,MIDCPNIFTY,20260428,13847.35,1543.3,11.1451,0.06
2026-04-24,NIFTY,20260428,24163.0,2248.09,9.3039,0.04
2026-04-24,NIFTYNXT50,20260428,70376.0,7242.7,10.2914,0.06
2026-04-27,BANKNIFTY,20260428,56206.6,5303.8,9.4363,0.05
2026-04-27,FINNIFTY,20260428,26218.0,2516.1,9.5968,0.05
2026-04-27,MIDCPNIFTY,20260428,13769.1,1527.2,11.0915,0.06
2026-04-27,NIFTY,20260428,23922.8,2222.51,9.2903,0.04
2026-04-27,NIFTYNXT50,20260428,70144.8,7179.2,10.2348,0.06
2026-04-28,BANKNIFTY,20260428,56348.6,5307.8,9.4196,0.05
2026-04-28,FINNIFTY,20260428,26213.9,2512.5,9.5846,0.05
2026-04-28,MIDCPNIFTY,20260428,13951.5,1549.5,11.1063,0.06
2026-04-28,NIFTY,20260428,24120.1,2240.62,9.2894,0.04
2026-04-28,NIFTYNXT50,20260428,70929.0,7276.3,10.2586,0.06
2026-04-29,BANKNIFTY,20260526,55745.2,5238.6,9.3974,0.05
2026-04-29,FINNIFTY,20260526,26091.5,2487.2,9.5326,0.05
2026-04-29,MIDCPNIFTY,20260526,14043.8,1551.3,11.0462,0.06
2026-04-29,NIFTY,20260526,24069.0,2231.6,9.2717,0.04
2026-04-29,NIFTYNXT50,20260526,70827.8,7233.8,10.2132,0.06
2026-04-30,BANKNIFTY,20260526,55613.8,5226.6,9.398,0.05
2026-04-30,FINNIFTY,20260526,26003.6,2479.2,9.5341,0.05
2026-04-30,MIDCPNIFTY,20260526,13953.25,1543.4,11.0612,0.06
2026-04-30,NIFTY,20260526,24252.0,2248.52,9.2715,0.04
2026-04-30,NIFTYNXT50,20260526,70708.8,7213.4,10.2016,0.06
2026-05-04,BANKNIFTY,20260526,55195.2,5173.2,9.3726,0.05
2026-05-04,FINNIFTY,20260526,25782.8,2453.5,9.516,0.05
2026-05-04,MIDCPNIFTY,20260526,13879.65,1528.5,11.0125,0.06
2026-05-04,NIFTY,20260526,24098.2,2231.77,9.2611,0.04
2026-05-04,NIFTYNXT50,20260526,70084.2,7123.6,10.1643,0.06
2026-05-05,BANKNIFTY,20260526,55153.8,5160.0,9.3557,0.05
2026-05-05,FINNIFTY,20260526,25943.2,2463.9,9.4973,0.05
2026-05-05,MIDCPNIFTY,20260526,13964.65,1536.9,11.0056,0.06
2026-05-05,NIFTY,20260526,24206.0,2243.09,9.2667,0.04
2026-05-05,NIFTYNXT50,20260526,70524.8,7182.8,10.1848,0.06
2026-05-06,BANKNIFTY,20260526,54808.0,5121.5,9.3444,0.05
2026-05-06,FINNIFTY,20260526,25824.3,2448.9,9.4829,0.05
2026-05-06,MIDCPNIFTY,20260526,14000.85,1535.4,10.9665,0.06
2026-05-06,NIFTY,20260526,24106.3,2235.05,9.2716,0.04
2026-05-06,NIFTYNXT50,20260526,70793.6,7202.2,10.1735,0.06
2026-05-07,BANKNIFTY,20260526,56348.6,5313.4,9.4295,0.05
2026-05-07,FINNIFTY,20260526,26552.7,2540.2,9.5666,0.05
2026-05-07,MIDCPNIFTY,20260526,14400.6,1589.9,11.0405,0.06
2026-05-07,NIFTY,20260526,24447.4,2262.78,9.2557,0.04
2026-05-07,NIFTYNXT50,20260526,72015.4,7320.3,10.1649,0.06
2026-05-08,BANKNIFTY,20260526,56291.2,5307.2,9.4281,0.05
2026-05-08,FINNIFTY,20260526,26567.5,2539.8,9.5598,0.05
2026-05-08,MIDCPNIFTY,20260526,14611.05,1617.1,11.0677,0.06
2026-05-08,NIFTY,20260526,24382.8,2262.38,9.2786,0.04
2026-05-08,NIFTYNXT50,20260526,72145.0,7317.6,10.1429,0.06
2026-05-11,BANKNIFTY,20260526,55515.8,5242.4,9.4431,0.05
2026-05-11,FINNIFTY,20260526,26111.4,2505.8,9.5966,0.05
2026-05-11,MIDCPNIFTY,20260526,14551.15,1607.2,11.0452,0.06
2026-05-11,NIFTY,20260526,24234.6,2248.38,9.2776,0.04
2026-05-11,NIFTYNXT50,20260526,71708.2,7268.6,10.1364,0.06
2026-05-12,BANKNIFTY,20260526,54599.8,5174.3,9.4768,0.05
2026-05-12,FINNIFTY,20260526,25732.1,2473.8,9.6137,0.05
2026-05-12,MIDCPNIFTY,20260526,14374.0,1589.0,11.0547,0.06
2026-05-12,NIFTY,20260526,23868.5,2214.87,9.2795,0.04
2026-05-12,NIFTYNXT50,20260526,70537.0,7162.4,10.1541,0.06
2026-05-13,BANKNIFTY,20260526,53721.8,5104.5,9.5017,0.05
2026-05-13,FINNIFTY,20260526,25211.7,2437.2,9.6669,0.05
2026-05-13,MIDCPNIFTY,20260526,13999.2,1560.7,11.1485,0.06
2026-05-13,NIFTY,20260526,23424.7,2174.3,9.2821,0.04
2026-05-13,NIFTYNXT50,20260526,68841.4,7045.9,10.235,0.06
2026-05-14,BANKNIFTY,20260526,53613.8,5080.8,9.4767,0.05
2026-05-14,FINNIFTY,20260526,25195.6,2429.7,9.6434,0.05
2026-05-14,MIDCPNIFTY,20260526,14111.5,1569.6,11.1228,0.06
2026-05-14,NIFTY,20260526,23462.4,2177.37,9.2803,0.04
2026-05-14,NIFTYNXT50,20260526,69368.2,7096.3,10.2299,0.06
2026-05-15,BANKNIFTY,20260526,54227.8,5149.6,9.4962,0.05
2026-05-15,FINNIFTY,20260526,25527.5,2467.5,9.666,0.05
2026-05-15,MIDCPNIFTY,20260526,14304.3,1591.6,11.1267,0.06
2026-05-15,NIFTY,20260526,23700.1,2203.13,9.2959,0.04
2026-05-15,NIFTYNXT50,20260526,70167.8,7172.6,10.2221,0.06
2026-05-18,BANKNIFTY,20260526,53842.4,5102.6,9.4769,0.05
2026-05-18,FINNIFTY,20260526,25393.5,2449.4,9.6458,0.05
2026-05-18,MIDCPNIFTY,20260526,14171.6,1578.3,11.1371,0.06
2026-05-18,NIFTY,20260526,23643.9,2198.85,9.2999,0.04
2026-05-18,NIFTYNXT50,20260526,69371.6,7095.6,10.2284,0.06
2026-05-19,BANKNIFTY,20260526,53702.8,5074.3,9.4489,0.05
2026-05-19,FINNIFTY,20260526,25397.0,2444.3,9.6244,0.05
2026-05-19,MIDCPNIFTY,20260526,14165.8,1574.2,11.1127,0.06
2026-05-19,NIFTY,20260526,23658.0,2199.45,9.2969,0.04
2026-05-19,NIFTYNXT50,20260526,68834.2,7021.7,10.2009,0.06
2026-05-20,BANKNIFTY,20260526,53501.8,5050.3,9.4395,0.05
2026-05-20,FINNIFTY,20260526,25314.5,2432.3,9.6083,0.05
2026-05-20,MIDCPNIFTY,20260526,14293.2,1587.1,11.1039,0.06
2026-05-20,NIFTY,20260526,23612.0,2196.47,9.3023,0.04
2026-05-20,NIFTYNXT50,20260526,69030.4,7047.8,10.2097,0.06
2026-05-21,BANKNIFTY,20260526,53741.6,5052.9,9.4022,0.05
2026-05-21,FINNIFTY,20260526,25364.5,2426.7,9.5673,0.05
2026-05-21,MIDCPNIFTY,20260526,14396.2,1591.7,11.0564,0.06
2026-05-21,NIFTY,20260526,23668.5,2200.29,9.2963,0.04
2026-05-21,NIFTYNXT50,20260526,69551.8,7070.1,10.1652,0.06
2026-05-22,BANKNIFTY,20260526,53530.8,5029.4,9.3953,0.05
2026-05-22,FINNIFTY,20260526,25281.7,2415.6,9.5547,0.05
2026-05-22,MIDCPNIFTY,20260526,14361.4,1586.0,11.0435,0.06
2026-05-22,NIFTY,20260526,23631.4,2199.89,9.3092,0.04
2026-05-22,NIFTYNXT50,20260526,69553.6,7069.3,10.1638,0.06
2026-05-25,BANKNIFTY,20260526,54237.2,5087.4,9.3799,0.05
2026-05-25,FINNIFTY,20260526,25629.0,2443.7,9.5349,0.05
2026-05-25,MIDCPNIFTY,20260526,14416.1,1586.0,11.0016,0.06
2026-05-25,NIFTY,20260526,23744.0,2205.89,9.2903,0.04
2026-05-25,NIFTYNXT50,20260526,69915.8,7079.0,10.125,0.06
2026-05-26,BANKNIFTY,20260526,55431.4,5245.7,9.4634,0.05
2026-05-26,FINNIFTY,20260526,26172.7,2516.9,9.6165,0.05
2026-05-26,MIDCPNIFTY,20260526,14563.4,1603.8,11.0125,0.06
2026-05-26,NIFTY,20260526,24063.0,2234.95,9.2879,0.04
2026-05-26,NIFTYNXT50,20260526,70921.0,7193.2,10.1426,0.06
2026-05-27,BANKNIFTY,20260630,55457.8,5214.4,9.4025,0.05
2026-05-27,FINNIFTY,20260630,26061.8,2495.9,9.5769,0.05
2026-05-27,MIDCPNIFTY,20260630,14777.15,1613.9,10.9216,0.06
2026-05-27,NIFTY,20260630,23978.9,2223.97,9.2747,0.04
2026-05-27,NIFTYNXT50,20260630,71323.6,7190.5,10.0815,0.06
2026-05-29,BANKNIFTY,20260630,55207.0,5182.0,9.3865,0.05
2026-05-29,FINNIFTY,20260630,25896.3,2475.1,9.5577,0.05
2026-05-29,MIDCPNIFTY,20260630,14796.15,1613.3,10.9035,0.06
2026-05-29,NIFTY,20260630,23996.7,2223.37,9.2653,0.04
2026-05-29,NIFTYNXT50,20260630,72271.0,7299.5,10.1002,0.06
2026-06-01,BANKNIFTY,20260630,54760.0,5123.9,9.357,0.05
2026-06-01,FINNIFTY,20260630,25603.4,2442.5,9.5397,0.05
2026-06-01,MIDCPNIFTY,20260630,14602.3,1588.0,10.875,0.06
2026-06-01,NIFTY,20260630,23748.8,2189.94,9.2213,0.04
2026-06-01,NIFTYNXT50,20260630,71545.8,7209.9,10.0773,0.06
2026-06-02,BANKNIFTY,20260630,53973.0,5067.6,9.3891,0.05
2026-06-02,FINNIFTY,20260630,25126.9,2411.4,9.5969,0.05
2026-06-02,MIDCPNIFTY,20260630,14348.8,1568.7,10.9326,0.06
2026-06-02,NIFTY,20260630,23462.0,2174.58,9.2685,0.04
2026-06-02,NIFTYNXT50,20260630,70336.4,7108.6,10.1066,0.06
2026-06-03,BANKNIFTY,20260630,54148.0,5060.1,9.3449,0.05
2026-06-03,FINNIFTY,20260630,25065.5,2392.8,9.5462,0.05
2026-06-03,MIDCPNIFTY,20260630,14369.6,1561.6,10.8674,0.06
2026-06-03,NIFTY,20260630,23603.1,2183.97,9.2529,0.04
2026-06-03,NIFTYNXT50,20260630,70775.6,7112.7,10.0496,0.06
2026-06-04,BANKNIFTY,20260630,54517.4,5099.7,9.3543,0.05
2026-06-04,FINNIFTY,20260630,25129.2,2396.4,9.5363,0.05
2026-06-04,MIDCPNIFTY,20260630,14285.85,1549.1,10.8436,0.06
2026-06-04,NIFTY,20260630,23515.7,2176.72,9.2565,0.04
2026-06-04,NIFTYNXT50,20260630,70451.2,7070.9,10.0366,0.06
2026-06-05,BANKNIFTY,20260630,54616.6,5099.1,9.3362,0.05
2026-06-05,FINNIFTY,20260630,25165.2,2398.1,9.5294,0.05
2026-06-05,MIDCPNIFTY,20260630,14281.0,1548.8,10.8452,0.06
2026-06-05,NIFTY,20260630,23511.6,2177.74,9.2624,0.04
2026-06-05,NIFTYNXT50,20260630,70513.0,7067.9,10.0235,0.06
2026-06-08,BANKNIFTY,20260630,54781.6,5107.1,9.3227,0.05
2026-06-08,FINNIFTY,20260630,25182.6,2395.0,9.5105,0.05
2026-06-08,MIDCPNIFTY,20260630,14211.6,1537.0,10.8151,0.06
2026-06-08,NIFTY,20260630,23451.7,2173.1,9.2663,0.04
2026-06-08,NIFTYNXT50,20260630,70557.8,7070.6,10.021,0.06
2026-06-09,BANKNIFTY,20260630,54242.0,5059.4,9.3275,0.05
2026-06-09,FINNIFTY,20260630,24870.9,2369.8,9.5284,0.05
2026-06-09,MIDCPNIFTY,20260630,14043.0,1524.1,10.8531,0.06
2026-06-09,NIFTY,20260630,23174.6,2150.44,9.2793,0.04
2026-06-09,NIFTYNXT50,20260630,69291.6,6966.4,10.0537,0.06
2026-06-10,BANKNIFTY,20260630,55375.6,5197.0,9.385,0.05
2026-06-10,FINNIFTY,20260630,25227.0,2406.3,9.5386,0.05
2026-06-10,MIDCPNIFTY,20260630,14284.0,1547.5,10.8338,0.06
2026-06-10,NIFTY,20260630,23331.1,2161.52,9.2645,0.04
2026-06-10,NIFTYNXT50,20260630,70300.6,7073.7,10.0621,0.06
2026-06-11,BANKNIFTY,20260630,55200.4,5175.9,9.3766,0.05
2026-06-11,FINNIFTY,20260630,25215.7,2405.9,9.5413,0.05
2026-06-11,MIDCPNIFTY,20260630,14029.4,1530.6,10.9099,0.06
2026-06-11,NIFTY,20260630,23240.1,2158.99,9.2899,0.04
2026-06-11,NIFTYNXT50,20260630,69315.4,6990.6,10.0852,0.06
2026-06-12,BANKNIFTY,20260630,55272.0,5170.9,9.3554,0.05
2026-06-12,FINNIFTY,20260630,25178.8,2394.0,9.508,0.05
2026-06-12,MIDCPNIFTY,20260630,13924.35,1514.5,10.8766,0.06
2026-06-12,NIFTY,20260630,23200.0,2154.03,9.2846,0.04
2026-06-12,NIFTYNXT50,20260630,68780.6,6912.2,10.0496,0.06
2026-06-15,BANKNIFTY,20260630,56872.4,5402.6,9.4995,0.05
2026-06-15,FINNIFTY,20260630,25964.6,2510.8,9.6701,0.05
2026-06-15,MIDCPNIFTY,20260630,14337.4,1571.7,10.9622,0.06
2026-06-15,NIFTY,20260630,23686.6,2196.93,9.275,0.04
2026-06-15,NIFTYNXT50,20260630,70349.4,7126.6,10.1303,0.06
2026-06-16,BANKNIFTY,20260630,57257.2,5431.5,9.4861,0.05
2026-06-16,FINNIFTY,20260630,26298.8,2544.0,9.6734,0.05
2026-06-16,MIDCPNIFTY,20260630,14482.75,1590.3,10.9806,0.06
2026-06-16,NIFTY,20260630,23916.6,2218.41,9.2756,0.04
2026-06-16,NIFTYNXT50,20260630,71573.4,7351.5,10.2713,0.06
2026-06-17,BANKNIFTY,20260630,57322.4,5428.1,9.4694,0.05
2026-06-17,FINNIFTY,20260630,26430.5,2555.6,9.6691,0.05
2026-06-17,MIDCPNIFTY,20260630,14559.7,1595.0,10.9549,0.06
2026-06-17,NIFTY,20260630,24001.0,2230.99,9.2954,0.04
2026-06-17,NIFTYNXT50,20260630,71820.8,7344.0,10.2255,0.06
2026-06-18,BANKNIFTY,20260630,57588.2,5445.1,9.4552,0.05
2026-06-18,FINNIFTY,20260630,26400.9,2546.1,9.644,0.05
2026-06-18,MIDCPNIFTY,20260630,14628.95,1599.7,10.9352,0.06
2026-06-18,NIFTY,20260630,24094.0,2239.97,9.2968,0.04
2026-06-18,NIFTYNXT50,20260630,72212.0,7378.2,10.2174,0.06
2026-06-19,BANKNIFTY,20260630,57996.0,5470.7,9.4329,0.05
2026-06-19,FINNIFTY,20260630,26591.9,2558.4,9.621,0.05
2026-06-19,MIDCPNIFTY,20260630,14660.85,1598.0,10.8998,0.06
2026-06-19,NIFTY,20260630,24192.5,2247.62,9.2906,0.04
2026-06-19,NIFTYNXT50,20260630,72594.0,7396.5,10.1889,0.06
2026-06-22,BANKNIFTY,20260630,57861.6,5434.2,9.3917,0.05
2026-06-22,FINNIFTY,20260630,26469.0,2539.2,9.5931,0.05
2026-06-22,MIDCPNIFTY,20260630,14646.3,1596.6,10.901,0.06
2026-06-22,NIFTY,20260630,24056.9,2233.22,9.2831,0.04
2026-06-22,NIFTYNXT50,20260630,72325.6,7356.1,10.1708,0.06
2026-06-23,BANKNIFTY,20260630,58011.4,5444.8,9.3857,0.05
2026-06-23,FINNIFTY,20260630,26631.5,2549.3,9.5725,0.05
2026-06-23,MIDCPNIFTY,20260630,14651.0,1594.0,10.8798,0.06
2026-06-23,NIFTY,20260630,24123.8,2241.57,9.2919,0.04
2026-06-23,NIFTYNXT50,20260630,72907.8,7422.4,10.1805,0.06
2026-06-24,BANKNIFTY,20260630,57246.6,5379.3,9.3967,0.05
2026-06-24,FINNIFTY,20260630,26334.0,2523.6,9.583,0.05
2026-06-24,MIDCPNIFTY,20260630,14489.25,1576.5,10.8805,0.06
2026-06-24,NIFTY,20260630,23852.5,2215.64,9.2889,0.04
2026-06-24,NIFTYNXT50,20260630,71931.6,7326.8,10.1858,0.06
2026-06-25,BANKNIFTY,20260630,58187.2,5488.3,9.4321,0.05
2026-06-25,FINNIFTY,20260630,26747.7,2567.3,9.5982,0.05
2026-06-25,MIDCPNIFTY,20260630,14546.05,1577.1,10.8421,0.06
2026-06-25,NIFTY,20260630,24051.8,2234.01,9.2883,0.04
2026-06-25,NIFTYNXT50,20260630,72101.6,7306.8,10.134,0.06
2026-06-29,BANKNIFTY,20260630,58239.6,5477.9,9.4058,0.05
2026-06-29,FINNIFTY,20260630,26802.4,2564.7,9.5689,0.05
2026-06-29,MIDCPNIFTY,20260630,14463.8,1565.0,10.8201,0.06
2026-06-29,NIFTY,20260630,24102.3,2237.21,9.2821,0.04
2026-06-29,NIFTYNXT50,20260630,72108.2,7301.6,10.1259,0.06
2026-06-30,BANKNIFTY,20260630,57812.6,5427.8,9.3886,0.05
2026-06-30,FINNIFTY,20260630,26623.7,2543.5,9.5535,0.05
2026-06-30,MIDCPNIFTY,20260630,14376.75,1554.5,10.8126,0.06
2026-06-30,NIFTY,20260630,23972.9,2227.0,9.2897,0.04
2026-06-30,NIFTYNXT50,20260630,71604.2,7225.6,10.091,0.06
2026-07-01,BANKNIFTY,20260728,57991.2,5397.7,9.3078,0.05
2026-07-01,FINNIFTY,20260728,26812.3,2533.4,9.4486,0.05
2026-07-01,MIDCPNIFTY,20260728,14511.15,1558.3,10.7386,0.06
2026-07-01,NIFTY,20260728,24009.1,2219.51,9.2445,0.04
2026-07-01,NIFTYNXT50,20260728,72086.8,7221.7,10.0181,0.06
2026-07-02,BANKNIFTY,20260728,58309.8,5438.5,9.3269,0.05
2026-07-02,FINNIFTY,20260728,26931.9,2554.2,9.4839,0.05
2026-07-02,MIDCPNIFTY,20260728,14605.3,1566.9,10.7283,0.06
2026-07-02,NIFTY,20260728,24092.6,2232.54,9.2665,0.04
2026-07-02,NIFTYNXT50,20260728,72331.2,7256.4,10.0322,0.06
2026-07-03,BANKNIFTY,20260728,58350.6,5425.5,9.2981,0.05
2026-07-03,FINNIFTY,20260728,27013.6,2554.4,9.456,0.05
2026-07-03,MIDCPNIFTY,20260728,14651.0,1567.7,10.7003,0.06
2026-07-03,NIFTY,20260728,24265.0,2248.34,9.2658,0.04
2026-07-03,NIFTYNXT50,20260728,72614.8,7272.3,10.0149,0.06
2026-07-06,BANKNIFTY,20260728,58221.0,5403.9,9.2817,0.05
2026-07-06,FINNIFTY,20260728,27011.1,2549.6,9.4391,0.05
2026-07-06,MIDCPNIFTY,20260728,14591.75,1560.9,10.6971,0.06
2026-07-06,NIFTY,20260728,24352.7,2257.19,9.2687,0.04
2026-07-06,NIFTYNXT50,20260728,72395.2,7238.0,9.9979,0.06
2026-07-07,BANKNIFTY,20260728,58508.8,5426.5,9.2747,0.05
2026-07-07,FINNIFTY,20260728,27091.9,2554.9,9.4305,0.05
2026-07-07,MIDCPNIFTY,20260728,14666.35,1564.8,10.6693,0.06
2026-07-07,NIFTY,20260728,24482.9,2272.02,9.28,0.04
2026-07-07,NIFTYNXT50,20260728,72816.8,7266.9,9.9797,0.06
2026-07-08,BANKNIFTY,20260728,58398.6,5412.67,9.2685,0.05
2026-07-08,FINNIFTY,20260728,27057.8,2548.1,9.4172,0.05
2026-07-08,MIDCPNIFTY,20260728,14681.05,1563.7,10.6511,0.06
2026-07-08,NIFTY,20260728,24440.3,2269.08,9.2842,0.04
2026-07-08,NIFTYNXT50,20260728,72306.0,7210.3,9.9719,0.06
2026-07-09,BANKNIFTY,20260728,56950.6,5327.7,9.3549,0.05
2026-07-09,FINNIFTY,20260728,26428.1,2510.2,9.4982,0.05
2026-07-09,MIDCPNIFTY,20260728,14436.15,1543.4,10.6912,0.06
2026-07-09,NIFTY,20260728,23912.2,2221.03,9.2883,0.04
2026-07-09,NIFTYNXT50,20260728,70961.4,7104.0,10.0111,0.06
2026-07-10,BANKNIFTY,20260728,57472.0,5370.5,9.3446,0.05
2026-07-10,FINNIFTY,20260728,26572.6,2520.6,9.4857,0.05
2026-07-10,MIDCPNIFTY,20260728,14686.8,1571.9,10.7028,0.06
2026-07-10,NIFTY,20260728,23999.3,2228.54,9.2859,0.04
2026-07-10,NIFTYNXT50,20260728,71493.4,7153.3,10.0055,0.06
2026-07-13,BANKNIFTY,20260728,58200.0,5452.6,9.3687,0.05
2026-07-13,FINNIFTY,20260728,26942.0,2556.2,9.4878,0.05
2026-07-13,MIDCPNIFTY,20260728,14854.15,1589.1,10.698,0.06
2026-07-13,NIFTY,20260728,24241.9,2251.24,9.2866,0.04
2026-07-13,NIFTYNXT50,20260728,72495.2,7247.1,9.9967,0.06
2026-07-14,BANKNIFTY,20260728,58286.4,5447.8,9.3466,0.05
2026-07-14,FINNIFTY,20260728,26930.7,2550.7,9.4713,0.05
2026-07-14,MIDCPNIFTY,20260728,14869.65,1587.1,10.6734,0.06
2026-07-14,NIFTY,20260728,24242.8,2251.62,9.2878,0.04
2026-07-14,NIFTYNXT50,20260728,72231.4,7203.0,9.9721,0.06
2026-07-15,BANKNIFTY,20260728,57538.2,5385.0,9.359,0.05
2026-07-15,FINNIFTY,20260728,26606.4,2522.3,9.48,0.05
2026-07-15,MIDCPNIFTY,20260728,14712.75,1572.2,10.686,0.06
2026-07-15,NIFTY,20260728,24024.2,2236.84,9.3108,0.04
2026-07-15,NIFTYNXT50,20260728,71857.0,7157.9,9.9613,0.06
2026-07-16,BANKNIFTY,20260728,57837.6,5402.5,9.3408,0.05
2026-07-16,FINNIFTY,20260728,26728.6,2532.4,9.4745,0.05
2026-07-16,MIDCPNIFTY,20260728,14766.3,1575.2,10.6675,0.06
2026-07-16,NIFTY,20260728,24067.8,2239.3,9.3041,0.04
2026-07-16,NIFTYNXT50,20260728,72124.2,7174.7,9.9477,0.06
2026-07-17,BANKNIFTY,20260728,57791.0,5373.3,9.2978,0.05
2026-07-17,FINNIFTY,20260728,26663.6,2514.7,9.4312,0.05
2026-07-17,MIDCPNIFTY,20260728,14794.05,1573.6,10.6367,0.06
2026-07-17,NIFTY,20260728,24096.4,2238.77,9.2909,0.04
2026-07-17,NIFTYNXT50,20260728,71918.8,7130.5,9.9147,0.06
2026-07-20,BANKNIFTY,20260728,58533.8,5476.5,9.3561,0.05
2026-07-20,FINNIFTY,20260728,26923.1,2549.9,9.471,0.05
2026-07-20,MIDCPNIFTY,20260728,14740.6,1561.4,10.5925,0.06
2026-07-20,NIFTY,20260728,24321.7,2263.09,9.3048,0.04
2026-07-20,NIFTYNXT50,20260728,71882.6,7107.8,9.8881,0.06
2026-07-21,BANKNIFTY,20260728,58125.0,5420.0,9.3247,0.05
2026-07-21,FINNIFTY,20260728,26659.5,2520.0,9.4525,0.05
2026-07-21,MIDCPNIFTY,20260728,14822.15,1565.6,10.5626,0.06
2026-07-21,NIFTY,20260728,24259.5,2254.18,9.2919,0.04
2026-07-21,NIFTYNXT50,20260728,72419.6,7160.6,9.8877,0.06
2026-07-22,BANKNIFTY,20260728,57968.6,5396.9,9.31,0.05
2026-07-22,FINNIFTY,20260728,26604.5,2508.8,9.43,0.05
2026-07-22,MIDCPNIFTY,20260728,14835.45,1565.3,10.5511,0.06
2026-07-22,NIFTY,20260728,24180.6,2249.46,9.3027,0.04
2026-07-22,NIFTYNXT50,20260728,72694.8,7179.0,9.8755,0.06
2026-07-23,BANKNIFTY,20260728,57198.6,5333.3,9.3242,0.05
2026-07-23,FINNIFTY,20260728,26232.6,2478.7,9.4489,0.05
2026-07-23,MIDCPNIFTY,20260728,14626.1,1546.1,10.5708,0.06
2026-07-23,NIFTY,20260728,23988.4,2231.65,9.303,0.04
2026-07-23,NIFTYNXT50,20260728,72195.6,7118.8,9.8604,0.06
2026-07-24,BANKNIFTY,20260728,56665.4,5280.9,9.3194,0.05
2026-07-24,FINNIFTY,20260728,26044.6,2456.6,9.4323,0.05
2026-07-24,MIDCPNIFTY,20260728,14422.9,1526.5,10.5839,0.06
2026-07-24,NIFTY,20260728,23873.6,2219.87,9.2984,0.04
2026-07-24,NIFTYNXT50,20260728,71821.8,7061.1,9.8314,0.06
2026-07-27,BANKNIFTY,20260728,56844.6,5277.7,9.2844,0.05
2026-07-27,FINNIFTY,20260728,25991.6,2443.1,9.3996,0.05
2026-07-27,MIDCPNIFTY,20260728,14462.85,1523.5,10.5339,0.06
2026-07-27,NIFTY,20260728,23806.5,2210.37,9.2847,0.04
2026-07-27,NIFTYNXT50,20260728,71795.0,7034.7,9.7983,0.06
2026-07-28,BANKNIFTY,20260728,57176.4,5309.11,9.2855,0.05
2026-07-28,FINNIFTY,20260728,26177.6,2461.2,9.4019,0.05
2026-07-28,MIDCPNIFTY,20260728,14590.75,1536.0,10.5272,0.06
2026-07-28,NIFTY,20260728,24028.0,2231.62,9.2876,0.04
2026-07-28,NIFTYNXT50,20260728,72446.2,7116.1,9.8226,0.06
2026-07-29,BANKNIFTY,20260825,57009.0,5278.27,9.2587,0.05
2026-07-29,FINNIFTY,20260825,26194.2,2447.0,9.3418,0.05
2026-07-29,MIDCPNIFTY,20260825,14612.4,1529.4,10.4665,0.06
2026-07-29,NIFTY,20260825,24098.8,2230.64,9.2562,0.04
2026-07-29,NIFTYNXT50,20260825,72116.4,7056.6,9.785,0.06
2026-07-30,BANKNIFTY,20260825,57344.4,5320.15,9.2775,0.05
2026-07-30,FINNIFTY,20260825,26346.4,2470.5,9.377,0.05
2026-07-30,MIDCPNIFTY,20260825,14729.85,1541.7,10.4665,0.06
2026-07-30,NIFTY,20260825,24311.5,2255.27,9.2766,0.04
2026-07-30,NIFTYNXT50,20260825,72658.2,7099.7,9.7714,0.06
2026-07-31,BANKNIFTY,20260825,57294.6,5314.72,9.2761,0.05
2026-07-31,FINNIFTY,20260825,26340.8,2460.1,9.3395,0.05
2026-07-31,MIDCPNIFTY,20260825,14705.2,1537.1,10.4528,0.06
2026-07-31,NIFTY,20260825,24358.0,2261.49,9.2844,0.04
2026-07-31,NIFTYNXT50,20260825,72718.4,7087.4,9.7464,0.05
