date,symbol,spot_close,spot_prev,fut_close,fut_prev,sigma_underlying,sigma_futures,sigma_applicable,ann_applicable
2012-07-05,BANKNIFTY,10641.9,10529.45,10638.25,10536.25,0.0151,0.0157,0.0157,0.3006
2012-07-05,NIFTY,5327.3,5302.55,5344.5,5322.65,0.0098,0.0109,0.0109,0.2074
2012-07-06,BANKNIFTY,10655.35,10641.9,10643.55,10638.25,0.0147,0.0153,0.0153,0.2914
2012-07-06,NIFTY,5316.95,5327.3,5327.2,5344.5,0.0095,0.0106,0.0106,0.2017
2012-07-09,BANKNIFTY,10588.05,10655.35,10569.15,10643.55,0.0143,0.0149,0.0149,0.2845
2012-07-09,NIFTY,5275.15,5316.95,5279.4,5327.2,0.0094,0.0105,0.0105,0.2
2012-07-10,BANKNIFTY,10751.55,10588.05,10759.5,10569.15,0.0144,0.0151,0.0151,0.2882
2012-07-10,NIFTY,5345.35,5275.15,5358.15,5279.4,0.0097,0.0108,0.0108,0.2059
2012-07-11,BANKNIFTY,10713.3,10751.55,10733.9,10759.5,0.014,0.0146,0.0146,0.2796
2012-07-11,NIFTY,5306.3,5345.35,5322.9,5358.15,0.0096,0.0106,0.0106,0.2021
2012-07-12,BANKNIFTY,10616.3,10713.3,10632.7,10733.9,0.0137,0.0144,0.0144,0.2747
2012-07-12,NIFTY,5235.25,5306.3,5251.4,5322.9,0.0098,0.0108,0.0108,0.2059
2012-07-13,BANKNIFTY,10594.45,10616.3,10617.15,10632.7,0.0133,0.0139,0.0139,0.2664
2012-07-13,NIFTY,5227.25,5235.25,5240.45,5251.4,0.0095,0.0105,0.0105,0.1998
2012-07-16,BANKNIFTY,10568.2,10594.45,10578.4,10617.15,0.0129,0.0135,0.0135,0.2589
2012-07-16,NIFTY,5197.25,5227.25,5206.85,5240.45,0.0094,0.0103,0.0103,0.1961
2012-07-17,BANKNIFTY,10558.05,10568.2,10560.45,10578.4,0.0125,0.0131,0.0131,0.2511
2012-07-17,NIFTY,5192.85,5197.25,5198.65,5206.85,0.0091,0.01,0.01,0.1902
2012-07-18,BANKNIFTY,10607.1,10558.05,10628.1,10560.45,0.0122,0.0128,0.0128,0.2453
2012-07-18,NIFTY,5216.3,5192.85,5223.55,5198.65,0.0089,0.0097,0.0097,0.1858
2012-07-19,BANKNIFTY,10622.05,10607.1,10640.0,10628.1,0.0118,0.0125,0.0125,0.2379
2012-07-19,NIFTY,5242.7,5216.3,5257.0,5223.55,0.0087,0.0096,0.0096,0.1826
2012-07-20,BANKNIFTY,10481.6,10622.05,10509.95,10640.0,0.0119,0.0124,0.0124,0.2377
2012-07-20,NIFTY,5205.1,5242.7,5216.6,5257.0,0.0086,0.0095,0.0095,0.1807
2012-07-23,BANKNIFTY,10274.6,10481.6,10306.65,10509.95,0.0126,0.013,0.013,0.2479
2012-07-23,NIFTY,5117.95,5205.1,5120.4,5216.6,0.0093,0.0102,0.0102,0.1956
2012-07-24,BANKNIFTY,10299.0,10274.6,10328.05,10306.65,0.0122,0.0126,0.0126,0.2406
2012-07-24,NIFTY,5128.2,5117.95,5135.35,5120.4,0.009,0.01,0.01,0.1902
2012-07-25,BANKNIFTY,10267.85,10299.0,10289.15,10328.05,0.0118,0.0122,0.0122,0.2339
2012-07-25,NIFTY,5109.6,5128.2,5112.55,5135.35,0.0088,0.0097,0.0097,0.1855
2012-07-26,BANKNIFTY,10083.8,10267.85,10083.8,10289.15,0.0123,0.0129,0.0129,0.2456
2012-07-26,NIFTY,5043.0,5109.6,5043.0,5112.55,0.0091,0.01,0.01,0.191
2012-07-27,BANKNIFTY,10140.55,10083.8,10206.5,10083.8,0.012,0.0128,0.0128,0.2448
2012-07-27,NIFTY,5099.85,5043.0,5123.55,5043.0,0.0093,0.0104,0.0104,0.1994
2012-07-30,BANKNIFTY,10412.15,10140.55,10472.25,10206.5,0.0133,0.0139,0.0139,0.2661
2012-07-30,NIFTY,5199.8,5099.85,5216.7,5123.55,0.0102,0.011,0.011,0.211
2012-07-31,BANKNIFTY,10384.1,10412.15,10435.3,10472.25,0.0129,0.0135,0.0135,0.2585
2012-07-31,NIFTY,5229.0,5199.8,5240.55,5216.7,0.01,0.0108,0.0108,0.2056
2012-08-01,BANKNIFTY,10419.9,10384.1,10465.55,10435.3,0.0126,0.0131,0.0131,0.251
2012-08-01,NIFTY,5240.5,5229.0,5256.3,5240.55,0.0097,0.0105,0.0105,0.1999
2012-08-02,BANKNIFTY,10379.6,10419.9,10428.7,10465.55,0.0122,0.0128,0.0128,0.2439
2012-08-02,NIFTY,5227.75,5240.5,5246.7,5256.3,0.0094,0.0102,0.0102,0.194
2012-08-03,BANKNIFTY,10315.6,10379.6,10384.4,10428.7,0.0119,0.0124,0.0124,0.2373
2012-08-03,NIFTY,5215.7,5227.75,5241.05,5246.7,0.0091,0.0098,0.0098,0.1881
2012-08-06,BANKNIFTY,10462.4,10315.6,10498.5,10384.4,0.0121,0.0123,0.0123,0.2357
2012-08-06,NIFTY,5282.55,5215.7,5296.85,5241.05,0.0094,0.0099,0.0099,0.189
2012-08-07,BANKNIFTY,10591.95,10462.4,10620.5,10498.5,0.0121,0.0123,0.0123,0.2348
2012-08-07,NIFTY,5336.7,5282.55,5347.7,5296.85,0.0094,0.0099,0.0099,0.1886
2012-08-08,BANKNIFTY,10529.25,10591.95,10559.15,10620.5,0.0118,0.012,0.012,0.2293
2012-08-08,NIFTY,5338.0,5336.7,5354.75,5347.7,0.0091,0.0096,0.0096,0.183
2012-08-09,BANKNIFTY,10445.9,10529.25,10505.7,10559.15,0.0116,0.0117,0.0117,0.2235
2012-08-09,NIFTY,5322.95,5338.0,5350.05,5354.75,0.0089,0.0093,0.0093,0.1775
2012-08-10,BANKNIFTY,10358.95,10445.9,10424.7,10505.7,0.0115,0.0115,0.0115,0.2197
2012-08-10,NIFTY,5320.4,5322.95,5345.1,5350.05,0.0086,0.009,0.009,0.1721
2012-08-13,BANKNIFTY,10401.3,10358.95,10459.85,10424.7,0.0112,0.0112,0.0112,0.2136
2012-08-13,NIFTY,5347.9,5320.4,5371.9,5345.1,0.0084,0.0088,0.0088,0.1685
2012-08-14,BANKNIFTY,10519.15,10401.3,10576.35,10459.85,0.0112,0.0112,0.0112,0.2135
2012-08-14,NIFTY,5380.35,5347.9,5406.85,5371.9,0.0083,0.0087,0.0087,0.1662
2012-08-16,BANKNIFTY,10426.75,10519.15,10472.7,10576.35,0.011,0.0111,0.0111,0.2121
2012-08-16,NIFTY,5362.95,5380.35,5382.0,5406.85,0.0081,0.0085,0.0085,0.1625
2012-08-17,BANKNIFTY,10417.9,10426.75,10460.95,10472.7,0.0107,0.0108,0.0108,0.2057
2012-08-17,NIFTY,5366.3,5362.95,5382.35,5382.0,0.0079,0.0082,0.0082,0.1576
2012-08-21,BANKNIFTY,10469.5,10417.9,10512.0,10460.95,0.0104,0.0105,0.0105,0.2007
2012-08-21,NIFTY,5421.0,5366.3,5441.9,5382.35,0.008,0.0084,0.0084,0.1612
2012-08-22,BANKNIFTY,10472.2,10469.5,10507.55,10512.0,0.0101,0.0102,0.0102,0.1946
2012-08-22,NIFTY,5412.85,5421.0,5431.1,5441.9,0.0078,0.0082,0.0082,0.1566
2012-08-23,BANKNIFTY,10457.7,10472.2,10483.15,10507.55,0.0098,0.0099,0.0099,0.189
2012-08-23,NIFTY,5415.35,5412.85,5427.15,5431.1,0.0075,0.0079,0.0079,0.1518
2012-08-24,BANKNIFTY,10332.85,10457.7,10366.95,10483.15,0.01,0.01,0.01,0.1905
2012-08-24,NIFTY,5386.7,5415.35,5402.7,5427.15,0.0074,0.0078,0.0078,0.1487
2012-08-27,BANKNIFTY,10150.4,10332.85,10177.45,10366.95,0.0106,0.0107,0.0107,0.2039
2012-08-27,NIFTY,5350.25,5386.7,5362.4,5402.7,0.0074,0.0078,0.0078,0.1484
2012-08-28,BANKNIFTY,10059.4,10150.4,10090.45,10177.45,0.0105,0.0106,0.0106,0.2017
2012-08-28,NIFTY,5334.6,5350.25,5346.05,5362.4,0.0072,0.0076,0.0076,0.1446
2012-08-29,BANKNIFTY,10011.9,10059.4,10034.7,10090.45,0.0103,0.0103,0.0103,0.1973
2012-08-29,NIFTY,5287.8,5334.6,5296.6,5346.05,0.0073,0.0077,0.0077,0.1468
2012-08-30,BANKNIFTY,10085.2,10011.9,10085.2,10034.7,0.0101,0.0101,0.0101,0.1931
2012-08-30,NIFTY,5315.05,5287.8,5315.05,5296.6,0.0072,0.0075,0.0075,0.1432
2012-08-31,BANKNIFTY,9990.5,10085.2,10070.7,10085.2,0.0101,0.0098,0.0101,0.1924
2012-08-31,NIFTY,5258.5,5315.05,5291.65,5315.05,0.0075,0.0073,0.0075,0.1425
2012-09-03,BANKNIFTY,9963.0,9990.5,10032.65,10070.7,0.0098,0.0095,0.0098,0.1869
2012-09-03,NIFTY,5253.75,5258.5,5282.9,5291.65,0.0072,0.0071,0.0072,0.1382
2012-09-04,BANKNIFTY,10020.65,9963.0,10088.05,10032.65,0.0096,0.0093,0.0096,0.1833
2012-09-04,NIFTY,5274.0,5253.75,5299.4,5282.9,0.0071,0.007,0.0071,0.1352
2012-09-05,BANKNIFTY,9827.9,10020.65,9899.95,10088.05,0.0104,0.0102,0.0104,0.1996
2012-09-05,NIFTY,5225.7,5274.0,5253.35,5299.4,0.0072,0.0071,0.0072,0.1379
2012-09-06,BANKNIFTY,9893.15,9827.9,9937.9,9899.95,0.0103,0.0099,0.0103,0.1959
2012-09-06,NIFTY,5238.4,5225.7,5261.1,5253.35,0.007,0.0069,0.007,0.1342
2012-09-07,BANKNIFTY,10122.0,9893.15,10139.85,9937.9,0.0114,0.0108,0.0114,0.218
2012-09-07,NIFTY,5342.1,5238.4,5359.1,5261.1,0.0083,0.0081,0.0083,0.1592
2012-09-10,BANKNIFTY,10069.85,10147.05,10096.0,10179.0,0.0109,0.0104,0.0109,0.2084
2012-09-10,NIFTY,5363.45,5358.7,5371.65,5380.2,0.0079,0.0076,0.0079,0.1504
2012-09-11,BANKNIFTY,10135.9,10069.85,10157.5,10096.0,0.0107,0.0102,0.0107,0.2043
2012-09-11,NIFTY,5390.0,5363.45,5405.35,5371.65,0.0077,0.0076,0.0077,0.1476
2012-09-12,BANKNIFTY,10183.45,10135.9,10216.9,10157.5,0.0104,0.01,0.0104,0.1993
2012-09-12,NIFTY,5431.0,5390.0,5446.95,5405.35,0.0077,0.0076,0.0077,0.1475
2012-09-13,BANKNIFTY,10207.8,10183.45,10225.9,10216.9,0.0101,0.0097,0.0101,0.1935
2012-09-13,NIFTY,5435.35,5431.0,5450.7,5446.95,0.0075,0.0073,0.0075,0.143
2012-09-14,BANKNIFTY,10642.9,10207.8,10650.85,10225.9,0.0142,0.0137,0.0142,0.2709
2012-09-14,NIFTY,5577.65,5435.35,5584.9,5450.7,0.0096,0.0093,0.0096,0.184
2012-09-17,BANKNIFTY,10981.65,10642.9,10977.3,10650.85,0.0157,0.0152,0.0157,0.3008
2012-09-17,NIFTY,5610.0,5577.65,5616.7,5584.9,0.0094,0.0091,0.0094,0.1804
2012-09-18,BANKNIFTY,11043.5,10981.65,11062.4,10977.3,0.0153,0.0148,0.0153,0.2928
2012-09-18,NIFTY,5600.05,5610.0,5612.25,5616.7,0.0092,0.0088,0.0092,0.1751
2012-09-20,BANKNIFTY,10920.8,11043.5,10952.3,11062.4,0.0151,0.0146,0.0151,0.2886
2012-09-20,NIFTY,5554.25,5600.05,5571.0,5612.25,0.0091,0.0087,0.0091,0.1741
2012-09-21,BANKNIFTY,11358.5,10920.8,11395.4,10952.3,0.0175,0.0172,0.0175,0.3349
2012-09-21,NIFTY,5691.15,5554.25,5707.05,5571.0,0.0107,0.0103,0.0107,0.2036
2012-09-24,BANKNIFTY,11423.5,11358.5,11422.5,11395.4,0.0171,0.0167,0.0171,0.3258
2012-09-24,NIFTY,5669.6,5691.15,5681.65,5707.05,0.0104,0.0101,0.0104,0.1982
2012-09-25,BANKNIFTY,11420.75,11423.5,11444.85,11422.5,0.0165,0.0162,0.0165,0.3158
2012-09-25,NIFTY,5673.9,5669.6,5683.0,5681.65,0.0101,0.0098,0.0101,0.1922
2012-09-26,BANKNIFTY,11427.25,11420.75,11433.75,11444.85,0.016,0.0157,0.016,0.3062
2012-09-26,NIFTY,5663.45,5673.9,5669.85,5683.0,0.0098,0.0095,0.0098,0.1866
2012-09-27,BANKNIFTY,11419.45,11427.25,11419.45,11433.75,0.0155,0.0152,0.0155,0.2969
2012-09-27,NIFTY,5649.5,5663.45,5649.5,5669.85,0.0095,0.0092,0.0095,0.1813
2012-09-28,BANKNIFTY,11456.8,11419.45,11513.75,11419.45,0.0151,0.0149,0.0151,0.2883
2012-09-28,NIFTY,5703.3,5649.5,5729.55,5649.5,0.0095,0.0096,0.0096,0.1835
2012-10-01,BANKNIFTY,11420.45,11456.8,11504.35,11513.75,0.0147,0.0144,0.0147,0.2799
2012-10-01,NIFTY,5718.8,5703.3,5754.15,5729.55,0.0092,0.0094,0.0094,0.179
2012-10-03,BANKNIFTY,11414.95,11420.45,11485.2,11504.35,0.0142,0.014,0.0142,0.2714
2012-10-03,NIFTY,5731.25,5718.8,5768.25,5754.15,0.009,0.0091,0.0091,0.174
2012-10-04,BANKNIFTY,11636.05,11414.95,11716.7,11485.2,0.0146,0.0144,0.0146,0.278
2012-10-04,NIFTY,5787.6,5731.25,5825.7,5768.25,0.009,0.0092,0.0092,0.1749
2012-10-05,BANKNIFTY,11511.4,11636.05,11575.75,11716.7,0.0144,0.0143,0.0144,0.2742
2012-10-05,NIFTY,5746.95,5787.6,5776.55,5825.7,0.0089,0.0091,0.0091,0.1742
2012-10-08,BANKNIFTY,11362.2,11511.4,11415.7,11575.75,0.0143,0.0143,0.0143,0.2728
2012-10-08,NIFTY,5676.0,5746.95,5701.0,5776.55,0.0092,0.0094,0.0094,0.1798
2012-10-09,BANKNIFTY,11446.1,11362.2,11497.75,11415.7,0.014,0.0139,0.014,0.2667
2012-10-09,NIFTY,5704.6,5676.0,5723.9,5701.0,0.009,0.0092,0.0092,0.1753
2012-10-10,BANKNIFTY,11291.5,11446.1,11342.45,11497.75,0.0139,0.0139,0.0139,0.2663
2012-10-10,NIFTY,5652.15,5704.6,5672.45,5723.9,0.009,0.0092,0.0092,0.1751
2012-10-11,BANKNIFTY,11431.3,11291.5,11513.35,11342.45,0.0138,0.014,0.014,0.2671
2012-10-11,NIFTY,5708.05,5652.15,5739.35,5672.45,0.009,0.0093,0.0093,0.1784
2012-10-12,BANKNIFTY,11388.45,11431.3,11423.8,11513.35,0.0135,0.0137,0.0137,0.2615
2012-10-12,NIFTY,5676.05,5708.05,5686.55,5739.35,0.0089,0.0093,0.0093,0.1783
2012-10-15,BANKNIFTY,11441.8,11388.45,11478.75,11423.8,0.0131,0.0133,0.0133,0.2546
2012-10-15,NIFTY,5687.25,5676.05,5702.75,5686.55,0.0086,0.0091,0.0091,0.1734
2012-10-16,BANKNIFTY,11348.0,11441.8,11355.75,11478.75,0.0129,0.0132,0.0132,0.2519
2012-10-16,NIFTY,5648.0,5687.25,5651.55,5702.75,0.0085,0.0091,0.0091,0.1733
2012-10-17,BANKNIFTY,11358.25,11348.0,11388.05,11355.75,0.0125,0.0128,0.0128,0.2446
2012-10-17,NIFTY,5660.25,5648.0,5669.5,5651.55,0.0083,0.0088,0.0088,0.1687
2012-10-18,BANKNIFTY,11586.35,11358.25,11624.5,11388.05,0.013,0.0134,0.0134,0.2559
2012-10-18,NIFTY,5718.7,5660.25,5736.45,5669.5,0.0084,0.009,0.009,0.1725
2012-10-19,BANKNIFTY,11491.2,11586.35,11505.45,11624.5,0.0128,0.0132,0.0132,0.2527
2012-10-19,NIFTY,5684.25,5718.7,5688.3,5736.45,0.0083,0.009,0.009,0.1719
2012-10-22,BANKNIFTY,11607.4,11491.2,11620.7,11505.45,0.0126,0.0131,0.0131,0.2494
2012-10-22,NIFTY,5717.15,5684.25,5724.75,5688.3,0.0082,0.0089,0.0089,0.1693
2012-10-23,BANKNIFTY,11578.15,11607.4,11584.6,11620.7,0.0123,0.0127,0.0127,0.2423
2012-10-23,NIFTY,5691.4,5717.15,5695.5,5724.75,0.008,0.0087,0.0087,0.1659
2012-10-25,BANKNIFTY,11614.5,11578.15,11614.5,11584.6,0.0119,0.0123,0.0123,0.2352
2012-10-25,NIFTY,5705.3,5691.4,5705.3,5695.5,0.0078,0.0084,0.0084,0.161
2012-10-26,BANKNIFTY,11509.15,11614.5,11585.3,11614.5,0.0118,0.012,0.012,0.2283
2012-10-26,NIFTY,5664.3,5705.3,5699.3,5705.3,0.0077,0.0082,0.0082,0.1562
2012-10-29,BANKNIFTY,11472.15,11509.15,11563.35,11585.3,0.0114,0.0116,0.0116,0.2216
2012-10-29,NIFTY,5665.6,5664.3,5702.1,5699.3,0.0075,0.0079,0.0079,0.1515
2012-10-30,BANKNIFTY,11203.0,11472.15,11279.35,11563.35,0.0125,0.0128,0.0128,0.2443
2012-10-30,NIFTY,5597.9,5665.6,5628.0,5702.1,0.0078,0.0083,0.0083,0.1591
2012-10-31,BANKNIFTY,11268.8,11203.0,11338.45,11279.35,0.0122,0.0125,0.0125,0.2381
2012-10-31,NIFTY,5619.7,5597.9,5646.1,5628.0,0.0077,0.0081,0.0081,0.155
2012-11-01,BANKNIFTY,11315.05,11268.8,11384.1,11338.45,0.0119,0.0121,0.0121,0.2316
2012-11-01,NIFTY,5645.05,5619.7,5676.0,5646.1,0.0075,0.008,0.008,0.1523
2012-11-02,BANKNIFTY,11460.45,11315.05,11536.7,11384.1,0.012,0.0122,0.0122,0.2331
2012-11-02,NIFTY,5697.7,5645.05,5739.55,5676.0,0.0076,0.0082,0.0082,0.1566
2012-11-05,BANKNIFTY,11475.15,11460.45,11537.65,11536.7,0.0116,0.0118,0.0118,0.226
2012-11-05,NIFTY,5704.2,5697.7,5739.65,5739.55,0.0074,0.0079,0.0079,0.1518
2012-11-06,BANKNIFTY,11539.05,11475.15,11623.7,11537.65,0.0113,0.0116,0.0116,0.2218
2012-11-06,NIFTY,5724.4,5704.2,5766.65,5739.65,0.0072,0.0078,0.0078,0.1488
2012-11-07,BANKNIFTY,11665.5,11539.05,11734.05,11623.7,0.0113,0.0115,0.0115,0.2196
2012-11-07,NIFTY,5760.1,5724.4,5793.25,5766.65,0.0072,0.0076,0.0076,0.1459
2012-11-08,BANKNIFTY,11613.55,11665.5,11684.75,11734.05,0.011,0.0112,0.0112,0.2138
2012-11-08,NIFTY,5738.75,5760.1,5765.2,5793.25,0.007,0.0075,0.0075,0.1432
2012-11-09,BANKNIFTY,11475.6,11613.55,11527.35,11684.75,0.0111,0.0113,0.0113,0.2168
2012-11-09,NIFTY,5686.25,5738.75,5720.6,5765.2,0.0072,0.0075,0.0075,0.1435
2012-11-12,BANKNIFTY,11583.85,11475.6,11638.45,11527.35,0.011,0.0112,0.0112,0.2149
2012-11-12,NIFTY,5683.7,5686.25,5711.1,5720.6,0.0069,0.0073,0.0073,0.1394
2012-11-13,BANKNIFTY,11533.9,11583.85,11559.1,11638.45,0.0107,0.011,0.011,0.2108
2012-11-13,NIFTY,5666.95,5683.7,5680.7,5711.1,0.0068,0.0072,0.0072,0.1374
2012-11-15,BANKNIFTY,11521.4,11533.9,11571.35,11559.1,0.0104,0.0107,0.0107,0.2045
2012-11-15,NIFTY,5631.0,5666.95,5649.15,5680.7,0.0067,0.0071,0.0071,0.1358
2012-11-16,BANKNIFTY,11335.5,11521.4,11360.05,11571.35,0.0108,0.0113,0.0113,0.2162
2012-11-16,NIFTY,5574.05,5631.0,5580.55,5649.15,0.007,0.0075,0.0075,0.1435
2012-11-19,BANKNIFTY,11306.95,11335.5,11361.85,11360.05,0.0105,0.011,0.011,0.2096
2012-11-19,NIFTY,5571.4,5574.05,5589.65,5580.55,0.0068,0.0073,0.0073,0.1394
2012-11-20,BANKNIFTY,11318.3,11306.95,11351.55,11361.85,0.0102,0.0106,0.0106,0.2032
2012-11-20,NIFTY,5571.55,5571.4,5583.85,5589.65,0.0066,0.0071,0.0071,0.1352
2012-11-21,BANKNIFTY,11465.35,11318.3,11482.8,11351.55,0.0104,0.0107,0.0107,0.2043
2012-11-21,NIFTY,5614.8,5571.55,5622.1,5583.85,0.0067,0.0071,0.0071,0.1349
2012-11-22,BANKNIFTY,11508.35,11465.35,11547.0,11482.8,0.0101,0.0105,0.0105,0.1998
2012-11-22,NIFTY,5627.75,5614.8,5640.45,5622.1,0.0065,0.0069,0.0069,0.1317
2012-11-23,BANKNIFTY,11475.8,11508.35,11496.0,11547.0,0.0098,0.0102,0.0102,0.1948
2012-11-23,NIFTY,5626.6,5627.75,5633.35,5640.45,0.0063,0.0067,0.0067,0.1278
2012-11-26,BANKNIFTY,11432.45,11475.8,11455.1,11496.0,0.0096,0.0099,0.0099,0.1896
2012-11-26,NIFTY,5635.9,5626.6,5642.75,5633.35,0.0061,0.0065,0.0065,0.1242
2012-11-27,BANKNIFTY,11657.4,11432.45,11676.15,11455.1,0.0104,0.0107,0.0107,0.2044
2012-11-27,NIFTY,5727.45,5635.9,5732.05,5642.75,0.0071,0.0074,0.0074,0.141
2012-11-29,BANKNIFTY,11992.8,11657.4,11992.8,11676.15,0.0123,0.0123,0.0123,0.2344
2012-11-29,NIFTY,5825.0,5727.45,5825.0,5732.05,0.008,0.0082,0.0082,0.1561
2012-11-30,BANKNIFTY,12158.9,11992.8,12200.9,11992.8,0.0124,0.0126,0.0126,0.2411
2012-11-30,NIFTY,5879.85,5825.0,5909.05,5825.0,0.0081,0.0087,0.0087,0.1655
2012-12-03,BANKNIFTY,12103.9,12158.9,12179.6,12200.9,0.012,0.0122,0.0122,0.2339
2012-12-03,NIFTY,5870.95,5879.85,5911.6,5909.05,0.0079,0.0084,0.0084,0.1605
2012-12-04,BANKNIFTY,12197.15,12103.9,12269.55,12179.6,0.0118,0.012,0.012,0.2294
2012-12-04,NIFTY,5889.25,5870.95,5923.65,5911.6,0.0077,0.0082,0.0082,0.1559
2012-12-05,BANKNIFTY,12281.6,12197.15,12350.65,12269.55,0.0116,0.0118,0.0118,0.2245
2012-12-05,NIFTY,5900.5,5889.25,5940.45,5923.65,0.0075,0.0079,0.0079,0.1517
2012-12-06,BANKNIFTY,12427.55,12281.6,12515.25,12350.65,0.0116,0.0118,0.0118,0.2263
2012-12-06,NIFTY,5930.9,5900.5,5970.65,5940.45,0.0073,0.0078,0.0078,0.149
2012-12-07,BANKNIFTY,12363.7,12427.55,12451.4,12515.25,0.0113,0.0116,0.0116,0.2207
2012-12-07,NIFTY,5907.4,5930.9,5944.9,5970.65,0.0072,0.0076,0.0076,0.1459
2012-12-10,BANKNIFTY,12381.65,12363.7,12473.6,12451.4,0.011,0.0112,0.0112,0.2142
2012-12-10,NIFTY,5908.9,5907.4,5942.45,5944.9,0.007,0.0074,0.0074,0.1414
2012-12-11,BANKNIFTY,12344.6,12381.65,12417.0,12473.6,0.0107,0.0109,0.0109,0.2088
2012-12-11,NIFTY,5898.8,5908.9,5928.4,5942.45,0.0068,0.0072,0.0072,0.1376
2012-12-12,BANKNIFTY,12301.7,12344.6,12400.45,12417.0,0.0104,0.0106,0.0106,0.2025
2012-12-12,NIFTY,5888.0,5898.8,5928.25,5928.4,0.0066,0.007,0.007,0.1334
2012-12-13,BANKNIFTY,12269.15,12301.7,12341.6,12400.45,0.0101,0.0103,0.0103,0.1976
2012-12-13,NIFTY,5851.5,5888.0,5876.45,5928.25,0.0066,0.0071,0.0071,0.1357
2012-12-14,BANKNIFTY,12424.7,12269.15,12514.85,12341.6,0.0102,0.0106,0.0106,0.2024
2012-12-14,NIFTY,5879.6,5851.5,5914.9,5876.45,0.0065,0.0071,0.0071,0.1351
2012-12-17,BANKNIFTY,12427.45,12424.7,12490.0,12514.85,0.0099,0.0103,0.0103,0.1964
2012-12-17,NIFTY,5857.9,5879.6,5889.35,5914.9,0.0063,0.0069,0.0069,0.1325
2012-12-18,BANKNIFTY,12477.15,12427.45,12549.8,12490.0,0.0097,0.01,0.01,0.1917
2012-12-18,NIFTY,5896.8,5857.9,5928.9,5889.35,0.0064,0.0069,0.0069,0.1322
2012-12-19,BANKNIFTY,12510.25,12477.15,12545.9,12549.8,0.0094,0.0097,0.0097,0.1859
2012-12-19,NIFTY,5929.6,5896.8,5946.9,5928.9,0.0063,0.0068,0.0068,0.129
2012-12-20,BANKNIFTY,12486.5,12510.25,12524.85,12545.9,0.0091,0.0094,0.0094,0.1804
2012-12-20,NIFTY,5916.4,5929.6,5931.15,5946.9,0.0061,0.0066,0.0066,0.1257
2012-12-21,BANKNIFTY,12315.05,12486.5,12347.35,12524.85,0.0095,0.0098,0.0098,0.1872
2012-12-21,NIFTY,5847.7,5916.4,5853.4,5931.15,0.0066,0.0071,0.0071,0.1366
2012-12-24,BANKNIFTY,12317.7,12315.05,12339.35,12347.35,0.0092,0.0095,0.0095,0.1816
2012-12-24,NIFTY,5855.75,5847.7,5865.55,5853.4,0.0064,0.007,0.007,0.1328
2012-12-26,BANKNIFTY,12479.45,12317.7,12508.0,12339.35,0.0095,0.0098,0.0098,0.1871
2012-12-26,NIFTY,5905.6,5855.75,5913.75,5865.55,0.0066,0.007,0.007,0.1343
2012-12-27,BANKNIFTY,12459.7,12479.45,12459.7,12508.0,0.0092,0.0095,0.0095,0.1823
2012-12-27,NIFTY,5870.1,5905.6,5870.1,5913.75,0.0065,0.0071,0.0071,0.1348
2012-12-28,BANKNIFTY,12458.15,12459.7,12568.2,12459.7,0.0089,0.0095,0.0095,0.1814
2012-12-28,NIFTY,5908.35,5870.1,5954.55,5870.1,0.0065,0.0077,0.0077,0.1468
2012-12-31,BANKNIFTY,12474.25,12458.15,12576.2,12568.2,0.0086,0.0092,0.0092,0.1759
2012-12-31,NIFTY,5905.1,5908.35,5951.75,5954.55,0.0063,0.0074,0.0074,0.1423
2013-01-01,BANKNIFTY,12654.15,12474.25,12767.35,12576.2,0.0091,0.0097,0.0097,0.1846
2013-01-01,NIFTY,5950.85,5905.1,6007.5,5951.75,0.0064,0.0076,0.0076,0.1447
2013-01-02,BANKNIFTY,12786.85,12654.15,12874.35,12767.35,0.0092,0.0096,0.0096,0.1832
2013-01-02,NIFTY,5993.25,5950.85,6035.65,6007.5,0.0065,0.0074,0.0074,0.142
2013-01-03,BANKNIFTY,12778.15,12786.85,12852.0,12874.35,0.0089,0.0093,0.0093,0.1778
2013-01-03,NIFTY,6009.5,5993.25,6039.55,6035.65,0.0063,0.0072,0.0072,0.1377
2013-01-04,BANKNIFTY,12787.35,12778.15,12869.9,12852.0,0.0086,0.009,0.009,0.1725
2013-01-04,NIFTY,6016.15,6009.5,6048.0,6039.55,0.0061,0.007,0.007,0.1337
2013-01-07,BANKNIFTY,12708.7,12787.35,12796.45,12869.9,0.0085,0.0089,0.0089,0.1694
2013-01-07,NIFTY,5988.4,6016.15,6023.7,6048.0,0.006,0.0069,0.0069,0.131
2013-01-08,BANKNIFTY,12725.5,12708.7,12824.8,12796.45,0.0082,0.0086,0.0086,0.1645
2013-01-08,NIFTY,6001.7,5988.4,6043.3,6023.7,0.0059,0.0067,0.0067,0.1279
2013-01-09,BANKNIFTY,12718.0,12725.5,12772.55,12824.8,0.008,0.0084,0.0084,0.1607
2013-01-09,NIFTY,5971.5,6001.7,5998.75,6043.3,0.0058,0.0067,0.0067,0.1287
2013-01-10,BANKNIFTY,12802.25,12718.0,12867.0,12772.55,0.0079,0.0084,0.0084,0.1595
2013-01-10,NIFTY,5968.65,5971.5,6003.6,5998.75,0.0057,0.0065,0.0065,0.1249
2013-01-11,BANKNIFTY,12617.85,12802.25,12682.7,12867.0,0.0085,0.0088,0.0088,0.1688
2013-01-11,NIFTY,5951.3,5968.65,5977.3,6003.6,0.0055,0.0064,0.0064,0.1228
2013-01-14,BANKNIFTY,12758.75,12617.85,12845.5,12682.7,0.0086,0.0091,0.0091,0.1742
2013-01-14,NIFTY,6024.05,5951.3,6057.5,5977.3,0.0061,0.007,0.007,0.1344
2013-01-15,BANKNIFTY,12855.4,12758.75,12910.4,12845.5,0.0086,0.0089,0.0089,0.1705
2013-01-15,NIFTY,6056.6,6024.05,6081.3,6057.5,0.0061,0.0069,0.0069,0.1316
2013-01-16,BANKNIFTY,12638.5,12855.4,12678.15,12910.4,0.0093,0.0097,0.0097,0.1859
2013-01-16,NIFTY,6001.85,6056.6,6019.25,6081.3,0.0063,0.0071,0.0071,0.1363
2013-01-17,BANKNIFTY,12649.6,12638.5,12690.1,12678.15,0.009,0.0094,0.0094,0.1803
2013-01-17,NIFTY,6039.2,6001.85,6054.45,6019.25,0.0063,0.0071,0.0071,0.1349
2013-01-18,BANKNIFTY,12680.0,12649.6,12712.8,12690.1,0.0088,0.0092,0.0092,0.175
2013-01-18,NIFTY,6064.4,6039.2,6074.85,6054.45,0.0062,0.0069,0.0069,0.1318
2013-01-21,BANKNIFTY,12651.35,12680.0,12686.2,12712.8,0.0085,0.0089,0.0089,0.1699
2013-01-21,NIFTY,6082.3,6064.4,6096.45,6074.85,0.006,0.0067,0.0067,0.1288
2013-01-22,BANKNIFTY,12574.35,12651.35,12604.6,12686.2,0.0084,0.0088,0.0088,0.1675
2013-01-22,NIFTY,6048.5,6082.3,6061.55,6096.45,0.006,0.0067,0.0067,0.1278
2013-01-23,BANKNIFTY,12635.2,12574.35,12668.7,12604.6,0.0082,0.0086,0.0086,0.1641
2013-01-23,NIFTY,6054.3,6048.5,6069.15,6061.55,0.0058,0.0065,0.0065,0.124
2013-01-24,BANKNIFTY,12561.4,12635.2,12564.25,12668.7,0.0081,0.0086,0.0086,0.1637
2013-01-24,NIFTY,6019.35,6054.3,6019.75,6069.15,0.0058,0.0066,0.0066,0.1262
2013-01-25,BANKNIFTY,12693.25,12561.4,12709.25,12564.25,0.0083,0.0088,0.0088,0.1676
2013-01-25,NIFTY,6074.65,6019.35,6073.7,6019.75,0.0061,0.0068,0.0068,0.1293
2013-01-28,BANKNIFTY,12781.35,12693.25,12781.05,12709.25,0.0082,0.0086,0.0086,0.1646
2013-01-28,NIFTY,6074.8,6074.65,6077.2,6073.7,0.0059,0.0066,0.0066,0.1254
2013-01-29,BANKNIFTY,12722.8,12781.35,12728.8,12781.05,0.008,0.0084,0.0084,0.1607
2013-01-29,NIFTY,6049.9,6074.8,6049.4,6077.2,0.0058,0.0065,0.0065,0.1234
2013-01-30,BANKNIFTY,12767.5,12722.8,12782.15,12728.8,0.0078,0.0082,0.0082,0.1571
2013-01-30,NIFTY,6055.75,6049.9,6060.3,6049.4,0.0056,0.0063,0.0063,0.12
2013-01-31,BANKNIFTY,12708.6,12767.5,12708.6,12782.15,0.0077,0.0081,0.0081,0.1547
2013-01-31,NIFTY,6034.75,6055.75,6034.75,6060.3,0.0055,0.0062,0.0062,0.118
2013-02-01,BANKNIFTY,12606.25,12708.6,12684.95,12708.6,0.0077,0.0079,0.0079,0.1502
2013-02-01,NIFTY,5998.9,6034.75,6036.1,6034.75,0.0056,0.006,0.006,0.1144
2013-02-04,BANKNIFTY,12548.35,12606.25,12584.0,12684.95,0.0075,0.0079,0.0079,0.1504
2013-02-04,NIFTY,5987.25,5998.9,5996.3,6036.1,0.0054,0.006,0.006,0.1151
2013-02-05,BANKNIFTY,12467.75,12548.35,12523.4,12584.0,0.0075,0.0077,0.0077,0.1475
2013-02-05,NIFTY,5956.9,5987.25,5974.45,5996.3,0.0054,0.0059,0.0059,0.1129
2013-02-06,BANKNIFTY,12417.7,12467.75,12467.2,12523.4,0.0073,0.0076,0.0076,0.1446
2013-02-06,NIFTY,5959.2,5956.9,5972.9,5974.45,0.0052,0.0057,0.0057,0.1095
2013-02-07,BANKNIFTY,12349.3,12417.7,12418.05,12467.2,0.0072,0.0074,0.0074,0.1414
2013-02-07,NIFTY,5938.8,5959.2,5961.1,5972.9,0.0051,0.0056,0.0056,0.1066
2013-02-08,BANKNIFTY,12280.15,12349.3,12348.3,12418.05,0.0071,0.0073,0.0073,0.1396
2013-02-08,NIFTY,5903.5,5938.8,5921.8,5961.1,0.0052,0.0056,0.0056,0.1079
2013-02-11,BANKNIFTY,12333.0,12280.15,12388.2,12348.3,0.007,0.0071,0.0071,0.1362
2013-02-11,NIFTY,5897.85,5903.5,5921.35,5921.8,0.005,0.0055,0.0055,0.1046
2013-02-12,BANKNIFTY,12405.25,12333.0,12457.75,12388.2,0.0069,0.007,0.007,0.1346
2013-02-12,NIFTY,5922.5,5897.85,5941.4,5921.35,0.005,0.0054,0.0054,0.1026
2013-02-13,BANKNIFTY,12385.1,12405.25,12396.75,12457.75,0.0067,0.0069,0.0069,0.1325
2013-02-13,NIFTY,5932.95,5922.5,5936.55,5941.4,0.0049,0.0052,0.0052,0.0996
2013-02-14,BANKNIFTY,12311.3,12385.1,12341.2,12396.75,0.0067,0.0068,0.0068,0.1302
2013-02-14,NIFTY,5896.95,5932.95,5900.2,5936.55,0.0049,0.0053,0.0053,0.1007
2013-02-15,BANKNIFTY,12336.55,12311.3,12381.4,12341.2,0.0065,0.0067,0.0067,0.1271
2013-02-15,NIFTY,5887.4,5896.95,5892.65,5900.2,0.0048,0.0051,0.0051,0.0978
2013-02-18,BANKNIFTY,12347.2,12336.55,12375.6,12381.4,0.0063,0.0065,0.0065,0.1232
2013-02-18,NIFTY,5898.2,5887.4,5904.6,5892.65,0.0047,0.005,0.005,0.0953
2013-02-19,BANKNIFTY,12413.65,12347.2,12448.9,12375.6,0.0063,0.0064,0.0064,0.1227
2013-02-19,NIFTY,5939.7,5898.2,5953.4,5904.6,0.0049,0.0052,0.0052,0.1001
2013-02-20,BANKNIFTY,12363.7,12413.65,12412.7,12448.9,0.0061,0.0063,0.0063,0.1197
2013-02-20,NIFTY,5943.05,5939.7,5963.85,5953.4,0.0047,0.0051,0.0051,0.0974
2013-02-21,BANKNIFTY,12055.5,12363.7,12080.9,12412.7,0.0086,0.009,0.009,0.1719
2013-02-21,NIFTY,5852.25,5943.05,5853.45,5963.85,0.0059,0.0067,0.0067,0.1287
2013-02-22,BANKNIFTY,12068.95,12055.5,12100.5,12080.9,0.0083,0.0087,0.0087,0.1668
2013-02-22,NIFTY,5850.3,5852.25,5853.95,5853.45,0.0057,0.0065,0.0065,0.1248
2013-02-25,BANKNIFTY,12037.3,12068.95,12052.9,12100.5,0.0081,0.0085,0.0085,0.1628
2013-02-25,NIFTY,5854.75,5850.3,5857.8,5853.95,0.0056,0.0063,0.0063,0.121
2013-02-26,BANKNIFTY,11844.85,12037.3,11848.1,12052.9,0.0088,0.0093,0.0093,0.177
2013-02-26,NIFTY,5761.35,5854.75,5767.0,5857.8,0.0067,0.0072,0.0072,0.1383
2013-02-27,BANKNIFTY,11930.5,11844.85,11935.1,11848.1,0.0087,0.0092,0.0092,0.175
2013-02-27,NIFTY,5796.9,5761.35,5797.9,5767.0,0.0067,0.0071,0.0071,0.1364
2013-02-28,BANKNIFTY,11487.35,11930.5,11487.35,11935.1,0.0125,0.0129,0.0129,0.2466
2013-02-28,NIFTY,5693.05,5796.9,5693.05,5797.9,0.0078,0.0082,0.0082,0.1574
2013-03-01,BANKNIFTY,11540.05,11487.35,11578.45,11487.35,0.0122,0.0127,0.0127,0.2419
2013-03-01,NIFTY,5719.7,5693.05,5729.95,5693.05,0.0077,0.0081,0.0081,0.1556
2013-03-04,BANKNIFTY,11575.6,11540.05,11623.95,11578.45,0.0119,0.0123,0.0123,0.2353
2013-03-04,NIFTY,5698.5,5719.7,5716.85,5729.95,0.0075,0.0079,0.0079,0.1512
2013-03-05,BANKNIFTY,11792.05,11575.6,11840.25,11623.95,0.0124,0.0128,0.0128,0.2439
2013-03-05,NIFTY,5784.25,5698.5,5802.8,5716.85,0.0081,0.0085,0.0085,0.1624
2013-03-06,BANKNIFTY,11876.2,11792.05,11922.35,11840.25,0.0121,0.0125,0.0125,0.2387
2013-03-06,NIFTY,5818.6,5784.25,5841.35,5802.8,0.008,0.0084,0.0084,0.1605
2013-03-07,BANKNIFTY,11970.25,11876.2,12026.75,11922.35,0.0119,0.0123,0.0123,0.235
2013-03-07,NIFTY,5863.3,5818.6,5889.4,5841.35,0.008,0.0084,0.0084,0.1602
2013-03-08,BANKNIFTY,12197.25,11970.25,12243.05,12026.75,0.0124,0.0127,0.0127,0.2426
2013-03-08,NIFTY,5945.7,5863.3,5968.3,5889.4,0.0085,0.0088,0.0088,0.1674
2013-03-11,BANKNIFTY,12165.4,12197.25,12194.65,12243.05,0.0121,0.0123,0.0123,0.2359
2013-03-11,NIFTY,5942.35,5945.7,5957.4,5968.3,0.0082,0.0085,0.0085,0.1625
2013-03-12,BANKNIFTY,12054.5,12165.4,12104.15,12194.65,0.0119,0.0121,0.0121,0.2314
2013-03-12,NIFTY,5914.1,5942.35,5937.25,5957.4,0.0081,0.0083,0.0083,0.1583
2013-03-13,BANKNIFTY,11777.5,12054.5,11823.95,12104.15,0.0129,0.0131,0.0131,0.2497
2013-03-13,NIFTY,5851.2,5914.1,5867.75,5937.25,0.0082,0.0085,0.0085,0.1631
2013-03-14,BANKNIFTY,12020.75,11777.5,12090.4,11823.95,0.0134,0.0138,0.0138,0.2636
2013-03-14,NIFTY,5908.95,5851.2,5939.75,5867.75,0.0083,0.0088,0.0088,0.1681
2013-03-15,BANKNIFTY,11816.55,12020.75,11879.35,12090.4,0.0137,0.0141,0.0141,0.2685
2013-03-15,NIFTY,5872.6,5908.95,5897.1,5939.75,0.0082,0.0087,0.0087,0.1665
2013-03-18,BANKNIFTY,11735.5,11816.55,11794.4,11879.35,0.0134,0.0137,0.0137,0.2625
2013-03-18,NIFTY,5835.25,5872.6,5851.4,5897.1,0.0081,0.0087,0.0087,0.1654
2013-03-19,BANKNIFTY,11508.05,11735.5,11532.95,11794.4,0.0138,0.0144,0.0144,0.2753
2013-03-19,NIFTY,5745.95,5835.25,5751.9,5851.4,0.0087,0.0094,0.0094,0.1794
2013-03-20,BANKNIFTY,11254.85,11508.05,11297.75,11532.95,0.0145,0.0149,0.0149,0.2838
2013-03-20,NIFTY,5694.4,5745.95,5715.5,5751.9,0.0088,0.0092,0.0092,0.1764
2013-03-21,BANKNIFTY,11238.35,11254.85,11249.65,11297.75,0.014,0.0144,0.0144,0.2759
2013-03-21,NIFTY,5658.75,5694.4,5664.45,5715.5,0.0086,0.0092,0.0092,0.1761
2013-03-22,BANKNIFTY,11204.05,11238.35,11237.15,11249.65,0.0136,0.014,0.014,0.2675
2013-03-22,NIFTY,5651.35,5658.75,5668.4,5664.45,0.0084,0.0089,0.0089,0.1708
2013-03-25,BANKNIFTY,11125.65,11204.05,11144.1,11237.15,0.0133,0.0137,0.0137,0.2623
2013-03-25,NIFTY,5633.85,5651.35,5645.05,5668.4,0.0081,0.0087,0.0087,0.1667
2013-03-26,BANKNIFTY,11163.45,11125.65,11158.8,11144.1,0.013,0.0133,0.0133,0.2543
2013-03-26,NIFTY,5641.6,5633.85,5640.35,5645.05,0.0079,0.0085,0.0085,0.1617
2013-03-28,BANKNIFTY,11361.85,11163.45,11361.85,11158.8,0.0133,0.0136,0.0136,0.2606
2013-03-28,NIFTY,5682.55,5641.6,5682.55,5640.35,0.0079,0.0084,0.0084,0.1606
2013-04-01,BANKNIFTY,11425.55,11361.85,11480.6,11361.85,0.0129,0.0135,0.0135,0.2573
2013-04-01,NIFTY,5704.4,5682.55,5726.55,5682.55,0.0077,0.0084,0.0084,0.1598
2013-04-02,BANKNIFTY,11523.4,11425.55,11574.2,11480.6,0.0127,0.0132,0.0132,0.2524
2013-04-02,NIFTY,5748.1,5704.4,5766.6,5726.55,0.0077,0.0083,0.0083,0.1583
2013-04-03,BANKNIFTY,11344.1,11523.4,11383.2,11574.2,0.0129,0.0134,0.0134,0.2568
2013-04-03,NIFTY,5672.9,5748.1,5688.1,5766.6,0.0081,0.0087,0.0087,0.1664
2013-04-04,BANKNIFTY,11126.25,11344.1,11173.6,11383.2,0.0134,0.0138,0.0138,0.2637
2013-04-04,NIFTY,5574.75,5672.9,5593.2,5688.1,0.009,0.0094,0.0094,0.1795
2013-04-05,BANKNIFTY,11098.95,11126.25,11142.4,11173.6,0.013,0.0134,0.0134,0.256
2013-04-05,NIFTY,5553.25,5574.75,5572.05,5593.2,0.0087,0.0092,0.0092,0.1749
2013-04-08,BANKNIFTY,11012.65,11098.95,11047.15,11142.4,0.0128,0.0132,0.0132,0.2514
2013-04-08,NIFTY,5542.95,5553.25,5559.0,5572.05,0.0085,0.0089,0.0089,0.17
2013-04-09,BANKNIFTY,10929.15,11012.65,10944.95,11047.15,0.0125,0.013,0.013,0.2476
2013-04-09,NIFTY,5495.1,5542.95,5500.85,5559.0,0.0085,0.009,0.009,0.172
2013-04-10,BANKNIFTY,11122.25,10929.15,11140.55,10944.95,0.0129,0.0133,0.0133,0.254
2013-04-10,NIFTY,5558.7,5495.1,5563.85,5500.85,0.0087,0.0092,0.0092,0.175
2013-04-11,BANKNIFTY,11306.5,11122.25,11309.35,11140.55,0.0131,0.0134,0.0134,0.2561
2013-04-11,NIFTY,5594.0,5558.7,5594.8,5563.85,0.0086,0.009,0.009,0.1717
2013-04-12,BANKNIFTY,11410.1,11306.5,11401.5,11309.35,0.0129,0.0131,0.0131,0.2512
2013-04-12,NIFTY,5528.55,5594.0,5535.2,5594.8,0.0088,0.0091,0.0091,0.1738
2013-04-15,BANKNIFTY,11526.25,11410.1,11546.45,11401.5,0.0127,0.0131,0.0131,0.2506
2013-04-15,NIFTY,5568.4,5528.55,5568.05,5535.2,0.0087,0.0089,0.0089,0.1708
2013-04-16,BANKNIFTY,11871.6,11526.25,11868.95,11546.45,0.0143,0.0144,0.0144,0.2751
2013-04-16,NIFTY,5688.95,5568.4,5696.35,5568.05,0.0099,0.0103,0.0103,0.1969
2013-04-17,BANKNIFTY,11981.05,11871.6,11975.3,11868.95,0.0141,0.0141,0.0141,0.2699
2013-04-17,NIFTY,5688.7,5688.95,5694.2,5696.35,0.0096,0.01,0.01,0.191
2013-04-18,BANKNIFTY,12288.25,11981.05,12265.4,11975.3,0.015,0.0149,0.015,0.2862
2013-04-18,NIFTY,5783.1,5688.7,5783.0,5694.2,0.0102,0.0104,0.0104,0.1988
2013-04-22,BANKNIFTY,12576.2,12288.25,12567.85,12265.4,0.0156,0.0156,0.0156,0.2986
2013-04-22,NIFTY,5834.4,5783.1,5832.85,5783.0,0.0101,0.0103,0.0103,0.1969
2013-04-23,BANKNIFTY,12543.4,12576.2,12553.55,12567.85,0.0151,0.0152,0.0152,0.2896
2013-04-23,NIFTY,5836.9,5834.4,5843.0,5832.85,0.0098,0.01,0.01,0.191
2013-04-25,BANKNIFTY,12726.85,12543.4,12726.85,12553.55,0.0151,0.0151,0.0151,0.2884
2013-04-25,NIFTY,5916.3,5836.9,5916.3,5843.0,0.0101,0.0102,0.0102,0.1942
2013-04-26,BANKNIFTY,12533.15,12726.85,12504.65,12726.85,0.0151,0.0152,0.0152,0.2911
2013-04-26,NIFTY,5871.45,5916.3,5887.75,5916.3,0.0099,0.0099,0.0099,0.1897
2013-04-29,BANKNIFTY,12609.15,12533.15,12583.45,12504.65,0.0147,0.0149,0.0149,0.2838
2013-04-29,NIFTY,5904.1,5871.45,5918.2,5887.75,0.0097,0.0097,0.0097,0.1857
2013-04-30,BANKNIFTY,12561.55,12609.15,12495.4,12583.45,0.0143,0.0145,0.0145,0.2771
2013-04-30,NIFTY,5930.2,5904.1,5929.0,5918.2,0.0095,0.0094,0.0095,0.1813
2013-05-02,BANKNIFTY,12709.95,12561.55,12673.35,12495.4,0.0142,0.0145,0.0145,0.2767
2013-05-02,NIFTY,5999.35,5930.2,6007.4,5929.0,0.0096,0.0097,0.0097,0.185
2013-05-03,BANKNIFTY,12393.6,12709.95,12337.45,12673.35,0.0151,0.0155,0.0155,0.2963
2013-05-03,NIFTY,5944.0,5999.35,5948.25,6007.4,0.0096,0.0097,0.0097,0.1853
2013-05-06,BANKNIFTY,12396.4,12393.6,12340.1,12337.45,0.0146,0.015,0.015,0.2872
2013-05-06,NIFTY,5971.05,5944.0,5971.3,5948.25,0.0094,0.0094,0.0094,0.1805
2013-05-07,BANKNIFTY,12631.5,12396.4,12596.6,12340.1,0.0149,0.0154,0.0154,0.2947
2013-05-07,NIFTY,6043.55,5971.05,6050.3,5971.3,0.0096,0.0097,0.0097,0.1855
2013-05-08,BANKNIFTY,12643.05,12631.5,12604.3,12596.6,0.0144,0.015,0.015,0.2857
2013-05-08,NIFTY,6069.3,6043.55,6075.2,6050.3,0.0093,0.0095,0.0095,0.1809
2013-05-09,BANKNIFTY,12596.3,12643.05,12529.45,12604.3,0.014,0.0146,0.0146,0.2784
2013-05-09,NIFTY,6050.15,6069.3,6048.95,6075.2,0.0091,0.0092,0.0092,0.1766
2013-05-10,BANKNIFTY,12752.3,12596.3,12724.85,12529.45,0.0139,0.0146,0.0146,0.2795
2013-05-10,NIFTY,6094.75,6050.15,6108.35,6048.95,0.009,0.0093,0.0093,0.1772
2013-05-13,BANKNIFTY,12568.85,12780.15,12531.5,12749.6,0.0137,0.0144,0.0144,0.275
2013-05-13,NIFTY,5980.45,6107.25,5994.45,6118.7,0.0099,0.0101,0.0101,0.1924
2013-05-14,BANKNIFTY,12583.6,12568.85,12531.4,12531.5,0.0133,0.014,0.014,0.2666
2013-05-14,NIFTY,5995.4,5980.45,6006.0,5994.45,0.0096,0.0098,0.0098,0.1867
2013-05-15,BANKNIFTY,13077.9,12583.6,13042.45,12531.4,0.016,0.0167,0.0167,0.319
2013-05-15,NIFTY,6146.75,5995.4,6161.5,6006.0,0.0111,0.0114,0.0114,0.217
2013-05-16,BANKNIFTY,13239.45,13077.9,13175.1,13042.45,0.0158,0.0164,0.0164,0.3129
2013-05-16,NIFTY,6169.9,6146.75,6178.05,6161.5,0.0108,0.011,0.011,0.2108
2013-05-17,BANKNIFTY,13317.1,13239.45,13265.95,13175.1,0.0154,0.016,0.016,0.3051
2013-05-17,NIFTY,6187.3,6169.9,6196.1,6178.05,0.0105,0.0107,0.0107,0.2048
2013-05-20,BANKNIFTY,13181.5,13317.1,13130.95,13265.95,0.0151,0.0157,0.0157,0.2997
2013-05-20,NIFTY,6156.9,6187.3,6164.85,6196.1,0.0103,0.0105,0.0105,0.2
2013-05-21,BANKNIFTY,13066.5,13181.5,13011.45,13130.95,0.0148,0.0154,0.0154,0.2937
2013-05-21,NIFTY,6114.1,6156.9,6116.9,6164.85,0.0101,0.0103,0.0103,0.1973
2013-05-22,BANKNIFTY,13008.25,13066.5,12963.45,13011.45,0.0144,0.0149,0.0149,0.2852
2013-05-22,NIFTY,6094.5,6114.1,6104.05,6116.9,0.0098,0.01,0.01,0.1915
2013-05-23,BANKNIFTY,12636.5,13008.25,12592.05,12963.45,0.0157,0.0161,0.0161,0.3082
2013-05-23,NIFTY,5967.05,6094.5,5966.1,6104.05,0.0109,0.0112,0.0112,0.2143
2013-05-24,BANKNIFTY,12769.35,12636.5,12706.6,12592.05,0.0154,0.0158,0.0158,0.3018
2013-05-24,NIFTY,5983.55,5967.05,5985.4,5966.1,0.0105,0.0109,0.0109,0.2083
2013-05-27,BANKNIFTY,12961.55,12769.35,12910.8,12706.6,0.0154,0.0158,0.0158,0.302
2013-05-27,NIFTY,6083.15,5983.55,6083.45,5985.4,0.011,0.0113,0.0113,0.2158
2013-05-28,BANKNIFTY,12950.0,12961.55,12899.1,12910.8,0.0149,0.0153,0.0153,0.2928
2013-05-28,NIFTY,6111.25,6083.15,6109.4,6083.45,0.0107,0.011,0.011,0.2102
2013-05-29,BANKNIFTY,12853.2,12950.0,12797.7,12899.1,0.0146,0.015,0.015,0.2863
2013-05-29,NIFTY,6104.3,6111.25,6090.25,6109.4,0.0104,0.0107,0.0107,0.2043
2013-05-30,BANKNIFTY,12805.9,12853.2,12805.9,12797.7,0.0142,0.0145,0.0145,0.2776
2013-05-30,NIFTY,6124.05,6104.3,6124.05,6090.25,0.0101,0.0105,0.0105,0.1998
2013-05-31,BANKNIFTY,12475.65,12805.9,12484.05,12805.9,0.0151,0.0154,0.0154,0.2943
2013-05-31,NIFTY,5985.95,6124.05,6000.05,6124.05,0.0113,0.0113,0.0113,0.2161
2013-06-03,BANKNIFTY,12402.1,12475.65,12417.5,12484.05,0.0148,0.015,0.015,0.2864
2013-06-03,NIFTY,5939.3,5985.95,5959.2,6000.05,0.0111,0.0111,0.0111,0.2122
2013-06-04,BANKNIFTY,12275.1,12402.1,12287.3,12417.5,0.0145,0.0148,0.0148,0.282
2013-06-04,NIFTY,5919.45,5939.3,5932.35,5959.2,0.0108,0.0108,0.0108,0.2065
2013-06-05,BANKNIFTY,12289.35,12275.1,12310.3,12287.3,0.0141,0.0143,0.0143,0.2736
2013-06-05,NIFTY,5923.85,5919.45,5938.3,5932.35,0.0105,0.0105,0.0105,0.2003
2013-06-06,BANKNIFTY,12398.4,12289.35,12403.55,12310.3,0.0138,0.014,0.014,0.2676
2013-06-06,NIFTY,5921.4,5923.85,5936.85,5938.3,0.0102,0.0102,0.0102,0.1942
2013-06-07,BANKNIFTY,12231.5,12398.4,12227.35,12403.55,0.0138,0.014,0.014,0.2679
2013-06-07,NIFTY,5881.0,5921.4,5895.2,5936.85,0.01,0.01,0.01,0.1911
2013-06-10,BANKNIFTY,12087.05,12231.5,12094.9,12227.35,0.0137,0.0139,0.0139,0.2647
2013-06-10,NIFTY,5878.0,5881.0,5893.35,5895.2,0.0097,0.0097,0.0097,0.1853
2013-06-11,BANKNIFTY,11820.5,12087.05,11820.05,12094.9,0.0144,0.0146,0.0146,0.2783
2013-06-11,NIFTY,5788.8,5878.0,5801.65,5893.35,0.0101,0.0102,0.0102,0.1941
2013-06-12,BANKNIFTY,11814.85,11820.5,11814.35,11820.05,0.0139,0.0141,0.0141,0.2698
2013-06-12,NIFTY,5760.2,5788.8,5771.9,5801.65,0.0099,0.0099,0.0099,0.1897
2013-06-13,BANKNIFTY,11686.75,11814.85,11719.8,11814.35,0.0138,0.0138,0.0138,0.2643
2013-06-13,NIFTY,5699.1,5760.2,5705.45,5771.9,0.0099,0.01,0.01,0.1917
2013-06-14,BANKNIFTY,11922.85,11686.75,11931.8,11719.8,0.0142,0.0141,0.0142,0.2716
2013-06-14,NIFTY,5808.4,5699.1,5805.95,5705.45,0.0107,0.0106,0.0107,0.2042
2013-06-17,BANKNIFTY,11971.05,11922.85,11984.45,11931.8,0.0138,0.0137,0.0138,0.264
2013-06-17,NIFTY,5850.05,5808.4,5847.75,5805.95,0.0105,0.0105,0.0105,0.2008
2013-06-18,BANKNIFTY,11820.95,11971.05,11830.4,11984.45,0.0137,0.0137,0.0137,0.2627
2013-06-18,NIFTY,5813.6,5850.05,5812.0,5847.75,0.0103,0.0102,0.0103,0.1968
2013-06-19,BANKNIFTY,11852.65,11820.95,11862.1,11830.4,0.0133,0.0133,0.0133,0.255
2013-06-19,NIFTY,5822.25,5813.6,5822.7,5812.0,0.01,0.0099,0.01,0.191
2013-06-20,BANKNIFTY,11375.4,11852.65,11373.85,11862.1,0.0164,0.0165,0.0165,0.3149
2013-06-20,NIFTY,5655.9,5822.25,5648.45,5822.7,0.012,0.0122,0.0122,0.2327
2013-06-21,BANKNIFTY,11340.15,11375.4,11346.9,11373.85,0.0159,0.016,0.016,0.3055
2013-06-21,NIFTY,5667.65,5655.9,5661.85,5648.45,0.0117,0.0118,0.0118,0.2259
2013-06-24,BANKNIFTY,11178.3,11340.15,11188.25,11346.9,0.0158,0.0159,0.0159,0.3035
2013-06-24,NIFTY,5590.25,5667.65,5588.3,5661.85,0.0118,0.0119,0.0119,0.2274
2013-06-25,BANKNIFTY,11181.05,11178.3,11199.3,11188.25,0.0153,0.0154,0.0154,0.2943
2013-06-25,NIFTY,5609.1,5590.25,5608.3,5588.3,0.0115,0.0116,0.0116,0.2211
2013-06-26,BANKNIFTY,11066.55,11181.05,11074.6,11199.3,0.0151,0.0152,0.0152,0.2901
2013-06-26,NIFTY,5588.7,5609.1,5581.1,5608.3,0.0112,0.0113,0.0113,0.2156
2013-06-27,BANKNIFTY,11235.75,11066.55,11235.75,11074.6,0.0151,0.0151,0.0151,0.2892
2013-06-27,NIFTY,5682.35,5588.7,5682.35,5581.1,0.0116,0.0118,0.0118,0.2253
2013-06-28,BANKNIFTY,11617.25,11235.75,11641.45,11235.75,0.0168,0.0171,0.0171,0.3259
2013-06-28,NIFTY,5842.2,5682.35,5841.45,5682.35,0.0131,0.0133,0.0133,0.2538
2013-07-01,BANKNIFTY,11714.9,11617.25,11739.5,11641.45,0.0164,0.0167,0.0167,0.3184
2013-07-01,NIFTY,5898.85,5842.2,5892.2,5841.45,0.0129,0.0131,0.0131,0.2494
2013-07-02,BANKNIFTY,11614.25,11714.9,11632.45,11739.5,0.016,0.0163,0.0163,0.3116
2013-07-02,NIFTY,5857.55,5898.85,5859.05,5892.2,0.0126,0.0127,0.0127,0.2432
2013-07-03,BANKNIFTY,11357.8,11614.25,11362.45,11632.45,0.0165,0.0168,0.0168,0.3215
2013-07-03,NIFTY,5770.9,5857.55,5767.85,5859.05,0.0128,0.0129,0.0129,0.247
2013-07-04,BANKNIFTY,11381.2,11357.8,11417.15,11362.45,0.016,0.0164,0.0164,0.3125
2013-07-04,NIFTY,5836.95,5770.9,5840.1,5767.85,0.0127,0.0129,0.0129,0.2464
2013-07-05,BANKNIFTY,11434.3,11381.2,11479.75,11417.15,0.0155,0.0159,0.0159,0.3041
2013-07-05,NIFTY,5867.9,5836.95,5874.95,5840.1,0.0124,0.0126,0.0126,0.2405
2013-07-08,BANKNIFTY,11283.3,11434.3,11336.45,11479.75,0.0154,0.0157,0.0157,0.3006
2013-07-08,NIFTY,5811.55,5867.9,5829.25,5874.95,0.0122,0.0124,0.0124,0.2361
2013-07-09,BANKNIFTY,11442.45,11283.3,11482.5,11336.45,0.0153,0.0156,0.0156,0.2976
2013-07-09,NIFTY,5859.0,5811.55,5868.35,5829.25,0.012,0.0121,0.0121,0.231
2013-07-10,BANKNIFTY,11364.45,11442.45,11388.4,11482.5,0.015,0.0152,0.0152,0.2911
2013-07-10,NIFTY,5816.7,5859.0,5822.05,5868.35,0.0118,0.0119,0.0119,0.227
2013-07-11,BANKNIFTY,11655.3,11364.45,11673.9,11388.4,0.0158,0.016,0.016,0.3051
2013-07-11,NIFTY,5935.1,5816.7,5941.35,5822.05,0.0125,0.0125,0.0125,0.2397
2013-07-12,BANKNIFTY,11722.8,11655.3,11740.9,11673.9,0.0153,0.0155,0.0155,0.297
2013-07-12,NIFTY,6009.0,5935.1,6007.25,5941.35,0.0125,0.0125,0.0125,0.238
2013-07-15,BANKNIFTY,11790.25,11722.8,11819.85,11740.9,0.0149,0.0152,0.0152,0.2896
2013-07-15,NIFTY,6030.8,6009.0,6032.6,6007.25,0.0121,0.0121,0.0121,0.2316
2013-07-16,BANKNIFTY,11226.15,11790.25,11255.85,11819.85,0.0188,0.019,0.019,0.3622
2013-07-16,NIFTY,5955.25,6030.8,5969.7,6032.6,0.0121,0.012,0.0121,0.232
2013-07-17,BANKNIFTY,10971.6,11226.15,10978.8,11255.85,0.0191,0.0194,0.0194,0.37
2013-07-17,NIFTY,5973.3,5955.25,5970.85,5969.7,0.0118,0.0117,0.0118,0.2253
2013-07-18,BANKNIFTY,11187.7,10971.6,11206.25,10978.8,0.0191,0.0194,0.0194,0.3714
2013-07-18,NIFTY,6038.05,5973.3,6052.4,5970.85,0.0117,0.0118,0.0118,0.2252
2013-07-19,BANKNIFTY,10973.9,11187.7,10997.6,11206.25,0.0191,0.0194,0.0194,0.3707
2013-07-19,NIFTY,6029.2,6038.05,6042.55,6052.4,0.0114,0.0114,0.0114,0.2185
2013-07-22,BANKNIFTY,11086.95,10973.9,11099.55,10997.6,0.0187,0.0189,0.0189,0.362
2013-07-22,NIFTY,6031.8,6029.2,6043.55,6042.55,0.011,0.0111,0.0111,0.2118
2013-07-23,BANKNIFTY,11239.7,11086.95,11250.8,11099.55,0.0185,0.0187,0.0187,0.3566
2013-07-23,NIFTY,6077.8,6031.8,6087.0,6043.55,0.0109,0.0109,0.0109,0.2081
2013-07-24,BANKNIFTY,10720.15,11239.7,10734.55,11250.8,0.0213,0.0214,0.0214,0.4097
2013-07-24,NIFTY,5990.5,6077.8,6002.7,6087.0,0.0111,0.0111,0.0111,0.2123
2013-07-25,BANKNIFTY,10614.0,10720.15,10614.0,10734.55,0.0208,0.021,0.021,0.4007
2013-07-25,NIFTY,5907.5,5990.5,5907.5,6002.7,0.0113,0.0115,0.0115,0.2188
2013-07-26,BANKNIFTY,10465.25,10614.0,10533.55,10614.0,0.0205,0.0204,0.0205,0.3911
2013-07-26,NIFTY,5886.2,5907.5,5925.25,5907.5,0.011,0.0111,0.0111,0.2126
2013-07-29,BANKNIFTY,10331.0,10465.25,10431.75,10533.55,0.0201,0.0199,0.0201,0.384
2013-07-29,NIFTY,5831.65,5886.2,5877.35,5925.25,0.0109,0.011,0.011,0.2096
2013-07-30,BANKNIFTY,10209.55,10331.0,10301.8,10431.75,0.0197,0.0196,0.0197,0.3764
2013-07-30,NIFTY,5755.05,5831.65,5797.55,5877.35,0.0111,0.0112,0.0112,0.213
2013-07-31,BANKNIFTY,10015.75,10209.55,10115.9,10301.8,0.0197,0.0195,0.0197,0.3758
2013-07-31,NIFTY,5742.0,5755.05,5781.05,5797.55,0.0107,0.0108,0.0108,0.207
2013-08-01,BANKNIFTY,10142.95,10015.75,10207.2,10115.9,0.0193,0.019,0.0193,0.3691
2013-08-01,NIFTY,5727.85,5742.0,5762.05,5781.05,0.0104,0.0105,0.0105,0.2012
2013-08-02,BANKNIFTY,9997.8,10142.95,10060.3,10207.2,0.0191,0.0188,0.0191,0.3641
2013-08-02,NIFTY,5677.9,5727.85,5705.55,5762.05,0.0103,0.0105,0.0105,0.2005
2013-08-05,BANKNIFTY,10094.9,9997.8,10178.05,10060.3,0.0186,0.0184,0.0186,0.3559
2013-08-05,NIFTY,5685.4,5677.9,5723.6,5705.55,0.01,0.0102,0.0102,0.1949
2013-08-06,BANKNIFTY,9703.1,10094.9,9760.1,10178.05,0.0205,0.0206,0.0206,0.3939
2013-08-06,NIFTY,5542.25,5685.4,5573.35,5723.6,0.0115,0.0118,0.0118,0.2263
2013-08-07,BANKNIFTY,9757.25,9703.1,9827.75,9760.1,0.0199,0.0201,0.0201,0.3833
2013-08-07,NIFTY,5519.1,5542.25,5554.15,5573.35,0.0112,0.0115,0.0115,0.22
2013-08-08,BANKNIFTY,9816.4,9757.25,9879.85,9827.75,0.0194,0.0195,0.0195,0.3724
2013-08-08,NIFTY,5565.65,5519.1,5589.7,5554.15,0.0111,0.0113,0.0113,0.2154
2013-08-12,BANKNIFTY,9711.4,9816.4,9741.7,9879.85,0.019,0.0192,0.0192,0.367
2013-08-12,NIFTY,5612.4,5565.65,5621.75,5589.7,0.011,0.011,0.011,0.2105
2013-08-13,BANKNIFTY,9985.65,9711.4,10023.85,9741.7,0.0196,0.0199,0.0199,0.3801
2013-08-13,NIFTY,5699.3,5612.4,5711.35,5621.75,0.0113,0.0114,0.0114,0.2171
2013-08-14,BANKNIFTY,10026.4,9985.65,10039.8,10023.85,0.019,0.0193,0.0193,0.3686
2013-08-14,NIFTY,5742.3,5699.3,5748.3,5711.35,0.0111,0.0111,0.0111,0.2127
2013-08-16,BANKNIFTY,9450.85,10026.4,9450.85,10039.8,0.0235,0.0239,0.0239,0.4558
2013-08-16,NIFTY,5507.85,5742.3,5505.0,5748.3,0.0148,0.0151,0.0151,0.2889
2013-08-19,BANKNIFTY,9145.0,9450.85,9154.55,9450.85,0.0241,0.0244,0.0244,0.4664
2013-08-19,NIFTY,5414.75,5507.85,5416.75,5505.0,0.015,0.0152,0.0152,0.2901
2013-08-20,BANKNIFTY,9218.95,9145.0,9219.6,9154.55,0.0235,0.0237,0.0237,0.4534
2013-08-20,NIFTY,5401.45,5414.75,5398.25,5416.75,0.0145,0.0147,0.0147,0.2818
2013-08-21,BANKNIFTY,9264.4,9218.95,9255.35,9219.6,0.0228,0.023,0.023,0.4399
2013-08-21,NIFTY,5302.55,5401.45,5291.6,5398.25,0.0148,0.0151,0.0151,0.2887
2013-08-22,BANKNIFTY,9268.9,9264.4,9307.6,9255.35,0.0221,0.0224,0.0224,0.4273
2013-08-22,NIFTY,5408.45,5302.55,5414.3,5291.6,0.0151,0.0157,0.0157,0.2998
2013-08-23,BANKNIFTY,9470.1,9268.9,9455.7,9307.6,0.0221,0.022,0.0221,0.4216
2013-08-23,NIFTY,5471.75,5408.45,5460.7,5414.3,0.0149,0.0154,0.0154,0.2934
2013-08-26,BANKNIFTY,9373.55,9470.1,9355.15,9455.7,0.0215,0.0215,0.0215,0.4115
2013-08-26,NIFTY,5476.5,5471.75,5467.1,5460.7,0.0145,0.0149,0.0149,0.2845
2013-08-27,BANKNIFTY,8870.5,9373.55,8864.5,9355.15,0.0249,0.0247,0.0249,0.4752
2013-08-27,NIFTY,5287.45,5476.5,5284.8,5467.1,0.0165,0.0167,0.0167,0.3182
2013-08-28,BANKNIFTY,8760.85,8870.5,8747.2,8864.5,0.0243,0.0242,0.0243,0.4644
2013-08-28,NIFTY,5285.0,5287.45,5288.95,5284.8,0.016,0.0161,0.0161,0.3085
2013-08-29,BANKNIFTY,8904.6,8760.85,8904.6,8747.2,0.0239,0.0238,0.0239,0.4567
2013-08-29,NIFTY,5409.05,5285.0,5409.05,5288.95,0.0165,0.0166,0.0166,0.3171
2013-08-30,BANKNIFTY,9049.2,8904.6,9065.1,8904.6,0.0235,0.0235,0.0235,0.4491
2013-08-30,NIFTY,5471.8,5409.05,5456.75,5409.05,0.0162,0.0162,0.0162,0.3103
2013-09-02,BANKNIFTY,9139.5,9049.2,9189.0,9065.1,0.0229,0.023,0.023,0.44
2013-09-02,NIFTY,5550.75,5471.8,5554.6,5456.75,0.0161,0.0163,0.0163,0.312
2013-09-03,BANKNIFTY,8664.2,9139.5,8689.4,9189.0,0.0258,0.0262,0.0262,0.5005
2013-09-03,NIFTY,5341.45,5550.75,5344.55,5554.6,0.0183,0.0184,0.0184,0.3522
2013-09-04,BANKNIFTY,8845.75,8664.2,8899.15,8689.4,0.0255,0.0261,0.0261,0.4979
2013-09-04,NIFTY,5448.1,5341.45,5458.05,5344.55,0.0184,0.0186,0.0186,0.3553
2013-09-05,BANKNIFTY,9682.4,8845.75,9720.4,8899.15,0.0332,0.0333,0.0333,0.6353
2013-09-05,NIFTY,5592.95,5448.1,5607.15,5458.05,0.0189,0.0192,0.0192,0.3669
2013-09-06,BANKNIFTY,9961.4,9682.4,9982.9,9720.4,0.0329,0.0329,0.0329,0.6291
2013-09-06,NIFTY,5680.4,5592.95,5697.8,5607.15,0.0187,0.019,0.019,0.3635
2013-09-10,BANKNIFTY,10188.25,9961.4,10192.15,9982.9,0.0324,0.0323,0.0324,0.6189
2013-09-10,NIFTY,5896.75,5680.4,5907.15,5697.8,0.0203,0.0205,0.0205,0.3908
2013-09-11,BANKNIFTY,10369.1,10188.25,10409.5,10192.15,0.0317,0.0317,0.0317,0.6063
2013-09-11,NIFTY,5913.15,5896.75,5939.65,5907.15,0.0197,0.0199,0.0199,0.3798
2013-09-12,BANKNIFTY,10158.55,10369.1,10173.5,10409.5,0.0311,0.0313,0.0313,0.5976
2013-09-12,NIFTY,5850.7,5913.15,5860.45,5939.65,0.0193,0.0196,0.0196,0.3735
2013-09-13,BANKNIFTY,10180.45,10158.55,10202.95,10173.5,0.0302,0.0303,0.0303,0.5795
2013-09-13,NIFTY,5850.6,5850.7,5875.9,5860.45,0.0187,0.019,0.019,0.3624
2013-09-16,BANKNIFTY,10368.4,10180.45,10388.7,10202.95,0.0296,0.0297,0.0297,0.5682
2013-09-16,NIFTY,5840.55,5850.6,5862.25,5875.9,0.0182,0.0184,0.0184,0.3515
2013-09-17,BANKNIFTY,10279.6,10368.4,10331.95,10388.7,0.0288,0.0289,0.0289,0.5515
2013-09-17,NIFTY,5850.2,5840.55,5880.5,5862.25,0.0176,0.0179,0.0179,0.3411
2013-09-18,BANKNIFTY,10447.85,10279.6,10499.6,10331.95,0.0282,0.0283,0.0283,0.5399
2013-09-18,NIFTY,5899.45,5850.2,5931.45,5880.5,0.0172,0.0174,0.0174,0.3332
2013-09-19,BANKNIFTY,11148.65,10447.85,11214.1,10499.6,0.0316,0.0318,0.0318,0.6074
2013-09-19,NIFTY,6115.55,5899.45,6145.75,5931.45,0.0189,0.019,0.019,0.3632
2013-09-20,BANKNIFTY,10686.8,11148.65,10722.3,11214.1,0.0324,0.0327,0.0327,0.6252
2013-09-20,NIFTY,6012.1,6115.55,6037.5,6145.75,0.0187,0.0189,0.0189,0.3618
2013-09-23,BANKNIFTY,10211.7,10686.8,10244.45,10722.3,0.0333,0.0336,0.0336,0.6426
2013-09-23,NIFTY,5889.75,6012.1,5914.4,6037.5,0.0189,0.019,0.019,0.3638
2013-09-24,BANKNIFTY,10175.9,10211.7,10203.4,10244.45,0.0323,0.0326,0.0326,0.6233
2013-09-24,NIFTY,5892.45,5889.75,5914.35,5914.4,0.0183,0.0185,0.0185,0.3527
2013-09-25,BANKNIFTY,10081.7,10175.9,10102.4,10203.4,0.0314,0.0317,0.0317,0.6061
2013-09-25,NIFTY,5873.85,5892.45,5889.0,5914.35,0.0177,0.0179,0.0179,0.3426
2013-09-26,BANKNIFTY,10098.25,10081.7,10098.25,10102.4,0.0304,0.0308,0.0308,0.5876
2013-09-26,NIFTY,5882.25,5873.85,5882.25,5889.0,0.0172,0.0174,0.0174,0.3322
2013-09-27,BANKNIFTY,9899.75,10098.25,9993.25,10098.25,0.0299,0.0299,0.0299,0.5718
2013-09-27,NIFTY,5833.2,5882.25,5888.15,5882.25,0.0168,0.0169,0.0169,0.3221
2013-09-30,BANKNIFTY,9617.8,9899.75,9700.6,9993.25,0.0299,0.0299,0.0299,0.5716
2013-09-30,NIFTY,5735.3,5833.2,5791.45,5888.15,0.0168,0.0168,0.0168,0.3218
2013-10-01,BANKNIFTY,9883.3,9617.8,9959.75,9700.6,0.0297,0.0297,0.0297,0.5678
2013-10-01,NIFTY,5780.05,5735.3,5828.45,5791.45,0.0164,0.0164,0.0164,0.3137
2013-10-03,BANKNIFTY,10222.95,9883.3,10318.05,9959.75,0.03,0.0301,0.0301,0.5748
2013-10-03,NIFTY,5909.7,5780.05,5966.8,5828.45,0.0168,0.0169,0.0169,0.3231
2013-10-04,BANKNIFTY,10197.15,10222.95,10261.35,10318.05,0.0291,0.0292,0.0292,0.5579
2013-10-04,NIFTY,5907.3,5909.7,5950.9,5966.8,0.0163,0.0164,0.0164,0.3135
2013-10-07,BANKNIFTY,10082.1,10197.15,10141.85,10261.35,0.0283,0.0285,0.0285,0.5436
2013-10-07,NIFTY,5906.15,5907.3,5943.2,5950.9,0.0158,0.0159,0.0159,0.304
2013-10-08,BANKNIFTY,10141.45,10082.1,10197.1,10141.85,0.0275,0.0276,0.0276,0.5277
2013-10-08,NIFTY,5928.4,5906.15,5959.45,5943.2,0.0154,0.0154,0.0154,0.295
2013-10-09,BANKNIFTY,10334.95,10141.45,10400.0,10197.1,0.027,0.0272,0.0272,0.5199
2013-10-09,NIFTY,6007.45,5928.4,6048.5,5959.45,0.0152,0.0154,0.0154,0.2943
2013-10-10,BANKNIFTY,10288.95,10334.95,10363.6,10400.0,0.0262,0.0264,0.0264,0.5043
2013-10-10,NIFTY,6020.95,6007.45,6059.8,6048.5,0.0148,0.0149,0.0149,0.2855
2013-10-11,BANKNIFTY,10622.15,10288.95,10675.35,10363.6,0.0266,0.0266,0.0266,0.5085
2013-10-11,NIFTY,6096.2,6020.95,6130.5,6059.8,0.0147,0.0148,0.0148,0.282
2013-10-14,BANKNIFTY,10665.25,10622.15,10711.85,10675.35,0.0258,0.0258,0.0258,0.4934
2013-10-14,NIFTY,6112.7,6096.2,6143.35,6130.5,0.0142,0.0143,0.0143,0.2736
2013-10-15,BANKNIFTY,10389.25,10665.25,10427.2,10711.85,0.0258,0.0259,0.0259,0.4943
2013-10-15,NIFTY,6089.05,6112.7,6110.65,6143.35,0.0138,0.0139,0.0139,0.2665
2013-10-17,BANKNIFTY,10336.55,10389.25,10374.45,10427.2,0.0251,0.0251,0.0251,0.4798
2013-10-17,NIFTY,6045.85,6089.05,6071.0,6110.65,0.0135,0.0136,0.0136,0.2601
2013-10-18,BANKNIFTY,10744.9,10336.55,10803.05,10374.45,0.0261,0.0263,0.0263,0.5023
2013-10-18,NIFTY,6189.35,6045.85,6210.45,6071.0,0.0143,0.0143,0.0143,0.2737
2013-10-21,BANKNIFTY,10797.55,10744.9,10837.6,10803.05,0.0253,0.0255,0.0255,0.4872
2013-10-21,NIFTY,6204.95,6189.35,6226.15,6210.45,0.0139,0.0139,0.0139,0.2656
2013-10-22,BANKNIFTY,10809.1,10797.55,10851.55,10837.6,0.0246,0.0247,0.0247,0.4724
2013-10-22,NIFTY,6202.8,6204.95,6222.65,6226.15,0.0135,0.0135,0.0135,0.2575
2013-10-23,BANKNIFTY,10880.65,10809.1,10916.15,10851.55,0.0239,0.024,0.024,0.4589
2013-10-23,NIFTY,6178.35,6202.8,6190.3,6222.65,0.0131,0.0131,0.0131,0.2509
2013-10-24,BANKNIFTY,10902.45,10880.65,10917.05,10916.15,0.0232,0.0233,0.0233,0.4449
2013-10-24,NIFTY,6164.35,6178.35,6173.8,6190.3,0.0127,0.0127,0.0127,0.2436
2013-10-25,BANKNIFTY,10896.5,10902.45,10908.15,10917.05,0.0225,0.0226,0.0226,0.4314
2013-10-25,NIFTY,6144.9,6164.35,6151.55,6173.8,0.0123,0.0124,0.0124,0.2367
2013-10-28,BANKNIFTY,10773.2,10896.5,10775.75,10908.15,0.0219,0.0221,0.0221,0.4221
2013-10-28,NIFTY,6101.1,6144.9,6105.3,6151.55,0.0121,0.0122,0.0122,0.2322
2013-10-29,BANKNIFTY,11241.65,10773.2,11249.1,10775.75,0.0237,0.0239,0.0239,0.456
2013-10-29,NIFTY,6220.9,6101.1,6228.95,6105.3,0.0127,0.0128,0.0128,0.2439
2013-10-30,BANKNIFTY,11249.35,11241.65,11249.7,11249.1,0.023,0.0231,0.0231,0.4421
2013-10-30,NIFTY,6251.7,6220.9,6250.9,6228.95,0.0123,0.0124,0.0124,0.2371
2013-10-31,BANKNIFTY,11473.15,11249.35,11473.15,11249.7,0.0228,0.0229,0.0229,0.4384
2013-10-31,NIFTY,6299.15,6251.7,6299.15,6250.9,0.0121,0.0122,0.0122,0.2326
2013-11-01,BANKNIFTY,11628.65,11473.15,11731.3,11473.15,0.0223,0.0229,0.0229,0.4376
2013-11-01,NIFTY,6307.2,6299.15,6358.7,6299.15,0.0117,0.012,0.012,0.2298
2013-11-05,BANKNIFTY,11498.9,11614.05,11594.35,11684.95,0.0211,0.0216,0.0216,0.4134
2013-11-05,NIFTY,6253.15,6317.35,6298.8,6353.05,0.0113,0.0115,0.0115,0.2198
2013-11-06,BANKNIFTY,11292.55,11498.9,11376.75,11594.35,0.021,0.0215,0.0215,0.4105
2013-11-06,NIFTY,6215.15,6253.15,6259.15,6298.8,0.0111,0.0113,0.0113,0.2151
2013-11-07,BANKNIFTY,11054.9,11292.55,11148.3,11376.75,0.021,0.0214,0.0214,0.4091
2013-11-07,NIFTY,6187.25,6215.15,6227.3,6259.15,0.0108,0.011,0.011,0.2099
2013-11-08,BANKNIFTY,10913.15,11054.9,10988.4,11148.3,0.0206,0.0211,0.0211,0.4024
2013-11-08,NIFTY,6140.75,6187.25,6186.6,6227.3,0.0106,0.0108,0.0108,0.2058
2013-11-11,BANKNIFTY,10758.45,10913.15,10840.7,10988.4,0.0203,0.0207,0.0207,0.3952
2013-11-11,NIFTY,6078.8,6140.75,6126.85,6186.6,0.0106,0.0107,0.0107,0.2047
2013-11-12,BANKNIFTY,10583.05,10758.45,10685.3,10840.7,0.0201,0.0204,0.0204,0.3891
2013-11-12,NIFTY,6018.05,6078.8,6071.55,6126.85,0.0106,0.0106,0.0106,0.2029
2013-11-13,BANKNIFTY,10523.35,10583.05,10601.0,10685.3,0.0195,0.0198,0.0198,0.3791
2013-11-13,NIFTY,5989.6,6018.05,6033.0,6071.55,0.0103,0.0104,0.0104,0.199
2013-11-14,BANKNIFTY,10811.2,10523.35,10862.25,10601.0,0.02,0.0201,0.0201,0.3848
2013-11-14,NIFTY,6056.15,5989.6,6088.95,6033.0,0.0104,0.0103,0.0104,0.1978
2013-11-18,BANKNIFTY,11142.3,10811.2,11196.0,10862.25,0.0208,0.0209,0.0209,0.399
2013-11-18,NIFTY,6189.0,6056.15,6217.05,6088.95,0.0114,0.0113,0.0114,0.217
2013-11-19,BANKNIFTY,11187.85,11142.3,11233.2,11196.0,0.0202,0.0203,0.0203,0.3872
2013-11-19,NIFTY,6203.35,6189.0,6230.5,6217.05,0.011,0.0109,0.011,0.2106
2013-11-20,BANKNIFTY,10967.15,11187.85,11024.05,11233.2,0.0202,0.0202,0.0202,0.3856
2013-11-20,NIFTY,6122.9,6203.35,6149.05,6230.5,0.0112,0.0111,0.0112,0.2131
2013-11-21,BANKNIFTY,10706.9,10967.15,10730.85,11024.05,0.0204,0.0207,0.0207,0.3945
2013-11-21,NIFTY,5999.05,6122.9,6018.5,6149.05,0.0119,0.012,0.012,0.2283
2013-11-22,BANKNIFTY,10677.35,10706.9,10713.25,10730.85,0.0198,0.02,0.02,0.3826
2013-11-22,NIFTY,5995.45,5999.05,6015.25,6018.5,0.0116,0.0116,0.0116,0.2214
2013-11-25,BANKNIFTY,11083.4,10677.35,11116.0,10713.25,0.0213,0.0214,0.0214,0.4092
2013-11-25,NIFTY,6115.35,5995.45,6133.9,6015.25,0.0122,0.0122,0.0122,0.2333
2013-11-26,BANKNIFTY,10909.35,11083.4,10927.85,11116.0,0.021,0.0212,0.0212,0.4047
2013-11-26,NIFTY,6059.1,6115.35,6071.95,6133.9,0.0121,0.0121,0.0121,0.2311
2013-11-27,BANKNIFTY,10899.3,10909.35,10924.0,10927.85,0.0203,0.0205,0.0205,0.3923
2013-11-27,NIFTY,6057.1,6059.1,6069.7,6071.95,0.0117,0.0117,0.0117,0.2241
2013-11-28,BANKNIFTY,10906.75,10899.3,10906.75,10924.0,0.0197,0.0199,0.0199,0.3805
2013-11-28,NIFTY,6091.85,6057.1,6091.85,6069.7,0.0114,0.0114,0.0114,0.2181
2013-11-29,BANKNIFTY,11153.95,10906.75,11270.5,10906.75,0.0199,0.0209,0.0209,0.3995
2013-11-29,NIFTY,6176.1,6091.85,6225.5,6091.85,0.0116,0.0123,0.0123,0.2344
2013-12-02,BANKNIFTY,11284.35,11153.95,11383.2,11270.5,0.0195,0.0204,0.0204,0.3902
2013-12-02,NIFTY,6217.85,6176.1,6263.75,6225.5,0.0113,0.012,0.012,0.2291
2013-12-03,BANKNIFTY,11211.3,11284.35,11302.0,11383.2,0.019,0.0199,0.0199,0.3798
2013-12-03,NIFTY,6201.85,6217.85,6248.4,6263.75,0.011,0.0116,0.0116,0.2224
2013-12-04,BANKNIFTY,11156.75,11211.3,11225.25,11302.0,0.0184,0.0193,0.0193,0.3696
2013-12-04,NIFTY,6160.95,6201.85,6199.15,6248.4,0.0108,0.0115,0.0115,0.2188
2013-12-05,BANKNIFTY,11665.1,11156.75,11726.55,11225.25,0.0209,0.0216,0.0216,0.4125
2013-12-05,NIFTY,6241.1,6160.95,6279.95,6199.15,0.0109,0.0115,0.0115,0.2206
2013-12-06,BANKNIFTY,11720.2,11665.1,11811.4,11726.55,0.0203,0.021,0.021,0.4014
2013-12-06,NIFTY,6259.9,6241.1,6303.75,6279.95,0.0106,0.0112,0.0112,0.2146
2013-12-09,BANKNIFTY,12065.9,11720.2,12109.7,11811.4,0.021,0.0213,0.0213,0.4063
2013-12-09,NIFTY,6363.9,6259.9,6391.75,6303.75,0.0111,0.0114,0.0114,0.218
2013-12-10,BANKNIFTY,11843.45,12065.9,11924.3,12109.7,0.0208,0.021,0.021,0.4005
2013-12-10,NIFTY,6332.85,6363.9,6369.5,6391.75,0.0108,0.0111,0.0111,0.212
2013-12-11,BANKNIFTY,11784.35,11843.45,11877.85,11924.3,0.0202,0.0203,0.0203,0.3887
2013-12-11,NIFTY,6307.9,6332.85,6343.45,6369.5,0.0105,0.0108,0.0108,0.2064
2013-12-12,BANKNIFTY,11635.5,11784.35,11692.95,11877.85,0.0199,0.0201,0.0201,0.3839
2013-12-12,NIFTY,6237.05,6307.9,6264.95,6343.45,0.0106,0.0109,0.0109,0.2084
2013-12-13,BANKNIFTY,11366.9,11635.5,11429.1,11692.95,0.0201,0.0203,0.0203,0.3873
2013-12-13,NIFTY,6168.4,6237.05,6197.75,6264.95,0.0106,0.0109,0.0109,0.2083
2013-12-16,BANKNIFTY,11372.95,11366.9,11420.2,11429.1,0.0195,0.0197,0.0197,0.3755
2013-12-16,NIFTY,6154.7,6168.4,6179.7,6197.75,0.0103,0.0106,0.0106,0.2024
2013-12-17,BANKNIFTY,11208.65,11372.95,11243.7,11420.2,0.0192,0.0194,0.0194,0.3713
2013-12-17,NIFTY,6139.05,6154.7,6160.85,6179.7,0.01,0.0103,0.0103,0.1967
2013-12-18,BANKNIFTY,11357.9,11208.65,11425.4,11243.7,0.0189,0.0192,0.0192,0.3677
2013-12-18,NIFTY,6217.15,6139.05,6249.65,6160.85,0.0102,0.0106,0.0106,0.2022
2013-12-19,BANKNIFTY,11087.45,11357.9,11112.85,11425.4,0.0193,0.0199,0.0199,0.3794
2013-12-19,NIFTY,6166.65,6217.15,6177.8,6249.65,0.0101,0.0106,0.0106,0.2033
2013-12-20,BANKNIFTY,11292.35,11087.45,11326.55,11112.85,0.0192,0.0198,0.0198,0.3785
2013-12-20,NIFTY,6274.25,6166.65,6292.35,6177.8,0.0106,0.0113,0.0113,0.2151
2013-12-23,BANKNIFTY,11378.5,11292.35,11415.65,11326.55,0.0187,0.0193,0.0193,0.3688
2013-12-23,NIFTY,6284.5,6274.25,6302.35,6292.35,0.0103,0.0109,0.0109,0.2087
2013-12-24,BANKNIFTY,11330.65,11378.5,11357.15,11415.65,0.0182,0.0188,0.0188,0.3584
2013-12-24,NIFTY,6268.4,6284.5,6281.7,6302.35,0.01,0.0106,0.0106,0.2029
2013-12-26,BANKNIFTY,11385.75,11330.65,11385.75,11357.15,0.0177,0.0182,0.0182,0.3476
2013-12-26,NIFTY,6278.9,6268.4,6278.9,6281.7,0.0097,0.0103,0.0103,0.1967
2013-12-27,BANKNIFTY,11459.7,11385.75,11566.85,11385.75,0.0172,0.0181,0.0181,0.345
2013-12-27,NIFTY,6313.8,6278.9,6372.05,6278.9,0.0095,0.0106,0.0106,0.2028
2013-12-30,BANKNIFTY,11376.0,11459.7,11464.45,11566.85,0.0168,0.0176,0.0176,0.3371
2013-12-30,NIFTY,6291.1,6313.8,6334.7,6372.05,0.0093,0.0104,0.0104,0.1985
2013-12-31,BANKNIFTY,11385.25,11376.0,11479.65,11464.45,0.0163,0.0171,0.0171,0.3269
2013-12-31,NIFTY,6304.0,6291.1,6354.7,6334.7,0.009,0.0101,0.0101,0.1931
2014-01-01,BANKNIFTY,11385.6,11385.25,11500.55,11479.65,0.0158,0.0166,0.0166,0.3171
2014-01-01,NIFTY,6301.65,6304.0,6358.15,6354.7,0.0087,0.0098,0.0098,0.1872
2014-01-02,BANKNIFTY,11183.2,11385.6,11252.25,11500.55,0.0159,0.017,0.017,0.3239
2014-01-02,NIFTY,6221.15,6301.65,6257.75,6358.15,0.009,0.0103,0.0103,0.1962
2014-01-03,BANKNIFTY,11181.65,11183.2,11276.65,11252.25,0.0154,0.0164,0.0164,0.3142
2014-01-03,NIFTY,6211.15,6221.15,6251.75,6257.75,0.0088,0.01,0.01,0.1903
2014-01-06,BANKNIFTY,11049.05,11181.65,11119.0,11276.65,0.0152,0.0163,0.0163,0.3117
2014-01-06,NIFTY,6191.45,6211.15,6229.2,6251.75,0.0085,0.0097,0.0097,0.1852
2014-01-07,BANKNIFTY,11036.75,11049.05,11099.7,11119.0,0.0148,0.0158,0.0158,0.3023
2014-01-07,NIFTY,6162.25,6191.45,6195.85,6229.2,0.0084,0.0095,0.0095,0.1813
2014-01-08,BANKNIFTY,11053.7,11036.75,11102.45,11099.7,0.0143,0.0153,0.0153,0.2931
2014-01-08,NIFTY,6174.6,6162.25,6197.5,6195.85,0.0081,0.0092,0.0092,0.1758
2014-01-09,BANKNIFTY,10970.45,11053.7,11008.4,11102.45,0.014,0.015,0.015,0.2869
2014-01-09,NIFTY,6168.35,6174.6,6184.45,6197.5,0.0079,0.0089,0.0089,0.1707
2014-01-10,BANKNIFTY,10805.3,10970.45,10836.25,11008.4,0.0141,0.0151,0.0151,0.2878
2014-01-10,NIFTY,6171.45,6168.35,6178.25,6184.45,0.0076,0.0087,0.0087,0.1656
2014-01-13,BANKNIFTY,11021.6,10805.3,11050.5,10836.25,0.0145,0.0154,0.0154,0.2937
2014-01-13,NIFTY,6272.75,6171.45,6285.3,6178.25,0.0084,0.0094,0.0094,0.1796
2014-01-14,BANKNIFTY,10948.9,11021.6,10966.2,11050.5,0.0141,0.015,0.015,0.287
2014-01-14,NIFTY,6241.85,6272.75,6256.5,6285.3,0.0082,0.0092,0.0092,0.1754
2014-01-15,BANKNIFTY,11125.4,10948.9,11147.45,10966.2,0.0143,0.0151,0.0151,0.2886
2014-01-15,NIFTY,6320.9,6241.85,6331.1,6256.5,0.0086,0.0094,0.0094,0.1789
2014-01-16,BANKNIFTY,11092.55,11125.4,11110.35,11147.45,0.0138,0.0147,0.0147,0.2803
2014-01-16,NIFTY,6318.9,6320.9,6329.85,6331.1,0.0083,0.0091,0.0091,0.1734
2014-01-17,BANKNIFTY,10911.35,11092.55,10923.9,11110.35,0.014,0.0148,0.0148,0.283
2014-01-17,NIFTY,6261.65,6318.9,6261.65,6329.85,0.0084,0.0092,0.0092,0.1756
2014-01-20,BANKNIFTY,11007.5,10911.35,11037.2,10923.9,0.0138,0.0146,0.0146,0.2786
2014-01-20,NIFTY,6303.95,6261.65,6320.15,6261.65,0.0083,0.0092,0.0092,0.1758
2014-01-21,BANKNIFTY,11171.5,11007.5,11189.2,11037.2,0.0138,0.0145,0.0145,0.2776
2014-01-21,NIFTY,6313.8,6303.95,6326.4,6320.15,0.008,0.0089,0.0089,0.1705
2014-01-22,BANKNIFTY,11207.35,11171.5,11223.25,11189.2,0.0134,0.0141,0.0141,0.2695
2014-01-22,NIFTY,6338.95,6313.8,6353.0,6326.4,0.0078,0.0087,0.0087,0.1664
2014-01-23,BANKNIFTY,11199.0,11207.35,11204.65,11223.25,0.013,0.0137,0.0137,0.2614
2014-01-23,NIFTY,6345.65,6338.95,6357.8,6353.0,0.0076,0.0084,0.0084,0.1614
2014-01-24,BANKNIFTY,10982.4,11199.0,10992.2,11204.65,0.0135,0.0141,0.0141,0.2688
2014-01-24,NIFTY,6266.75,6345.65,6276.15,6357.8,0.008,0.0088,0.0088,0.1678
2014-01-27,BANKNIFTY,10540.4,10982.4,10554.2,10992.2,0.0165,0.0169,0.0169,0.3227
2014-01-27,NIFTY,6135.85,6266.75,6148.05,6276.15,0.0093,0.0099,0.0099,0.1891
2014-01-28,BANKNIFTY,10507.6,10540.4,10522.45,10554.2,0.016,0.0164,0.0164,0.3132
2014-01-28,NIFTY,6126.25,6135.85,6139.4,6148.05,0.009,0.0096,0.0096,0.1835
2014-01-29,BANKNIFTY,10437.75,10507.6,10437.5,10522.45,0.0156,0.016,0.016,0.306
2014-01-29,NIFTY,6120.25,6126.25,6120.8,6139.4,0.0088,0.0093,0.0093,0.1785
2014-01-30,BANKNIFTY,10153.15,10437.75,10153.15,10437.5,0.0166,0.0169,0.0169,0.3236
2014-01-30,NIFTY,6073.7,6120.25,6073.7,6120.8,0.0087,0.0093,0.0093,0.1768
2014-01-31,BANKNIFTY,10237.75,10153.15,10276.65,10153.15,0.0162,0.0167,0.0167,0.3188
2014-01-31,NIFTY,6089.5,6073.7,6112.0,6073.7,0.0085,0.0091,0.0091,0.1739
2014-02-03,BANKNIFTY,10102.1,10237.75,10155.75,10276.65,0.0161,0.0164,0.0164,0.314
2014-02-03,NIFTY,6001.8,6089.5,6039.7,6112.0,0.0089,0.0093,0.0093,0.1775
2014-02-04,BANKNIFTY,10191.2,10102.1,10255.25,10155.75,0.0157,0.0161,0.0161,0.3079
2014-02-04,NIFTY,6000.9,6001.8,6037.85,6039.7,0.0087,0.009,0.009,0.1721
2014-02-05,BANKNIFTY,10231.65,10191.2,10266.1,10255.25,0.0153,0.0156,0.0156,0.2985
2014-02-05,NIFTY,6022.4,6000.9,6048.95,6037.85,0.0084,0.0087,0.0087,0.1671
2014-02-06,BANKNIFTY,10205.2,10231.65,10220.85,10266.1,0.0148,0.0152,0.0152,0.2902
2014-02-06,NIFTY,6036.3,6022.4,6048.3,6048.95,0.0082,0.0085,0.0085,0.162
2014-02-07,BANKNIFTY,10263.2,10205.2,10281.25,10220.85,0.0144,0.0148,0.0148,0.2827
2014-02-07,NIFTY,6063.2,6036.3,6075.05,6048.3,0.008,0.0083,0.0083,0.1584
2014-02-10,BANKNIFTY,10213.9,10263.2,10220.2,10281.25,0.014,0.0144,0.0144,0.2755
2014-02-10,NIFTY,6053.45,6063.2,6064.6,6075.05,0.0078,0.0081,0.0081,0.1538
2014-02-11,BANKNIFTY,10245.45,10213.9,10263.6,10220.2,0.0136,0.014,0.014,0.2678
2014-02-11,NIFTY,6062.7,6053.45,6072.75,6064.6,0.0076,0.0078,0.0078,0.1493
2014-02-12,BANKNIFTY,10348.8,10245.45,10374.75,10263.6,0.0134,0.0138,0.0138,0.2645
2014-02-12,NIFTY,6084.0,6062.7,6099.75,6072.75,0.0074,0.0077,0.0077,0.1462
2014-02-13,BANKNIFTY,10135.7,10348.8,10145.8,10374.75,0.014,0.0145,0.0145,0.2769
2014-02-13,NIFTY,6001.1,6084.0,6005.45,6099.75,0.0079,0.0083,0.0083,0.1594
2014-02-14,BANKNIFTY,10203.75,10135.7,10239.9,10145.8,0.0137,0.0142,0.0142,0.2719
2014-02-14,NIFTY,6048.35,6001.1,6058.0,6005.45,0.0079,0.0084,0.0084,0.1598
2014-02-17,BANKNIFTY,10326.55,10203.75,10342.4,10239.9,0.0136,0.014,0.014,0.2677
2014-02-17,NIFTY,6073.3,6048.35,6091.2,6058.0,0.0077,0.0082,0.0082,0.1571
2014-02-18,BANKNIFTY,10575.2,10326.55,10571.95,10342.4,0.0144,0.0146,0.0146,0.2792
2014-02-18,NIFTY,6127.1,6073.3,6138.8,6091.2,0.0078,0.0082,0.0082,0.1566
2014-02-19,BANKNIFTY,10609.6,10575.2,10621.6,10571.95,0.014,0.0142,0.0142,0.2715
2014-02-19,NIFTY,6152.75,6127.1,6159.05,6138.8,0.0076,0.008,0.008,0.1526
2014-02-20,BANKNIFTY,10428.3,10609.6,10450.25,10621.6,0.0142,0.0143,0.0143,0.2741
2014-02-20,NIFTY,6091.45,6152.75,6107.95,6159.05,0.0078,0.008,0.008,0.153
2014-02-21,BANKNIFTY,10554.35,10428.3,10567.05,10450.25,0.0141,0.0142,0.0142,0.2707
2014-02-21,NIFTY,6155.45,6091.45,6163.95,6107.95,0.008,0.0081,0.0081,0.1544
2014-02-24,BANKNIFTY,10683.5,10554.35,10695.5,10567.05,0.014,0.0141,0.0141,0.2685
2014-02-24,NIFTY,6186.1,6155.45,6193.2,6163.95,0.0078,0.0079,0.0079,0.1513
2014-02-25,BANKNIFTY,10666.75,10683.5,10673.35,10695.5,0.0135,0.0136,0.0136,0.2605
2014-02-25,NIFTY,6200.05,6186.1,6209.05,6193.2,0.0076,0.0077,0.0077,0.1472
2014-02-26,BANKNIFTY,10730.4,10666.75,10730.4,10673.35,0.0132,0.0133,0.0133,0.2538
2014-02-26,NIFTY,6238.8,6200.05,6238.8,6209.05,0.0075,0.0076,0.0076,0.1444
2014-02-28,BANKNIFTY,10764.7,10730.4,10782.05,10730.4,0.0128,0.0129,0.0129,0.2471
2014-02-28,NIFTY,6276.95,6238.8,6289.25,6238.8,0.0075,0.0076,0.0076,0.145
2014-03-03,BANKNIFTY,10651.95,10764.7,10657.45,10782.05,0.0127,0.0129,0.0129,0.2457
2014-03-03,NIFTY,6221.45,6276.95,6239.45,6289.25,0.0076,0.0076,0.0076,0.1454
2014-03-04,BANKNIFTY,10929.05,10651.95,10962.85,10657.45,0.0138,0.0143,0.0143,0.2724
2014-03-04,NIFTY,6297.95,6221.45,6333.85,6239.45,0.0079,0.0082,0.0082,0.1575
2014-03-05,BANKNIFTY,11098.8,10929.05,11118.55,10962.85,0.0139,0.0143,0.0143,0.2722
2014-03-05,NIFTY,6328.65,6297.95,6352.3,6333.85,0.0078,0.008,0.008,0.1533
2014-03-06,BANKNIFTY,11278.35,11098.8,11310.9,11118.55,0.0141,0.0144,0.0144,0.2759
2014-03-06,NIFTY,6401.15,6328.65,6430.1,6352.3,0.008,0.0083,0.0083,0.1592
2014-03-07,BANKNIFTY,11884.75,11278.35,11932.25,11310.9,0.0187,0.0192,0.0192,0.3663
2014-03-07,NIFTY,6526.65,6401.15,6549.7,6430.1,0.0091,0.0093,0.0093,0.1768
2014-03-10,BANKNIFTY,12108.1,11884.75,12151.15,11932.25,0.0187,0.0191,0.0191,0.3652
2014-03-10,NIFTY,6537.25,6526.65,6567.55,6549.7,0.0089,0.009,0.009,0.1719
2014-03-11,BANKNIFTY,12043.15,12108.1,12109.1,12151.15,0.0182,0.0186,0.0186,0.3544
2014-03-11,NIFTY,6511.9,6537.25,6545.3,6567.55,0.0086,0.0088,0.0088,0.1674
2014-03-12,BANKNIFTY,12024.1,12043.15,12090.6,12109.1,0.0176,0.018,0.018,0.3437
2014-03-12,NIFTY,6516.9,6511.9,6549.25,6545.3,0.0084,0.0085,0.0085,0.1624
2014-03-13,BANKNIFTY,12141.45,12024.1,12196.2,12090.6,0.0173,0.0176,0.0176,0.3357
2014-03-13,NIFTY,6493.1,6516.9,6519.6,6549.25,0.0082,0.0083,0.0083,0.1588
2014-03-14,BANKNIFTY,12055.85,12141.45,12128.8,12196.2,0.0168,0.0171,0.0171,0.3265
2014-03-14,NIFTY,6504.2,6493.1,6538.85,6519.6,0.0079,0.0081,0.0081,0.1546
2014-03-18,BANKNIFTY,12114.85,12055.85,12180.8,12128.8,0.0164,0.0166,0.0166,0.3172
2014-03-18,NIFTY,6516.65,6504.2,6547.5,6538.85,0.0077,0.0079,0.0079,0.15
2014-03-19,BANKNIFTY,12186.55,12114.85,12249.25,12180.8,0.0159,0.0162,0.0162,0.3087
2014-03-19,NIFTY,6524.05,6516.65,6550.2,6547.5,0.0075,0.0076,0.0076,0.1455
2014-03-20,BANKNIFTY,12017.25,12186.55,12066.8,12249.25,0.0158,0.0161,0.0161,0.3074
2014-03-20,NIFTY,6483.1,6524.05,6502.55,6550.2,0.0074,0.0076,0.0076,0.1451
2014-03-21,BANKNIFTY,12092.35,12017.25,12124.6,12066.8,0.0154,0.0156,0.0156,0.2989
2014-03-21,NIFTY,6493.2,6483.1,6510.7,6502.55,0.0072,0.0074,0.0074,0.1408
2014-03-24,BANKNIFTY,12408.15,12075.8,12455.3,12102.6,0.0159,0.0163,0.0163,0.3115
2014-03-24,NIFTY,6583.5,6494.9,6598.85,6512.15,0.0075,0.0076,0.0076,0.1461
2014-03-25,BANKNIFTY,12450.0,12408.15,12486.85,12455.3,0.0155,0.0158,0.0158,0.3023
2014-03-25,NIFTY,6589.75,6583.5,6605.95,6598.85,0.0073,0.0074,0.0074,0.1418
2014-03-26,BANKNIFTY,12518.35,12450.0,12551.2,12486.85,0.0151,0.0154,0.0154,0.2941
2014-03-26,NIFTY,6601.4,6589.75,6612.55,6605.95,0.0071,0.0072,0.0072,0.1375
2014-03-27,BANKNIFTY,12604.95,12518.35,12604.95,12551.2,0.0147,0.015,0.015,0.2858
2014-03-27,NIFTY,6641.75,6601.4,6641.75,6612.55,0.007,0.0071,0.0071,0.1349
2014-03-28,BANKNIFTY,12754.7,12604.95,12834.65,12604.95,0.0146,0.0152,0.0152,0.2897
2014-03-28,NIFTY,6695.9,6641.75,6728.65,6641.75,0.0071,0.0076,0.0076,0.1443
2014-03-31,BANKNIFTY,12742.05,12754.7,12824.75,12834.65,0.0141,0.0147,0.0147,0.2809
2014-03-31,NIFTY,6704.2,6695.9,6739.65,6728.65,0.0069,0.0073,0.0073,0.1401
2014-04-01,BANKNIFTY,12588.5,12742.05,12659.5,12824.75,0.014,0.0146,0.0146,0.279
2014-04-01,NIFTY,6721.05,6704.2,6756.25,6739.65,0.0067,0.0071,0.0071,0.1363
2014-04-02,BANKNIFTY,12715.3,12588.5,12805.9,12659.5,0.0138,0.0144,0.0144,0.2758
2014-04-02,NIFTY,6752.55,6721.05,6790.2,6756.25,0.0066,0.007,0.007,0.1342
2014-04-03,BANKNIFTY,12563.85,12715.3,12662.15,12805.9,0.0137,0.0143,0.0143,0.2726
2014-04-03,NIFTY,6736.1,6752.55,6768.45,6790.2,0.0064,0.0069,0.0069,0.131
2014-04-04,BANKNIFTY,12551.7,12563.85,12659.8,12662.15,0.0133,0.0138,0.0138,0.2643
2014-04-04,NIFTY,6694.35,6736.1,6744.2,6768.45,0.0064,0.0067,0.0067,0.1281
2014-04-07,BANKNIFTY,12506.45,12551.7,12614.35,12659.8,0.0129,0.0134,0.0134,0.2568
2014-04-07,NIFTY,6695.05,6694.35,6736.7,6744.2,0.0062,0.0065,0.0065,0.1243
2014-04-09,BANKNIFTY,12937.4,12506.45,13027.6,12614.35,0.015,0.0152,0.0152,0.2911
2014-04-09,NIFTY,6796.2,6695.05,6835.5,6736.7,0.0071,0.0072,0.0072,0.1385
2014-04-10,BANKNIFTY,12949.4,12937.4,13005.95,13027.6,0.0146,0.0148,0.0148,0.2823
2014-04-10,NIFTY,6796.4,6796.2,6825.05,6835.5,0.0069,0.007,0.007,0.1344
2014-04-11,BANKNIFTY,12840.2,12949.4,12907.45,13005.95,0.0143,0.0144,0.0144,0.276
2014-04-11,NIFTY,6776.3,6796.4,6803.55,6825.05,0.0067,0.0069,0.0069,0.1312
2014-04-15,BANKNIFTY,12579.9,12840.2,12616.7,12907.45,0.0147,0.0151,0.0151,0.2881
2014-04-15,NIFTY,6733.1,6776.3,6753.95,6803.55,0.0067,0.0069,0.0069,0.1317
2014-04-16,BANKNIFTY,12563.15,12579.9,12603.85,12616.7,0.0143,0.0146,0.0146,0.2794
2014-04-16,NIFTY,6675.3,6733.1,6697.3,6753.95,0.0068,0.007,0.007,0.1336
2014-04-17,BANKNIFTY,12787.25,12563.15,12828.6,12603.85,0.0145,0.0148,0.0148,0.2832
2014-04-17,NIFTY,6779.4,6675.3,6799.95,6697.3,0.0076,0.0077,0.0077,0.1478
2014-04-21,BANKNIFTY,12958.5,12787.25,12996.15,12828.6,0.0144,0.0147,0.0147,0.2812
2014-04-21,NIFTY,6817.65,6779.4,6838.15,6799.95,0.0075,0.0076,0.0076,0.1457
2014-04-22,BANKNIFTY,12987.1,12958.5,13001.85,12996.15,0.014,0.0143,0.0143,0.2726
2014-04-22,NIFTY,6815.35,6817.65,6829.6,6838.15,0.0073,0.0074,0.0074,0.1414
2014-04-23,BANKNIFTY,13122.1,12987.1,13122.1,13001.85,0.0138,0.014,0.014,0.2678
2014-04-23,NIFTY,6840.8,6815.35,6840.8,6829.6,0.0071,0.0072,0.0072,0.1373
2014-04-25,BANKNIFTY,13034.5,13122.1,13134.35,13122.1,0.0135,0.0136,0.0136,0.2597
2014-04-25,NIFTY,6782.75,6840.8,6826.3,6840.8,0.0072,0.007,0.0072,0.1376
2014-04-28,BANKNIFTY,13081.55,13034.5,13195.4,13134.35,0.0131,0.0132,0.0132,0.2527
2014-04-28,NIFTY,6761.25,6782.75,6820.0,6826.3,0.007,0.0068,0.007,0.1342
2014-04-29,BANKNIFTY,12910.55,13081.55,13012.35,13195.4,0.0131,0.0133,0.0133,0.2536
2014-04-29,NIFTY,6715.25,6761.25,6760.3,6820.0,0.007,0.0069,0.007,0.134
2014-04-30,BANKNIFTY,12855.85,12910.55,12936.05,13012.35,0.0128,0.0129,0.0129,0.2474
2014-04-30,NIFTY,6696.4,6715.25,6726.45,6760.3,0.0068,0.0068,0.0068,0.1306
2014-05-02,BANKNIFTY,12842.0,12855.85,12934.05,12936.05,0.0124,0.0126,0.0126,0.2399
2014-05-02,NIFTY,6694.8,6696.4,6726.7,6726.45,0.0066,0.0066,0.0066,0.1266
2014-05-05,BANKNIFTY,12880.65,12842.0,12973.65,12934.05,0.012,0.0122,0.0122,0.233
2014-05-05,NIFTY,6699.35,6694.8,6735.5,6726.7,0.0064,0.0064,0.0064,0.1228
2014-05-06,BANKNIFTY,12966.05,12880.65,13057.4,12973.65,0.0118,0.0119,0.0119,0.2279
2014-05-06,NIFTY,6715.3,6699.35,6746.7,6735.5,0.0063,0.0062,0.0063,0.1196
2014-05-07,BANKNIFTY,12938.2,12966.05,13013.15,13057.4,0.0114,0.0116,0.0116,0.2215
2014-05-07,NIFTY,6652.55,6715.3,6681.65,6746.7,0.0065,0.0065,0.0065,0.124
2014-05-08,BANKNIFTY,13037.4,12938.2,13112.5,13013.15,0.0112,0.0114,0.0114,0.2177
2014-05-08,NIFTY,6659.85,6652.55,6680.95,6681.65,0.0063,0.0063,0.0063,0.1203
2014-05-09,BANKNIFTY,13750.5,13037.4,13838.95,13112.5,0.017,0.0172,0.0172,0.329
2014-05-09,NIFTY,6858.8,6659.85,6887.4,6680.95,0.0094,0.0096,0.0096,0.184
2014-05-12,BANKNIFTY,14085.05,13750.5,14181.8,13838.95,0.0175,0.0177,0.0177,0.3389
2014-05-12,NIFTY,7014.25,6858.8,7043.05,6887.4,0.0107,0.0108,0.0108,0.2068
2014-05-13,BANKNIFTY,14165.55,14085.05,14257.35,14181.8,0.017,0.0172,0.0172,0.3295
2014-05-13,NIFTY,7108.75,7014.25,7135.3,7043.05,0.0109,0.011,0.011,0.2096
2014-05-14,BANKNIFTY,14207.1,14165.55,14305.2,14257.35,0.0165,0.0167,0.0167,0.3199
2014-05-14,NIFTY,7108.75,7108.75,7141.05,7135.3,0.0105,0.0106,0.0106,0.2032
2014-05-15,BANKNIFTY,14236.55,14207.1,14300.35,14305.2,0.016,0.0162,0.0162,0.3101
2014-05-15,NIFTY,7123.15,7108.75,7143.1,7141.05,0.0102,0.0103,0.0103,0.197
2014-05-16,BANKNIFTY,14853.0,14236.55,14947.8,14300.35,0.0187,0.0191,0.0191,0.3652
2014-05-16,NIFTY,7203.0,7123.15,7244.4,7143.1,0.0103,0.0106,0.0106,0.2021
2014-05-19,BANKNIFTY,15222.15,14853.0,15296.4,14947.8,0.0191,0.0194,0.0194,0.3701
2014-05-19,NIFTY,7263.55,7203.0,7279.9,7244.4,0.0102,0.0103,0.0103,0.1973
2014-05-20,BANKNIFTY,15111.2,15222.15,15202.55,15296.4,0.0186,0.0188,0.0188,0.36
2014-05-20,NIFTY,7275.5,7263.55,7300.6,7279.9,0.0099,0.01,0.01,0.1917
2014-05-21,BANKNIFTY,14952.1,15111.2,15036.55,15202.55,0.0182,0.0185,0.0185,0.3528
2014-05-21,NIFTY,7252.9,7275.5,7280.0,7300.6,0.0096,0.0098,0.0098,0.1864
2014-05-22,BANKNIFTY,15055.55,14952.1,15120.4,15036.55,0.0177,0.018,0.018,0.343
2014-05-22,NIFTY,7276.4,7252.9,7293.7,7280.0,0.0093,0.0095,0.0095,0.1809
2014-05-23,BANKNIFTY,15285.5,15055.55,15348.7,15120.4,0.0176,0.0178,0.0178,0.3399
2014-05-23,NIFTY,7367.1,7276.4,7382.1,7293.7,0.0096,0.0096,0.0096,0.1842
2014-05-26,BANKNIFTY,15175.9,15285.5,15192.5,15348.7,0.0171,0.0174,0.0174,0.333
2014-05-26,NIFTY,7359.05,7367.1,7361.8,7382.1,0.0093,0.0094,0.0094,0.1791
2014-05-27,BANKNIFTY,15084.0,15175.9,15098.6,15192.5,0.0167,0.017,0.017,0.3241
2014-05-27,NIFTY,7318.0,7359.05,7320.1,7361.8,0.0091,0.0092,0.0092,0.1756
2014-05-28,BANKNIFTY,15173.35,15084.0,15168.2,15098.6,0.0162,0.0165,0.0165,0.315
2014-05-28,NIFTY,7329.65,7318.0,7332.1,7320.1,0.0088,0.0089,0.0089,0.1705
2014-05-29,BANKNIFTY,15030.3,15173.35,15030.3,15168.2,0.0159,0.0161,0.0161,0.3084
2014-05-29,NIFTY,7235.65,7329.65,7235.65,7332.1,0.0091,0.0092,0.0092,0.1765
2014-05-30,BANKNIFTY,14793.4,15030.3,14758.95,15030.3,0.0159,0.0163,0.0163,0.3109
2014-05-30,NIFTY,7229.95,7235.65,7233.65,7235.65,0.0088,0.009,0.009,0.1711
2014-06-02,BANKNIFTY,15287.25,14793.4,15276.55,14758.95,0.0174,0.0179,0.0179,0.3419
2014-06-02,NIFTY,7362.5,7229.95,7370.95,7233.65,0.0097,0.0098,0.0098,0.1878
2014-06-03,BANKNIFTY,15257.5,15287.25,15213.2,15276.55,0.0169,0.0174,0.0174,0.332
2014-06-03,NIFTY,7415.85,7362.5,7421.4,7370.95,0.0095,0.0097,0.0097,0.1849
2014-06-04,BANKNIFTY,15333.4,15257.5,15297.95,15213.2,0.0164,0.0169,0.0169,0.323
2014-06-04,NIFTY,7402.25,7415.85,7416.4,7421.4,0.0093,0.0094,0.0094,0.1793
2014-06-05,BANKNIFTY,15282.15,15333.4,15317.4,15297.95,0.0159,0.0164,0.0164,0.3132
2014-06-05,NIFTY,7474.1,7402.25,7486.75,7416.4,0.0093,0.0094,0.0094,0.1793
2014-06-06,BANKNIFTY,15543.15,15282.15,15570.45,15317.4,0.016,0.0164,0.0164,0.3132
2014-06-06,NIFTY,7583.4,7474.1,7590.75,7486.75,0.0097,0.0097,0.0097,0.1855
2014-06-09,BANKNIFTY,15567.4,15543.15,15583.65,15570.45,0.0155,0.0159,0.0159,0.3037
2014-06-09,NIFTY,7654.6,7583.4,7669.75,7590.75,0.0097,0.0097,0.0097,0.1862
2014-06-10,BANKNIFTY,15427.8,15567.4,15474.0,15583.65,0.0152,0.0155,0.0155,0.2963
2014-06-10,NIFTY,7656.4,7654.6,7668.3,7669.75,0.0094,0.0095,0.0095,0.1806
2014-06-11,BANKNIFTY,15450.55,15427.8,15474.8,15474.0,0.0147,0.015,0.015,0.2872
2014-06-11,NIFTY,7626.85,7656.4,7637.15,7668.3,0.0091,0.0092,0.0092,0.1761
2014-06-12,BANKNIFTY,15464.85,15450.55,15536.35,15474.8,0.0143,0.0146,0.0146,0.2791
2014-06-12,NIFTY,7649.9,7626.85,7664.65,7637.15,0.0089,0.009,0.009,0.1715
2014-06-13,BANKNIFTY,15106.9,15464.85,15163.5,15536.35,0.015,0.0154,0.0154,0.2935
2014-06-13,NIFTY,7542.1,7649.9,7560.0,7664.65,0.0093,0.0093,0.0093,0.1783
2014-06-16,BANKNIFTY,15030.0,15106.9,15090.0,15163.5,0.0146,0.0149,0.0149,0.2855
2014-06-16,NIFTY,7533.55,7542.1,7559.2,7560.0,0.009,0.0091,0.0091,0.1729
2014-06-17,BANKNIFTY,15373.2,15030.0,15444.3,15090.0,0.0152,0.0156,0.0156,0.2973
2014-06-17,NIFTY,7631.7,7533.55,7657.4,7559.2,0.0093,0.0093,0.0093,0.1782
2014-06-18,BANKNIFTY,15220.4,15373.2,15251.1,15444.3,0.0149,0.0154,0.0154,0.2942
2014-06-18,NIFTY,7558.2,7631.7,7569.4,7657.4,0.0093,0.0095,0.0095,0.181
2014-06-19,BANKNIFTY,15067.4,15220.4,15111.85,15251.1,0.0147,0.0151,0.0151,0.2885
2014-06-19,NIFTY,7540.7,7558.2,7560.1,7569.4,0.009,0.0092,0.0092,0.1756
2014-06-20,BANKNIFTY,14997.65,15067.4,15054.15,15111.85,0.0143,0.0147,0.0147,0.2803
2014-06-20,NIFTY,7511.45,7540.7,7525.35,7560.1,0.0088,0.009,0.009,0.1716
2014-06-23,BANKNIFTY,15076.35,14997.65,15126.1,15054.15,0.0139,0.0143,0.0143,0.2726
2014-06-23,NIFTY,7493.35,7511.45,7505.75,7525.35,0.0086,0.0087,0.0087,0.1668
2014-06-24,BANKNIFTY,15309.5,15076.35,15336.9,15126.1,0.014,0.0142,0.0142,0.2722
2014-06-24,NIFTY,7580.2,7493.35,7595.55,7505.75,0.0088,0.009,0.009,0.1711
2014-06-25,BANKNIFTY,15237.85,15309.5,15260.25,15336.9,0.0136,0.0139,0.0139,0.2649
2014-06-25,NIFTY,7569.25,7580.2,7574.9,7595.55,0.0085,0.0087,0.0087,0.1663
2014-06-26,BANKNIFTY,15050.0,15237.85,15050.0,15260.25,0.0136,0.0139,0.0139,0.2649
2014-06-26,NIFTY,7493.2,7569.25,7493.2,7574.9,0.0086,0.0088,0.0088,0.1691
2014-06-27,BANKNIFTY,14992.35,15050.0,15140.9,15050.0,0.0132,0.0135,0.0135,0.2584
2014-06-27,NIFTY,7508.8,7493.2,7543.9,7493.2,0.0084,0.0087,0.0087,0.1669
2014-06-30,BANKNIFTY,15241.9,14992.35,15366.6,15140.9,0.0134,0.0136,0.0136,0.2599
2014-06-30,NIFTY,7611.35,7508.8,7634.35,7543.9,0.0088,0.009,0.009,0.1712
2014-07-01,BANKNIFTY,15321.35,15241.9,15431.65,15366.6,0.0131,0.0132,0.0132,0.2528
2014-07-01,NIFTY,7634.7,7611.35,7662.65,7634.35,0.0085,0.0087,0.0087,0.1669
2014-07-02,BANKNIFTY,15490.35,15321.35,15598.35,15431.65,0.0129,0.0131,0.0131,0.2502
2014-07-02,NIFTY,7725.15,7634.7,7749.85,7662.65,0.0088,0.0089,0.0089,0.1702
2014-07-03,BANKNIFTY,15451.65,15490.35,15549.75,15598.35,0.0126,0.0127,0.0127,0.243
2014-07-03,NIFTY,7714.8,7725.15,7736.05,7749.85,0.0085,0.0086,0.0086,0.1653
2014-07-04,BANKNIFTY,15556.15,15451.65,15686.35,15549.75,0.0123,0.0125,0.0125,0.2391
2014-07-04,NIFTY,7751.6,7714.8,7782.5,7736.05,0.0083,0.0085,0.0085,0.1627
2014-07-07,BANKNIFTY,15367.6,15556.15,15476.8,15686.35,0.0123,0.0126,0.0126,0.2402
2014-07-07,NIFTY,7787.15,7751.6,7798.6,7782.5,0.0082,0.0083,0.0083,0.158
2014-07-08,BANKNIFTY,14997.5,15367.6,15091.3,15476.8,0.0133,0.0137,0.0137,0.2611
2014-07-08,NIFTY,7623.2,7787.15,7648.75,7798.6,0.0095,0.0093,0.0095,0.1809
2014-07-09,BANKNIFTY,14931.1,14997.5,15016.45,15091.3,0.013,0.0133,0.0133,0.2542
2014-07-09,NIFTY,7585.0,7623.2,7598.65,7648.75,0.0093,0.0092,0.0093,0.1769
2014-07-10,BANKNIFTY,14821.7,14931.1,14872.35,15016.45,0.0127,0.0131,0.0131,0.2506
2014-07-10,NIFTY,7567.75,7585.0,7576.65,7598.65,0.009,0.0089,0.009,0.1719
2014-07-11,BANKNIFTY,14447.2,14821.7,14500.05,14872.35,0.0138,0.0142,0.0142,0.2704
2014-07-11,NIFTY,7459.6,7567.75,7480.15,7576.65,0.0094,0.0092,0.0094,0.1797
2014-07-14,BANKNIFTY,14489.75,14447.2,14560.75,14500.05,0.0134,0.0138,0.0138,0.2628
2014-07-14,NIFTY,7454.15,7459.6,7475.8,7480.15,0.0091,0.0089,0.0091,0.1743
2014-07-15,BANKNIFTY,14891.9,14489.75,14938.2,14560.75,0.0146,0.0147,0.0147,0.2816
2014-07-15,NIFTY,7526.65,7454.15,7538.6,7475.8,0.0092,0.0089,0.0092,0.175
2014-07-16,BANKNIFTY,15265.45,14891.9,15306.3,14938.2,0.0154,0.0155,0.0155,0.2958
2014-07-16,NIFTY,7624.4,7526.65,7643.05,7538.6,0.0094,0.0093,0.0094,0.1801
2014-07-17,BANKNIFTY,15269.05,15265.45,15294.95,15306.3,0.015,0.015,0.015,0.2868
2014-07-17,NIFTY,7640.45,7624.4,7658.75,7643.05,0.0092,0.009,0.0092,0.1748
2014-07-18,BANKNIFTY,15389.35,15269.05,15415.8,15294.95,0.0146,0.0147,0.0147,0.2805
2014-07-18,NIFTY,7663.9,7640.45,7669.35,7658.75,0.0089,0.0087,0.0089,0.1701
2014-07-21,BANKNIFTY,15385.95,15389.35,15410.65,15415.8,0.0142,0.0142,0.0142,0.272
2014-07-21,NIFTY,7684.2,7663.9,7686.2,7669.35,0.0087,0.0085,0.0087,0.1654
2014-07-22,BANKNIFTY,15427.35,15385.95,15449.95,15410.65,0.0138,0.0138,0.0138,0.264
2014-07-22,NIFTY,7767.85,7684.2,7767.95,7686.2,0.0088,0.0086,0.0088,0.1682
2014-07-23,BANKNIFTY,15463.0,15427.35,15494.6,15449.95,0.0134,0.0134,0.0134,0.2563
2014-07-23,NIFTY,7795.75,7767.85,7791.55,7767.95,0.0086,0.0084,0.0086,0.1639
2014-07-24,BANKNIFTY,15534.35,15463.0,15557.55,15494.6,0.013,0.013,0.013,0.2492
2014-07-24,NIFTY,7830.6,7795.75,7833.75,7791.55,0.0084,0.0082,0.0084,0.1603
2014-07-25,BANKNIFTY,15322.25,15534.35,15352.15,15557.55,0.013,0.0131,0.0131,0.2495
2014-07-25,NIFTY,7790.45,7830.6,7785.7,7833.75,0.0082,0.0081,0.0082,0.1573
2014-07-28,BANKNIFTY,15212.15,15322.25,15230.6,15352.15,0.0128,0.0128,0.0128,0.2447
2014-07-28,NIFTY,7748.7,7790.45,7743.25,7785.7,0.0081,0.008,0.0081,0.1545
2014-07-30,BANKNIFTY,15452.4,15212.15,15451.7,15230.6,0.013,0.0129,0.013,0.2477
2014-07-30,NIFTY,7791.4,7748.7,7788.3,7743.25,0.008,0.0079,0.008,0.152
2014-07-31,BANKNIFTY,15267.6,15452.4,15267.6,15451.7,0.0129,0.0129,0.0129,0.2466
2014-07-31,NIFTY,7721.3,7791.4,7721.3,7788.3,0.008,0.0079,0.008,0.1533
2014-08-01,BANKNIFTY,15127.8,15267.6,15210.8,15267.6,0.0127,0.0125,0.0127,0.243
2014-08-01,NIFTY,7602.6,7721.3,7622.6,7721.3,0.0087,0.0083,0.0087,0.1654
2014-08-04,BANKNIFTY,15242.35,15127.8,15343.05,15210.8,0.0125,0.0123,0.0125,0.2382
2014-08-04,NIFTY,7683.65,7602.6,7718.2,7622.6,0.0088,0.0086,0.0088,0.1679
2014-08-05,BANKNIFTY,15293.25,15242.35,15376.35,15343.05,0.0121,0.0119,0.0121,0.2315
2014-08-05,NIFTY,7746.55,7683.65,7772.85,7718.2,0.0088,0.0085,0.0088,0.1672
2014-08-06,BANKNIFTY,15008.65,15293.25,15092.15,15376.35,0.0126,0.0124,0.0126,0.241
2014-08-06,NIFTY,7672.05,7746.55,7691.45,7772.85,0.0088,0.0087,0.0088,0.1683
2014-08-07,BANKNIFTY,14986.85,15008.65,15066.5,15092.15,0.0122,0.0121,0.0122,0.2338
2014-08-07,NIFTY,7649.25,7672.05,7669.65,7691.45,0.0086,0.0084,0.0086,0.1637
2014-08-08,BANKNIFTY,14765.75,14986.85,14819.7,15066.5,0.0124,0.0124,0.0124,0.2371
2014-08-08,NIFTY,7568.55,7649.25,7591.65,7669.65,0.0087,0.0085,0.0087,0.1663
2014-08-11,BANKNIFTY,14846.8,14765.75,14899.5,14819.7,0.0121,0.0121,0.0121,0.2313
2014-08-11,NIFTY,7625.95,7568.55,7641.4,7591.65,0.0086,0.0084,0.0086,0.1651
2014-08-12,BANKNIFTY,15056.7,14846.8,15107.65,14899.5,0.0122,0.0122,0.0122,0.2337
2014-08-12,NIFTY,7727.05,7625.95,7748.25,7641.4,0.009,0.0089,0.009,0.1715
2014-08-13,BANKNIFTY,14910.9,15056.7,14940.7,15107.65,0.0121,0.0121,0.0121,0.2318
2014-08-13,NIFTY,7739.55,7727.05,7746.35,7748.25,0.0087,0.0086,0.0087,0.1665
2014-08-14,BANKNIFTY,15089.65,14910.9,15123.35,14940.7,0.0121,0.0121,0.0121,0.2318
2014-08-14,NIFTY,7791.7,7739.55,7803.7,7746.35,0.0086,0.0085,0.0086,0.1644
2014-08-18,BANKNIFTY,15439.75,15089.65,15448.75,15123.35,0.013,0.0129,0.013,0.2483
2014-08-18,NIFTY,7874.25,7791.7,7877.7,7803.7,0.0087,0.0086,0.0087,0.1669
2014-08-19,BANKNIFTY,15524.65,15439.75,15536.75,15448.75,0.0127,0.0126,0.0127,0.2421
2014-08-19,NIFTY,7897.5,7874.25,7909.65,7877.7,0.0085,0.0084,0.0085,0.1624
2014-08-20,BANKNIFTY,15481.7,15524.65,15516.15,15536.75,0.0123,0.0122,0.0123,0.235
2014-08-20,NIFTY,7875.3,7897.5,7890.7,7909.65,0.0083,0.0081,0.0083,0.158
2014-08-21,BANKNIFTY,15662.2,15481.7,15671.7,15516.15,0.0123,0.0121,0.0123,0.2342
2014-08-21,NIFTY,7891.1,7875.3,7903.15,7890.7,0.008,0.0079,0.008,0.1535
2014-08-22,BANKNIFTY,15819.15,15662.2,15828.3,15671.7,0.0121,0.0119,0.0121,0.2319
2014-08-22,NIFTY,7913.2,7891.1,7927.55,7903.15,0.0078,0.0077,0.0078,0.1494
2014-08-25,BANKNIFTY,15669.0,15819.15,15681.0,15828.3,0.012,0.0118,0.012,0.2292
2014-08-25,NIFTY,7906.3,7913.2,7915.45,7927.55,0.0076,0.0075,0.0076,0.1449
2014-08-26,BANKNIFTY,15624.1,15669.0,15644.4,15681.0,0.0117,0.0115,0.0117,0.2226
2014-08-26,NIFTY,7904.75,7906.3,7906.5,7915.45,0.0074,0.0073,0.0074,0.1405
2014-08-27,BANKNIFTY,15717.65,15624.1,15713.6,15644.4,0.0114,0.0112,0.0114,0.2176
2014-08-27,NIFTY,7936.05,7904.75,7931.6,7906.5,0.0072,0.0071,0.0072,0.1374
2014-08-28,BANKNIFTY,15740.4,15717.65,15740.4,15713.6,0.011,0.0108,0.011,0.2111
2014-08-28,NIFTY,7954.35,7936.05,7954.35,7931.6,0.007,0.0069,0.007,0.1337
2014-09-01,BANKNIFTY,16012.8,15740.4,16112.9,15740.4,0.0115,0.012,0.012,0.2284
2014-09-01,NIFTY,8027.7,7954.35,8069.45,7954.35,0.0071,0.0076,0.0076,0.1443
2014-09-02,BANKNIFTY,16130.55,16012.8,16205.1,16112.9,0.0113,0.0117,0.0117,0.2231
2014-09-02,NIFTY,8083.05,8027.7,8121.45,8069.45,0.0071,0.0075,0.0075,0.1431
2014-09-03,BANKNIFTY,16110.0,16130.55,16183.0,16205.1,0.011,0.0113,0.0113,0.2164
2014-09-03,NIFTY,8114.6,8083.05,8140.45,8121.45,0.007,0.0073,0.0073,0.1392
2014-09-04,BANKNIFTY,16033.55,16110.0,16118.85,16183.0,0.0107,0.011,0.011,0.2106
2014-09-04,NIFTY,8095.95,8114.6,8132.4,8140.45,0.0068,0.0071,0.0071,0.135
2014-09-05,BANKNIFTY,15982.5,16033.55,16060.95,16118.85,0.0104,0.0107,0.0107,0.2049
2014-09-05,NIFTY,8086.85,8095.95,8116.7,8132.4,0.0066,0.0069,0.0069,0.1312
2014-09-08,BANKNIFTY,16206.7,15982.5,16267.75,16060.95,0.0106,0.0109,0.0109,0.2075
2014-09-08,NIFTY,8173.9,8086.85,8193.1,8116.7,0.0069,0.007,0.007,0.1346
2014-09-09,BANKNIFTY,16156.75,16206.7,16228.45,16267.75,0.0103,0.0105,0.0105,0.2015
2014-09-09,NIFTY,8152.95,8173.9,8182.2,8193.1,0.0067,0.0068,0.0068,0.1306
2014-09-10,BANKNIFTY,16151.75,16156.75,16233.0,16228.45,0.01,0.0102,0.0102,0.1953
2014-09-10,NIFTY,8094.1,8152.95,8130.7,8182.2,0.0068,0.0068,0.0068,0.1301
2014-09-11,BANKNIFTY,16204.15,16151.75,16283.55,16233.0,0.0098,0.0099,0.0099,0.1899
2014-09-11,NIFTY,8085.7,8094.1,8119.4,8130.7,0.0066,0.0066,0.0066,0.1263
2014-09-12,BANKNIFTY,16254.15,16204.15,16320.6,16283.55,0.0095,0.0097,0.0097,0.1845
2014-09-12,NIFTY,8105.5,8085.7,8137.85,8119.4,0.0064,0.0064,0.0064,0.1229
2014-09-15,BANKNIFTY,16167.55,16254.15,16229.35,16320.6,0.0093,0.0095,0.0095,0.1808
2014-09-15,NIFTY,8042.0,8105.5,8062.55,8137.85,0.0065,0.0066,0.0066,0.1268
2014-09-16,BANKNIFTY,15844.1,16167.55,15897.3,16229.35,0.0103,0.0105,0.0105,0.2002
2014-09-16,NIFTY,7932.9,8042.0,7960.85,8062.55,0.0071,0.0071,0.0071,0.1366
2014-09-17,BANKNIFTY,15838.6,15844.1,15904.5,15897.3,0.01,0.0102,0.0102,0.1941
2014-09-17,NIFTY,7975.5,7932.9,7992.85,7960.85,0.007,0.007,0.007,0.1343
2014-09-18,BANKNIFTY,16156.85,15838.6,16207.95,15904.5,0.0108,0.0109,0.0109,0.2079
2014-09-18,NIFTY,8114.75,7975.5,8136.7,7992.85,0.008,0.0081,0.0081,0.1542
2014-09-19,BANKNIFTY,16152.15,16156.85,16160.4,16207.95,0.0105,0.0106,0.0106,0.2021
2014-09-19,NIFTY,8121.45,8114.75,8131.0,8136.7,0.0078,0.0078,0.0078,0.1495
2014-09-22,BANKNIFTY,16194.55,16152.15,16217.9,16160.4,0.0102,0.0103,0.0103,0.1966
2014-09-22,NIFTY,8146.3,8121.45,8158.45,8131.0,0.0076,0.0076,0.0076,0.1458
2014-09-23,BANKNIFTY,15902.85,16194.55,15929.9,16217.9,0.0108,0.0109,0.0109,0.2083
2014-09-23,NIFTY,8017.55,8146.3,8032.2,8158.45,0.0083,0.0083,0.0083,0.1591
2014-09-24,BANKNIFTY,15740.3,15902.85,15765.55,15929.9,0.0108,0.0109,0.0109,0.2077
2014-09-24,NIFTY,8002.4,8017.55,8015.2,8032.2,0.0081,0.0081,0.0081,0.1546
2014-09-25,BANKNIFTY,15299.05,15740.3,15299.05,15765.55,0.0126,0.0129,0.0129,0.2455
2014-09-25,NIFTY,7911.85,8002.4,7911.85,8015.2,0.0083,0.0085,0.0085,0.1617
2014-09-26,BANKNIFTY,15607.25,15299.05,15724.75,15299.05,0.0131,0.0142,0.0142,0.2705
2014-09-26,NIFTY,7968.85,7911.85,8031.9,7911.85,0.0083,0.009,0.009,0.1719
2014-09-29,BANKNIFTY,15473.55,15607.25,15542.35,15724.75,0.0129,0.014,0.014,0.2679
2014-09-29,NIFTY,7958.9,7968.85,7993.9,8031.9,0.008,0.0088,0.0088,0.1681
2014-09-30,BANKNIFTY,15392.25,15473.55,15475.4,15542.35,0.0126,0.0136,0.0136,0.2605
2014-09-30,NIFTY,7964.8,7958.9,7999.15,7993.9,0.0078,0.0085,0.0085,0.1631
2014-10-01,BANKNIFTY,15316.2,15392.25,15385.6,15475.4,0.0123,0.0133,0.0133,0.254
2014-10-01,NIFTY,7945.55,7964.8,7983.65,7999.15,0.0076,0.0083,0.0083,0.1583
2014-10-07,BANKNIFTY,15180.25,15316.2,15260.45,15385.6,0.0121,0.013,0.013,0.2492
2014-10-07,NIFTY,7852.4,7945.55,7890.9,7983.65,0.0079,0.0085,0.0085,0.163
2014-10-08,BANKNIFTY,15344.0,15180.25,15451.2,15260.45,0.012,0.013,0.013,0.2485
2014-10-08,NIFTY,7842.7,7852.4,7895.5,7890.9,0.0076,0.0083,0.0083,0.158
2014-10-09,BANKNIFTY,15741.2,15344.0,15804.55,15451.2,0.0132,0.0138,0.0138,0.2632
2014-10-09,NIFTY,7960.55,7842.7,7990.35,7895.5,0.0083,0.0085,0.0085,0.1631
2014-10-10,BANKNIFTY,15453.8,15741.2,15496.25,15804.55,0.0136,0.0142,0.0142,0.2713
2014-10-10,NIFTY,7859.95,7960.55,7886.8,7990.35,0.0086,0.0089,0.0089,0.1695
2014-10-13,BANKNIFTY,15677.5,15453.8,15711.2,15496.25,0.0136,0.0142,0.0142,0.2708
2014-10-13,NIFTY,7884.25,7859.95,7911.4,7886.8,0.0084,0.0086,0.0086,0.165
2014-10-14,BANKNIFTY,15751.55,15677.5,15799.15,15711.2,0.0133,0.0138,0.0138,0.2639
2014-10-14,NIFTY,7864.0,7884.25,7895.25,7911.4,0.0081,0.0084,0.0084,0.1602
2014-10-16,BANKNIFTY,15541.6,15751.55,15574.0,15799.15,0.0133,0.0138,0.0138,0.2645
2014-10-16,NIFTY,7748.2,7864.0,7778.1,7895.25,0.0087,0.0089,0.0089,0.1704
2014-10-17,BANKNIFTY,15929.8,15541.6,15990.95,15574.0,0.0142,0.0149,0.0149,0.2847
2014-10-17,NIFTY,7779.7,7748.2,7817.05,7778.1,0.0085,0.0087,0.0087,0.1668
2014-10-20,BANKNIFTY,16216.6,15929.8,16247.8,15990.95,0.0145,0.015,0.015,0.2859
2014-10-20,NIFTY,7879.4,7779.7,7897.25,7817.05,0.0088,0.0088,0.0088,0.1687
2014-10-21,BANKNIFTY,16427.25,16216.6,16463.1,16247.8,0.0144,0.0149,0.0149,0.284
2014-10-21,NIFTY,7927.75,7879.4,7946.4,7897.25,0.0087,0.0087,0.0087,0.1661
2014-10-22,BANKNIFTY,16444.7,16427.25,16479.5,16463.1,0.0139,0.0144,0.0144,0.2754
2014-10-22,NIFTY,7995.9,7927.75,8013.8,7946.4,0.0086,0.0087,0.0087,0.1658
2014-10-23,BANKNIFTY,16470.05,16444.7,16483.65,16479.5,0.0135,0.014,0.014,0.267
2014-10-23,NIFTY,8014.55,7995.9,8023.85,8013.8,0.0084,0.0084,0.0084,0.1609
2014-10-27,BANKNIFTY,16556.6,16470.05,16585.8,16483.65,0.0132,0.0136,0.0136,0.2604
2014-10-27,NIFTY,7991.7,8014.55,7998.0,8023.85,0.0082,0.0082,0.0082,0.1567
2014-10-28,BANKNIFTY,16667.0,16556.6,16688.9,16585.8,0.0129,0.0133,0.0133,0.2542
2014-10-28,NIFTY,8027.6,7991.7,8040.35,7998.0,0.008,0.0081,0.0081,0.1539
2014-10-29,BANKNIFTY,16634.05,16667.0,16640.6,16688.9,0.0125,0.0129,0.0129,0.2468
2014-10-29,NIFTY,8090.45,8027.6,8089.15,8040.35,0.008,0.008,0.008,0.1527
2014-10-30,BANKNIFTY,16760.05,16634.05,16760.05,16640.6,0.0123,0.0126,0.0126,0.2416
2014-10-30,NIFTY,8169.2,8090.45,8169.2,8089.15,0.0081,0.0081,0.0081,0.1548
2014-10-31,BANKNIFTY,17045.05,16760.05,17146.45,16760.05,0.0126,0.0135,0.0135,0.2574
2014-10-31,NIFTY,8322.2,8169.2,8352.7,8169.2,0.0091,0.0095,0.0095,0.1822
2014-11-03,BANKNIFTY,17134.1,17045.05,17225.95,17146.45,0.0123,0.0131,0.0131,0.2505
2014-11-03,NIFTY,8324.15,8322.2,8361.05,8352.7,0.0088,0.0092,0.0092,0.1767
2014-11-05,BANKNIFTY,17352.95,17134.1,17472.05,17225.95,0.0123,0.0132,0.0132,0.2518
2014-11-05,NIFTY,8338.3,8324.15,8380.15,8361.05,0.0085,0.009,0.009,0.1716
2014-11-07,BANKNIFTY,17347.05,17352.95,17457.55,17472.05,0.0119,0.0128,0.0128,0.2441
2014-11-07,NIFTY,8337.0,8338.3,8381.65,8380.15,0.0083,0.0087,0.0087,0.1664
2014-11-10,BANKNIFTY,17262.4,17347.05,17362.8,17457.55,0.0116,0.0125,0.0125,0.2381
2014-11-10,NIFTY,8344.25,8337.0,8379.5,8381.65,0.008,0.0084,0.0084,0.1613
2014-11-11,BANKNIFTY,17390.2,17262.4,17501.75,17362.8,0.0114,0.0122,0.0122,0.2338
2014-11-11,NIFTY,8362.65,8344.25,8395.85,8379.5,0.0078,0.0082,0.0082,0.1567
2014-11-12,BANKNIFTY,17587.05,17390.2,17680.15,17501.75,0.0114,0.0121,0.0121,0.2316
2014-11-12,NIFTY,8383.3,8362.65,8418.8,8395.85,0.0076,0.008,0.008,0.1525
2014-11-13,BANKNIFTY,17453.0,17587.05,17528.6,17680.15,0.0112,0.0119,0.0119,0.2281
2014-11-13,NIFTY,8357.85,8383.3,8380.1,8418.8,0.0074,0.0078,0.0078,0.1494
2014-11-14,BANKNIFTY,17576.8,17453.0,17669.9,17528.6,0.011,0.0117,0.0117,0.2243
2014-11-14,NIFTY,8389.9,8357.85,8416.65,8380.1,0.0072,0.0077,0.0077,0.1462
2014-11-17,BANKNIFTY,17640.4,17576.8,17705.4,17669.9,0.0107,0.0114,0.0114,0.2177
2014-11-17,NIFTY,8430.75,8389.9,8452.95,8416.65,0.0071,0.0075,0.0075,0.1432
2014-11-18,BANKNIFTY,17702.55,17640.4,17747.8,17705.4,0.0104,0.0111,0.0111,0.2114
2014-11-18,NIFTY,8425.9,8430.75,8451.9,8452.95,0.0069,0.0073,0.0073,0.1389
2014-11-19,BANKNIFTY,17585.65,17702.55,17637.15,17747.8,0.0102,0.0108,0.0108,0.207
2014-11-19,NIFTY,8382.3,8425.9,8409.55,8451.9,0.0068,0.0072,0.0072,0.1367
2014-11-20,BANKNIFTY,17645.05,17585.65,17679.15,17637.15,0.0099,0.0105,0.0105,0.201
2014-11-20,NIFTY,8401.9,8382.3,8420.35,8409.55,0.0066,0.0069,0.0069,0.1326
2014-11-21,BANKNIFTY,18056.3,17645.05,18097.4,17679.15,0.0112,0.0117,0.0117,0.2235
2014-11-21,NIFTY,8477.35,8401.9,8492.4,8420.35,0.0068,0.007,0.007,0.1346
2014-11-24,BANKNIFTY,18281.95,18056.3,18306.55,18097.4,0.0113,0.0117,0.0117,0.2233
2014-11-24,NIFTY,8530.15,8477.35,8535.5,8492.4,0.0068,0.0069,0.0069,0.1327
2014-11-25,BANKNIFTY,18037.05,18281.95,18062.2,18306.55,0.0114,0.0118,0.0118,0.2254
2014-11-25,NIFTY,8463.1,8530.15,8466.5,8535.5,0.0068,0.007,0.007,0.1341
2014-11-26,BANKNIFTY,17975.95,18037.05,17984.65,18062.2,0.0111,0.0115,0.0115,0.2195
2014-11-26,NIFTY,8475.75,8463.1,8479.4,8466.5,0.0066,0.0068,0.0068,0.1302
2014-11-27,BANKNIFTY,18022.5,17975.95,18022.5,17984.65,0.0108,0.0111,0.0111,0.213
2014-11-27,NIFTY,8494.2,8475.75,8494.2,8479.4,0.0065,0.0066,0.0066,0.1265
2014-11-28,BANKNIFTY,18513.15,18022.5,18665.25,18022.5,0.0123,0.0138,0.0138,0.2637
2014-11-28,NIFTY,8588.25,8494.2,8638.35,8494.2,0.0068,0.0076,0.0076,0.1458
2014-12-01,BANKNIFTY,18525.3,18513.15,18646.3,18665.25,0.012,0.0134,0.0134,0.2557
2014-12-01,NIFTY,8555.9,8588.25,8595.9,8638.35,0.0067,0.0075,0.0075,0.1432
2014-12-02,BANKNIFTY,18555.85,18525.3,18670.6,18646.3,0.0116,0.013,0.013,0.248
2014-12-02,NIFTY,8524.7,8555.9,8575.35,8595.9,0.0065,0.0073,0.0073,0.1393
2014-12-03,BANKNIFTY,18645.85,18555.85,18733.45,18670.6,0.0113,0.0126,0.0126,0.241
2014-12-03,NIFTY,8537.65,8524.7,8578.75,8575.35,0.0063,0.0071,0.0071,0.135
2014-12-04,BANKNIFTY,18782.85,18645.85,18845.8,18733.45,0.0111,0.0123,0.0123,0.2353
2014-12-04,NIFTY,8564.4,8537.65,8605.75,8578.75,0.0062,0.0069,0.0069,0.1317
2014-12-05,BANKNIFTY,18756.75,18782.85,18843.15,18845.8,0.0108,0.0119,0.0119,0.2281
2014-12-05,NIFTY,8538.3,8564.4,8582.55,8605.75,0.0061,0.0067,0.0067,0.1284
2014-12-08,BANKNIFTY,18510.05,18756.75,18614.1,18843.15,0.0109,0.012,0.012,0.2285
2014-12-08,NIFTY,8438.25,8538.3,8489.75,8582.55,0.0065,0.007,0.007,0.1344
2014-12-09,BANKNIFTY,18290.65,18510.05,18404.35,18614.1,0.011,0.0119,0.0119,0.2278
2014-12-09,NIFTY,8340.7,8438.25,8393.45,8489.75,0.0069,0.0074,0.0074,0.1408
2014-12-10,BANKNIFTY,18462.95,18290.65,18606.9,18404.35,0.0109,0.0119,0.0119,0.2267
2014-12-10,NIFTY,8355.65,8340.7,8406.8,8393.45,0.0068,0.0072,0.0072,0.1368
2014-12-11,BANKNIFTY,18405.0,18462.95,18505.4,18606.9,0.0106,0.0116,0.0116,0.2213
2014-12-11,NIFTY,8292.9,8355.65,8342.1,8406.8,0.0068,0.0072,0.0072,0.1374
2014-12-12,BANKNIFTY,18299.75,18405.0,18413.85,18505.4,0.0104,0.0113,0.0113,0.2158
2014-12-12,NIFTY,8224.1,8292.9,8276.9,8342.1,0.0069,0.0072,0.0072,0.1382
2014-12-15,BANKNIFTY,18372.65,18299.75,18486.0,18413.85,0.0101,0.011,0.011,0.21
2014-12-15,NIFTY,8219.6,8224.1,8267.2,8276.9,0.0067,0.007,0.007,0.1341
2014-12-16,BANKNIFTY,17830.55,18372.65,17916.75,18486.0,0.0122,0.0131,0.0131,0.2508
2014-12-16,NIFTY,8067.6,8219.6,8116.0,8267.2,0.0079,0.0082,0.0082,0.1561
2014-12-17,BANKNIFTY,17865.75,17830.55,17951.45,17916.75,0.0119,0.0127,0.0127,0.2433
2014-12-17,NIFTY,8029.8,8067.6,8060.85,8116.0,0.0078,0.0081,0.0081,0.1547
2014-12-18,BANKNIFTY,18326.6,17865.75,18389.55,17951.45,0.0131,0.0137,0.0137,0.2615
2014-12-18,NIFTY,8159.3,8029.8,8180.8,8060.85,0.0085,0.0086,0.0086,0.1651
2014-12-19,BANKNIFTY,18478.9,18326.6,18505.95,18389.55,0.0129,0.0134,0.0134,0.2552
2014-12-19,NIFTY,8225.2,8159.3,8239.85,8180.8,0.0085,0.0086,0.0086,0.1636
2014-12-22,BANKNIFTY,18747.35,18478.9,18758.75,18505.95,0.013,0.0134,0.0134,0.2555
2014-12-22,NIFTY,8324.0,8225.2,8334.2,8239.85,0.0087,0.0088,0.0088,0.1673
2014-12-23,BANKNIFTY,18603.75,18747.35,18626.65,18758.75,0.0127,0.0131,0.0131,0.2499
2014-12-23,NIFTY,8267.0,8324.0,8271.55,8334.2,0.0086,0.0087,0.0087,0.166
2014-12-24,BANKNIFTY,18535.35,18603.75,18535.35,18626.65,0.0124,0.0127,0.0127,0.2434
2014-12-24,NIFTY,8174.1,8267.0,8174.1,8271.55,0.0088,0.0089,0.0089,0.1703
2014-12-26,BANKNIFTY,18557.2,18535.35,18746.8,18535.35,0.012,0.0127,0.0127,0.2418
2014-12-26,NIFTY,8200.7,8174.1,8273.75,8174.1,0.0086,0.0091,0.0091,0.1745
2014-12-29,BANKNIFTY,18528.35,18557.2,18683.0,18746.8,0.0116,0.0123,0.0123,0.235
2014-12-29,NIFTY,8246.3,8200.7,8316.45,8273.75,0.0084,0.0089,0.0089,0.1709
2014-12-30,BANKNIFTY,18647.55,18528.35,18820.3,18683.0,0.0114,0.0121,0.0121,0.2304
2014-12-30,NIFTY,8248.25,8246.3,8317.95,8316.45,0.0082,0.0087,0.0087,0.1657
2014-12-31,BANKNIFTY,18736.65,18647.55,18903.5,18820.3,0.0111,0.0117,0.0117,0.2244
2014-12-31,NIFTY,8282.7,8248.25,8337.85,8317.95,0.008,0.0084,0.0084,0.1611
2015-01-01,BANKNIFTY,18750.45,18736.65,18904.2,18903.5,0.0108,0.0114,0.0114,0.2175
2015-01-01,NIFTY,8284.0,8282.7,8343.8,8337.85,0.0077,0.0082,0.0082,0.1562
2015-01-02,BANKNIFTY,19057.8,18750.45,19217.7,18904.2,0.0112,0.0118,0.0118,0.2245
2015-01-02,NIFTY,8395.45,8284.0,8458.4,8343.8,0.0082,0.0086,0.0086,0.1643
2015-01-05,BANKNIFTY,19017.4,19057.8,19150.15,19217.7,0.0108,0.0114,0.0114,0.2183
2015-01-05,NIFTY,8378.4,8395.45,8422.85,8458.4,0.008,0.0084,0.0084,0.1605
2015-01-06,BANKNIFTY,18430.75,19017.4,18521.55,19150.15,0.013,0.0138,0.0138,0.263
2015-01-06,NIFTY,8127.35,8378.4,8157.9,8422.85,0.0107,0.0113,0.0113,0.2159
2015-01-07,BANKNIFTY,18304.25,18430.75,18405.6,18521.55,0.0127,0.0134,0.0134,0.2567
2015-01-07,NIFTY,8102.1,8127.35,8141.85,8157.9,0.0104,0.011,0.011,0.2095
2015-01-08,BANKNIFTY,18701.4,18304.25,18775.1,18405.6,0.0134,0.0139,0.0139,0.2657
2015-01-08,NIFTY,8234.6,8102.1,8257.25,8141.85,0.0109,0.0112,0.0112,0.2135
2015-01-09,BANKNIFTY,18637.25,18701.4,18709.3,18775.1,0.013,0.0135,0.0135,0.2581
2015-01-09,NIFTY,8284.5,8234.6,8315.5,8257.25,0.0106,0.011,0.011,0.2096
2015-01-12,BANKNIFTY,18795.85,18637.25,18889.35,18709.3,0.0128,0.0133,0.0133,0.2542
2015-01-12,NIFTY,8323.0,8284.5,8360.55,8315.5,0.0104,0.0107,0.0107,0.2048
2015-01-13,BANKNIFTY,18707.2,18795.85,18759.65,18889.35,0.0125,0.013,0.013,0.2486
2015-01-13,NIFTY,8299.4,8323.0,8316.5,8360.55,0.0101,0.0105,0.0105,0.2001
2015-01-14,BANKNIFTY,18603.8,18707.2,18690.6,18759.65,0.0122,0.0126,0.0126,0.2416
2015-01-14,NIFTY,8277.55,8299.4,8307.35,8316.5,0.0098,0.0102,0.0102,0.1941
2015-01-15,BANKNIFTY,19235.65,18603.8,19270.25,18690.6,0.0144,0.0144,0.0144,0.2744
2015-01-15,NIFTY,8494.15,8277.55,8515.05,8307.35,0.0114,0.0116,0.0116,0.2208
2015-01-16,BANKNIFTY,19223.15,19235.65,19288.45,19270.25,0.0139,0.0139,0.0139,0.2661
2015-01-16,NIFTY,8513.8,8494.15,8535.05,8515.05,0.0111,0.0112,0.0112,0.2144
2015-01-19,BANKNIFTY,19406.05,19223.15,19453.8,19288.45,0.0137,0.0137,0.0137,0.2616
2015-01-19,NIFTY,8550.7,8513.8,8574.1,8535.05,0.0108,0.0109,0.0109,0.2089
2015-01-20,BANKNIFTY,19767.05,19406.05,19825.45,19453.8,0.014,0.014,0.014,0.2682
2015-01-20,NIFTY,8695.6,8550.7,8717.15,8574.1,0.0112,0.0114,0.0114,0.2169
2015-01-21,BANKNIFTY,19843.25,19767.05,19889.65,19825.45,0.0136,0.0136,0.0136,0.2604
2015-01-21,NIFTY,8729.5,8695.6,8738.5,8717.15,0.0109,0.011,0.011,0.2106
2015-01-22,BANKNIFTY,19917.65,19843.25,19973.3,19889.65,0.0132,0.0133,0.0133,0.2533
2015-01-22,NIFTY,8761.4,8729.5,8779.15,8738.5,0.0106,0.0107,0.0107,0.2053
2015-01-23,BANKNIFTY,20072.7,19917.65,20119.3,19973.3,0.013,0.013,0.013,0.248
2015-01-23,NIFTY,8835.6,8761.4,8844.4,8779.15,0.0105,0.0106,0.0106,0.202
2015-01-27,BANKNIFTY,20555.25,20072.7,20588.45,20119.3,0.0139,0.0138,0.0139,0.2649
2015-01-27,NIFTY,8910.5,8835.6,8922.65,8844.4,0.0104,0.0105,0.0105,0.2002
2015-01-28,BANKNIFTY,20491.75,20555.25,20480.25,20588.45,0.0135,0.0134,0.0135,0.2572
2015-01-28,NIFTY,8914.3,8910.5,8904.65,8922.65,0.0101,0.0102,0.0102,0.1943
2015-01-29,BANKNIFTY,20528.6,20491.75,20528.6,20480.25,0.0131,0.013,0.0131,0.2495
2015-01-29,NIFTY,8952.35,8914.3,8952.35,8904.65,0.0098,0.0099,0.0099,0.19
2015-01-30,BANKNIFTY,19843.75,20528.6,19995.35,20528.6,0.0151,0.0142,0.0151,0.2894
2015-01-30,NIFTY,8808.9,8952.35,8872.65,8952.35,0.0103,0.0099,0.0103,0.1974
2015-02-02,BANKNIFTY,19865.9,19843.75,20052.1,19995.35,0.0147,0.0138,0.0147,0.2806
2015-02-02,NIFTY,8797.4,8808.9,8859.65,8872.65,0.01,0.0096,0.01,0.1915
2015-02-03,BANKNIFTY,19382.95,19865.9,19500.8,20052.1,0.0155,0.015,0.0155,0.2954
2015-02-03,NIFTY,8756.55,8797.4,8809.9,8859.65,0.0098,0.0094,0.0098,0.1869
2015-02-04,BANKNIFTY,19174.0,19382.95,19284.7,19500.8,0.0152,0.0148,0.0152,0.2909
2015-02-04,NIFTY,8723.7,8756.55,8776.35,8809.9,0.0095,0.0092,0.0095,0.1821
2015-02-05,BANKNIFTY,19051.9,19174.0,19147.05,19284.7,0.0148,0.0145,0.0148,0.2836
2015-02-05,NIFTY,8711.7,8723.7,8751.3,8776.35,0.0092,0.0089,0.0092,0.1767
2015-02-06,BANKNIFTY,18786.7,19051.9,18878.95,19147.05,0.0148,0.0144,0.0148,0.2827
2015-02-06,NIFTY,8661.05,8711.7,8711.9,8751.3,0.0091,0.0087,0.0091,0.1734
2015-02-09,BANKNIFTY,18403.85,18786.7,18489.3,18878.95,0.0152,0.0149,0.0152,0.2905
2015-02-09,NIFTY,8526.35,8661.05,8562.9,8711.9,0.0096,0.0094,0.0096,0.1834
2015-02-10,BANKNIFTY,18752.5,18403.85,18853.95,18489.3,0.0154,0.0152,0.0154,0.295
2015-02-10,NIFTY,8565.55,8526.35,8611.4,8562.9,0.0094,0.0093,0.0094,0.1791
2015-02-11,BANKNIFTY,18940.8,18752.5,19048.5,18853.95,0.0152,0.015,0.0152,0.2898
2015-02-11,NIFTY,8627.4,8565.55,8670.9,8611.4,0.0093,0.0091,0.0093,0.1769
2015-02-12,BANKNIFTY,19128.6,18940.8,19231.7,19048.5,0.0149,0.0147,0.0149,0.2848
2015-02-12,NIFTY,8711.55,8627.4,8752.2,8670.9,0.0093,0.0091,0.0093,0.1774
2015-02-13,BANKNIFTY,19369.7,19128.6,19459.1,19231.7,0.0148,0.0145,0.0148,0.2823
2015-02-13,NIFTY,8805.5,8711.55,8841.55,8752.2,0.0094,0.0092,0.0094,0.1792
2015-02-16,BANKNIFTY,19189.95,19369.7,19272.75,19459.1,0.0145,0.0143,0.0145,0.2771
2015-02-16,NIFTY,8809.35,8805.5,8845.05,8841.55,0.0091,0.0089,0.0091,0.1738
2015-02-18,BANKNIFTY,19296.5,19189.95,19380.15,19272.75,0.0141,0.0139,0.0141,0.2699
2015-02-18,NIFTY,8869.1,8809.35,8891.3,8845.05,0.009,0.0088,0.009,0.1714
2015-02-19,BANKNIFTY,19188.3,19296.5,19257.5,19380.15,0.0138,0.0136,0.0138,0.263
2015-02-19,NIFTY,8895.3,8869.1,8916.15,8891.3,0.0087,0.0085,0.0087,0.1668
2015-02-20,BANKNIFTY,19073.55,19188.3,19104.9,19257.5,0.0134,0.0133,0.0134,0.2565
2015-02-20,NIFTY,8833.6,8895.3,8849.45,8916.15,0.0086,0.0085,0.0086,0.1649
2015-02-23,BANKNIFTY,18913.4,19073.55,18906.35,19104.9,0.0132,0.0132,0.0132,0.2518
2015-02-23,NIFTY,8754.95,8833.6,8753.45,8849.45,0.0087,0.0086,0.0087,0.1653
2015-02-24,BANKNIFTY,18883.8,18913.4,18887.55,18906.35,0.0128,0.0128,0.0128,0.2443
2015-02-24,NIFTY,8762.1,8754.95,8773.3,8753.45,0.0084,0.0084,0.0084,0.1603
2015-02-25,BANKNIFTY,18733.05,18883.8,18737.95,18887.55,0.0126,0.0125,0.0126,0.2398
2015-02-25,NIFTY,8767.25,8762.1,8767.15,8773.3,0.0081,0.0081,0.0081,0.1555
2015-02-26,BANKNIFTY,18538.1,18733.05,18538.1,18737.95,0.0124,0.0124,0.0124,0.2376
2015-02-26,NIFTY,8683.85,8767.25,8683.85,8767.15,0.0082,0.0082,0.0082,0.1572
2015-02-27,BANKNIFTY,19074.55,18538.1,19221.65,18538.1,0.0139,0.015,0.015,0.2858
2015-02-27,NIFTY,8844.6,8683.85,8889.95,8683.85,0.0092,0.0098,0.0098,0.1877
2015-03-02,BANKNIFTY,20008.1,19691.2,20174.25,19853.1,0.0156,0.0165,0.0165,0.3151
2015-03-02,NIFTY,8956.75,8901.85,9000.7,8964.65,0.0089,0.0095,0.0095,0.1814
2015-03-03,BANKNIFTY,19961.2,20008.1,20121.15,20174.25,0.0152,0.016,0.016,0.3058
2015-03-03,NIFTY,8996.25,8956.75,9054.85,9000.7,0.0087,0.0093,0.0093,0.1781
2015-03-04,BANKNIFTY,19643.9,19961.2,19752.7,20121.15,0.0152,0.0162,0.0162,0.3088
2015-03-04,NIFTY,8922.65,8996.25,8956.35,9054.85,0.0086,0.0094,0.0094,0.1801
2015-03-05,BANKNIFTY,19748.0,19643.9,19907.8,19752.7,0.0148,0.0158,0.0158,0.3016
2015-03-05,NIFTY,8937.75,8922.65,8988.75,8956.35,0.0084,0.0092,0.0092,0.1755
2015-03-09,BANKNIFTY,19145.55,19748.0,19259.5,19907.8,0.0162,0.0173,0.0173,0.331
2015-03-09,NIFTY,8756.75,8937.75,8784.85,8988.75,0.0096,0.0105,0.0105,0.2012
2015-03-10,BANKNIFTY,19054.4,19145.55,19168.55,19259.5,0.0158,0.0168,0.0168,0.3216
2015-03-10,NIFTY,8712.05,8756.75,8760.3,8784.85,0.0093,0.0102,0.0102,0.1955
2015-03-11,BANKNIFTY,19044.0,19054.4,19188.25,19168.55,0.0153,0.0163,0.0163,0.3119
2015-03-11,NIFTY,8699.95,8712.05,8752.15,8760.3,0.0091,0.0099,0.0099,0.1896
2015-03-12,BANKNIFTY,19141.85,19044.0,19273.25,19188.25,0.0149,0.0159,0.0159,0.3031
2015-03-12,NIFTY,8776.0,8699.95,8813.05,8752.15,0.009,0.0098,0.0098,0.1867
2015-03-13,BANKNIFTY,18779.8,19141.85,18880.95,19273.25,0.0152,0.0162,0.0162,0.3092
2015-03-13,NIFTY,8647.75,8776.0,8674.4,8813.05,0.0095,0.0102,0.0102,0.1956
2015-03-16,BANKNIFTY,18837.35,18779.8,18969.75,18880.95,0.0147,0.0157,0.0157,0.3006
2015-03-16,NIFTY,8633.15,8647.75,8665.6,8674.4,0.0092,0.0099,0.0099,0.1897
2015-03-17,BANKNIFTY,19058.25,18837.35,19131.1,18969.75,0.0146,0.0154,0.0154,0.2941
2015-03-17,NIFTY,8723.3,8633.15,8740.2,8665.6,0.0093,0.0099,0.0099,0.1882
2015-03-18,BANKNIFTY,19147.25,19058.25,19248.6,19131.1,0.0142,0.015,0.015,0.2866
2015-03-18,NIFTY,8685.9,8723.3,8704.7,8740.2,0.0091,0.0096,0.0096,0.1835
2015-03-19,BANKNIFTY,18811.15,19147.25,18844.6,19248.6,0.0144,0.0154,0.0154,0.2951
2015-03-19,NIFTY,8634.65,8685.9,8635.85,8704.7,0.0089,0.0095,0.0095,0.1817
2015-03-20,BANKNIFTY,18606.35,18811.15,18678.15,18844.6,0.0142,0.0151,0.0151,0.2891
2015-03-20,NIFTY,8570.9,8634.65,8602.05,8635.85,0.0088,0.0093,0.0093,0.1772
2015-03-23,BANKNIFTY,18449.0,18606.35,18495.95,18678.15,0.0139,0.0149,0.0149,0.284
2015-03-23,NIFTY,8550.9,8570.9,8565.0,8602.05,0.0086,0.0091,0.0091,0.1729
2015-03-24,BANKNIFTY,18331.45,18449.0,18391.2,18495.95,0.0136,0.0145,0.0145,0.2766
2015-03-24,NIFTY,8542.95,8550.9,8573.85,8565.0,0.0083,0.0088,0.0088,0.1678
2015-03-25,BANKNIFTY,18310.1,18331.45,18327.95,18391.2,0.0132,0.0141,0.0141,0.2687
2015-03-25,NIFTY,8530.8,8542.95,8535.0,8573.85,0.0081,0.0086,0.0086,0.164
2015-03-26,BANKNIFTY,17831.65,18310.1,17831.65,18327.95,0.0143,0.0152,0.0152,0.2904
2015-03-26,NIFTY,8342.15,8530.8,8342.15,8535.0,0.0095,0.01,0.01,0.1916
2015-03-27,BANKNIFTY,18044.8,17831.65,18277.35,17831.65,0.0142,0.0159,0.0159,0.3044
2015-03-27,NIFTY,8341.4,8342.15,8434.9,8342.15,0.0093,0.0101,0.0101,0.1929
2015-03-30,BANKNIFTY,18361.8,18044.8,18525.65,18277.35,0.0144,0.0158,0.0158,0.3018
2015-03-30,NIFTY,8492.3,8341.4,8557.5,8434.9,0.01,0.0104,0.0104,0.1988
2015-03-31,BANKNIFTY,18206.65,18361.8,18310.65,18525.65,0.0141,0.0156,0.0156,0.2976
2015-03-31,NIFTY,8491.0,8492.3,8534.75,8557.5,0.0097,0.0101,0.0101,0.1932
2015-04-01,BANKNIFTY,18617.85,18206.65,18727.0,18310.65,0.0148,0.0161,0.0161,0.3072
2015-04-01,NIFTY,8586.25,8491.0,8633.1,8534.75,0.0098,0.0102,0.0102,0.1948
2015-04-06,BANKNIFTY,18605.45,18617.85,18665.5,18727.0,0.0143,0.0156,0.0156,0.2982
2015-04-06,NIFTY,8659.9,8586.25,8689.8,8633.1,0.0097,0.01,0.01,0.1913
2015-04-07,BANKNIFTY,18469.3,18605.45,18571.7,18665.5,0.014,0.0152,0.0152,0.2901
2015-04-07,NIFTY,8660.3,8659.9,8711.3,8689.8,0.0094,0.0097,0.0097,0.1859
2015-04-08,BANKNIFTY,18416.6,18469.3,18510.55,18571.7,0.0136,0.0147,0.0147,0.2817
2015-04-08,NIFTY,8714.4,8660.3,8762.65,8711.3,0.0093,0.0095,0.0095,0.1823
2015-04-09,BANKNIFTY,18875.85,18416.6,18961.9,18510.55,0.0145,0.0155,0.0155,0.2954
2015-04-09,NIFTY,8778.3,8714.4,8811.1,8762.65,0.0092,0.0093,0.0093,0.1786
2015-04-10,BANKNIFTY,18800.85,18875.85,18864.7,18961.9,0.0141,0.015,0.015,0.2874
2015-04-10,NIFTY,8780.35,8778.3,8811.45,8811.1,0.0089,0.0091,0.0091,0.1732
2015-04-13,BANKNIFTY,18798.25,18800.85,18856.45,18864.7,0.0136,0.0146,0.0146,0.2787
2015-04-13,NIFTY,8834.0,8780.35,8855.45,8811.45,0.0087,0.0089,0.0089,0.1695
2015-04-15,BANKNIFTY,18716.3,18798.25,18769.4,18856.45,0.0133,0.0142,0.0142,0.2711
2015-04-15,NIFTY,8750.2,8834.0,8786.15,8855.45,0.0088,0.0088,0.0088,0.1684
2015-04-16,BANKNIFTY,18637.05,18716.3,18672.9,18769.4,0.0129,0.0138,0.0138,0.2639
2015-04-16,NIFTY,8706.7,8750.2,8726.15,8786.15,0.0086,0.0087,0.0087,0.1664
2015-04-17,BANKNIFTY,18345.55,18637.05,18408.35,18672.9,0.0131,0.0138,0.0138,0.2645
2015-04-17,NIFTY,8606.0,8706.7,8638.85,8726.15,0.0088,0.0088,0.0088,0.1683
2015-04-20,BANKNIFTY,18112.75,18345.55,18142.0,18408.35,0.0131,0.0139,0.0139,0.2653
2015-04-20,NIFTY,8448.1,8606.0,8469.9,8638.85,0.0097,0.0098,0.0098,0.1873
2015-04-21,BANKNIFTY,18105.75,18112.75,18156.1,18142.0,0.0127,0.0135,0.0135,0.2573
2015-04-21,NIFTY,8377.75,8448.1,8400.45,8469.9,0.0096,0.0097,0.0097,0.1857
2015-04-22,BANKNIFTY,18243.7,18105.75,18297.4,18156.1,0.0124,0.0132,0.0132,0.252
2015-04-22,NIFTY,8429.7,8377.75,8461.2,8400.45,0.0094,0.0096,0.0096,0.1831
2015-04-23,BANKNIFTY,18245.6,18243.7,18262.95,18297.4,0.0121,0.0128,0.0128,0.2445
2015-04-23,NIFTY,8398.3,8429.7,8405.35,8461.2,0.0092,0.0094,0.0094,0.1802
2015-04-24,BANKNIFTY,18001.9,18245.6,18031.15,18262.95,0.0121,0.0128,0.0128,0.2445
2015-04-24,NIFTY,8305.25,8398.3,8318.8,8405.35,0.0093,0.0095,0.0095,0.1813
2015-04-27,BANKNIFTY,17767.6,18001.9,17790.2,18031.15,0.0122,0.0128,0.0128,0.2453
2015-04-27,NIFTY,8213.8,8305.25,8223.0,8318.8,0.0094,0.0096,0.0096,0.184
2015-04-28,BANKNIFTY,18246.25,17767.6,18247.0,17790.2,0.0135,0.0139,0.0139,0.2657
2015-04-28,NIFTY,8285.6,8213.8,8292.4,8223.0,0.0094,0.0096,0.0096,0.1827
2015-04-29,BANKNIFTY,18302.65,18246.25,18300.55,18247.0,0.0131,0.0135,0.0135,0.258
2015-04-29,NIFTY,8239.75,8285.6,8238.25,8292.4,0.0092,0.0094,0.0094,0.1797
2015-04-30,BANKNIFTY,18338.1,18302.65,18338.1,18300.55,0.0127,0.0131,0.0131,0.2503
2015-04-30,NIFTY,8181.5,8239.75,8181.5,8238.25,0.0091,0.0093,0.0093,0.1772
2015-05-04,BANKNIFTY,18501.3,18338.1,18599.2,18338.1,0.0125,0.0132,0.0132,0.2516
2015-05-04,NIFTY,8331.95,8181.5,8372.25,8181.5,0.0099,0.0106,0.0106,0.2029
2015-05-05,BANKNIFTY,18471.45,18501.3,18557.9,18599.2,0.0122,0.0128,0.0128,0.2441
2015-05-05,NIFTY,8324.8,8331.95,8361.7,8372.25,0.0096,0.0103,0.0103,0.1968
2015-05-06,BANKNIFTY,17799.55,18471.45,17840.55,18557.9,0.0149,0.0157,0.0157,0.3001
2015-05-06,NIFTY,8097.0,8324.8,8121.75,8361.7,0.0115,0.0123,0.0123,0.2344
2015-05-07,BANKNIFTY,17376.9,17799.55,17424.35,17840.55,0.0156,0.0163,0.0163,0.3112
2015-05-07,NIFTY,8057.3,8097.0,8082.15,8121.75,0.0112,0.012,0.012,0.2285
2015-05-08,BANKNIFTY,17796.6,17376.9,17818.55,17424.35,0.0162,0.0167,0.0167,0.3194
2015-05-08,NIFTY,8191.5,8057.3,8210.55,8082.15,0.0116,0.0122,0.0122,0.2335
2015-05-11,BANKNIFTY,18199.75,17796.6,18208.8,17818.55,0.0166,0.0171,0.0171,0.3258
2015-05-11,NIFTY,8325.25,8191.5,8342.15,8210.55,0.0119,0.0125,0.0125,0.2383
2015-05-12,BANKNIFTY,17628.65,18199.75,17619.5,18208.8,0.0179,0.0184,0.0184,0.3514
2015-05-12,NIFTY,8126.95,8325.25,8131.25,8342.15,0.013,0.0136,0.0136,0.2602
2015-05-13,BANKNIFTY,18097.45,17628.65,18109.2,17619.5,0.0185,0.0191,0.0191,0.3641
2015-05-13,NIFTY,8235.45,8126.95,8250.75,8131.25,0.013,0.0137,0.0137,0.2614
2015-05-14,BANKNIFTY,18116.2,18097.45,18135.2,18109.2,0.018,0.0185,0.0185,0.353
2015-05-14,NIFTY,8224.2,8235.45,8237.8,8250.75,0.0126,0.0133,0.0133,0.2535
2015-05-15,BANKNIFTY,18183.15,18116.2,18163.1,18135.2,0.0174,0.0179,0.0179,0.3424
2015-05-15,NIFTY,8262.35,8224.2,8261.2,8237.8,0.0123,0.0129,0.0129,0.2462
2015-05-18,BANKNIFTY,18422.95,18183.15,18401.5,18163.1,0.0172,0.0177,0.0177,0.3375
2015-05-18,NIFTY,8373.65,8262.35,8372.8,8261.2,0.0124,0.0129,0.0129,0.2468
2015-05-19,BANKNIFTY,18380.4,18422.95,18366.4,18401.5,0.0167,0.0171,0.0171,0.3273
2015-05-19,NIFTY,8365.65,8373.65,8366.3,8372.8,0.012,0.0125,0.0125,0.2393
2015-05-20,BANKNIFTY,18555.15,18380.4,18523.6,18366.4,0.0163,0.0167,0.0167,0.3199
2015-05-20,NIFTY,8423.25,8365.65,8424.3,8366.3,0.0117,0.0123,0.0123,0.2342
2015-05-21,BANKNIFTY,18513.15,18555.15,18500.4,18523.6,0.0159,0.0162,0.0162,0.3102
2015-05-21,NIFTY,8421.0,8423.25,8419.1,8424.3,0.0114,0.0119,0.0119,0.2271
2015-05-22,BANKNIFTY,18433.3,18513.15,18375.25,18500.4,0.0154,0.0158,0.0158,0.3024
2015-05-22,NIFTY,8458.95,8421.0,8452.05,8419.1,0.0111,0.0116,0.0116,0.221
2015-05-25,BANKNIFTY,18324.85,18433.3,18280.8,18375.25,0.015,0.0154,0.0154,0.2942
2015-05-25,NIFTY,8370.25,8458.95,8368.45,8452.05,0.0111,0.0115,0.0115,0.2192
2015-05-26,BANKNIFTY,18329.3,18324.85,18288.15,18280.8,0.0146,0.0149,0.0149,0.2852
2015-05-26,NIFTY,8339.35,8370.25,8337.9,8368.45,0.0108,0.0112,0.0112,0.2132
2015-05-27,BANKNIFTY,18538.85,18329.3,18513.6,18288.15,0.0144,0.0148,0.0148,0.2824
2015-05-27,NIFTY,8334.6,8339.35,8331.75,8337.9,0.0104,0.0108,0.0108,0.2068
2015-05-28,BANKNIFTY,18449.2,18538.85,18449.2,18513.6,0.014,0.0144,0.0144,0.2743
2015-05-28,NIFTY,8319.0,8334.6,8319.0,8331.75,0.0101,0.0105,0.0105,0.2006
2015-05-29,BANKNIFTY,18721.35,18449.2,18764.15,18449.2,0.014,0.0145,0.0145,0.2775
2015-05-29,NIFTY,8433.65,8319.0,8458.65,8319.0,0.0104,0.011,0.011,0.2095
2015-06-01,BANKNIFTY,18617.0,18721.35,18641.4,18764.15,0.0137,0.0142,0.0142,0.2708
2015-06-01,NIFTY,8433.4,8433.65,8431.65,8458.65,0.0101,0.0107,0.0107,0.2037
2015-06-02,BANKNIFTY,17977.3,18617.0,17937.15,18641.4,0.0158,0.0167,0.0167,0.3184
2015-06-02,NIFTY,8236.45,8433.4,8225.35,8431.65,0.0113,0.012,0.012,0.229
2015-06-03,BANKNIFTY,17721.4,17977.3,17720.85,17937.15,0.0157,0.0164,0.0164,0.3139
2015-06-03,NIFTY,8135.1,8236.45,8136.35,8225.35,0.0114,0.0119,0.0119,0.2278
2015-06-04,BANKNIFTY,17719.2,17721.4,17748.2,17720.85,0.0152,0.0159,0.0159,0.3044
2015-06-04,NIFTY,8130.65,8135.1,8141.6,8136.35,0.0111,0.0116,0.0116,0.2208
2015-06-05,BANKNIFTY,17549.25,17719.2,17536.8,17748.2,0.0149,0.0157,0.0157,0.3004
2015-06-05,NIFTY,8114.7,8130.65,8114.25,8141.6,0.0107,0.0112,0.0112,0.2147
2015-06-08,BANKNIFTY,17432.6,17549.25,17410.65,17536.8,0.0146,0.0153,0.0153,0.2932
2015-06-08,NIFTY,8044.15,8114.7,8044.2,8114.25,0.0106,0.0111,0.0111,0.2121
2015-06-09,BANKNIFTY,17489.9,17432.6,17495.55,17410.65,0.0142,0.0149,0.0149,0.2852
2015-06-09,NIFTY,8022.4,8044.15,8030.6,8044.2,0.0103,0.0108,0.0108,0.2058
2015-06-10,BANKNIFTY,17707.25,17489.9,17676.15,17495.55,0.0141,0.0147,0.0147,0.2807
2015-06-10,NIFTY,8124.45,8022.4,8120.05,8030.6,0.0105,0.0108,0.0108,0.2061
2015-06-11,BANKNIFTY,17304.4,17707.25,17274.75,17676.15,0.0148,0.0153,0.0153,0.2926
2015-06-11,NIFTY,7965.35,8124.45,7959.2,8120.05,0.0112,0.0116,0.0116,0.2207
2015-06-12,BANKNIFTY,17523.55,17304.4,17500.2,17274.75,0.0146,0.0152,0.0152,0.2901
2015-06-12,NIFTY,7982.9,7965.35,7978.7,7959.2,0.0109,0.0112,0.0112,0.2143
2015-06-15,BANKNIFTY,17458.7,17523.55,17414.1,17500.2,0.0142,0.0148,0.0148,0.2822
2015-06-15,NIFTY,8013.9,7982.9,8009.2,7978.7,0.0106,0.0109,0.0109,0.2085
2015-06-16,BANKNIFTY,17602.45,17458.7,17576.8,17414.1,0.0139,0.0145,0.0145,0.277
2015-06-16,NIFTY,8047.3,8013.9,8047.0,8009.2,0.0104,0.0106,0.0106,0.2034
2015-06-17,BANKNIFTY,17584.05,17602.45,17520.65,17576.8,0.0135,0.0141,0.0141,0.269
2015-06-17,NIFTY,8091.55,8047.3,8079.05,8047.0,0.0101,0.0104,0.0104,0.198
2015-06-18,BANKNIFTY,17733.55,17584.05,17683.1,17520.65,0.0133,0.0138,0.0138,0.2644
2015-06-18,NIFTY,8174.6,8091.55,8157.55,8079.05,0.0101,0.0103,0.0103,0.1973
2015-06-19,BANKNIFTY,17880.85,17733.55,17871.0,17683.1,0.013,0.0137,0.0137,0.261
2015-06-19,NIFTY,8224.95,8174.6,8237.6,8157.55,0.0099,0.0103,0.0103,0.1966
2015-06-22,BANKNIFTY,18334.5,17880.85,18320.6,17871.0,0.014,0.0146,0.0146,0.2785
2015-06-22,NIFTY,8353.1,8224.95,8353.15,8237.6,0.0104,0.0105,0.0105,0.2015
2015-06-23,BANKNIFTY,18391.35,18334.5,18390.55,18320.6,0.0136,0.0142,0.0142,0.2706
2015-06-23,NIFTY,8381.55,8353.1,8377.4,8353.15,0.0101,0.0102,0.0102,0.1958
2015-06-24,BANKNIFTY,18365.55,18391.35,18347.45,18390.55,0.0132,0.0137,0.0137,0.2626
2015-06-24,NIFTY,8360.85,8381.55,8350.3,8377.4,0.0098,0.01,0.01,0.1905
2015-06-25,BANKNIFTY,18492.9,18365.55,18492.9,18347.45,0.0129,0.0135,0.0135,0.2573
2015-06-25,NIFTY,8398.0,8360.85,8398.0,8350.3,0.0096,0.0098,0.0098,0.1866
2015-06-26,BANKNIFTY,18371.5,18492.9,18349.35,18492.9,0.0126,0.0132,0.0132,0.2521
2015-06-26,NIFTY,8381.1,8398.0,8381.65,8398.0,0.0093,0.0095,0.0095,0.1811
2015-06-29,BANKNIFTY,18241.25,18371.5,18220.15,18349.35,0.0124,0.0129,0.0129,0.2466
2015-06-29,NIFTY,8318.4,8381.1,8319.15,8381.65,0.0092,0.0094,0.0094,0.1791
2015-06-30,BANKNIFTY,18296.1,18241.25,18295.95,18220.15,0.012,0.0126,0.0126,0.2399
2015-06-30,NIFTY,8368.5,8318.4,8377.8,8319.15,0.009,0.0092,0.0092,0.1767
2015-07-01,BANKNIFTY,18581.6,18296.1,18553.7,18295.95,0.0123,0.0126,0.0126,0.2416
2015-07-01,NIFTY,8453.05,8368.5,8455.2,8377.8,0.0091,0.0092,0.0092,0.1766
2015-07-02,BANKNIFTY,18585.55,18581.6,18566.3,18553.7,0.0119,0.0123,0.0123,0.2343
2015-07-02,NIFTY,8444.9,8453.05,8438.3,8455.2,0.0088,0.009,0.009,0.1715
2015-07-03,BANKNIFTY,18729.65,18585.55,18721.95,18566.3,0.0117,0.0121,0.0121,0.2305
2015-07-03,NIFTY,8484.9,8444.9,8488.0,8438.3,0.0086,0.0088,0.0088,0.1685
2015-07-06,BANKNIFTY,18825.15,18729.65,18859.35,18721.95,0.0114,0.0118,0.0118,0.2261
2015-07-06,NIFTY,8522.15,8484.9,8537.75,8488.0,0.0084,0.0087,0.0087,0.1657
2015-07-07,BANKNIFTY,18798.5,18825.15,18806.45,18859.35,0.011,0.0115,0.0115,0.2196
2015-07-07,NIFTY,8510.8,8522.15,8516.6,8537.75,0.0082,0.0084,0.0084,0.161
2015-07-08,BANKNIFTY,18463.15,18798.5,18515.05,18806.45,0.0116,0.0118,0.0118,0.2251
2015-07-08,NIFTY,8363.05,8510.8,8378.0,8516.6,0.009,0.0091,0.0091,0.174
2015-07-09,BANKNIFTY,18508.7,18463.15,18566.75,18515.05,0.0112,0.0114,0.0114,0.2186
2015-07-09,NIFTY,8328.55,8363.05,8346.1,8378.0,0.0088,0.0089,0.0089,0.1696
2015-07-10,BANKNIFTY,18719.8,18508.7,18801.35,18566.75,0.0112,0.0115,0.0115,0.22
2015-07-10,NIFTY,8360.55,8328.55,8385.55,8346.1,0.0086,0.0087,0.0087,0.1659
2015-07-13,BANKNIFTY,18893.55,18719.8,18974.35,18801.35,0.0111,0.0114,0.0114,0.2175
2015-07-13,NIFTY,8459.65,8360.55,8481.95,8385.55,0.0088,0.0089,0.0089,0.1695
2015-07-14,BANKNIFTY,18780.2,18893.55,18838.05,18974.35,0.0109,0.0112,0.0112,0.2136
2015-07-14,NIFTY,8454.1,8459.65,8465.9,8481.95,0.0085,0.0086,0.0086,0.1646
2015-07-15,BANKNIFTY,18816.25,18780.2,18880.45,18838.05,0.0106,0.0109,0.0109,0.2073
2015-07-15,NIFTY,8523.8,8454.1,8542.05,8465.9,0.0085,0.0086,0.0086,0.165
2015-07-16,BANKNIFTY,19168.05,18816.25,19230.45,18880.45,0.0112,0.0114,0.0114,0.2186
2015-07-16,NIFTY,8608.05,8523.8,8626.65,8542.05,0.0086,0.0087,0.0087,0.1665
2015-07-17,BANKNIFTY,19094.7,19168.05,19148.35,19230.45,0.0109,0.0111,0.0111,0.2129
2015-07-17,NIFTY,8609.85,8608.05,8625.05,8626.65,0.0083,0.0084,0.0084,0.1614
2015-07-20,BANKNIFTY,19032.7,19094.7,19089.6,19148.35,0.0106,0.0108,0.0108,0.2069
2015-07-20,NIFTY,8603.45,8609.85,8628.25,8625.05,0.0081,0.0082,0.0082,0.1565
2015-07-21,BANKNIFTY,18723.4,19032.7,18765.25,19089.6,0.011,0.0113,0.0113,0.2161
2015-07-21,NIFTY,8529.45,8603.45,8545.0,8628.25,0.0081,0.0083,0.0083,0.1584
2015-07-22,BANKNIFTY,18997.0,18723.4,19056.8,18765.25,0.0113,0.0116,0.0116,0.2216
2015-07-22,NIFTY,8633.5,8529.45,8648.4,8545.0,0.0084,0.0086,0.0086,0.1636
2015-07-23,BANKNIFTY,18865.0,18997.0,18906.3,19056.8,0.0111,0.0114,0.0114,0.218
2015-07-23,NIFTY,8589.8,8633.5,8603.7,8648.4,0.0083,0.0084,0.0084,0.1604
2015-07-24,BANKNIFTY,18635.85,18865.0,18675.95,18906.3,0.0111,0.0115,0.0115,0.219
2015-07-24,NIFTY,8521.55,8589.8,8534.35,8603.7,0.0082,0.0084,0.0084,0.1601
2015-07-27,BANKNIFTY,18213.05,18635.85,18251.45,18675.95,0.0122,0.0125,0.0125,0.238
2015-07-27,NIFTY,8361.0,8521.55,8372.8,8534.35,0.0092,0.0094,0.0094,0.1791
2015-07-28,BANKNIFTY,18282.8,18213.05,18314.2,18251.45,0.0118,0.0121,0.0121,0.2313
2015-07-28,NIFTY,8337.0,8361.0,8350.95,8372.8,0.009,0.0091,0.0091,0.1741
2015-07-29,BANKNIFTY,18323.4,18282.8,18329.1,18314.2,0.0115,0.0117,0.0117,0.2243
2015-07-29,NIFTY,8375.05,8337.0,8377.65,8350.95,0.0088,0.0089,0.0089,0.1695
2015-07-30,BANKNIFTY,18440.4,18323.4,18440.4,18329.1,0.0113,0.0115,0.0115,0.2193
2015-07-30,NIFTY,8421.8,8375.05,8421.8,8377.65,0.0086,0.0087,0.0087,0.1661
2015-07-31,BANKNIFTY,18729.85,18440.4,18835.8,18440.4,0.0116,0.0123,0.0123,0.2347
2015-07-31,NIFTY,8532.85,8421.8,8569.65,8421.8,0.009,0.0094,0.0094,0.1805
2015-08-03,BANKNIFTY,18914.7,18729.85,18959.45,18835.8,0.0115,0.012,0.012,0.2296
2015-08-03,NIFTY,8543.05,8532.85,8561.7,8569.65,0.0087,0.0092,0.0092,0.175
2015-08-04,BANKNIFTY,18972.6,18914.7,19059.4,18959.45,0.0111,0.0117,0.0117,0.2239
2015-08-04,NIFTY,8516.9,8543.05,8547.55,8561.7,0.0085,0.0089,0.0089,0.1699
2015-08-05,BANKNIFTY,18928.55,18972.6,19015.55,19059.4,0.0108,0.0114,0.0114,0.2174
2015-08-05,NIFTY,8567.95,8516.9,8592.65,8547.55,0.0083,0.0087,0.0087,0.1665
2015-08-06,BANKNIFTY,19029.35,18928.55,19098.95,19015.55,0.0106,0.0111,0.0111,0.2117
2015-08-06,NIFTY,8588.65,8567.95,8615.0,8592.65,0.0081,0.0085,0.0085,0.1619
2015-08-07,BANKNIFTY,18893.55,19029.35,18979.9,19098.95,0.0104,0.0109,0.0109,0.2074
2015-08-07,NIFTY,8564.6,8588.65,8594.1,8615.0,0.0079,0.0082,0.0082,0.1574
2015-08-10,BANKNIFTY,18875.0,18893.55,18959.3,18979.9,0.0101,0.0105,0.0105,0.2011
2015-08-10,NIFTY,8525.6,8564.6,8544.3,8594.1,0.0077,0.0081,0.0081,0.155
2015-08-11,BANKNIFTY,18616.9,18875.0,18687.05,18959.3,0.0103,0.0108,0.0108,0.2064
2015-08-11,NIFTY,8462.35,8525.6,8490.8,8544.3,0.0077,0.008,0.008,0.1531
2015-08-12,BANKNIFTY,18059.75,18616.9,18135.75,18687.05,0.0125,0.0128,0.0128,0.2443
2015-08-12,NIFTY,8349.45,8462.35,8365.45,8490.8,0.0082,0.0086,0.0086,0.164
2015-08-13,BANKNIFTY,18175.4,18059.75,18243.0,18135.75,0.0122,0.0125,0.0125,0.2385
2015-08-13,NIFTY,8355.85,8349.45,8381.0,8365.45,0.0079,0.0083,0.0083,0.1592
2015-08-14,BANKNIFTY,18723.6,18175.4,18791.15,18243.0,0.0139,0.0141,0.0141,0.2695
2015-08-14,NIFTY,8518.55,8355.85,8542.7,8381.0,0.009,0.0093,0.0093,0.1784
2015-08-17,BANKNIFTY,18822.05,18723.6,18842.25,18791.15,0.0135,0.0137,0.0137,0.2616
2015-08-17,NIFTY,8477.3,8518.55,8488.05,8542.7,0.0088,0.0092,0.0092,0.1756
2015-08-18,BANKNIFTY,18780.85,18822.05,18812.55,18842.25,0.0131,0.0133,0.0133,0.2538
2015-08-18,NIFTY,8466.55,8477.3,8481.7,8488.05,0.0086,0.0089,0.0089,0.1702
2015-08-19,BANKNIFTY,18703.25,18780.85,18730.9,18812.55,0.0128,0.0129,0.0129,0.2469
2015-08-19,NIFTY,8495.15,8466.55,8505.4,8481.7,0.0083,0.0087,0.0087,0.1656
2015-08-20,BANKNIFTY,18283.1,18703.25,18309.6,18730.9,0.0136,0.0137,0.0137,0.262
2015-08-20,NIFTY,8372.75,8495.15,8380.05,8505.4,0.0088,0.0092,0.0092,0.1749
2015-08-21,BANKNIFTY,18057.2,18283.1,18071.6,18309.6,0.0135,0.0137,0.0137,0.2613
2015-08-21,NIFTY,8299.95,8372.75,8306.35,8380.05,0.0088,0.0091,0.0091,0.1746
2015-08-24,BANKNIFTY,16811.8,18057.2,16760.6,18071.6,0.0219,0.0227,0.0227,0.434
2015-08-24,NIFTY,7809.0,8299.95,7806.35,8306.35,0.0172,0.0176,0.0176,0.3362
2015-08-25,BANKNIFTY,17192.75,16811.8,17203.2,16760.6,0.0219,0.0229,0.0229,0.4381
2015-08-25,NIFTY,7880.7,7809.0,7896.2,7806.35,0.0168,0.0173,0.0173,0.3304
2015-08-26,BANKNIFTY,16917.65,17192.75,16938.75,17203.2,0.0216,0.0226,0.0226,0.4309
2015-08-26,NIFTY,7791.85,7880.7,7800.7,7896.2,0.0166,0.017,0.017,0.3253
2015-08-27,BANKNIFTY,17214.4,16917.65,17214.4,16938.75,0.0214,0.0222,0.0222,0.4246
2015-08-27,NIFTY,7948.95,7791.85,7948.95,7800.7,0.0168,0.0171,0.0171,0.3275
2015-08-28,BANKNIFTY,17211.95,17214.4,17273.05,17214.4,0.0207,0.0216,0.0216,0.4119
2015-08-28,NIFTY,8001.95,7948.95,8022.7,7948.95,0.0164,0.0168,0.0168,0.3204
2015-08-31,BANKNIFTY,17146.55,17211.95,17208.4,17273.05,0.0201,0.0209,0.0209,0.3998
2015-08-31,NIFTY,7971.3,8001.95,8000.05,8022.7,0.0159,0.0163,0.0163,0.3109
2015-09-01,BANKNIFTY,16530.3,17146.55,16563.35,17208.4,0.0215,0.0223,0.0223,0.4268
2015-09-01,NIFTY,7785.85,7971.3,7798.8,8000.05,0.0164,0.017,0.017,0.3242
2015-09-02,BANKNIFTY,16252.7,16530.3,16282.1,16563.35,0.0212,0.0221,0.0221,0.4215
2015-09-02,NIFTY,7717.0,7785.85,7742.15,7798.8,0.0161,0.0165,0.0165,0.3162
2015-09-03,BANKNIFTY,16555.4,16252.7,16565.9,16282.1,0.0211,0.0218,0.0218,0.4166
2015-09-03,NIFTY,7823.0,7717.0,7842.55,7742.15,0.016,0.0164,0.0164,0.3124
2015-09-04,BANKNIFTY,16129.1,16555.4,16145.85,16565.9,0.0214,0.0221,0.0221,0.4214
2015-09-04,NIFTY,7655.05,7823.0,7664.35,7842.55,0.0164,0.0168,0.0168,0.3214
2015-09-07,BANKNIFTY,15790.1,16129.1,15824.5,16145.85,0.0214,0.0219,0.0219,0.4193
2015-09-07,NIFTY,7558.8,7655.05,7574.5,7664.35,0.0162,0.0166,0.0166,0.3165
2015-09-08,BANKNIFTY,16350.95,15790.1,16403.25,15824.5,0.0224,0.023,0.023,0.4399
2015-09-08,NIFTY,7688.25,7558.8,7719.4,7574.5,0.0162,0.0167,0.0167,0.3194
2015-09-09,BANKNIFTY,16631.5,16350.95,16633.2,16403.25,0.0221,0.0226,0.0226,0.4314
2015-09-09,NIFTY,7818.6,7688.25,7826.7,7719.4,0.0162,0.0166,0.0166,0.3163
2015-09-10,BANKNIFTY,16597.65,16631.5,16629.85,16633.2,0.0215,0.0219,0.0219,0.4183
2015-09-10,NIFTY,7788.1,7818.6,7808.25,7826.7,0.0158,0.0161,0.0161,0.3069
2015-09-11,BANKNIFTY,16612.6,16597.65,16628.5,16629.85,0.0208,0.0212,0.0212,0.4056
2015-09-11,NIFTY,7789.3,7788.1,7789.35,7808.25,0.0153,0.0156,0.0156,0.2978
2015-09-14,BANKNIFTY,16911.8,16612.6,16920.05,16628.5,0.0206,0.021,0.021,0.4015
2015-09-14,NIFTY,7872.25,7789.3,7875.2,7789.35,0.0151,0.0153,0.0153,0.2932
2015-09-15,BANKNIFTY,16739.55,16911.8,16752.45,16920.05,0.0202,0.0205,0.0205,0.3921
2015-09-15,NIFTY,7829.1,7872.25,7828.55,7875.2,0.0147,0.015,0.015,0.2856
2015-09-16,BANKNIFTY,16964.85,16739.55,16961.15,16752.45,0.0198,0.0201,0.0201,0.3845
2015-09-16,NIFTY,7899.15,7829.1,7896.3,7828.55,0.0144,0.0146,0.0146,0.2798
2015-09-18,BANKNIFTY,17409.15,16964.85,17408.55,16961.15,0.0202,0.0205,0.0205,0.3922
2015-09-18,NIFTY,7981.9,7899.15,7982.55,7896.3,0.0142,0.0144,0.0144,0.276
2015-09-21,BANKNIFTY,17542.9,17409.15,17537.3,17408.55,0.0197,0.02,0.02,0.3818
2015-09-21,NIFTY,7977.1,7981.9,7980.05,7982.55,0.0137,0.014,0.014,0.2676
2015-09-22,BANKNIFTY,17031.15,17542.9,17001.55,17537.3,0.0204,0.0208,0.0208,0.3976
2015-09-22,NIFTY,7812.0,7977.1,7797.1,7980.05,0.0143,0.0147,0.0147,0.2813
2015-09-23,BANKNIFTY,17255.3,17031.15,17273.7,17001.55,0.0201,0.0206,0.0206,0.3926
2015-09-23,NIFTY,7845.95,7812.0,7855.45,7797.1,0.0139,0.0144,0.0144,0.2749
2015-09-24,BANKNIFTY,17196.65,17255.3,17196.65,17273.7,0.0195,0.02,0.02,0.3812
2015-09-24,NIFTY,7868.5,7845.95,7868.5,7855.45,0.0135,0.014,0.014,0.2667
2015-09-28,BANKNIFTY,17100.3,17196.65,17185.8,17196.65,0.0189,0.0193,0.0193,0.3696
2015-09-28,NIFTY,7795.7,7868.5,7825.5,7868.5,0.0133,0.0136,0.0136,0.2598
2015-09-29,BANKNIFTY,17281.2,17100.3,17387.85,17185.8,0.0185,0.019,0.019,0.3625
2015-09-29,NIFTY,7843.3,7795.7,7875.85,7825.5,0.0129,0.0133,0.0133,0.2537
2015-09-30,BANKNIFTY,17216.3,17281.2,17319.35,17387.85,0.018,0.0184,0.0184,0.352
2015-09-30,NIFTY,7948.9,7843.3,7980.35,7875.85,0.013,0.0133,0.0133,0.2536
2015-10-01,BANKNIFTY,17150.2,17216.3,17238.15,17319.35,0.0175,0.0179,0.0179,0.342
2015-10-01,NIFTY,7950.9,7948.9,7976.95,7980.35,0.0126,0.0129,0.0129,0.2458
2015-10-05,BANKNIFTY,17674.05,17150.2,17722.2,17238.15,0.0185,0.0186,0.0186,0.356
2015-10-05,NIFTY,8119.3,7950.9,8132.8,7976.95,0.0132,0.0133,0.0133,0.255
2015-10-06,BANKNIFTY,17605.35,17674.05,17672.75,17722.2,0.0179,0.0181,0.0181,0.3454
2015-10-06,NIFTY,8152.9,8119.3,8160.55,8132.8,0.0129,0.013,0.013,0.2477
2015-10-07,BANKNIFTY,17616.8,17605.35,17689.05,17672.75,0.0174,0.0175,0.0175,0.3349
2015-10-07,NIFTY,8177.4,8152.9,8194.65,8160.55,0.0125,0.0126,0.0126,0.241
2015-10-08,BANKNIFTY,17474.3,17616.8,17550.6,17689.05,0.017,0.0171,0.0171,0.3267
2015-10-08,NIFTY,8129.35,8177.4,8157.25,8194.65,0.0122,0.0123,0.0123,0.2346
2015-10-09,BANKNIFTY,17590.25,17474.3,17644.9,17550.6,0.0165,0.0166,0.0166,0.3178
2015-10-09,NIFTY,8189.7,8129.35,8205.35,8157.25,0.012,0.012,0.012,0.2291
2015-10-12,BANKNIFTY,17583.15,17590.25,17622.85,17644.9,0.016,0.0161,0.0161,0.3082
2015-10-12,NIFTY,8143.6,8189.7,8149.6,8205.35,0.0117,0.0117,0.0117,0.2244
2015-10-13,BANKNIFTY,17554.85,17583.15,17601.65,17622.85,0.0156,0.0156,0.0156,0.2988
2015-10-13,NIFTY,8131.7,8143.6,8138.8,8149.6,0.0113,0.0114,0.0114,0.2177
2015-10-14,BANKNIFTY,17543.25,17554.85,17583.05,17601.65,0.0151,0.0152,0.0152,0.2898
2015-10-14,NIFTY,8107.9,8131.7,8121.4,8138.8,0.011,0.0111,0.0111,0.2113
2015-10-15,BANKNIFTY,17686.1,17543.25,17731.6,17583.05,0.0148,0.0148,0.0148,0.2837
2015-10-15,NIFTY,8179.5,8107.9,8187.0,8121.4,0.0109,0.0109,0.0109,0.2083
2015-10-16,BANKNIFTY,17912.85,17686.1,17983.35,17731.6,0.0146,0.0148,0.0148,0.2828
2015-10-16,NIFTY,8238.15,8179.5,8259.45,8187.0,0.0107,0.0108,0.0108,0.2061
2015-10-19,BANKNIFTY,17855.05,17912.85,17881.4,17983.35,0.0142,0.0144,0.0144,0.2755
2015-10-19,NIFTY,8275.05,8238.15,8270.75,8259.45,0.0104,0.0105,0.0105,0.1999
2015-10-20,BANKNIFTY,17830.25,17855.05,17833.6,17881.4,0.0138,0.014,0.014,0.2674
2015-10-20,NIFTY,8261.65,8275.05,8253.9,8270.75,0.0101,0.0102,0.0102,0.1941
2015-10-21,BANKNIFTY,17710.55,17830.25,17719.6,17833.6,0.0135,0.0137,0.0137,0.261
2015-10-21,NIFTY,8251.7,8261.65,8262.3,8253.9,0.0098,0.0099,0.0099,0.1882
2015-10-23,BANKNIFTY,17934.05,17710.55,17935.5,17719.6,0.0134,0.0136,0.0136,0.2593
2015-10-23,NIFTY,8295.45,8251.7,8304.15,8262.3,0.0096,0.0096,0.0096,0.184
2015-10-26,BANKNIFTY,17815.05,17934.05,17818.75,17935.5,0.0131,0.0133,0.0133,0.2533
2015-10-26,NIFTY,8260.55,8295.45,8263.6,8304.15,0.0094,0.0094,0.0094,0.1799
2015-10-27,BANKNIFTY,17806.3,17815.05,17839.95,17818.75,0.0127,0.0129,0.0129,0.2456
2015-10-27,NIFTY,8232.9,8260.55,8244.25,8263.6,0.0091,0.0091,0.0091,0.1747
2015-10-28,BANKNIFTY,17373.15,17806.3,17415.0,17839.95,0.0137,0.0138,0.0138,0.2635
2015-10-28,NIFTY,8171.2,8232.9,8173.6,8244.25,0.009,0.0091,0.0091,0.1741
2015-10-29,BANKNIFTY,17212.2,17373.15,17212.2,17415.0,0.0135,0.0137,0.0137,0.2613
2015-10-29,NIFTY,8111.75,8171.2,8111.75,8173.6,0.0089,0.009,0.009,0.1725
2015-10-30,BANKNIFTY,17354.5,17212.2,17416.9,17212.2,0.0132,0.0136,0.0136,0.2593
2015-10-30,NIFTY,8065.8,8111.75,8094.7,8111.75,0.0088,0.0088,0.0088,0.1678
2015-11-02,BANKNIFTY,17340.6,17354.5,17396.6,17416.9,0.0128,0.0132,0.0132,0.2515
2015-11-02,NIFTY,8050.8,8065.8,8076.15,8094.7,0.0085,0.0085,0.0085,0.1629
2015-11-03,BANKNIFTY,17325.6,17340.6,17377.05,17396.6,0.0125,0.0128,0.0128,0.2439
2015-11-03,NIFTY,8060.7,8050.8,8087.25,8076.15,0.0083,0.0083,0.0083,0.158
2015-11-04,BANKNIFTY,17221.05,17325.6,17288.9,17377.05,0.0122,0.0124,0.0124,0.2376
2015-11-04,NIFTY,8040.2,8060.7,8070.05,8087.25,0.008,0.008,0.008,0.1537
2015-11-05,BANKNIFTY,16995.1,17221.05,17071.85,17288.9,0.0122,0.0124,0.0124,0.2379
2015-11-05,NIFTY,7955.45,8040.2,7989.4,8070.05,0.0082,0.0082,0.0082,0.157
2015-11-06,BANKNIFTY,17086.5,16995.1,17167.2,17071.85,0.0119,0.0121,0.0121,0.2321
2015-11-06,NIFTY,7954.3,7955.45,7977.4,7989.4,0.008,0.0079,0.008,0.1523
2015-11-09,BANKNIFTY,17003.0,17086.5,17068.5,17167.2,0.0116,0.0119,0.0119,0.2266
2015-11-09,NIFTY,7915.2,7954.3,7936.05,7977.4,0.0078,0.0078,0.0078,0.1494
2015-11-10,BANKNIFTY,16836.0,17003.0,16864.45,17068.5,0.0115,0.0119,0.0119,0.2268
2015-11-10,NIFTY,7783.35,7915.2,7802.5,7936.05,0.0086,0.0086,0.0086,0.1648
2015-11-11,BANKNIFTY,16956.0,16836.0,16951.85,16864.45,0.0113,0.0116,0.0116,0.2212
2015-11-11,NIFTY,7825.0,7783.35,7825.05,7802.5,0.0085,0.0084,0.0085,0.1617
2015-11-13,BANKNIFTY,16932.85,16956.0,16958.15,16951.85,0.011,0.0112,0.0112,0.2145
2015-11-13,NIFTY,7762.25,7825.0,7774.3,7825.05,0.0084,0.0083,0.0084,0.1613
2015-11-16,BANKNIFTY,17184.9,16932.85,17214.6,16958.15,0.0112,0.0115,0.0115,0.2195
2015-11-16,NIFTY,7806.6,7762.25,7827.25,7774.3,0.0083,0.0082,0.0083,0.1586
2015-11-17,BANKNIFTY,17140.45,17184.9,17179.4,17214.6,0.0109,0.0111,0.0111,0.213
2015-11-17,NIFTY,7837.55,7806.6,7852.6,7827.25,0.0081,0.008,0.0081,0.1549
2015-11-18,BANKNIFTY,16812.1,17140.45,16810.5,17179.4,0.0116,0.012,0.012,0.2302
2015-11-18,NIFTY,7731.8,7837.55,7731.95,7852.6,0.0085,0.0086,0.0086,0.1649
2015-11-19,BANKNIFTY,17071.9,16812.1,17091.8,16810.5,0.0119,0.0124,0.0124,0.2363
2015-11-19,NIFTY,7842.75,7731.8,7858.35,7731.95,0.009,0.0093,0.0093,0.177
2015-11-20,BANKNIFTY,17055.6,17071.9,17050.8,17091.8,0.0115,0.012,0.012,0.2294
2015-11-20,NIFTY,7856.55,7842.75,7851.6,7858.35,0.0087,0.009,0.009,0.1716
2015-11-23,BANKNIFTY,17060.25,17055.6,17057.65,17050.8,0.0111,0.0116,0.0116,0.2224
2015-11-23,NIFTY,7849.25,7856.55,7851.25,7851.6,0.0085,0.0087,0.0087,0.1664
2015-11-24,BANKNIFTY,16988.65,17060.25,17006.05,17057.65,0.0109,0.0113,0.0113,0.2161
2015-11-24,NIFTY,7831.6,7849.25,7832.25,7851.25,0.0082,0.0085,0.0085,0.1617
2015-11-26,BANKNIFTY,17036.55,16988.65,17036.55,17006.05,0.0105,0.011,0.011,0.2096
2015-11-26,NIFTY,7883.8,7831.6,7883.8,7832.25,0.0081,0.0084,0.0084,0.1598
2015-11-27,BANKNIFTY,17370.95,17036.55,17425.25,17036.55,0.0113,0.012,0.012,0.229
2015-11-27,NIFTY,7942.7,7883.8,7972.2,7883.8,0.0081,0.0086,0.0086,0.1635
2015-11-30,BANKNIFTY,17430.4,17370.95,17490.4,17425.25,0.011,0.0117,0.0117,0.2228
2015-11-30,NIFTY,7935.25,7942.7,7980.1,7972.2,0.0078,0.0083,0.0083,0.1586
2015-12-01,BANKNIFTY,17398.55,17430.4,17474.6,17490.4,0.0106,0.0113,0.0113,0.216
2015-12-01,NIFTY,7954.9,7935.25,7987.75,7980.1,0.0076,0.008,0.008,0.1538
2015-12-02,BANKNIFTY,17218.5,17398.55,17281.5,17474.6,0.0106,0.0113,0.0113,0.2158
2015-12-02,NIFTY,7931.35,7954.9,7962.9,7987.75,0.0074,0.0078,0.0078,0.1498
2015-12-03,BANKNIFTY,17110.1,17218.5,17171.85,17281.5,0.0104,0.0111,0.0111,0.2113
2015-12-03,NIFTY,7864.15,7931.35,7890.8,7962.9,0.0075,0.0079,0.0079,0.1514
2015-12-04,BANKNIFTY,16897.3,17110.1,16984.8,17171.85,0.0106,0.0111,0.0111,0.2112
2015-12-04,NIFTY,7781.9,7864.15,7820.5,7890.8,0.0077,0.008,0.008,0.1526
2015-12-07,BANKNIFTY,16947.0,16897.3,17034.55,16984.8,0.0103,0.0107,0.0107,0.2052
2015-12-07,NIFTY,7765.4,7781.9,7808.8,7820.5,0.0075,0.0078,0.0078,0.1481
2015-12-08,BANKNIFTY,16801.15,16947.0,16860.4,17034.55,0.0102,0.0107,0.0107,0.2047
2015-12-08,NIFTY,7701.7,7765.4,7728.6,7808.8,0.0075,0.0079,0.0079,0.1515
2015-12-09,BANKNIFTY,16660.75,16801.15,16724.5,16860.4,0.0101,0.0106,0.0106,0.202
2015-12-09,NIFTY,7612.5,7701.7,7644.35,7728.6,0.0079,0.0081,0.0081,0.1556
2015-12-10,BANKNIFTY,16711.05,16660.75,16775.85,16724.5,0.0098,0.0103,0.0103,0.1964
2015-12-10,NIFTY,7683.3,7612.5,7710.75,7644.35,0.0079,0.0082,0.0082,0.1562
2015-12-11,BANKNIFTY,16342.5,16711.05,16389.65,16775.85,0.011,0.0115,0.0115,0.2194
2015-12-11,NIFTY,7610.45,7683.3,7627.9,7710.75,0.008,0.0084,0.0084,0.1597
2015-12-14,BANKNIFTY,16350.65,16342.5,16388.35,16389.65,0.0106,0.0111,0.0111,0.2127
2015-12-14,NIFTY,7650.05,7610.45,7668.0,7627.9,0.0079,0.0082,0.0082,0.1567
2015-12-15,BANKNIFTY,16398.65,16350.65,16404.3,16388.35,0.0103,0.0108,0.0108,0.2063
2015-12-15,NIFTY,7700.9,7650.05,7709.4,7668.0,0.0078,0.0081,0.0081,0.154
2015-12-16,BANKNIFTY,16579.4,16398.65,16578.05,16404.3,0.0104,0.0108,0.0108,0.206
2015-12-16,NIFTY,7750.9,7700.9,7758.2,7709.4,0.0078,0.008,0.008,0.1522
2015-12-17,BANKNIFTY,16741.5,16579.4,16772.0,16578.05,0.0103,0.0108,0.0108,0.207
2015-12-17,NIFTY,7844.35,7750.9,7856.4,7758.2,0.0081,0.0083,0.0083,0.1589
2015-12-18,BANKNIFTY,16594.3,16741.5,16638.7,16772.0,0.0102,0.0107,0.0107,0.2041
2015-12-18,NIFTY,7761.95,7844.35,7790.1,7856.4,0.0082,0.0083,0.0083,0.1591
2015-12-21,BANKNIFTY,16825.15,16594.3,16817.45,16638.7,0.0105,0.0107,0.0107,0.2041
2015-12-21,NIFTY,7834.45,7761.95,7841.45,7790.1,0.0083,0.0082,0.0083,0.1588
2015-12-22,BANKNIFTY,16749.2,16825.15,16715.3,16817.45,0.0102,0.0105,0.0105,0.2
2015-12-22,NIFTY,7786.1,7834.45,7785.1,7841.45,0.0082,0.0082,0.0082,0.1567
2015-12-23,BANKNIFTY,16882.5,16749.2,16851.15,16715.3,0.0101,0.0103,0.0103,0.1975
2015-12-23,NIFTY,7865.95,7786.1,7864.0,7785.1,0.0083,0.0083,0.0083,0.1592
2015-12-24,BANKNIFTY,16811.0,16882.5,16830.0,16851.15,0.0099,0.01,0.01,0.1916
2015-12-24,NIFTY,7861.05,7865.95,7871.75,7864.0,0.0081,0.0081,0.0081,0.1544
2015-12-28,BANKNIFTY,16979.15,16811.0,16930.8,16830.0,0.0099,0.0098,0.0099,0.1884
2015-12-28,NIFTY,7925.15,7861.05,7908.55,7871.75,0.0081,0.0079,0.0081,0.1545
2015-12-29,BANKNIFTY,16991.45,16979.15,17010.8,16930.8,0.0096,0.0096,0.0096,0.1835
2015-12-29,NIFTY,7928.95,7925.15,7932.05,7908.55,0.0078,0.0077,0.0078,0.1498
2015-12-30,BANKNIFTY,16917.9,16991.45,16913.7,17010.8,0.0093,0.0094,0.0094,0.1799
2015-12-30,NIFTY,7896.25,7928.95,7901.9,7932.05,0.0077,0.0075,0.0077,0.1465
2015-12-31,BANKNIFTY,16922.2,16917.9,16922.2,16913.7,0.009,0.0091,0.0091,0.1744
2015-12-31,NIFTY,7946.35,7896.25,7946.35,7901.9,0.0076,0.0074,0.0076,0.1451
2016-01-01,BANKNIFTY,17039.25,16922.2,17096.8,16922.2,0.0089,0.0092,0.0092,0.1758
2016-01-01,NIFTY,7963.2,7946.35,7982.0,7946.35,0.0074,0.0073,0.0074,0.141
2016-01-04,BANKNIFTY,16599.15,17039.25,16629.45,17096.8,0.0108,0.0112,0.0112,0.2142
2016-01-04,NIFTY,7791.3,7963.2,7809.8,7982.0,0.0089,0.0088,0.0089,0.1707
2016-01-05,BANKNIFTY,16542.5,16599.15,16579.9,16629.45,0.0105,0.0109,0.0109,0.2081
2016-01-05,NIFTY,7784.65,7791.3,7802.75,7809.8,0.0087,0.0086,0.0087,0.1655
2016-01-06,BANKNIFTY,16433.15,16542.5,16454.75,16579.9,0.0103,0.0107,0.0107,0.2049
2016-01-06,NIFTY,7741.0,7784.65,7750.05,7802.75,0.0085,0.0085,0.0085,0.1626
2016-01-07,BANKNIFTY,16073.85,16433.15,16099.15,16454.75,0.0114,0.0117,0.0117,0.2234
2016-01-07,NIFTY,7568.3,7741.0,7582.05,7750.05,0.0099,0.0098,0.0099,0.1897
2016-01-08,BANKNIFTY,16142.65,16073.85,16151.65,16099.15,0.0111,0.0114,0.0114,0.2171
2016-01-08,NIFTY,7601.35,7568.3,7605.2,7582.05,0.0097,0.0095,0.0097,0.1851
2016-01-11,BANKNIFTY,16016.25,16142.65,16035.85,16151.65,0.0109,0.0112,0.0112,0.2132
2016-01-11,NIFTY,7563.85,7601.35,7583.75,7605.2,0.0095,0.0093,0.0095,0.1809
2016-01-12,BANKNIFTY,15734.8,16016.25,15783.95,16035.85,0.0114,0.0115,0.0115,0.2196
2016-01-12,NIFTY,7510.3,7563.85,7534.05,7583.75,0.0093,0.0091,0.0093,0.1786
2016-01-13,BANKNIFTY,15871.85,15734.8,15879.75,15783.95,0.0113,0.0112,0.0113,0.2153
2016-01-13,NIFTY,7562.4,7510.3,7574.55,7534.05,0.0092,0.009,0.0092,0.1761
2016-01-14,BANKNIFTY,15609.8,15871.85,15588.4,15879.75,0.0117,0.0118,0.0118,0.2255
2016-01-14,NIFTY,7536.8,7562.4,7540.55,7574.55,0.009,0.0088,0.009,0.1715
2016-01-15,BANKNIFTY,15206.3,15609.8,15204.25,15588.4,0.013,0.013,0.013,0.2484
2016-01-15,NIFTY,7437.8,7536.8,7446.25,7540.55,0.0093,0.009,0.0093,0.1774
2016-01-18,BANKNIFTY,15020.8,15206.3,15050.9,15204.25,0.013,0.0128,0.013,0.2476
2016-01-18,NIFTY,7351.0,7437.8,7372.25,7446.25,0.0095,0.0091,0.0095,0.1806
2016-01-19,BANKNIFTY,15269.65,15020.8,15272.95,15050.9,0.0132,0.0129,0.0132,0.252
2016-01-19,NIFTY,7435.1,7351.0,7438.1,7372.25,0.0096,0.0091,0.0096,0.183
2016-01-20,BANKNIFTY,14935.5,15269.65,14909.15,15272.95,0.0139,0.0139,0.0139,0.2654
2016-01-20,NIFTY,7309.3,7435.1,7306.95,7438.1,0.0102,0.0098,0.0102,0.1946
2016-01-21,BANKNIFTY,15101.2,14935.5,15105.0,14909.15,0.0137,0.0138,0.0138,0.264
2016-01-21,NIFTY,7276.8,7309.3,7290.85,7306.95,0.0099,0.0095,0.0099,0.1898
2016-01-22,BANKNIFTY,15497.55,15101.2,15493.25,15105.0,0.0148,0.0148,0.0148,0.2822
2016-01-22,NIFTY,7422.45,7276.8,7430.7,7290.85,0.0108,0.0104,0.0108,0.206
2016-01-25,BANKNIFTY,15561.15,15497.55,15516.2,15493.25,0.0143,0.0143,0.0143,0.2739
2016-01-25,NIFTY,7436.15,7422.45,7435.45,7430.7,0.0105,0.01,0.0105,0.2
2016-01-27,BANKNIFTY,15534.6,15561.15,15518.3,15516.2,0.0139,0.0139,0.0139,0.2657
2016-01-27,NIFTY,7437.75,7436.15,7433.4,7435.45,0.0101,0.0097,0.0101,0.1939
2016-01-28,BANKNIFTY,15381.45,15534.6,15381.45,15518.3,0.0137,0.0136,0.0137,0.2618
2016-01-28,NIFTY,7424.65,7437.75,7424.65,7433.4,0.0098,0.0094,0.0098,0.1881
2016-01-29,BANKNIFTY,15522.4,15381.45,15536.8,15381.45,0.0135,0.0134,0.0135,0.2573
2016-01-29,NIFTY,7563.55,7424.65,7568.05,7424.65,0.0106,0.0103,0.0106,0.202
2016-02-01,BANKNIFTY,15314.45,15522.4,15363.25,15536.8,0.0135,0.0133,0.0135,0.2574
2016-02-01,NIFTY,7555.95,7563.55,7565.35,7568.05,0.0103,0.01,0.0103,0.1959
2016-02-02,BANKNIFTY,15068.0,15314.45,15112.05,15363.25,0.0137,0.0135,0.0137,0.2608
2016-02-02,NIFTY,7455.55,7555.95,7474.95,7565.35,0.0105,0.0101,0.0105,0.2
2016-02-03,BANKNIFTY,14834.05,15068.0,14892.85,15112.05,0.0138,0.0136,0.0138,0.2633
2016-02-03,NIFTY,7361.8,7455.55,7383.5,7474.95,0.0106,0.0103,0.0106,0.2027
2016-02-04,BANKNIFTY,14869.15,14834.05,14921.55,14892.85,0.0134,0.0132,0.0134,0.2555
2016-02-04,NIFTY,7404.0,7361.8,7422.65,7383.5,0.0104,0.01,0.0104,0.1983
2016-02-05,BANKNIFTY,15162.05,14869.15,15226.2,14921.55,0.0138,0.0137,0.0138,0.264
2016-02-05,NIFTY,7489.1,7404.0,7519.2,7422.65,0.0104,0.0102,0.0104,0.1996
2016-02-08,BANKNIFTY,15046.8,15162.05,15072.3,15226.2,0.0135,0.0135,0.0135,0.2585
2016-02-08,NIFTY,7387.25,7489.1,7393.45,7519.2,0.0107,0.0107,0.0107,0.2051
2016-02-09,BANKNIFTY,14875.1,15046.8,14919.95,15072.3,0.0134,0.0134,0.0134,0.2562
2016-02-09,NIFTY,7298.2,7387.25,7325.05,7393.45,0.0108,0.0107,0.0108,0.2056
2016-02-10,BANKNIFTY,14588.45,14875.1,14643.25,14919.95,0.0138,0.0137,0.0138,0.2646
2016-02-10,NIFTY,7215.7,7298.2,7246.55,7325.05,0.0108,0.0107,0.0108,0.2063
2016-02-11,BANKNIFTY,14028.55,14588.45,14020.0,14643.25,0.0165,0.0171,0.0171,0.3258
2016-02-11,NIFTY,6976.35,7215.7,6993.45,7246.55,0.0133,0.0135,0.0135,0.2582
2016-02-12,BANKNIFTY,13971.5,14028.55,13982.45,14020.0,0.016,0.0165,0.0165,0.3162
2016-02-12,NIFTY,6980.95,6976.35,6990.0,6993.45,0.0129,0.0131,0.0131,0.2504
2016-02-15,BANKNIFTY,14445.0,13971.5,14430.75,13982.45,0.0176,0.0178,0.0178,0.3402
2016-02-15,NIFTY,7162.95,6980.95,7161.45,6990.0,0.014,0.014,0.014,0.2681
2016-02-16,BANKNIFTY,14166.45,14445.0,14140.65,14430.75,0.0177,0.018,0.018,0.3433
2016-02-16,NIFTY,7048.25,7162.95,7054.1,7161.45,0.0142,0.0141,0.0142,0.2707
2016-02-17,BANKNIFTY,14119.85,14166.45,14163.95,14140.65,0.0172,0.0174,0.0174,0.3329
2016-02-17,NIFTY,7108.45,7048.25,7120.9,7054.1,0.0139,0.0139,0.0139,0.2655
2016-02-18,BANKNIFTY,14298.15,14119.85,14289.8,14163.95,0.0169,0.017,0.017,0.3254
2016-02-18,NIFTY,7191.75,7108.45,7190.85,7120.9,0.0138,0.0136,0.0138,0.2631
2016-02-19,BANKNIFTY,14344.2,14298.15,14358.9,14289.8,0.0164,0.0166,0.0166,0.3163
2016-02-19,NIFTY,7210.75,7191.75,7212.45,7190.85,0.0134,0.0132,0.0134,0.2554
2016-02-22,BANKNIFTY,14384.8,14344.2,14395.7,14358.9,0.0159,0.0161,0.0161,0.3069
2016-02-22,NIFTY,7234.55,7210.75,7240.7,7212.45,0.013,0.0129,0.013,0.2481
2016-02-23,BANKNIFTY,14008.35,14384.8,14010.5,14395.7,0.0168,0.0169,0.0169,0.3235
2016-02-23,NIFTY,7109.55,7234.55,7113.1,7240.7,0.0133,0.0132,0.0133,0.254
2016-02-24,BANKNIFTY,13794.05,14008.35,13790.55,14010.5,0.0167,0.0169,0.0169,0.3223
2016-02-24,NIFTY,7018.7,7109.55,7019.05,7113.1,0.0133,0.0132,0.0133,0.2535
2016-02-25,BANKNIFTY,13555.7,13794.05,13555.7,13790.55,0.0167,0.0169,0.0169,0.3226
2016-02-25,NIFTY,6970.6,7018.7,6970.6,7019.05,0.013,0.0129,0.013,0.2479
2016-02-26,BANKNIFTY,13791.45,13555.7,13848.85,13555.7,0.0168,0.0172,0.0172,0.3284
2016-02-26,NIFTY,7029.75,6970.6,7055.15,6970.6,0.0127,0.0129,0.0129,0.2462
2016-02-29,BANKNIFTY,13946.4,13791.45,13989.35,13848.85,0.0165,0.0168,0.0168,0.3219
2016-02-29,NIFTY,6987.05,7029.75,7008.95,7055.15,0.0124,0.0126,0.0126,0.2407
2016-03-01,BANKNIFTY,14412.9,13946.4,14452.75,13989.35,0.0179,0.0182,0.0182,0.3474
2016-03-01,NIFTY,7222.3,6987.05,7229.05,7008.95,0.0145,0.0144,0.0145,0.2778
2016-03-02,BANKNIFTY,15092.45,14412.9,15109.6,14452.75,0.0207,0.0207,0.0207,0.3958
2016-03-02,NIFTY,7368.85,7222.3,7361.55,7229.05,0.0149,0.0146,0.0149,0.2853
2016-03-03,BANKNIFTY,15177.75,15092.45,15148.35,15109.6,0.0201,0.0201,0.0201,0.3842
2016-03-03,NIFTY,7475.6,7368.85,7449.55,7361.55,0.0149,0.0145,0.0149,0.2847
2016-03-04,BANKNIFTY,15339.2,15177.75,15328.45,15148.35,0.0197,0.0197,0.0197,0.3764
2016-03-04,NIFTY,7485.35,7475.6,7460.35,7449.55,0.0145,0.014,0.0145,0.2761
2016-03-08,BANKNIFTY,15146.5,15339.2,15153.4,15328.45,0.0193,0.0193,0.0193,0.3691
2016-03-08,NIFTY,7485.3,7485.35,7452.65,7460.35,0.014,0.0136,0.014,0.2677
2016-03-09,BANKNIFTY,15279.05,15146.5,15342.0,15153.4,0.0189,0.019,0.019,0.3623
2016-03-09,NIFTY,7531.8,7485.3,7535.05,7452.65,0.0137,0.0135,0.0137,0.2611
2016-03-10,BANKNIFTY,15180.65,15279.05,15234.1,15342.0,0.0183,0.0185,0.0185,0.3528
2016-03-10,NIFTY,7486.15,7531.8,7483.7,7535.05,0.0133,0.0132,0.0133,0.2548
2016-03-11,BANKNIFTY,15168.2,15180.65,15243.05,15234.1,0.0178,0.0179,0.0179,0.342
2016-03-11,NIFTY,7510.2,7486.15,7512.2,7483.7,0.013,0.0128,0.013,0.2475
2016-03-14,BANKNIFTY,15277.8,15168.2,15335.55,15243.05,0.0173,0.0174,0.0174,0.3328
2016-03-14,NIFTY,7538.75,7510.2,7546.85,7512.2,0.0126,0.0125,0.0126,0.2406
2016-03-15,BANKNIFTY,15326.8,15277.8,15398.9,15335.55,0.0168,0.0169,0.0169,0.3233
2016-03-15,NIFTY,7460.6,7538.75,7485.4,7546.85,0.0125,0.0122,0.0125,0.2383
2016-03-16,BANKNIFTY,15461.7,15326.8,15536.0,15398.9,0.0165,0.0165,0.0165,0.3161
2016-03-16,NIFTY,7498.75,7460.6,7527.0,7485.4,0.0122,0.012,0.0122,0.2323
2016-03-17,BANKNIFTY,15444.0,15461.7,15433.95,15536.0,0.016,0.0161,0.0161,0.3081
2016-03-17,NIFTY,7512.55,7498.75,7512.75,7527.0,0.0118,0.0116,0.0118,0.2254
2016-03-18,BANKNIFTY,15654.85,15444.0,15669.65,15433.95,0.0158,0.0161,0.0161,0.307
2016-03-18,NIFTY,7604.35,7512.55,7605.3,7512.75,0.0118,0.0116,0.0118,0.2258
2016-03-21,BANKNIFTY,15926.1,15654.85,15941.55,15669.65,0.0159,0.0161,0.0161,0.3083
2016-03-21,NIFTY,7704.25,7604.35,7713.35,7605.3,0.0119,0.0118,0.0119,0.2272
2016-03-22,BANKNIFTY,15936.0,15926.1,15969.0,15941.55,0.0154,0.0157,0.0157,0.299
2016-03-22,NIFTY,7714.9,7704.25,7726.25,7713.35,0.0115,0.0114,0.0115,0.2204
2016-03-23,BANKNIFTY,15887.75,15936.0,15936.2,15969.0,0.015,0.0152,0.0152,0.2901
2016-03-23,NIFTY,7716.5,7714.9,7736.3,7726.25,0.0112,0.0111,0.0112,0.2137
2016-03-28,BANKNIFTY,15604.9,15887.75,15666.7,15936.2,0.0152,0.0153,0.0153,0.2924
2016-03-28,NIFTY,7615.1,7716.5,7638.6,7736.3,0.0113,0.0112,0.0113,0.2162
2016-03-29,BANKNIFTY,15666.25,15604.9,15714.5,15666.7,0.0147,0.0149,0.0149,0.2838
2016-03-29,NIFTY,7597.0,7615.1,7620.05,7638.6,0.011,0.0109,0.011,0.2099
2016-03-30,BANKNIFTY,16134.85,15666.25,16147.4,15714.5,0.016,0.0159,0.016,0.3059
2016-03-30,NIFTY,7735.2,7597.0,7741.0,7620.05,0.0115,0.0112,0.0115,0.2203
2016-03-31,BANKNIFTY,16141.65,16134.85,16141.65,16147.4,0.0155,0.0154,0.0155,0.2965
2016-03-31,NIFTY,7738.4,7735.2,7738.4,7741.0,0.0112,0.0109,0.0112,0.2136
2016-04-01,BANKNIFTY,16174.9,16141.65,16253.15,16141.65,0.0151,0.015,0.0151,0.2877
2016-04-01,NIFTY,7713.05,7738.4,7748.75,7738.4,0.0109,0.0106,0.0109,0.2077
2016-04-04,BANKNIFTY,16190.6,16174.9,16257.9,16253.15,0.0146,0.0146,0.0146,0.2789
2016-04-04,NIFTY,7758.8,7713.05,7790.75,7748.75,0.0106,0.0103,0.0106,0.2033
2016-04-05,BANKNIFTY,15695.0,16190.6,15732.6,16257.9,0.0161,0.0162,0.0162,0.3103
2016-04-05,NIFTY,7603.2,7758.8,7623.5,7790.75,0.0114,0.0113,0.0114,0.2187
2016-04-06,BANKNIFTY,15636.95,15695.0,15706.05,15732.6,0.0156,0.0158,0.0158,0.301
2016-04-06,NIFTY,7614.35,7603.2,7634.7,7623.5,0.0111,0.011,0.0111,0.2121
2016-04-07,BANKNIFTY,15530.75,15636.95,15591.4,15706.05,0.0152,0.0154,0.0154,0.2938
2016-04-07,NIFTY,7546.45,7614.35,7565.05,7634.7,0.011,0.0109,0.011,0.2099
2016-04-08,BANKNIFTY,15568.35,15530.75,15652.1,15591.4,0.0148,0.0149,0.0149,0.2854
2016-04-08,NIFTY,7555.2,7546.45,7578.1,7565.05,0.0107,0.0106,0.0107,0.2036
2016-04-11,BANKNIFTY,15818.5,15568.35,15896.05,15652.1,0.0148,0.015,0.015,0.286
2016-04-11,NIFTY,7671.4,7555.2,7702.1,7578.1,0.011,0.011,0.011,0.21
2016-04-12,BANKNIFTY,15880.2,15818.5,15936.75,15896.05,0.0144,0.0145,0.0145,0.2776
2016-04-12,NIFTY,7708.95,7671.4,7732.8,7702.1,0.0107,0.0107,0.0107,0.2048
2016-04-13,BANKNIFTY,16278.55,15880.2,16332.75,15936.75,0.0152,0.0153,0.0153,0.2926
2016-04-13,NIFTY,7850.45,7708.95,7867.85,7732.8,0.0113,0.0112,0.0113,0.216
2016-04-18,BANKNIFTY,16222.7,16278.55,16237.35,16332.75,0.0148,0.0149,0.0149,0.285
2016-04-18,NIFTY,7914.7,7850.45,7920.3,7867.85,0.0111,0.011,0.0111,0.2129
2016-04-20,BANKNIFTY,16349.7,16222.7,16385.65,16237.35,0.0145,0.0146,0.0146,0.2796
2016-04-20,NIFTY,7914.75,7914.7,7929.85,7920.3,0.0108,0.0107,0.0108,0.2064
2016-04-21,BANKNIFTY,16637.15,16349.7,16640.0,16385.65,0.0147,0.0147,0.0147,0.2805
2016-04-21,NIFTY,7912.05,7914.75,7913.35,7929.85,0.0105,0.0103,0.0105,0.2001
2016-04-22,BANKNIFTY,16703.4,16637.15,16727.85,16640.0,0.0143,0.0143,0.0143,0.2731
2016-04-22,NIFTY,7899.3,7912.05,7911.15,7913.35,0.0102,0.01,0.0102,0.1942
2016-04-25,BANKNIFTY,16678.65,16703.4,16689.45,16727.85,0.0138,0.0139,0.0139,0.265
2016-04-25,NIFTY,7855.05,7899.3,7865.0,7911.15,0.0099,0.0098,0.0099,0.1901
2016-04-26,BANKNIFTY,17002.55,16678.65,17028.0,16689.45,0.0142,0.0143,0.0143,0.2735
2016-04-26,NIFTY,7962.65,7855.05,7979.15,7865.0,0.0102,0.0102,0.0102,0.195
2016-04-27,BANKNIFTY,16872.95,17002.55,16897.75,17028.0,0.0139,0.014,0.014,0.2676
2016-04-27,NIFTY,7979.9,7962.65,7990.35,7979.15,0.0099,0.0099,0.0099,0.1893
2016-04-28,BANKNIFTY,16716.9,16872.95,16716.9,16897.75,0.0137,0.0138,0.0138,0.2643
2016-04-28,NIFTY,7847.25,7979.9,7847.25,7990.35,0.0104,0.0105,0.0105,0.2013
2016-04-29,BANKNIFTY,16795.0,16716.9,16888.35,16716.9,0.0133,0.0136,0.0136,0.2607
2016-04-29,NIFTY,7849.8,7847.25,7894.8,7847.25,0.0101,0.0103,0.0103,0.1972
2016-05-02,BANKNIFTY,16543.0,16795.0,16620.8,16888.35,0.0134,0.0138,0.0138,0.2636
2016-05-02,NIFTY,7805.9,7849.8,7840.1,7894.8,0.0099,0.0102,0.0102,0.1939
2016-05-03,BANKNIFTY,16388.7,16543.0,16466.25,16620.8,0.0132,0.0136,0.0136,0.2592
2016-05-03,NIFTY,7747.0,7805.9,7783.8,7840.1,0.0098,0.01,0.01,0.191
2016-05-04,BANKNIFTY,16274.25,16388.7,16360.7,16466.25,0.0129,0.0133,0.0133,0.2531
2016-05-04,NIFTY,7706.55,7747.0,7732.75,7783.8,0.0096,0.0098,0.0098,0.1878
2016-05-05,BANKNIFTY,16281.0,16274.25,16384.45,16360.7,0.0125,0.0129,0.0129,0.2455
2016-05-05,NIFTY,7735.5,7706.55,7773.1,7732.75,0.0093,0.0096,0.0096,0.1837
2016-05-06,BANKNIFTY,16296.6,16281.0,16378.7,16384.45,0.0122,0.0125,0.0125,0.238
2016-05-06,NIFTY,7733.45,7735.5,7760.25,7773.1,0.009,0.0093,0.0093,0.1782
2016-05-09,BANKNIFTY,16686.1,16296.6,16772.0,16378.7,0.0131,0.0134,0.0134,0.2561
2016-05-09,NIFTY,7866.05,7733.45,7904.3,7760.25,0.0097,0.0101,0.0101,0.1931
2016-05-10,BANKNIFTY,16784.95,16686.1,16853.8,16772.0,0.0128,0.0131,0.0131,0.2494
2016-05-10,NIFTY,7887.8,7866.05,7919.75,7904.3,0.0094,0.0098,0.0098,0.1874
2016-05-11,BANKNIFTY,16754.45,16784.95,16785.25,16853.8,0.0124,0.0127,0.0127,0.2425
2016-05-11,NIFTY,7848.85,7887.8,7865.85,7919.75,0.0092,0.0097,0.0097,0.1845
2016-05-12,BANKNIFTY,16923.7,16754.45,16986.4,16785.25,0.0123,0.0126,0.0126,0.2417
2016-05-12,NIFTY,7900.4,7848.85,7928.2,7865.85,0.0091,0.0096,0.0096,0.1826
2016-05-13,BANKNIFTY,16716.9,16923.7,16738.1,16986.4,0.0123,0.0128,0.0128,0.2442
2016-05-13,NIFTY,7814.9,7900.4,7830.55,7928.2,0.0092,0.0098,0.0098,0.1863
2016-05-16,BANKNIFTY,16737.55,16716.9,16788.65,16738.1,0.0119,0.0124,0.0124,0.2372
2016-05-16,NIFTY,7860.75,7814.9,7887.2,7830.55,0.009,0.0096,0.0096,0.1838
2016-05-17,BANKNIFTY,16762.75,16737.55,16812.0,16788.65,0.0116,0.012,0.012,0.2301
2016-05-17,NIFTY,7890.75,7860.75,7907.6,7887.2,0.0088,0.0093,0.0093,0.1786
2016-05-18,BANKNIFTY,16728.95,16762.75,16761.45,16812.0,0.0112,0.0117,0.0117,0.2235
2016-05-18,NIFTY,7870.15,7890.75,7879.3,7907.6,0.0086,0.0091,0.0091,0.1739
2016-05-19,BANKNIFTY,16565.25,16728.95,16563.65,16761.45,0.0111,0.0117,0.0117,0.2237
2016-05-19,NIFTY,7783.4,7870.15,7785.1,7879.3,0.0087,0.0093,0.0093,0.1778
2016-05-20,BANKNIFTY,16481.45,16565.25,16505.85,16563.65,0.0109,0.0114,0.0114,0.2175
2016-05-20,NIFTY,7749.7,7783.4,7763.35,7785.1,0.0085,0.009,0.009,0.1729
2016-05-23,BANKNIFTY,16407.55,16481.45,16429.4,16505.85,0.0106,0.0111,0.0111,0.212
2016-05-23,NIFTY,7731.05,7749.7,7744.85,7763.35,0.0083,0.0088,0.0088,0.168
2016-05-24,BANKNIFTY,16456.65,16407.55,16488.1,16429.4,0.0103,0.0108,0.0108,0.2062
2016-05-24,NIFTY,7748.85,7731.05,7759.3,7744.85,0.0081,0.0085,0.0085,0.1631
2016-05-25,BANKNIFTY,16997.45,16456.65,17013.6,16488.1,0.0128,0.013,0.013,0.248
2016-05-25,NIFTY,7934.9,7748.85,7943.0,7759.3,0.0097,0.0101,0.0101,0.1923
2016-05-26,BANKNIFTY,17359.3,16997.45,17359.3,17013.6,0.0134,0.0135,0.0135,0.2583
2016-05-26,NIFTY,8069.65,7934.9,8069.65,7943.0,0.0103,0.0105,0.0105,0.2006
2016-05-27,BANKNIFTY,17511.8,17359.3,17491.4,17359.3,0.0132,0.0132,0.0132,0.2529
2016-05-27,NIFTY,8156.65,8069.65,8172.45,8069.65,0.0103,0.0106,0.0106,0.2033
2016-05-30,BANKNIFTY,17520.65,17511.8,17507.65,17491.4,0.0128,0.0128,0.0128,0.2452
2016-05-30,NIFTY,8178.5,8156.65,8194.3,8172.45,0.01,0.0103,0.0103,0.1975
2016-05-31,BANKNIFTY,17620.9,17520.65,17612.55,17507.65,0.0125,0.0125,0.0125,0.2394
2016-05-31,NIFTY,8160.1,8178.5,8190.9,8194.3,0.0098,0.01,0.01,0.1915
2016-06-01,BANKNIFTY,17423.45,17620.9,17419.7,17612.55,0.0124,0.0124,0.0124,0.2377
2016-06-01,NIFTY,8179.95,8160.1,8194.55,8190.9,0.0095,0.0097,0.0097,0.1857
2016-06-02,BANKNIFTY,17567.8,17423.45,17573.65,17419.7,0.0122,0.0123,0.0123,0.2342
2016-06-02,NIFTY,8218.95,8179.95,8243.25,8194.55,0.0093,0.0095,0.0095,0.1822
2016-06-03,BANKNIFTY,17680.8,17567.8,17655.85,17573.65,0.0119,0.0119,0.0119,0.2281
2016-06-03,NIFTY,8220.8,8218.95,8238.9,8243.25,0.009,0.0092,0.0092,0.1767
2016-06-06,BANKNIFTY,17671.4,17680.8,17671.45,17655.85,0.0115,0.0116,0.0116,0.2212
2016-06-06,NIFTY,8201.05,8220.8,8229.8,8238.9,0.0087,0.009,0.009,0.1714
2016-06-07,BANKNIFTY,17948.15,17671.4,17893.4,17671.45,0.0118,0.0116,0.0118,0.2259
2016-06-07,NIFTY,8266.45,8201.05,8283.15,8229.8,0.0087,0.0088,0.0088,0.1689
2016-06-08,BANKNIFTY,17946.8,17948.15,17897.95,17893.4,0.0115,0.0113,0.0115,0.2191
2016-06-08,NIFTY,8273.05,8266.45,8284.2,8283.15,0.0084,0.0086,0.0086,0.1637
2016-06-09,BANKNIFTY,17887.7,17946.8,17843.35,17897.95,0.0111,0.011,0.0111,0.213
2016-06-09,NIFTY,8203.6,8273.05,8229.35,8284.2,0.0084,0.0085,0.0085,0.1617
2016-06-10,BANKNIFTY,17828.6,17887.7,17797.05,17843.35,0.0108,0.0106,0.0108,0.207
2016-06-10,NIFTY,8170.05,8203.6,8190.4,8229.35,0.0082,0.0083,0.0083,0.1584
2016-06-13,BANKNIFTY,17593.95,17828.6,17562.15,17797.05,0.011,0.0108,0.011,0.2101
2016-06-13,NIFTY,8110.6,8170.05,8130.65,8190.4,0.0082,0.0082,0.0082,0.1573
2016-06-14,BANKNIFTY,17672.4,17593.95,17638.4,17562.15,0.0107,0.0105,0.0107,0.2048
2016-06-14,NIFTY,8108.85,8110.6,8120.55,8130.65,0.0079,0.008,0.008,0.1526
2016-06-15,BANKNIFTY,17917.9,17672.4,17877.3,17638.4,0.0109,0.0107,0.0109,0.2088
2016-06-15,NIFTY,8206.6,8108.85,8221.35,8120.55,0.0082,0.0083,0.0083,0.1588
2016-06-16,BANKNIFTY,17671.3,17917.9,17687.45,17877.3,0.0111,0.0107,0.0111,0.2125
2016-06-16,NIFTY,8140.75,8206.6,8158.75,8221.35,0.0082,0.0083,0.0083,0.1581
2016-06-17,BANKNIFTY,17696.05,17671.3,17699.15,17687.45,0.0108,0.0104,0.0108,0.2062
2016-06-17,NIFTY,8170.2,8140.75,8174.4,8158.75,0.008,0.008,0.008,0.1536
2016-06-20,BANKNIFTY,17718.6,17696.05,17728.35,17699.15,0.0105,0.0101,0.0105,0.2
2016-06-20,NIFTY,8238.5,8170.2,8251.9,8174.4,0.008,0.0081,0.0081,0.1553
2016-06-21,BANKNIFTY,17619.1,17718.6,17623.1,17728.35,0.0102,0.0099,0.0102,0.1957
2016-06-21,NIFTY,8219.9,8238.5,8225.1,8251.9,0.0078,0.0079,0.0079,0.1513
2016-06-22,BANKNIFTY,17626.05,17619.1,17597.7,17623.1,0.0099,0.0096,0.0099,0.1897
2016-06-22,NIFTY,8203.7,8219.9,8205.05,8225.1,0.0076,0.0077,0.0077,0.1472
2016-06-23,BANKNIFTY,17892.45,17626.05,17890.5,17597.7,0.0103,0.0102,0.0103,0.1969
2016-06-23,NIFTY,8270.45,8203.7,8282.25,8205.05,0.0076,0.0078,0.0078,0.1493
2016-06-24,BANKNIFTY,17426.05,17892.45,17393.0,17890.5,0.0119,0.012,0.012,0.2298
2016-06-24,NIFTY,8088.6,8270.45,8086.9,8282.25,0.0092,0.0096,0.0096,0.1828
2016-06-27,BANKNIFTY,17514.95,17426.05,17490.05,17393.0,0.0116,0.0117,0.0117,0.2243
2016-06-27,NIFTY,8094.7,8088.6,8104.6,8086.9,0.0089,0.0093,0.0093,0.1775
2016-06-28,BANKNIFTY,17561.55,17514.95,17553.55,17490.05,0.0113,0.0114,0.0114,0.2181
2016-06-28,NIFTY,8127.85,8094.7,8136.05,8104.6,0.0087,0.0091,0.0091,0.1731
2016-06-29,BANKNIFTY,17689.9,17561.55,17696.95,17553.55,0.0111,0.0112,0.0112,0.2149
2016-06-29,NIFTY,8204.0,8127.85,8204.5,8136.05,0.0087,0.009,0.009,0.1723
2016-06-30,BANKNIFTY,17935.4,17689.9,17935.4,17696.95,0.0113,0.0114,0.0114,0.2176
2016-06-30,NIFTY,8287.75,8204.0,8287.75,8204.5,0.0088,0.0091,0.0091,0.1736
2016-07-01,BANKNIFTY,17985.65,17935.4,18054.8,17935.4,0.0109,0.0112,0.0112,0.2132
2016-07-01,NIFTY,8328.35,8287.75,8355.15,8287.75,0.0086,0.009,0.009,0.1725
2016-07-04,BANKNIFTY,18097.65,17985.65,18143.7,18054.8,0.0107,0.0109,0.0109,0.208
2016-07-04,NIFTY,8370.7,8328.35,8387.35,8355.15,0.0085,0.0088,0.0088,0.1682
2016-07-05,BANKNIFTY,18004.25,18097.65,18073.75,18143.7,0.0105,0.0106,0.0106,0.2025
2016-07-05,NIFTY,8335.95,8370.7,8354.0,8387.35,0.0083,0.0086,0.0086,0.1642
2016-07-07,BANKNIFTY,18084.9,18004.25,18139.25,18073.75,0.0102,0.0103,0.0103,0.197
2016-07-07,NIFTY,8337.9,8335.95,8358.3,8354.0,0.008,0.0083,0.0083,0.1592
2016-07-08,BANKNIFTY,18016.25,18084.9,18059.5,18139.25,0.0099,0.0101,0.0101,0.1921
2016-07-08,NIFTY,8323.2,8337.9,8336.45,8358.3,0.0078,0.0081,0.0081,0.1548
2016-07-11,BANKNIFTY,18390.95,18016.25,18478.7,18059.5,0.0109,0.0113,0.0113,0.215
2016-07-11,NIFTY,8467.9,8323.2,8489.4,8336.45,0.0086,0.009,0.009,0.1726
2016-07-12,BANKNIFTY,18667.6,18390.95,18696.65,18478.7,0.0112,0.0113,0.0113,0.2156
2016-07-12,NIFTY,8521.05,8467.9,8528.75,8489.4,0.0085,0.0088,0.0088,0.1687
2016-07-13,BANKNIFTY,18618.95,18667.6,18650.35,18696.65,0.0108,0.011,0.011,0.2093
2016-07-13,NIFTY,8519.5,8521.05,8520.05,8528.75,0.0083,0.0086,0.0086,0.1636
2016-07-14,BANKNIFTY,18863.75,18618.95,18903.1,18650.35,0.011,0.0111,0.0111,0.2125
2016-07-14,NIFTY,8565.0,8519.5,8576.55,8520.05,0.0081,0.0085,0.0085,0.1616
2016-07-15,BANKNIFTY,18953.65,18863.75,18974.35,18903.1,0.0107,0.0108,0.0108,0.2068
2016-07-15,NIFTY,8541.4,8565.0,8554.85,8576.55,0.0079,0.0082,0.0082,0.1571
2016-07-18,BANKNIFTY,18923.4,18953.65,18959.0,18974.35,0.0104,0.0105,0.0105,0.2005
2016-07-18,NIFTY,8508.7,8541.4,8520.5,8554.85,0.0077,0.008,0.008,0.1535
2016-07-19,BANKNIFTY,18905.15,18923.4,18961.65,18959.0,0.0101,0.0102,0.0102,0.1944
2016-07-19,NIFTY,8528.55,8508.7,8540.45,8520.5,0.0075,0.0078,0.0078,0.1492
2016-07-20,BANKNIFTY,18968.2,18905.15,19031.7,18961.65,0.0098,0.0099,0.0099,0.1893
2016-07-20,NIFTY,8565.85,8528.55,8584.15,8540.45,0.0074,0.0077,0.0077,0.1466
2016-07-21,BANKNIFTY,18674.3,18968.2,18722.1,19031.7,0.0102,0.0104,0.0104,0.1989
2016-07-21,NIFTY,8510.1,8565.85,8519.75,8584.15,0.0073,0.0077,0.0077,0.1465
2016-07-22,BANKNIFTY,18690.4,18674.3,18734.95,18722.1,0.0099,0.0101,0.0101,0.1929
2016-07-22,NIFTY,8541.2,8510.1,8554.3,8519.75,0.0071,0.0075,0.0075,0.1433
2016-07-25,BANKNIFTY,18989.6,18690.4,19012.55,18734.95,0.0104,0.0104,0.0104,0.1993
2016-07-25,NIFTY,8635.65,8541.2,8639.7,8554.3,0.0074,0.0077,0.0077,0.1465
2016-07-26,BANKNIFTY,18860.85,18989.6,18864.1,19012.55,0.0102,0.0103,0.0103,0.1966
2016-07-26,NIFTY,8590.65,8635.65,8592.85,8639.7,0.0073,0.0076,0.0076,0.1443
2016-07-27,BANKNIFTY,19021.95,18860.85,19025.3,18864.1,0.0101,0.0102,0.0102,0.1948
2016-07-27,NIFTY,8615.8,8590.65,8614.75,8592.85,0.0071,0.0073,0.0073,0.1404
2016-07-28,BANKNIFTY,19076.55,19021.95,19076.55,19025.3,0.0098,0.0099,0.0099,0.1893
2016-07-28,NIFTY,8666.3,8615.8,8666.3,8614.75,0.0071,0.0073,0.0073,0.139
2016-07-29,BANKNIFTY,18953.15,19076.55,19049.4,19076.55,0.0097,0.0096,0.0097,0.1847
2016-07-29,NIFTY,8638.5,8666.3,8686.6,8666.3,0.0069,0.0071,0.0071,0.1352
2016-08-01,BANKNIFTY,18740.6,18953.15,18846.4,19049.4,0.0098,0.0097,0.0098,0.1866
2016-08-01,NIFTY,8636.55,8638.5,8682.0,8686.6,0.0067,0.0069,0.0069,0.1311
2016-08-02,BANKNIFTY,18708.25,18740.6,18822.5,18846.4,0.0095,0.0094,0.0095,0.1811
2016-08-02,NIFTY,8622.9,8636.55,8660.3,8682.0,0.0065,0.0067,0.0067,0.1276
2016-08-03,BANKNIFTY,18602.0,18708.25,18693.2,18822.5,0.0093,0.0093,0.0093,0.1776
2016-08-03,NIFTY,8544.85,8622.9,8582.55,8660.3,0.0067,0.0068,0.0068,0.1307
2016-08-04,BANKNIFTY,18571.7,18602.0,18704.6,18693.2,0.009,0.009,0.009,0.1724
2016-08-04,NIFTY,8551.1,8544.85,8594.4,8582.55,0.0065,0.0066,0.0066,0.1269
2016-08-05,BANKNIFTY,18925.95,18571.7,19011.35,18704.6,0.0099,0.0096,0.0099,0.1891
2016-08-05,NIFTY,8683.15,8551.1,8708.2,8594.4,0.0073,0.0072,0.0073,0.1397
2016-08-08,BANKNIFTY,18939.45,18925.95,19012.6,19011.35,0.0096,0.0093,0.0096,0.1834
2016-08-08,NIFTY,8711.35,8683.15,8742.3,8708.2,0.0071,0.007,0.0071,0.1363
2016-08-09,BANKNIFTY,18933.3,18939.45,19007.1,19012.6,0.0093,0.009,0.0093,0.1778
2016-08-09,NIFTY,8678.25,8711.35,8702.55,8742.3,0.007,0.0069,0.007,0.1333
2016-08-10,BANKNIFTY,18647.8,18933.3,18716.9,19007.1,0.0098,0.0095,0.0098,0.1865
2016-08-10,NIFTY,8575.3,8678.25,8598.05,8702.55,0.0074,0.0073,0.0074,0.1408
2016-08-11,BANKNIFTY,18640.4,18647.8,18720.25,18716.9,0.0095,0.0092,0.0095,0.1808
2016-08-11,NIFTY,8592.15,8575.3,8612.45,8598.05,0.0072,0.0071,0.0072,0.1368
2016-08-12,BANKNIFTY,18963.7,18640.4,18984.45,18720.25,0.0101,0.0096,0.0101,0.1929
2016-08-12,NIFTY,8672.15,8592.15,8678.4,8612.45,0.0073,0.0072,0.0073,0.1395
2016-08-16,BANKNIFTY,19002.15,18963.7,19037.25,18984.45,0.0098,0.0093,0.0098,0.1872
2016-08-16,NIFTY,8642.55,8672.15,8659.9,8678.4,0.0071,0.007,0.0071,0.1362
2016-08-17,BANKNIFTY,19041.25,19002.15,19062.9,19037.25,0.0095,0.009,0.0095,0.1818
2016-08-17,NIFTY,8624.05,8642.55,8631.4,8659.9,0.0069,0.0068,0.0069,0.1325
2016-08-18,BANKNIFTY,19352.8,19041.25,19361.35,19062.9,0.01,0.0095,0.01,0.1919
2016-08-18,NIFTY,8673.25,8624.05,8685.1,8631.4,0.0069,0.0068,0.0069,0.1312
2016-08-19,BANKNIFTY,19414.7,19352.8,19413.05,19361.35,0.0098,0.0093,0.0098,0.1867
2016-08-19,NIFTY,8666.9,8673.25,8677.25,8685.1,0.0067,0.0066,0.0067,0.1272
2016-08-22,BANKNIFTY,19330.25,19414.7,19340.4,19413.05,0.0095,0.009,0.0095,0.1821
2016-08-22,NIFTY,8629.15,8666.9,8633.2,8677.25,0.0065,0.0065,0.0065,0.125
2016-08-23,BANKNIFTY,19341.65,19330.25,19372.35,19340.4,0.0092,0.0088,0.0092,0.1766
2016-08-23,NIFTY,8632.6,8629.15,8641.75,8633.2,0.0063,0.0063,0.0063,0.1212
2016-08-24,BANKNIFTY,19355.6,19341.65,19376.0,19372.35,0.009,0.0085,0.009,0.1712
2016-08-24,NIFTY,8650.3,8632.6,8654.65,8641.75,0.0062,0.0061,0.0062,0.1179
2016-08-25,BANKNIFTY,19304.25,19355.6,19304.25,19376.0,0.0087,0.0083,0.0087,0.1665
2016-08-25,NIFTY,8592.2,8650.3,8592.2,8654.65,0.0062,0.0062,0.0062,0.1186
2016-08-26,BANKNIFTY,19195.75,19304.25,19317.55,19304.25,0.0086,0.008,0.0086,0.1636
2016-08-26,NIFTY,8572.55,8592.2,8625.0,8592.2,0.006,0.0061,0.0061,0.1158
2016-08-29,BANKNIFTY,19217.0,19195.75,19314.45,19317.55,0.0083,0.0078,0.0083,0.1587
2016-08-29,NIFTY,8607.45,8572.55,8649.75,8625.0,0.0059,0.0059,0.0059,0.1136
2016-08-30,BANKNIFTY,19531.55,19217.0,19638.8,19314.45,0.009,0.0086,0.009,0.1716
2016-08-30,NIFTY,8744.35,8607.45,8794.6,8649.75,0.0069,0.007,0.007,0.1344
2016-08-31,BANKNIFTY,19787.6,19531.55,19859.95,19638.8,0.0093,0.0088,0.0093,0.1772
2016-08-31,NIFTY,8786.2,8744.35,8836.15,8794.6,0.0068,0.0069,0.0069,0.1322
2016-09-01,BANKNIFTY,19788.85,19787.6,19839.5,19859.95,0.009,0.0085,0.009,0.1718
2016-09-01,NIFTY,8774.65,8786.2,8808.35,8836.15,0.0066,0.0068,0.0068,0.129
2016-09-02,BANKNIFTY,19883.2,19788.85,19971.75,19839.5,0.0088,0.0084,0.0088,0.168
2016-09-02,NIFTY,8809.65,8774.65,8840.15,8808.35,0.0065,0.0066,0.0066,0.1262
2016-09-06,BANKNIFTY,20426.2,19883.2,20496.55,19971.75,0.0108,0.0103,0.0108,0.206
2016-09-06,NIFTY,8943.0,8809.65,8961.2,8840.15,0.0073,0.0072,0.0073,0.1394
2016-09-07,BANKNIFTY,20406.9,20426.2,20507.9,20496.55,0.0105,0.01,0.0105,0.1998
2016-09-07,NIFTY,8917.95,8943.0,8952.1,8961.2,0.0071,0.007,0.0071,0.1358
2016-09-08,BANKNIFTY,20417.25,20406.9,20514.1,20507.9,0.0101,0.0097,0.0101,0.1937
2016-09-08,NIFTY,8952.5,8917.95,8982.55,8952.1,0.007,0.0068,0.007,0.1329
2016-09-09,BANKNIFTY,20245.3,20417.25,20350.4,20514.1,0.01,0.0096,0.01,0.1919
2016-09-09,NIFTY,8866.7,8952.5,8903.75,8982.55,0.0071,0.007,0.0071,0.1365
2016-09-12,BANKNIFTY,19790.6,20245.3,19895.0,20350.4,0.0112,0.0109,0.0112,0.2143
2016-09-12,NIFTY,8715.6,8866.7,8742.35,8903.75,0.0081,0.0081,0.0081,0.155
2016-09-14,BANKNIFTY,19909.15,19790.6,20014.2,19895.0,0.011,0.0106,0.011,0.2096
2016-09-14,NIFTY,8726.6,8715.6,8768.55,8742.35,0.0079,0.0079,0.0079,0.1509
2016-09-15,BANKNIFTY,19837.55,19909.15,19938.2,20014.2,0.0107,0.0103,0.0107,0.204
2016-09-15,NIFTY,8742.55,8726.6,8773.5,8768.55,0.0076,0.0077,0.0077,0.1463
2016-09-16,BANKNIFTY,19855.45,19837.55,19944.95,19938.2,0.0104,0.01,0.0104,0.1978
2016-09-16,NIFTY,8779.85,8742.55,8808.2,8773.5,0.0075,0.0075,0.0075,0.1431
2016-09-19,BANKNIFTY,19906.85,19855.45,19986.6,19944.95,0.0101,0.0097,0.0101,0.1921
2016-09-19,NIFTY,8808.4,8779.85,8832.1,8808.2,0.0073,0.0073,0.0073,0.1394
2016-09-20,BANKNIFTY,19852.3,19906.85,19921.8,19986.6,0.0098,0.0095,0.0098,0.1867
2016-09-20,NIFTY,8775.9,8808.4,8807.2,8832.1,0.0071,0.0071,0.0071,0.1362
2016-09-21,BANKNIFTY,19828.45,19852.3,19901.15,19921.8,0.0095,0.0092,0.0095,0.1811
2016-09-21,NIFTY,8777.15,8775.9,8806.95,8807.2,0.0069,0.0069,0.0069,0.1321
2016-09-22,BANKNIFTY,20109.6,19828.45,20162.1,19901.15,0.0098,0.0095,0.0098,0.1876
2016-09-22,NIFTY,8867.45,8777.15,8884.45,8806.95,0.0072,0.007,0.0072,0.1367
2016-09-23,BANKNIFTY,19901.8,20109.6,19948.5,20162.1,0.0099,0.0095,0.0099,0.1882
2016-09-23,NIFTY,8831.55,8867.45,8843.65,8884.45,0.007,0.0069,0.007,0.1339
2016-09-26,BANKNIFTY,19591.75,19901.8,19644.9,19948.5,0.0103,0.01,0.0103,0.1967
2016-09-26,NIFTY,8723.05,8831.55,8735.15,8843.65,0.0074,0.0073,0.0074,0.1421
2016-09-27,BANKNIFTY,19518.7,19591.75,19558.9,19644.9,0.01,0.0097,0.01,0.1915
2016-09-27,NIFTY,8706.4,8723.05,8716.55,8735.15,0.0072,0.0071,0.0072,0.1381
2016-09-28,BANKNIFTY,19653.55,19518.7,19691.7,19558.9,0.0099,0.0096,0.0099,0.1885
2016-09-28,NIFTY,8745.15,8706.4,8758.45,8716.55,0.0071,0.007,0.0071,0.1355
2016-09-29,BANKNIFTY,19183.65,19653.55,19183.65,19691.7,0.0113,0.0113,0.0113,0.2156
2016-09-29,NIFTY,8591.25,8745.15,8591.25,8758.45,0.0081,0.0083,0.0083,0.1581
2016-09-30,BANKNIFTY,19285.7,19183.65,19402.75,19183.65,0.011,0.0113,0.0113,0.2157
2016-09-30,NIFTY,8611.15,8591.25,8640.65,8591.25,0.0079,0.0081,0.0081,0.1556
2016-10-03,BANKNIFTY,19589.05,19285.7,19685.35,19402.75,0.0113,0.0115,0.0115,0.2198
2016-10-03,NIFTY,8738.1,8611.15,8779.1,8640.65,0.0085,0.0088,0.0088,0.1682
2016-10-04,BANKNIFTY,19672.7,19589.05,19784.8,19685.35,0.011,0.0112,0.0112,0.2144
2016-10-04,NIFTY,8769.15,8738.1,8799.7,8779.1,0.0083,0.0086,0.0086,0.1635
2016-10-05,BANKNIFTY,19536.85,19672.7,19621.5,19784.8,0.0108,0.0111,0.0111,0.2114
2016-10-05,NIFTY,8743.95,8769.15,8775.35,8799.7,0.008,0.0083,0.0083,0.159
2016-10-06,BANKNIFTY,19395.05,19536.85,19483.3,19621.5,0.0106,0.0109,0.0109,0.2076
2016-10-06,NIFTY,8709.55,8743.95,8731.35,8775.35,0.0078,0.0082,0.0082,0.156
2016-10-07,BANKNIFTY,19400.1,19395.05,19487.45,19483.3,0.0103,0.0105,0.0105,0.2013
2016-10-07,NIFTY,8697.6,8709.55,8722.75,8731.35,0.0076,0.0079,0.0079,0.1513
2016-10-10,BANKNIFTY,19378.55,19400.1,19464.5,19487.45,0.01,0.0102,0.0102,0.1953
2016-10-10,NIFTY,8708.8,8697.6,8739.95,8722.75,0.0074,0.0077,0.0077,0.147
2016-10-13,BANKNIFTY,18954.25,19378.55,19017.4,19464.5,0.0111,0.0114,0.0114,0.2183
2016-10-13,NIFTY,8573.35,8708.8,8580.45,8739.95,0.0081,0.0087,0.0087,0.1665
2016-10-14,BANKNIFTY,19020.15,18954.25,19086.2,19017.4,0.0108,0.0111,0.0111,0.2123
2016-10-14,NIFTY,8583.4,8573.35,8605.1,8580.45,0.0079,0.0085,0.0085,0.162
2016-10-17,BANKNIFTY,19070.4,19020.15,19087.75,19086.2,0.0105,0.0108,0.0108,0.2059
2016-10-17,NIFTY,8520.4,8583.4,8523.9,8605.1,0.0079,0.0085,0.0085,0.1632
2016-10-18,BANKNIFTY,19495.05,19070.4,19523.65,19087.75,0.0115,0.0118,0.0118,0.2259
2016-10-18,NIFTY,8677.9,8520.4,8679.85,8523.9,0.0088,0.0094,0.0094,0.1796
2016-10-19,BANKNIFTY,19412.1,19495.05,19452.05,19523.65,0.0112,0.0115,0.0115,0.2196
2016-10-19,NIFTY,8659.1,8677.9,8665.25,8679.85,0.0086,0.0091,0.0091,0.1743
2016-10-20,BANKNIFTY,19658.7,19412.1,19669.2,19452.05,0.0113,0.0115,0.0115,0.2192
2016-10-20,NIFTY,8699.4,8659.1,8705.15,8665.25,0.0084,0.0089,0.0089,0.1703
2016-10-21,BANKNIFTY,19710.9,19658.7,19723.25,19669.2,0.011,0.0111,0.0111,0.2129
2016-10-21,NIFTY,8693.05,8699.4,8700.35,8705.15,0.0081,0.0086,0.0086,0.1652
2016-10-24,BANKNIFTY,19807.9,19710.9,19820.7,19723.25,0.0107,0.0109,0.0109,0.2077
2016-10-24,NIFTY,8708.95,8693.05,8720.25,8700.35,0.0079,0.0084,0.0084,0.1605
2016-10-25,BANKNIFTY,19834.9,19807.9,19844.85,19820.7,0.0104,0.0105,0.0105,0.2015
2016-10-25,NIFTY,8691.3,8708.95,8700.35,8720.25,0.0077,0.0082,0.0082,0.156
2016-10-26,BANKNIFTY,19483.6,19834.9,19488.65,19844.85,0.011,0.0111,0.0111,0.2129
2016-10-26,NIFTY,8615.25,8691.3,8616.75,8700.35,0.0078,0.0083,0.0083,0.1578
2016-10-27,BANKNIFTY,19514.6,19483.6,19514.6,19488.65,0.0107,0.0108,0.0108,0.2065
2016-10-27,NIFTY,8615.25,8615.25,8615.25,8616.75,0.0075,0.008,0.008,0.153
2016-10-28,BANKNIFTY,19555.95,19514.6,19623.5,19514.6,0.0103,0.0106,0.0106,0.2019
2016-10-28,NIFTY,8638.0,8615.25,8667.4,8615.25,0.0073,0.0079,0.0079,0.151
2016-11-01,BANKNIFTY,19458.6,19523.55,19525.1,19552.6,0.0098,0.01,0.01,0.1906
2016-11-01,NIFTY,8626.25,8625.7,8651.75,8629.2,0.0069,0.0075,0.0075,0.1439
2016-11-02,BANKNIFTY,19227.9,19458.6,19299.65,19525.1,0.0099,0.0101,0.0101,0.1926
2016-11-02,NIFTY,8514.0,8626.25,8542.6,8651.75,0.0074,0.0079,0.0079,0.1516
2016-11-03,BANKNIFTY,19178.7,19227.9,19266.25,19299.65,0.0096,0.0098,0.0098,0.1869
2016-11-03,NIFTY,8484.95,8514.0,8517.9,8542.6,0.0072,0.0077,0.0077,0.1476
2016-11-04,BANKNIFTY,19058.1,19178.7,19131.95,19266.25,0.0095,0.0096,0.0096,0.1842
2016-11-04,NIFTY,8433.75,8484.95,8458.2,8517.9,0.0072,0.0077,0.0077,0.1469
2016-11-07,BANKNIFTY,19356.0,19058.1,19395.2,19131.95,0.0099,0.0099,0.0099,0.1898
2016-11-07,NIFTY,8497.05,8433.75,8520.0,8458.2,0.0072,0.0077,0.0077,0.1464
2016-11-08,BANKNIFTY,19500.8,19356.0,19561.3,19395.2,0.0098,0.0098,0.0098,0.1882
2016-11-08,NIFTY,8543.55,8497.05,8566.55,8520.0,0.0071,0.0075,0.0075,0.1442
2016-11-09,BANKNIFTY,19518.25,19500.8,19583.5,19561.3,0.0095,0.0096,0.0096,0.1825
2016-11-09,NIFTY,8432.0,8543.55,8462.7,8566.55,0.0076,0.0079,0.0079,0.151
2016-11-10,BANKNIFTY,20200.25,19518.25,20261.9,19583.5,0.0125,0.0125,0.0125,0.2384
2016-11-10,NIFTY,8525.75,8432.0,8553.35,8462.7,0.0078,0.0081,0.0081,0.1547
2016-11-11,BANKNIFTY,19738.8,20200.25,19820.25,20261.9,0.0134,0.0132,0.0134,0.2552
2016-11-11,NIFTY,8296.3,8525.75,8327.95,8553.35,0.0101,0.0102,0.0102,0.1952
2016-11-15,BANKNIFTY,19289.75,19738.8,19359.45,19820.25,0.0141,0.0141,0.0141,0.2698
2016-11-15,NIFTY,8108.45,8296.3,8139.55,8327.95,0.0113,0.0114,0.0114,0.2175
2016-11-16,BANKNIFTY,19108.1,19289.75,19141.65,19359.45,0.0139,0.0139,0.0139,0.2659
2016-11-16,NIFTY,8111.6,8108.45,8118.55,8139.55,0.011,0.0111,0.0111,0.2112
2016-11-17,BANKNIFTY,19087.85,19108.1,19140.05,19141.65,0.0135,0.0135,0.0135,0.2578
2016-11-17,NIFTY,8079.95,8111.6,8088.35,8118.55,0.0107,0.0108,0.0108,0.2055
2016-11-18,BANKNIFTY,18959.05,19087.85,18993.25,19140.05,0.0132,0.0132,0.0132,0.2525
2016-11-18,NIFTY,8074.1,8079.95,8074.7,8088.35,0.0103,0.0104,0.0104,0.1994
2016-11-21,BANKNIFTY,18446.4,18959.05,18470.85,18993.25,0.0144,0.0145,0.0145,0.2775
2016-11-21,NIFTY,7929.1,8074.1,7939.2,8074.7,0.011,0.0109,0.011,0.2096
2016-11-22,BANKNIFTY,18548.65,18446.4,18572.15,18470.85,0.014,0.0141,0.0141,0.2702
2016-11-22,NIFTY,8002.3,7929.1,8006.8,7939.2,0.0109,0.0108,0.0109,0.2077
2016-11-23,BANKNIFTY,18540.9,18548.65,18530.8,18572.15,0.0136,0.0137,0.0137,0.2622
2016-11-23,NIFTY,8033.3,8002.3,8024.85,8006.8,0.0106,0.0105,0.0106,0.2022
2016-11-24,BANKNIFTY,18256.1,18540.9,18256.1,18530.8,0.0137,0.0138,0.0138,0.2636
2016-11-24,NIFTY,7965.5,8033.3,7965.5,8024.85,0.0105,0.0103,0.0105,0.2
2016-11-25,BANKNIFTY,18507.3,18256.1,18582.2,18256.1,0.0137,0.0141,0.0141,0.2687
2016-11-25,NIFTY,8114.3,7965.5,8126.35,7965.5,0.0111,0.0111,0.0111,0.213
2016-11-28,BANKNIFTY,18301.45,18507.3,18373.45,18582.2,0.0136,0.0139,0.0139,0.2658
2016-11-28,NIFTY,8126.9,8114.3,8150.6,8126.35,0.0108,0.0108,0.0108,0.207
2016-11-29,BANKNIFTY,18223.75,18301.45,18291.8,18373.45,0.0132,0.0135,0.0135,0.2586
2016-11-29,NIFTY,8142.15,8126.9,8172.05,8150.6,0.0105,0.0105,0.0105,0.2011
2016-11-30,BANKNIFTY,18627.8,18223.75,18700.95,18291.8,0.0139,0.0142,0.0142,0.2712
2016-11-30,NIFTY,8224.5,8142.15,8260.35,8172.05,0.0104,0.0105,0.0105,0.2013
2016-12-01,BANKNIFTY,18428.45,18627.8,18484.65,18700.95,0.0137,0.0141,0.0141,0.2685
2016-12-01,NIFTY,8192.9,8224.5,8212.0,8260.35,0.0102,0.0103,0.0103,0.1971
2016-12-02,BANKNIFTY,18247.65,18428.45,18331.25,18484.65,0.0135,0.0138,0.0138,0.2633
2016-12-02,NIFTY,8086.8,8192.9,8108.9,8212.0,0.0104,0.0105,0.0105,0.2
2016-12-05,BANKNIFTY,18408.9,18247.65,18470.3,18331.25,0.0133,0.0135,0.0135,0.2577
2016-12-05,NIFTY,8128.75,8086.8,8164.9,8108.9,0.0101,0.0103,0.0103,0.1966
2016-12-06,BANKNIFTY,18420.9,18408.9,18475.2,18470.3,0.0129,0.0131,0.0131,0.2498
2016-12-06,NIFTY,8143.15,8128.75,8169.05,8164.9,0.0098,0.01,0.01,0.1906
2016-12-07,BANKNIFTY,18234.15,18420.9,18261.0,18475.2,0.0127,0.013,0.013,0.2483
2016-12-07,NIFTY,8102.05,8143.15,8123.35,8169.05,0.0096,0.0098,0.0098,0.1867
2016-12-08,BANKNIFTY,18515.45,18234.15,18558.55,18261.0,0.0129,0.0132,0.0132,0.2523
2016-12-08,NIFTY,8246.85,8102.05,8255.65,8123.35,0.0103,0.0103,0.0103,0.1963
2016-12-09,BANKNIFTY,18695.8,18515.45,18722.65,18558.55,0.0127,0.013,0.013,0.2481
2016-12-09,NIFTY,8261.75,8246.85,8277.0,8255.65,0.01,0.01,0.01,0.1905
2016-12-12,BANKNIFTY,18392.95,18695.8,18422.75,18722.65,0.013,0.0132,0.0132,0.2521
2016-12-12,NIFTY,8170.8,8261.75,8183.4,8277.0,0.01,0.0101,0.0101,0.1923
2016-12-13,BANKNIFTY,18466.05,18392.95,18490.7,18422.75,0.0126,0.0128,0.0128,0.245
2016-12-13,NIFTY,8221.8,8170.8,8227.45,8183.4,0.0099,0.0098,0.0099,0.1883
2016-12-14,BANKNIFTY,18341.5,18466.05,18378.5,18490.7,0.0124,0.0125,0.0125,0.2393
2016-12-14,NIFTY,8182.45,8221.8,8197.65,8227.45,0.0096,0.0096,0.0096,0.1839
2016-12-15,BANKNIFTY,18401.15,18341.5,18430.65,18378.5,0.012,0.0122,0.0122,0.2324
2016-12-15,NIFTY,8153.6,8182.45,8173.05,8197.65,0.0094,0.0093,0.0094,0.1791
2016-12-16,BANKNIFTY,18312.8,18401.15,18337.25,18430.65,0.0117,0.0119,0.0119,0.2265
2016-12-16,NIFTY,8139.45,8153.6,8146.5,8173.05,0.0091,0.0091,0.0091,0.1738
2016-12-19,BANKNIFTY,18257.05,18312.8,18298.95,18337.25,0.0114,0.0115,0.0115,0.2199
2016-12-19,NIFTY,8104.35,8139.45,8124.15,8146.5,0.0089,0.0088,0.0089,0.1697
2016-12-20,BANKNIFTY,18069.4,18257.05,18111.9,18298.95,0.0113,0.0114,0.0114,0.2185
2016-12-20,NIFTY,8082.4,8104.35,8099.9,8124.15,0.0086,0.0086,0.0086,0.165
2016-12-21,BANKNIFTY,18084.5,18069.4,18108.6,18111.9,0.011,0.0111,0.0111,0.2119
2016-12-21,NIFTY,8061.3,8082.4,8080.65,8099.9,0.0084,0.0083,0.0084,0.1605
2016-12-22,BANKNIFTY,17891.45,18084.5,17934.65,18108.6,0.0109,0.011,0.011,0.2103
2016-12-22,NIFTY,7979.1,8061.3,7996.85,8080.65,0.0085,0.0085,0.0085,0.1628
2016-12-23,BANKNIFTY,17884.0,17891.45,17907.35,17934.65,0.0106,0.0107,0.0107,0.204
2016-12-23,NIFTY,7985.75,7979.1,7995.0,7996.85,0.0083,0.0082,0.0083,0.1579
2016-12-26,BANKNIFTY,17655.55,17884.0,17673.2,17907.35,0.0108,0.0108,0.0108,0.2072
2016-12-26,NIFTY,7908.25,7985.75,7911.3,7995.0,0.0084,0.0084,0.0084,0.1601
2016-12-27,BANKNIFTY,17879.55,17655.55,17879.25,17673.2,0.0109,0.0109,0.0109,0.2081
2016-12-27,NIFTY,8032.85,7908.25,8031.35,7911.3,0.009,0.0089,0.009,0.1713
2016-12-28,BANKNIFTY,17876.7,17879.55,17864.4,17879.25,0.0106,0.0106,0.0106,0.2018
2016-12-28,NIFTY,8034.85,8032.85,8031.35,8031.35,0.0087,0.0087,0.0087,0.1661
2016-12-29,BANKNIFTY,18033.15,17876.7,18033.15,17864.4,0.0105,0.0105,0.0105,0.2005
2016-12-29,NIFTY,8103.6,8034.85,8103.6,8031.35,0.0087,0.0087,0.0087,0.1659
2016-12-30,BANKNIFTY,18177.2,18033.15,18195.55,18033.15,0.0103,0.0104,0.0104,0.1989
2016-12-30,NIFTY,8185.8,8103.6,8187.4,8103.6,0.0088,0.0088,0.0088,0.1677
2017-01-02,BANKNIFTY,17969.6,18177.2,18034.3,18195.55,0.0104,0.0103,0.0104,0.1985
2017-01-02,NIFTY,8179.5,8185.8,8192.1,8187.4,0.0085,0.0085,0.0085,0.1626
2017-01-03,BANKNIFTY,18035.6,17969.6,18060.95,18034.3,0.0101,0.01,0.0101,0.1933
2017-01-03,NIFTY,8192.25,8179.5,8196.5,8192.1,0.0083,0.0083,0.0083,0.1578
2017-01-04,BANKNIFTY,17891.0,18035.6,17941.85,18060.95,0.01,0.0098,0.01,0.1911
2017-01-04,NIFTY,8190.5,8192.25,8204.05,8196.5,0.008,0.008,0.008,0.153
2017-01-05,BANKNIFTY,18115.95,17891.0,18137.5,17941.85,0.0102,0.0099,0.0102,0.1943
2017-01-05,NIFTY,8273.8,8190.5,8288.2,8204.05,0.0081,0.0082,0.0082,0.1558
2017-01-06,BANKNIFTY,18264.0,18115.95,18308.0,18137.5,0.0101,0.0099,0.0101,0.1922
2017-01-06,NIFTY,8243.8,8273.8,8267.65,8288.2,0.008,0.0079,0.008,0.1519
2017-01-09,BANKNIFTY,18286.65,18264.0,18329.45,18308.0,0.0098,0.0096,0.0098,0.1864
2017-01-09,NIFTY,8236.05,8243.8,8249.9,8267.65,0.0077,0.0077,0.0077,0.1473
2017-01-10,BANKNIFTY,18409.6,18286.65,18430.7,18329.45,0.0096,0.0094,0.0096,0.1834
2017-01-10,NIFTY,8288.6,8236.05,8293.85,8249.9,0.0076,0.0076,0.0076,0.1459
2017-01-11,BANKNIFTY,18830.0,18409.6,18839.55,18430.7,0.0108,0.0106,0.0108,0.2069
2017-01-11,NIFTY,8380.65,8288.6,8387.2,8293.85,0.0079,0.0078,0.0079,0.1506
2017-01-12,BANKNIFTY,18873.95,18830.0,18901.3,18839.55,0.0105,0.0103,0.0105,0.2009
2017-01-12,NIFTY,8407.2,8380.65,8418.0,8387.2,0.0077,0.0077,0.0077,0.1468
2017-01-13,BANKNIFTY,18912.1,18873.95,18945.6,18901.3,0.0102,0.01,0.0102,0.195
2017-01-13,NIFTY,8400.35,8407.2,8417.7,8418.0,0.0075,0.0074,0.0075,0.1424
2017-01-16,BANKNIFTY,19096.45,18912.1,19138.5,18945.6,0.0102,0.01,0.0102,0.1944
2017-01-16,NIFTY,8412.8,8400.35,8431.7,8417.7,0.0072,0.0072,0.0072,0.1382
2017-01-17,BANKNIFTY,19067.05,19096.45,19103.9,19138.5,0.0099,0.0097,0.0099,0.1886
2017-01-17,NIFTY,8398.0,8412.8,8408.5,8431.7,0.007,0.007,0.007,0.1342
2017-01-18,BANKNIFTY,19164.5,19067.05,19199.75,19103.9,0.0097,0.0095,0.0097,0.1844
2017-01-18,NIFTY,8417.0,8398.0,8429.35,8408.5,0.0068,0.0068,0.0068,0.1306
2017-01-19,BANKNIFTY,19124.25,19164.5,19150.95,19199.75,0.0094,0.0092,0.0094,0.1791
2017-01-19,NIFTY,8435.1,8417.0,8442.95,8429.35,0.0066,0.0066,0.0066,0.127
2017-01-20,BANKNIFTY,18820.8,19124.25,18861.7,19150.95,0.0099,0.0097,0.0099,0.1891
2017-01-20,NIFTY,8349.35,8435.1,8362.65,8442.95,0.0069,0.0069,0.0069,0.1321
2017-01-23,BANKNIFTY,18842.7,18820.8,18881.7,18861.7,0.0096,0.0094,0.0096,0.1834
2017-01-23,NIFTY,8391.5,8349.35,8402.4,8362.65,0.0068,0.0067,0.0068,0.1302
2017-01-24,BANKNIFTY,19023.5,18842.7,19052.4,18881.7,0.0096,0.0094,0.0096,0.1833
2017-01-24,NIFTY,8475.8,8391.5,8480.5,8402.4,0.007,0.0069,0.007,0.1346
2017-01-25,BANKNIFTY,19473.2,19023.5,19473.2,19052.4,0.0109,0.0105,0.0109,0.2087
2017-01-25,NIFTY,8602.75,8475.8,8602.75,8480.5,0.0077,0.0076,0.0077,0.1479
2017-01-27,BANKNIFTY,19708.3,19473.2,19793.5,19473.2,0.011,0.011,0.011,0.21
2017-01-27,NIFTY,8641.25,8602.75,8671.1,8602.75,0.0076,0.0076,0.0076,0.145
2017-01-30,BANKNIFTY,19585.25,19708.3,19650.55,19793.5,0.0108,0.0108,0.0108,0.206
2017-01-30,NIFTY,8632.75,8641.25,8655.35,8671.1,0.0074,0.0074,0.0074,0.1408
2017-01-31,BANKNIFTY,19515.15,19585.25,19588.45,19650.55,0.0105,0.0105,0.0105,0.2003
2017-01-31,NIFTY,8561.3,8632.75,8584.3,8655.35,0.0074,0.0074,0.0074,0.1419
2017-02-01,BANKNIFTY,20020.6,19515.15,20106.1,19588.45,0.0119,0.012,0.012,0.2294
2017-02-01,NIFTY,8716.4,8561.3,8737.9,8584.3,0.0084,0.0084,0.0084,0.1611
2017-02-02,BANKNIFTY,20070.3,20020.6,20117.05,20106.1,0.0116,0.0116,0.0116,0.2224
2017-02-02,NIFTY,8734.25,8716.4,8743.95,8737.9,0.0082,0.0082,0.0082,0.1565
2017-02-03,BANKNIFTY,20196.8,20070.3,20256.45,20117.05,0.0113,0.0114,0.0114,0.218
2017-02-03,NIFTY,8740.95,8734.25,8754.35,8743.95,0.0079,0.0079,0.0079,0.1517
2017-02-06,BANKNIFTY,20371.6,20196.8,20423.35,20256.45,0.0112,0.0112,0.0112,0.2148
2017-02-06,NIFTY,8801.05,8740.95,8816.6,8754.35,0.0079,0.0079,0.0079,0.1506
2017-02-07,BANKNIFTY,20327.25,20371.6,20378.7,20423.35,0.0109,0.0109,0.0109,0.2086
2017-02-07,NIFTY,8768.3,8801.05,8785.55,8816.6,0.0077,0.0077,0.0077,0.147
2017-02-08,BANKNIFTY,20245.4,20327.25,20360.7,20378.7,0.0106,0.0106,0.0106,0.2022
2017-02-08,NIFTY,8769.05,8768.3,8796.35,8785.55,0.0075,0.0074,0.0075,0.1426
2017-02-09,BANKNIFTY,20151.15,20245.4,20201.3,20360.7,0.0103,0.0104,0.0104,0.1995
2017-02-09,NIFTY,8778.4,8769.05,8796.85,8796.35,0.0072,0.0072,0.0072,0.1383
2017-02-10,BANKNIFTY,20213.9,20151.15,20273.0,20201.3,0.01,0.0102,0.0102,0.1941
2017-02-10,NIFTY,8793.55,8778.4,8809.35,8796.85,0.007,0.007,0.007,0.1343
2017-02-13,BANKNIFTY,20251.8,20213.9,20285.5,20273.0,0.0097,0.0099,0.0099,0.1882
2017-02-13,NIFTY,8805.05,8793.55,8815.35,8809.35,0.0068,0.0068,0.0068,0.1304
2017-02-14,BANKNIFTY,20258.1,20251.8,20298.65,20285.5,0.0094,0.0096,0.0096,0.1825
2017-02-14,NIFTY,8792.3,8805.05,8814.85,8815.35,0.0066,0.0066,0.0066,0.1266
2017-02-15,BANKNIFTY,20163.7,20258.1,20204.4,20298.65,0.0092,0.0093,0.0093,0.1783
2017-02-15,NIFTY,8724.7,8792.3,8743.1,8814.85,0.0067,0.0067,0.0067,0.1279
2017-02-16,BANKNIFTY,20243.7,20163.7,20285.4,20204.4,0.009,0.0091,0.0091,0.1739
2017-02-16,NIFTY,8778.0,8724.7,8787.6,8743.1,0.0067,0.0066,0.0067,0.1273
2017-02-17,BANKNIFTY,20551.35,20243.7,20522.4,20285.4,0.0095,0.0093,0.0095,0.181
2017-02-17,NIFTY,8821.7,8778.0,8827.0,8787.6,0.0066,0.0065,0.0066,0.1256
2017-02-20,BANKNIFTY,20677.1,20551.35,20656.85,20522.4,0.0093,0.0091,0.0093,0.1778
2017-02-20,NIFTY,8879.2,8821.7,8873.85,8827.0,0.0066,0.0064,0.0066,0.1255
2017-02-21,BANKNIFTY,20860.95,20677.1,20844.1,20656.85,0.0093,0.0091,0.0093,0.1773
2017-02-21,NIFTY,8907.85,8879.2,8910.35,8873.85,0.0064,0.0063,0.0064,0.1226
2017-02-22,BANKNIFTY,20868.45,20860.95,20857.95,20844.1,0.009,0.0088,0.009,0.1719
2017-02-22,NIFTY,8926.9,8907.85,8920.1,8910.35,0.0062,0.0061,0.0062,0.1193
2017-02-23,BANKNIFTY,20876.65,20868.45,20876.65,20857.95,0.0087,0.0086,0.0087,0.1667
2017-02-23,NIFTY,8939.5,8926.9,8939.5,8920.1,0.0061,0.006,0.0061,0.1158
2017-02-27,BANKNIFTY,20613.05,20876.65,20682.0,20876.65,0.009,0.0086,0.009,0.1722
2017-02-27,NIFTY,8896.7,8939.5,8915.75,8939.5,0.006,0.0058,0.006,0.1145
2017-02-28,BANKNIFTY,20607.25,20613.05,20681.45,20682.0,0.0087,0.0084,0.0087,0.1669
2017-02-28,NIFTY,8879.6,8896.7,8909.35,8915.75,0.0058,0.0057,0.0058,0.1114
2017-03-01,BANKNIFTY,20783.75,20607.25,20846.95,20681.45,0.0087,0.0083,0.0087,0.1667
2017-03-01,NIFTY,8945.8,8879.6,8976.05,8909.35,0.0059,0.0058,0.0059,0.1135
2017-03-02,BANKNIFTY,20560.05,20783.75,20631.25,20846.95,0.0089,0.0085,0.0089,0.1694
2017-03-02,NIFTY,8899.75,8945.8,8917.2,8976.05,0.0059,0.0058,0.0059,0.1126
2017-03-03,BANKNIFTY,20495.6,20560.05,20579.9,20631.25,0.0086,0.0082,0.0086,0.1649
2017-03-03,NIFTY,8897.55,8899.75,8922.8,8917.2,0.0057,0.0057,0.0057,0.1092
2017-03-06,BANKNIFTY,20663.65,20495.6,20734.15,20579.9,0.0086,0.0082,0.0086,0.1644
2017-03-06,NIFTY,8963.45,8897.55,8979.15,8922.8,0.0058,0.0057,0.0058,0.1114
2017-03-07,BANKNIFTY,20627.5,20663.65,20718.05,20734.15,0.0084,0.008,0.0084,0.1596
2017-03-07,NIFTY,8946.9,8963.45,8974.1,8979.15,0.0057,0.0055,0.0057,0.1083
2017-03-08,BANKNIFTY,20676.55,20627.5,20756.6,20718.05,0.0081,0.0077,0.0081,0.1551
2017-03-08,NIFTY,8924.3,8946.9,8952.1,8974.1,0.0055,0.0054,0.0055,0.1057
2017-03-09,BANKNIFTY,20721.35,20676.55,20793.25,20756.6,0.0079,0.0075,0.0079,0.1507
2017-03-09,NIFTY,8927.0,8924.3,8954.5,8952.1,0.0054,0.0052,0.0054,0.1025
2017-03-10,BANKNIFTY,20727.55,20721.35,20797.8,20793.25,0.0076,0.0073,0.0076,0.1461
2017-03-10,NIFTY,8934.55,8927.0,8958.7,8954.5,0.0052,0.0051,0.0052,0.0994
2017-03-14,BANKNIFTY,21102.7,20727.55,21146.7,20797.8,0.0086,0.0081,0.0086,0.1647
2017-03-14,NIFTY,9087.0,8934.55,9103.0,8958.7,0.0065,0.0063,0.0065,0.1248
2017-03-15,BANKNIFTY,21157.9,21102.7,21222.6,21146.7,0.0084,0.0079,0.0084,0.1601
2017-03-15,NIFTY,9084.8,9087.0,9109.3,9103.0,0.0063,0.0061,0.0063,0.121
2017-03-16,BANKNIFTY,21249.9,21157.9,21310.8,21222.6,0.0082,0.0078,0.0082,0.1566
2017-03-16,NIFTY,9153.7,9084.8,9176.15,9109.3,0.0064,0.0062,0.0064,0.1225
2017-03-17,BANKNIFTY,21175.05,21249.9,21234.5,21310.8,0.008,0.0076,0.008,0.1527
2017-03-17,NIFTY,9160.05,9153.7,9171.75,9176.15,0.0062,0.006,0.0062,0.1188
2017-03-20,BANKNIFTY,21110.25,21175.05,21182.55,21234.5,0.0078,0.0074,0.0078,0.1487
2017-03-20,NIFTY,9126.85,9160.05,9153.55,9171.75,0.0061,0.0058,0.0061,0.1164
2017-03-21,BANKNIFTY,21019.0,21110.25,21090.75,21182.55,0.0076,0.0072,0.0076,0.1456
2017-03-21,NIFTY,9121.5,9126.85,9143.0,9153.55,0.0059,0.0057,0.0059,0.1129
2017-03-22,BANKNIFTY,20781.35,21019.0,20849.1,21090.75,0.0079,0.0076,0.0079,0.1509
2017-03-22,NIFTY,9030.45,9121.5,9050.4,9143.0,0.0062,0.006,0.0062,0.1191
2017-03-23,BANKNIFTY,20895.5,20781.35,20952.75,20849.1,0.0078,0.0074,0.0078,0.1485
2017-03-23,NIFTY,9086.3,9030.45,9107.65,9050.4,0.0062,0.006,0.0062,0.119
2017-03-24,BANKNIFTY,21122.55,20895.5,21140.65,20952.75,0.008,0.0075,0.008,0.1526
2017-03-24,NIFTY,9108.0,9086.3,9118.3,9107.65,0.0061,0.0059,0.0061,0.1159
2017-03-27,BANKNIFTY,21056.9,21122.55,21101.95,21140.65,0.0078,0.0073,0.0078,0.1487
2017-03-27,NIFTY,9045.2,9108.0,9067.95,9118.3,0.0061,0.0058,0.0061,0.117
2017-03-28,BANKNIFTY,21225.4,21056.9,21235.1,21101.95,0.0078,0.0073,0.0078,0.1489
2017-03-28,NIFTY,9100.8,9045.2,9109.6,9067.95,0.0061,0.0058,0.0061,0.117
2017-03-29,BANKNIFTY,21391.15,21225.4,21403.3,21235.1,0.0078,0.0073,0.0078,0.1489
2017-03-29,NIFTY,9143.8,9100.8,9142.85,9109.6,0.006,0.0057,0.006,0.1155
2017-03-30,BANKNIFTY,21620.7,21391.15,21620.7,21403.3,0.008,0.0075,0.008,0.1527
2017-03-30,NIFTY,9173.75,9143.8,9173.75,9142.85,0.0059,0.0056,0.0059,0.1131
2017-03-31,BANKNIFTY,21444.15,21620.7,21488.15,21620.7,0.008,0.0074,0.008,0.153
2017-03-31,NIFTY,9173.75,9173.75,9197.75,9173.75,0.0057,0.0054,0.0057,0.1096
2017-04-03,BANKNIFTY,21547.75,21444.15,21576.8,21488.15,0.0079,0.0073,0.0079,0.15
2017-04-03,NIFTY,9237.85,9173.75,9263.25,9197.75,0.0058,0.0055,0.0058,0.1112
2017-04-05,BANKNIFTY,21652.7,21547.75,21683.6,21576.8,0.0077,0.0071,0.0077,0.1472
2017-04-05,NIFTY,9265.15,9237.85,9286.55,9263.25,0.0057,0.0054,0.0057,0.1086
2017-04-06,BANKNIFTY,21622.95,21652.7,21642.8,21683.6,0.0075,0.0069,0.0075,0.1429
2017-04-06,NIFTY,9261.95,9265.15,9272.25,9286.55,0.0055,0.0053,0.0055,0.1053
2017-04-07,BANKNIFTY,21431.15,21622.95,21442.15,21642.8,0.0076,0.0071,0.0076,0.1447
2017-04-07,NIFTY,9198.3,9261.95,9211.45,9272.25,0.0056,0.0053,0.0056,0.1071
2017-04-10,BANKNIFTY,21520.15,21431.15,21558.85,21442.15,0.0074,0.007,0.0074,0.1416
2017-04-10,NIFTY,9181.45,9198.3,9209.35,9211.45,0.0055,0.0052,0.0055,0.1042
2017-04-11,BANKNIFTY,21736.15,21520.15,21758.55,21558.85,0.0076,0.0072,0.0076,0.145
2017-04-11,NIFTY,9237.0,9181.45,9264.45,9209.35,0.0055,0.0052,0.0055,0.1049
2017-04-12,BANKNIFTY,21666.8,21736.15,21710.2,21758.55,0.0074,0.007,0.0074,0.1414
2017-04-12,NIFTY,9203.45,9237.0,9223.2,9264.45,0.0054,0.0052,0.0054,0.1031
2017-04-13,BANKNIFTY,21686.6,21666.8,21733.0,21710.2,0.0072,0.0068,0.0072,0.1372
2017-04-13,NIFTY,9150.8,9203.45,9182.25,9223.2,0.0054,0.0051,0.0054,0.1035
2017-04-17,BANKNIFTY,21647.6,21686.6,21702.05,21733.0,0.007,0.0066,0.007,0.1332
2017-04-17,NIFTY,9139.3,9150.8,9168.35,9182.25,0.0053,0.005,0.0053,0.1006
2017-04-18,BANKNIFTY,21671.85,21647.6,21692.95,21702.05,0.0068,0.0064,0.0068,0.1293
2017-04-18,NIFTY,9105.15,9139.3,9123.35,9168.35,0.0052,0.005,0.0052,0.099
2017-04-19,BANKNIFTY,21556.35,21671.85,21617.2,21692.95,0.0067,0.0062,0.0067,0.1278
2017-04-19,NIFTY,9103.5,9105.15,9135.0,9123.35,0.005,0.0049,0.005,0.096
2017-04-20,BANKNIFTY,21491.4,21556.35,21557.4,21617.2,0.0065,0.0061,0.0065,0.1247
2017-04-20,NIFTY,9136.4,9103.5,9162.6,9135.0,0.005,0.0048,0.005,0.0946
2017-04-21,BANKNIFTY,21551.45,21491.4,21541.45,21557.4,0.0064,0.0059,0.0064,0.1216
2017-04-21,NIFTY,9119.4,9136.4,9127.0,9162.6,0.0048,0.0047,0.0048,0.0922
2017-04-24,BANKNIFTY,21857.4,21551.45,21830.15,21541.45,0.0071,0.0066,0.0071,0.1351
2017-04-24,NIFTY,9217.95,9119.4,9224.45,9127.0,0.0054,0.0053,0.0054,0.1025
2017-04-25,BANKNIFTY,22054.7,21857.4,21995.0,21830.15,0.0072,0.0066,0.0072,0.1376
2017-04-25,NIFTY,9306.6,9217.95,9293.9,9224.45,0.0057,0.0054,0.0057,0.109
2017-04-26,BANKNIFTY,22242.85,22054.7,22210.6,21995.0,0.0073,0.0069,0.0073,0.1392
2017-04-26,NIFTY,9351.85,9306.6,9342.1,9293.9,0.0057,0.0054,0.0057,0.1081
2017-04-27,BANKNIFTY,22326.3,22242.85,22326.3,22210.6,0.0071,0.0068,0.0071,0.1361
2017-04-27,NIFTY,9342.15,9351.85,9342.15,9342.1,0.0055,0.0052,0.0055,0.105
2017-04-28,BANKNIFTY,22358.25,22326.3,22366.4,22326.3,0.0069,0.0066,0.0069,0.1321
2017-04-28,NIFTY,9304.05,9342.15,9333.7,9342.15,0.0054,0.0051,0.0054,0.1035
2017-05-02,BANKNIFTY,22341.35,22358.25,22394.35,22366.4,0.0067,0.0064,0.0067,0.1282
2017-05-02,NIFTY,9313.8,9304.05,9339.3,9333.7,0.0053,0.0049,0.0053,0.1005
2017-05-03,BANKNIFTY,22307.3,22341.35,22348.3,22394.35,0.0065,0.0062,0.0065,0.1244
2017-05-03,NIFTY,9311.95,9313.8,9340.25,9339.3,0.0051,0.0048,0.0051,0.0974
2017-05-04,BANKNIFTY,22720.1,22307.3,22730.15,22348.3,0.0077,0.0073,0.0077,0.1481
2017-05-04,NIFTY,9359.9,9311.95,9376.95,9340.25,0.0051,0.0047,0.0051,0.0975
2017-05-05,BANKNIFTY,22604.95,22720.1,22652.35,22730.15,0.0076,0.0071,0.0076,0.1455
2017-05-05,NIFTY,9285.3,9359.9,9316.7,9376.95,0.0053,0.0049,0.0053,0.1017
2017-05-08,BANKNIFTY,22767.35,22604.95,22785.35,22652.35,0.0076,0.0071,0.0076,0.145
2017-05-08,NIFTY,9314.05,9285.3,9343.6,9316.7,0.0052,0.0048,0.0052,0.0996
2017-05-09,BANKNIFTY,22707.3,22767.35,22762.85,22785.35,0.0074,0.0069,0.0074,0.1411
2017-05-09,NIFTY,9316.85,9314.05,9350.4,9343.6,0.0051,0.0046,0.0051,0.0966
2017-05-10,BANKNIFTY,22830.35,22707.3,22860.9,22762.85,0.0073,0.0067,0.0073,0.1391
2017-05-10,NIFTY,9407.3,9316.85,9419.2,9350.4,0.0054,0.0048,0.0054,0.104
2017-05-11,BANKNIFTY,22818.45,22830.35,22842.15,22860.9,0.0071,0.0065,0.0071,0.1349
2017-05-11,NIFTY,9422.4,9407.3,9439.85,9419.2,0.0053,0.0047,0.0053,0.1011
2017-05-12,BANKNIFTY,22671.7,22818.45,22669.35,22842.15,0.007,0.0066,0.007,0.1342
2017-05-12,NIFTY,9400.9,9422.4,9414.8,9439.85,0.0052,0.0046,0.0052,0.0986
2017-05-15,BANKNIFTY,22821.5,22671.7,22827.35,22669.35,0.007,0.0066,0.007,0.1338
2017-05-15,NIFTY,9445.4,9400.9,9453.3,9414.8,0.0051,0.0046,0.0051,0.0981
2017-05-16,BANKNIFTY,22928.6,22821.5,22941.05,22827.35,0.0069,0.0065,0.0069,0.1315
2017-05-16,NIFTY,9512.25,9445.4,9522.15,9453.3,0.0053,0.0048,0.0053,0.1007
2017-05-17,BANKNIFTY,22935.95,22928.6,22930.9,22941.05,0.0067,0.0063,0.0067,0.1275
2017-05-17,NIFTY,9525.75,9512.25,9533.75,9522.15,0.0051,0.0046,0.0051,0.0978
2017-05-18,BANKNIFTY,22698.6,22935.95,22708.3,22930.9,0.007,0.0066,0.007,0.1329
2017-05-18,NIFTY,9429.45,9525.75,9440.7,9533.75,0.0056,0.0051,0.0056,0.1061
2017-05-19,BANKNIFTY,22769.8,22698.6,22798.35,22708.3,0.0068,0.0065,0.0068,0.1297
2017-05-19,NIFTY,9427.9,9429.45,9445.75,9440.7,0.0054,0.005,0.0054,0.1029
2017-05-22,BANKNIFTY,22652.85,22769.8,22677.5,22798.35,0.0067,0.0064,0.0067,0.128
2017-05-22,NIFTY,9438.25,9427.9,9443.65,9445.75,0.0052,0.0048,0.0052,0.0999
2017-05-23,BANKNIFTY,22582.8,22652.85,22574.7,22677.5,0.0065,0.0063,0.0065,0.1249
2017-05-23,NIFTY,9386.15,9438.25,9390.45,9443.65,0.0052,0.0049,0.0052,0.1002
2017-05-24,BANKNIFTY,22536.3,22582.8,22533.25,22574.7,0.0064,0.0061,0.0064,0.1215
2017-05-24,NIFTY,9360.55,9386.15,9364.85,9390.45,0.0051,0.0048,0.0051,0.098
2017-05-25,BANKNIFTY,23190.8,22536.3,23190.8,22533.25,0.0093,0.0092,0.0093,0.1784
2017-05-25,NIFTY,9509.75,9360.55,9509.75,9364.85,0.0063,0.006,0.0063,0.1204
2017-05-26,BANKNIFTY,23362.2,23190.8,23256.95,23190.8,0.0092,0.009,0.0092,0.1764
2017-05-26,NIFTY,9595.1,9509.75,9575.8,9509.75,0.0065,0.006,0.0065,0.124
2017-05-29,BANKNIFTY,23182.75,23362.2,23135.95,23256.95,0.0091,0.0088,0.0091,0.1748
2017-05-29,NIFTY,9604.9,9595.1,9605.7,9575.8,0.0063,0.0059,0.0063,0.1204
2017-05-30,BANKNIFTY,23307.25,23182.75,23251.5,23135.95,0.009,0.0086,0.009,0.1713
2017-05-30,NIFTY,9624.55,9604.9,9619.85,9605.7,0.0061,0.0057,0.0061,0.1171
2017-05-31,BANKNIFTY,23424.8,23307.25,23321.75,23251.5,0.0088,0.0084,0.0088,0.1677
2017-05-31,NIFTY,9621.25,9624.55,9626.05,9619.85,0.0059,0.0055,0.0059,0.1135
2017-06-01,BANKNIFTY,23310.15,23424.8,23292.05,23321.75,0.0086,0.0081,0.0086,0.1642
2017-06-01,NIFTY,9616.1,9621.25,9630.1,9626.05,0.0058,0.0054,0.0058,0.1101
2017-06-02,BANKNIFTY,23375.9,23310.15,23341.75,23292.05,0.0084,0.0079,0.0084,0.1598
2017-06-02,NIFTY,9653.5,9616.1,9652.6,9630.1,0.0057,0.0052,0.0057,0.1083
2017-06-05,BANKNIFTY,23459.65,23375.9,23425.1,23341.75,0.0082,0.0077,0.0082,0.1558
2017-06-05,NIFTY,9675.1,9653.5,9685.5,9652.6,0.0055,0.0051,0.0055,0.1055
2017-06-06,BANKNIFTY,23416.3,23459.65,23432.65,23425.1,0.0079,0.0075,0.0079,0.1513
2017-06-06,NIFTY,9637.15,9675.1,9665.75,9685.5,0.0054,0.005,0.0054,0.1039
2017-06-07,BANKNIFTY,23567.65,23416.3,23559.65,23432.65,0.0078,0.0074,0.0078,0.1498
2017-06-07,NIFTY,9663.9,9637.15,9679.9,9665.75,0.0053,0.0049,0.0053,0.1016
2017-06-08,BANKNIFTY,23536.1,23567.65,23539.3,23559.65,0.0076,0.0071,0.0076,0.1453
2017-06-08,NIFTY,9647.25,9663.9,9669.7,9679.9,0.0052,0.0047,0.0052,0.0988
2017-06-09,BANKNIFTY,23690.9,23536.1,23639.65,23539.3,0.0075,0.007,0.0075,0.1442
2017-06-09,NIFTY,9668.25,9647.25,9682.9,9669.7,0.005,0.0046,0.005,0.0963
2017-06-12,BANKNIFTY,23470.45,23690.9,23454.85,23639.65,0.0077,0.0071,0.0077,0.1465
2017-06-12,NIFTY,9616.4,9668.25,9620.15,9682.9,0.0051,0.0047,0.0051,0.0967
2017-06-13,BANKNIFTY,23477.85,23470.45,23449.0,23454.85,0.0074,0.0068,0.0074,0.1421
2017-06-13,NIFTY,9606.9,9616.4,9615.1,9620.15,0.0049,0.0046,0.0049,0.0939
2017-06-14,BANKNIFTY,23498.7,23477.85,23486.4,23449.0,0.0072,0.0066,0.0072,0.1378
2017-06-14,NIFTY,9618.15,9606.9,9637.6,9615.1,0.0048,0.0045,0.0048,0.0912
2017-06-15,BANKNIFTY,23391.75,23498.7,23387.25,23486.4,0.0071,0.0065,0.0071,0.1353
2017-06-15,NIFTY,9578.05,9618.15,9600.9,9637.6,0.0047,0.0045,0.0047,0.0906
2017-06-16,BANKNIFTY,23502.75,23391.75,23460.15,23387.25,0.007,0.0064,0.007,0.133
2017-06-16,NIFTY,9588.05,9578.05,9597.25,9600.9,0.0046,0.0043,0.0046,0.0879
2017-06-19,BANKNIFTY,23742.15,23502.75,23699.7,23460.15,0.0072,0.0067,0.0072,0.1374
2017-06-19,NIFTY,9657.55,9588.05,9675.25,9597.25,0.0048,0.0046,0.0048,0.0917
2017-06-20,BANKNIFTY,23697.95,23742.15,23692.5,23699.7,0.007,0.0065,0.007,0.1335
2017-06-20,NIFTY,9653.5,9657.55,9674.45,9675.25,0.0047,0.0045,0.0047,0.089
2017-06-21,BANKNIFTY,23708.75,23697.95,23693.65,23692.5,0.0068,0.0063,0.0068,0.1295
2017-06-21,NIFTY,9633.6,9653.5,9655.25,9674.45,0.0045,0.0044,0.0045,0.0868
2017-06-22,BANKNIFTY,23736.1,23708.75,23728.9,23693.65,0.0066,0.0061,0.0066,0.1256
2017-06-22,NIFTY,9630.0,9633.6,9633.1,9655.25,0.0044,0.0043,0.0044,0.0841
2017-06-23,BANKNIFTY,23542.75,23736.1,23546.15,23728.9,0.0067,0.0062,0.0067,0.1277
2017-06-23,NIFTY,9574.95,9630.0,9590.05,9633.1,0.0045,0.0043,0.0045,0.0859
2017-06-27,BANKNIFTY,23216.25,23542.75,23229.05,23546.15,0.0073,0.0069,0.0073,0.14
2017-06-27,NIFTY,9511.4,9574.95,9513.0,9590.05,0.0047,0.0046,0.0047,0.0889
2017-06-28,BANKNIFTY,23235.85,23216.25,23240.1,23229.05,0.0071,0.0067,0.0071,0.1358
2017-06-28,NIFTY,9491.25,9511.4,9495.6,9513.0,0.0045,0.0045,0.0045,0.0868
2017-06-29,BANKNIFTY,23227.3,23235.85,23227.3,23240.1,0.0069,0.0065,0.0069,0.1316
2017-06-29,NIFTY,9504.1,9491.25,9504.1,9495.6,0.0044,0.0044,0.0044,0.0844
2017-06-30,BANKNIFTY,23211.2,23227.3,23201.2,23227.3,0.0067,0.0063,0.0067,0.1277
2017-06-30,NIFTY,9520.9,9504.1,9517.4,9504.1,0.0043,0.0042,0.0043,0.0822
2017-07-03,BANKNIFTY,23272.8,23211.2,23311.9,23201.2,0.0065,0.0062,0.0065,0.1244
2017-07-03,NIFTY,9615.0,9520.9,9621.8,9517.4,0.0048,0.0049,0.0049,0.0937
2017-07-04,BANKNIFTY,23214.2,23272.8,23256.05,23311.9,0.0063,0.006,0.0063,0.1212
2017-07-04,NIFTY,9613.3,9615.0,9624.05,9621.8,0.0047,0.0048,0.0048,0.0909
2017-07-05,BANKNIFTY,23352.6,23214.2,23400.55,23256.05,0.0063,0.006,0.0063,0.1207
2017-07-05,NIFTY,9637.6,9613.3,9645.3,9624.05,0.0046,0.0046,0.0046,0.0887
2017-07-06,BANKNIFTY,23466.65,23352.6,23480.75,23400.55,0.0062,0.0059,0.0062,0.1193
2017-07-06,NIFTY,9674.55,9637.6,9673.35,9645.3,0.0045,0.0046,0.0046,0.0871
2017-07-07,BANKNIFTY,23449.15,23466.65,23458.95,23480.75,0.0061,0.0057,0.0061,0.1157
2017-07-07,NIFTY,9665.8,9674.55,9667.5,9673.35,0.0044,0.0044,0.0044,0.0845
2017-07-10,BANKNIFTY,23675.05,23449.15,23663.05,23458.95,0.0063,0.006,0.0063,0.1208
2017-07-10,NIFTY,9771.05,9665.8,9776.95,9667.5,0.005,0.0051,0.0051,0.0974
2017-07-11,BANKNIFTY,23584.6,23675.05,23617.35,23663.05,0.0062,0.0058,0.0062,0.1185
2017-07-11,NIFTY,9786.05,9771.05,9787.25,9776.95,0.0049,0.0049,0.0049,0.0945
2017-07-12,BANKNIFTY,23695.45,23584.6,23721.25,23617.35,0.0061,0.0057,0.0061,0.117
2017-07-12,NIFTY,9816.1,9786.05,9822.35,9787.25,0.0048,0.0049,0.0049,0.0932
2017-07-13,BANKNIFTY,23888.65,23695.45,23879.4,23721.25,0.0063,0.0058,0.0063,0.1196
2017-07-13,NIFTY,9891.7,9816.1,9887.5,9822.35,0.005,0.005,0.005,0.0958
2017-07-14,BANKNIFTY,23937.7,23888.65,23977.4,23879.4,0.0061,0.0057,0.0061,0.1164
2017-07-14,NIFTY,9886.35,9891.7,9899.55,9887.5,0.0049,0.0049,0.0049,0.0929
2017-07-17,BANKNIFTY,24015.05,23937.7,24026.65,23977.4,0.006,0.0055,0.006,0.1138
2017-07-17,NIFTY,9915.95,9886.35,9933.15,9899.55,0.0048,0.0048,0.0048,0.0913
2017-07-18,BANKNIFTY,24022.05,24015.05,24058.2,24026.65,0.0058,0.0054,0.0058,0.1104
2017-07-18,NIFTY,9827.15,9915.95,9846.3,9933.15,0.0051,0.0051,0.0051,0.0979
2017-07-19,BANKNIFTY,24152.65,24022.05,24208.45,24058.2,0.0058,0.0054,0.0058,0.11
2017-07-19,NIFTY,9899.6,9827.15,9919.15,9846.3,0.0053,0.0053,0.0053,0.1009
2017-07-20,BANKNIFTY,24213.35,24152.65,24235.15,24208.45,0.0056,0.0053,0.0056,0.1073
2017-07-20,NIFTY,9873.3,9899.6,9888.05,9919.15,0.0052,0.0052,0.0052,0.0987
2017-07-21,BANKNIFTY,24257.05,24213.35,24247.6,24235.15,0.0055,0.0051,0.0055,0.1043
2017-07-21,NIFTY,9915.25,9873.3,9910.55,9888.05,0.0051,0.005,0.0051,0.0977
2017-07-24,BANKNIFTY,24420.85,24257.05,24371.95,24247.6,0.0055,0.0051,0.0055,0.1059
2017-07-24,NIFTY,9966.4,9915.25,9955.8,9910.55,0.0051,0.005,0.0051,0.0977
2017-07-25,BANKNIFTY,24520.7,24420.85,24523.55,24371.95,0.0055,0.0052,0.0055,0.1045
2017-07-25,NIFTY,9964.55,9966.4,9973.8,9955.8,0.005,0.0049,0.005,0.0947
2017-07-26,BANKNIFTY,24670.7,24520.7,24686.2,24523.55,0.0055,0.0053,0.0055,0.1052
2017-07-26,NIFTY,10020.65,9964.55,10023.05,9973.8,0.005,0.0049,0.005,0.0955
2017-07-27,BANKNIFTY,24922.4,24670.7,24922.4,24686.2,0.0059,0.0056,0.0059,0.1125
2017-07-27,NIFTY,10020.55,10020.65,10020.55,10023.05,0.0048,0.0047,0.0048,0.0926
2017-07-28,BANKNIFTY,24811.3,24922.4,24934.25,24922.4,0.0058,0.0055,0.0058,0.1111
2017-07-28,NIFTY,10014.5,10020.55,10042.25,10020.55,0.0047,0.0046,0.0047,0.0899
2017-07-31,BANKNIFTY,25103.65,24811.3,25135.05,24934.25,0.0063,0.0056,0.0063,0.1209
2017-07-31,NIFTY,10077.1,10014.5,10103.0,10042.25,0.0048,0.0047,0.0048,0.0919
2017-08-01,BANKNIFTY,25122.8,25103.65,25195.35,25135.05,0.0061,0.0055,0.0061,0.1172
2017-08-01,NIFTY,10114.65,10077.1,10138.45,10103.0,0.0048,0.0047,0.0048,0.0907
2017-08-02,BANKNIFTY,25055.2,25122.8,25133.85,25195.35,0.006,0.0054,0.006,0.1144
2017-08-02,NIFTY,10081.5,10114.65,10101.1,10138.45,0.0047,0.0046,0.0047,0.0893
2017-08-03,BANKNIFTY,24675.05,25055.2,24807.0,25133.85,0.0069,0.0061,0.0069,0.132
2017-08-03,NIFTY,10013.65,10081.5,10043.0,10101.1,0.0048,0.0047,0.0048,0.0922
2017-08-04,BANKNIFTY,24827.45,24675.05,24951.15,24807.0,0.0069,0.0061,0.0069,0.1311
2017-08-04,NIFTY,10066.4,10013.65,10108.55,10043.0,0.0049,0.0048,0.0049,0.0927
2017-08-07,BANKNIFTY,24906.35,24827.45,24998.05,24951.15,0.0067,0.0059,0.0067,0.128
2017-08-07,NIFTY,10057.4,10066.4,10091.75,10108.55,0.0047,0.0047,0.0047,0.09
2017-08-08,BANKNIFTY,24599.5,24906.35,24693.4,24998.05,0.0072,0.0065,0.0072,0.137
2017-08-08,NIFTY,9978.55,10057.4,9999.45,10091.75,0.005,0.0051,0.0051,0.0968
2017-08-09,BANKNIFTY,24374.6,24599.5,24473.4,24693.4,0.0073,0.0067,0.0073,0.1396
2017-08-09,NIFTY,9908.05,9978.55,9926.7,9999.45,0.0051,0.0052,0.0052,0.0999
2017-08-10,BANKNIFTY,24217.35,24374.6,24306.3,24473.4,0.0073,0.0067,0.0073,0.1387
2017-08-10,NIFTY,9820.25,9908.05,9854.75,9926.7,0.0054,0.0054,0.0054,0.1034
2017-08-11,BANKNIFTY,23985.75,24217.35,24085.6,24306.3,0.0074,0.0068,0.0074,0.1418
2017-08-11,NIFTY,9710.8,9820.25,9741.05,9854.75,0.0059,0.0059,0.0059,0.1134
2017-08-14,BANKNIFTY,24115.75,23985.75,24207.2,24085.6,0.0073,0.0067,0.0073,0.1398
2017-08-14,NIFTY,9794.15,9710.8,9815.6,9741.05,0.0061,0.006,0.0061,0.1168
2017-08-16,BANKNIFTY,24437.7,24115.75,24475.1,24207.2,0.0078,0.0071,0.0078,0.1491
2017-08-16,NIFTY,9897.3,9794.15,9904.95,9815.6,0.0065,0.0063,0.0065,0.1234
2017-08-17,BANKNIFTY,24237.25,24437.7,24262.15,24475.1,0.0078,0.0072,0.0078,0.1496
2017-08-17,NIFTY,9904.15,9897.3,9909.45,9904.95,0.0063,0.0061,0.0063,0.1197
2017-08-18,BANKNIFTY,24074.45,24237.25,24097.0,24262.15,0.0078,0.0072,0.0078,0.1484
2017-08-18,NIFTY,9837.4,9904.15,9854.4,9909.45,0.0063,0.0061,0.0063,0.1203
2017-08-21,BANKNIFTY,23936.5,24074.45,23979.65,24097.0,0.0077,0.007,0.0077,0.1464
2017-08-21,NIFTY,9754.35,9837.4,9768.6,9854.4,0.0064,0.0062,0.0064,0.1232
2017-08-22,BANKNIFTY,23974.45,23936.5,24042.9,23979.65,0.0074,0.0069,0.0074,0.1421
2017-08-22,NIFTY,9765.55,9754.35,9784.65,9768.6,0.0063,0.0061,0.0063,0.1195
2017-08-23,BANKNIFTY,24316.8,23974.45,24328.9,24042.9,0.008,0.0073,0.008,0.1529
2017-08-23,NIFTY,9852.5,9765.55,9862.3,9784.65,0.0064,0.0062,0.0064,0.1231
2017-08-24,BANKNIFTY,24274.2,24316.8,24330.3,24328.9,0.0078,0.007,0.0078,0.1485
2017-08-24,NIFTY,9857.05,9852.5,9873.25,9862.3,0.0062,0.006,0.0062,0.1194
2017-08-28,BANKNIFTY,24377.1,24274.2,24377.05,24330.3,0.0076,0.0068,0.0076,0.1453
2017-08-28,NIFTY,9912.8,9857.05,9917.05,9873.25,0.0062,0.0059,0.0062,0.1187
2017-08-29,BANKNIFTY,24128.95,24377.1,24107.1,24377.05,0.0078,0.0072,0.0078,0.1488
2017-08-29,NIFTY,9796.05,9912.8,9799.0,9917.05,0.0067,0.0065,0.0067,0.1278
2017-08-30,BANKNIFTY,24308.7,24128.95,24305.05,24107.1,0.0078,0.0072,0.0078,0.1484
2017-08-30,NIFTY,9884.4,9796.05,9883.6,9799.0,0.0068,0.0066,0.0068,0.1308
2017-08-31,BANKNIFTY,24318.4,24308.7,24318.4,24305.05,0.0075,0.007,0.0075,0.1439
2017-08-31,NIFTY,9917.9,9884.4,9917.9,9883.6,0.0067,0.0065,0.0067,0.1278
2017-09-01,BANKNIFTY,24434.0,24318.4,24483.45,24318.4,0.0074,0.007,0.0074,0.1413
2017-09-01,NIFTY,9974.4,9917.9,10007.3,9917.9,0.0066,0.0066,0.0066,0.1267
2017-09-04,BANKNIFTY,24236.85,24434.0,24289.65,24483.45,0.0074,0.0071,0.0074,0.1421
2017-09-04,NIFTY,9912.85,9974.4,9927.65,10007.3,0.0066,0.0067,0.0067,0.1284
2017-09-05,BANKNIFTY,24328.3,24236.85,24388.1,24289.65,0.0073,0.0069,0.0073,0.1389
2017-09-05,NIFTY,9952.2,9912.85,9971.6,9927.65,0.0065,0.0066,0.0066,0.1262
2017-09-06,BANKNIFTY,24279.15,24328.3,24306.75,24388.1,0.0071,0.0068,0.0071,0.135
2017-09-06,NIFTY,9916.2,9952.2,9935.35,9971.6,0.0063,0.0065,0.0065,0.1236
2017-09-07,BANKNIFTY,24304.9,24279.15,24354.25,24306.75,0.0069,0.0066,0.0069,0.131
2017-09-07,NIFTY,9929.9,9916.2,9954.7,9935.35,0.0062,0.0063,0.0063,0.1202
2017-09-08,BANKNIFTY,24370.8,24304.9,24374.6,24354.25,0.0067,0.0064,0.0067,0.1276
2017-09-08,NIFTY,9934.8,9929.9,9950.0,9954.7,0.006,0.0061,0.0061,0.1165
2017-09-11,BANKNIFTY,24672.25,24370.8,24659.9,24374.6,0.0071,0.0068,0.0071,0.1365
2017-09-11,NIFTY,10006.05,9934.8,10025.9,9950.0,0.0061,0.0062,0.0062,0.1184
2017-09-12,BANKNIFTY,24784.7,24672.25,24782.75,24659.9,0.007,0.0067,0.007,0.134
2017-09-12,NIFTY,10093.05,10006.05,10107.9,10025.9,0.0062,0.0063,0.0063,0.121
2017-09-13,BANKNIFTY,24831.8,24784.7,24821.85,24782.75,0.0068,0.0065,0.0068,0.1302
2017-09-13,NIFTY,10079.3,10093.05,10091.45,10107.9,0.0061,0.0062,0.0062,0.1176
2017-09-14,BANKNIFTY,24912.25,24831.8,24928.55,24821.85,0.0067,0.0064,0.0067,0.1272
2017-09-14,NIFTY,10086.6,10079.3,10114.45,10091.45,0.0059,0.006,0.006,0.1145
2017-09-15,BANKNIFTY,24844.3,24912.25,24853.0,24928.55,0.0065,0.0063,0.0065,0.1239
2017-09-15,NIFTY,10085.4,10086.6,10101.95,10114.45,0.0057,0.0058,0.0058,0.1111
2017-09-18,BANKNIFTY,25046.9,24844.3,25056.9,24853.0,0.0066,0.0064,0.0066,0.126
2017-09-18,NIFTY,10153.1,10085.4,10175.3,10101.95,0.0058,0.0059,0.0059,0.1129
2017-09-19,BANKNIFTY,25041.55,25046.9,25060.5,25056.9,0.0064,0.0062,0.0064,0.1222
2017-09-19,NIFTY,10147.55,10153.1,10168.85,10175.3,0.0056,0.0057,0.0057,0.1095
2017-09-20,BANKNIFTY,24965.05,25041.55,25023.6,25060.5,0.0062,0.006,0.0062,0.1193
2017-09-20,NIFTY,10141.15,10147.55,10167.55,10168.85,0.0054,0.0056,0.0056,0.1062
2017-09-21,BANKNIFTY,24799.25,24965.05,24840.55,25023.6,0.0063,0.0061,0.0063,0.1198
2017-09-21,NIFTY,10121.9,10141.15,10138.85,10167.55,0.0053,0.0054,0.0054,0.1038
2017-09-22,BANKNIFTY,24368.85,24799.25,24426.35,24840.55,0.0074,0.0072,0.0074,0.1422
2017-09-22,NIFTY,9964.4,10121.9,9982.95,10138.85,0.0064,0.0065,0.0065,0.1241
2017-09-25,BANKNIFTY,24165.05,24368.85,24199.05,24426.35,0.0075,0.0074,0.0075,0.1433
2017-09-25,NIFTY,9872.6,9964.4,9878.65,9982.95,0.0066,0.0068,0.0068,0.1299
2017-09-26,BANKNIFTY,24199.15,24165.05,24210.95,24199.05,0.0073,0.0071,0.0073,0.1391
2017-09-26,NIFTY,9871.5,9872.6,9866.95,9878.65,0.0064,0.0066,0.0066,0.1261
2017-09-27,BANKNIFTY,23812.95,24199.15,23830.4,24210.95,0.0081,0.0079,0.0081,0.1545
2017-09-27,NIFTY,9735.75,9871.5,9739.65,9866.95,0.0071,0.0071,0.0071,0.1365
2017-09-28,BANKNIFTY,24008.15,23812.95,24008.15,23830.4,0.0081,0.0079,0.0081,0.1546
2017-09-28,NIFTY,9768.95,9735.75,9768.95,9739.65,0.0069,0.007,0.007,0.1331
2017-09-29,BANKNIFTY,24053.0,24008.15,24066.45,24008.15,0.0079,0.0077,0.0079,0.1501
2017-09-29,NIFTY,9788.6,9768.95,9800.55,9768.95,0.0067,0.0068,0.0068,0.1299
2017-10-03,BANKNIFTY,24103.4,24053.0,24111.8,24066.45,0.0076,0.0075,0.0076,0.1459
2017-10-03,NIFTY,9859.5,9788.6,9868.45,9800.55,0.0067,0.0068,0.0068,0.1301
2017-10-04,BANKNIFTY,24113.3,24103.4,24145.4,24111.8,0.0074,0.0072,0.0074,0.1414
2017-10-04,NIFTY,9914.9,9859.5,9930.45,9868.45,0.0067,0.0068,0.0068,0.1295
2017-10-05,BANKNIFTY,24058.05,24113.3,24107.25,24145.4,0.0072,0.007,0.0072,0.1375
2017-10-05,NIFTY,9888.7,9914.9,9908.7,9930.45,0.0065,0.0066,0.0066,0.1259
2017-10-06,BANKNIFTY,24190.0,24058.05,24228.05,24107.25,0.0071,0.0069,0.0071,0.1358
2017-10-06,NIFTY,9979.7,9888.7,10003.4,9908.7,0.0067,0.0068,0.0068,0.1299
2017-10-09,BANKNIFTY,24251.9,24190.0,24306.35,24228.05,0.0069,0.0068,0.0069,0.1322
2017-10-09,NIFTY,9988.75,9979.7,10016.55,10003.4,0.0065,0.0066,0.0066,0.1261
2017-10-10,BANKNIFTY,24347.45,24251.9,24374.15,24306.35,0.0068,0.0066,0.0068,0.1295
2017-10-10,NIFTY,10016.95,9988.75,10035.7,10016.55,0.0063,0.0064,0.0064,0.1226
2017-10-11,BANKNIFTY,24107.45,24347.45,24111.55,24374.15,0.007,0.0069,0.007,0.1338
2017-10-11,NIFTY,9984.8,10016.95,9992.5,10035.7,0.0062,0.0063,0.0063,0.1206
2017-10-12,BANKNIFTY,24361.25,24107.45,24385.15,24111.55,0.0073,0.0073,0.0073,0.1387
2017-10-12,NIFTY,10096.4,9984.8,10111.4,9992.5,0.0066,0.0068,0.0068,0.1294
2017-10-13,BANKNIFTY,24689.15,24361.25,24732.0,24385.15,0.0078,0.0078,0.0078,0.1498
2017-10-13,NIFTY,10167.45,10096.4,10192.4,10111.4,0.0066,0.0068,0.0068,0.1309
2017-10-16,BANKNIFTY,24703.05,24689.15,24743.25,24732.0,0.0075,0.0076,0.0076,0.1452
2017-10-16,NIFTY,10230.85,10167.45,10255.95,10192.4,0.0066,0.0068,0.0068,0.1302
2017-10-17,BANKNIFTY,24645.6,24703.05,24655.0,24743.25,0.0073,0.0074,0.0074,0.1418
2017-10-17,NIFTY,10234.45,10230.85,10253.7,10255.95,0.0064,0.0066,0.0066,0.1262
2017-10-18,BANKNIFTY,24313.75,24645.6,24364.35,24655.0,0.0078,0.0078,0.0078,0.1497
2017-10-18,NIFTY,10210.85,10234.45,10237.5,10253.7,0.0062,0.0064,0.0064,0.1226
2017-10-19,BANKNIFTY,24009.75,24313.75,23972.5,24364.35,0.0082,0.0085,0.0085,0.1625
2017-10-19,NIFTY,10146.55,10210.85,10146.15,10237.5,0.0062,0.0066,0.0066,0.126
2017-10-23,BANKNIFTY,24088.9,24009.75,24123.35,23972.5,0.008,0.0084,0.0084,0.1603
2017-10-23,NIFTY,10184.85,10146.55,10189.7,10146.15,0.0061,0.0065,0.0065,0.1238
2017-10-24,BANKNIFTY,24222.15,24088.9,24237.55,24123.35,0.0079,0.0082,0.0082,0.157
2017-10-24,NIFTY,10207.7,10184.85,10219.3,10189.7,0.006,0.0063,0.0063,0.1208
2017-10-25,BANKNIFTY,25035.9,24222.15,24981.2,24237.55,0.0111,0.0109,0.0111,0.2124
2017-10-25,NIFTY,10295.35,10207.7,10289.9,10219.3,0.0061,0.0064,0.0064,0.1215
2017-10-26,BANKNIFTY,25022.2,25035.9,25022.2,24981.2,0.0108,0.0106,0.0108,0.206
2017-10-26,NIFTY,10343.8,10295.35,10343.8,10289.9,0.0061,0.0063,0.0063,0.1203
2017-10-27,BANKNIFTY,24839.55,25022.2,24981.25,25022.2,0.0106,0.0102,0.0106,0.2026
2017-10-27,NIFTY,10323.05,10343.8,10356.85,10343.8,0.0059,0.0061,0.0061,0.1168
2017-10-30,BANKNIFTY,24988.55,24839.55,25066.35,24981.25,0.0104,0.01,0.0104,0.1984
2017-10-30,NIFTY,10363.65,10323.05,10388.45,10356.85,0.0058,0.006,0.006,0.1141
2017-10-31,BANKNIFTY,25019.35,24988.55,25057.45,25066.35,0.0101,0.0097,0.0101,0.1925
2017-10-31,NIFTY,10335.3,10363.65,10368.5,10388.45,0.0057,0.0058,0.0058,0.111
2017-11-01,BANKNIFTY,25490.45,25019.35,25530.25,25057.45,0.0108,0.0104,0.0108,0.206
2017-11-01,NIFTY,10440.5,10335.3,10477.3,10368.5,0.006,0.0062,0.0062,0.1182
2017-11-02,BANKNIFTY,25427.3,25490.45,25468.5,25530.25,0.0105,0.0101,0.0105,0.2001
2017-11-02,NIFTY,10423.8,10440.5,10455.0,10477.3,0.0059,0.006,0.006,0.115
2017-11-03,BANKNIFTY,25650.7,25427.3,25668.65,25468.5,0.0104,0.01,0.0104,0.1983
2017-11-03,NIFTY,10452.5,10423.8,10486.8,10455.0,0.0057,0.0059,0.0059,0.1124
2017-11-06,BANKNIFTY,25571.15,25650.7,25618.7,25668.65,0.0101,0.0097,0.0101,0.1928
2017-11-06,NIFTY,10451.8,10452.5,10489.55,10486.8,0.0055,0.0057,0.0057,0.109
2017-11-07,BANKNIFTY,25300.8,25571.15,25396.65,25618.7,0.0101,0.0096,0.0101,0.1934
2017-11-07,NIFTY,10350.15,10451.8,10409.9,10489.55,0.0059,0.0058,0.0059,0.1124
2017-11-08,BANKNIFTY,25184.35,25300.8,25298.95,25396.65,0.0099,0.0094,0.0099,0.1888
2017-11-08,NIFTY,10303.15,10350.15,10354.9,10409.9,0.0058,0.0058,0.0058,0.111
2017-11-09,BANKNIFTY,25291.35,25184.35,25419.4,25298.95,0.0096,0.0092,0.0096,0.1841
2017-11-09,NIFTY,10308.95,10303.15,10361.8,10354.9,0.0056,0.0056,0.0056,0.1077
2017-11-10,BANKNIFTY,25498.95,25291.35,25495.15,25419.4,0.0096,0.0089,0.0096,0.1825
2017-11-10,NIFTY,10321.75,10308.95,10334.0,10361.8,0.0055,0.0055,0.0055,0.1051
2017-11-13,BANKNIFTY,25358.3,25498.95,25463.2,25495.15,0.0094,0.0087,0.0094,0.1788
2017-11-13,NIFTY,10224.95,10321.75,10269.4,10334.0,0.0058,0.0056,0.0058,0.1106
2017-11-14,BANKNIFTY,25284.6,25358.3,25401.0,25463.2,0.0091,0.0084,0.0091,0.1739
2017-11-14,NIFTY,10186.6,10224.95,10233.6,10269.4,0.0057,0.0054,0.0057,0.1086
2017-11-15,BANKNIFTY,25218.9,25284.6,25318.15,25401.0,0.0088,0.0082,0.0088,0.1691
2017-11-15,NIFTY,10118.05,10186.6,10154.35,10233.6,0.0058,0.0056,0.0058,0.11
2017-11-16,BANKNIFTY,25446.6,25218.9,25515.85,25318.15,0.0089,0.0082,0.0089,0.1692
2017-11-16,NIFTY,10214.75,10118.05,10250.9,10154.35,0.006,0.0059,0.006,0.1155
2017-11-17,BANKNIFTY,25728.4,25446.6,25818.75,25515.85,0.009,0.0084,0.009,0.172
2017-11-17,NIFTY,10283.6,10214.75,10308.85,10250.9,0.0061,0.0059,0.0061,0.1164
2017-11-20,BANKNIFTY,25768.6,25728.4,25831.85,25818.75,0.0087,0.0082,0.0087,0.1669
2017-11-20,NIFTY,10298.75,10283.6,10320.05,10308.85,0.0059,0.0057,0.0059,0.113
2017-11-21,BANKNIFTY,25757.5,25768.6,25818.7,25831.85,0.0085,0.0079,0.0085,0.1618
2017-11-21,NIFTY,10326.9,10298.75,10351.9,10320.05,0.0058,0.0056,0.0058,0.1103
2017-11-22,BANKNIFTY,25766.65,25757.5,25792.5,25818.7,0.0082,0.0077,0.0082,0.1569
2017-11-22,NIFTY,10342.3,10326.9,10357.95,10351.9,0.0056,0.0054,0.0056,0.1072
2017-11-23,BANKNIFTY,25736.25,25766.65,25778.7,25792.5,0.008,0.0075,0.008,0.1522
2017-11-23,NIFTY,10348.75,10342.3,10366.65,10357.95,0.0054,0.0053,0.0054,0.104
2017-11-24,BANKNIFTY,25779.65,25736.25,25842.45,25778.7,0.0077,0.0073,0.0077,0.1478
2017-11-24,NIFTY,10389.7,10348.75,10409.35,10366.65,0.0054,0.0052,0.0054,0.1025
2017-11-27,BANKNIFTY,25891.95,25779.65,25938.8,25842.45,0.0076,0.0071,0.0076,0.1447
2017-11-27,NIFTY,10399.55,10389.7,10418.5,10409.35,0.0052,0.0051,0.0052,0.0995
2017-11-28,BANKNIFTY,25846.4,25891.95,25876.0,25938.8,0.0074,0.0069,0.0074,0.1406
2017-11-28,NIFTY,10370.25,10399.55,10377.55,10418.5,0.0051,0.005,0.0051,0.0973
2017-11-29,BANKNIFTY,25795.7,25846.4,25815.5,25876.0,0.0071,0.0067,0.0071,0.1366
2017-11-29,NIFTY,10361.3,10370.25,10360.7,10377.55,0.0049,0.0049,0.0049,0.0944
2017-11-30,BANKNIFTY,25332.4,25795.7,25332.4,25815.5,0.0082,0.008,0.0082,0.1572
2017-11-30,NIFTY,10226.55,10361.3,10226.55,10360.7,0.0058,0.0057,0.0058,0.1102
2017-12-01,BANKNIFTY,25191.95,25332.4,25259.65,25332.4,0.0081,0.0078,0.0081,0.1547
2017-12-01,NIFTY,10121.8,10226.55,10154.25,10226.55,0.0061,0.0058,0.0061,0.1172
2017-12-04,BANKNIFTY,25075.1,25191.95,25185.85,25259.65,0.0079,0.0076,0.0079,0.1515
2017-12-04,NIFTY,10127.75,10121.8,10159.25,10154.25,0.0059,0.0056,0.0059,0.1136
2017-12-05,BANKNIFTY,25124.85,25075.1,25225.0,25185.85,0.0077,0.0074,0.0077,0.1472
2017-12-05,NIFTY,10118.25,10127.75,10146.7,10159.25,0.0058,0.0054,0.0058,0.1103
2017-12-06,BANKNIFTY,24851.8,25124.85,24927.4,25225.0,0.0079,0.0077,0.0079,0.1516
2017-12-06,NIFTY,10044.1,10118.25,10068.65,10146.7,0.0059,0.0056,0.0059,0.1123
2017-12-07,BANKNIFTY,25057.25,24851.8,25172.0,24927.4,0.008,0.0078,0.008,0.1519
2017-12-07,NIFTY,10166.7,10044.1,10202.95,10068.65,0.0064,0.0063,0.0064,0.1228
2017-12-08,BANKNIFTY,25321.15,25057.25,25364.5,25172.0,0.0081,0.0078,0.0081,0.1553
2017-12-08,NIFTY,10265.65,10166.7,10291.65,10202.95,0.0067,0.0065,0.0067,0.1274
2017-12-11,BANKNIFTY,25404.85,25321.15,25422.45,25364.5,0.0079,0.0076,0.0079,0.1513
2017-12-11,NIFTY,10322.25,10265.65,10346.4,10291.65,0.0066,0.0064,0.0066,0.1262
2017-12-12,BANKNIFTY,25125.45,25404.85,25178.2,25422.45,0.0081,0.0078,0.0081,0.1556
2017-12-12,NIFTY,10240.15,10322.25,10264.5,10346.4,0.0067,0.0065,0.0067,0.1279
2017-12-13,BANKNIFTY,25000.35,25125.45,25038.2,25178.2,0.008,0.0076,0.008,0.1526
2017-12-13,NIFTY,10192.95,10240.15,10215.2,10264.5,0.0066,0.0064,0.0066,0.1259
2017-12-14,BANKNIFTY,25168.2,25000.35,25213.05,25038.2,0.0079,0.0076,0.0079,0.1513
2017-12-14,NIFTY,10252.1,10192.95,10276.1,10215.2,0.0065,0.0064,0.0065,0.125
2017-12-15,BANKNIFTY,25440.3,25168.2,25510.25,25213.05,0.0081,0.0079,0.0081,0.155
2017-12-15,NIFTY,10333.25,10252.1,10359.5,10276.1,0.0066,0.0065,0.0066,0.1267
2017-12-18,BANKNIFTY,25594.55,25440.3,25610.7,25510.25,0.008,0.0077,0.008,0.153
2017-12-18,NIFTY,10388.75,10333.25,10404.35,10359.5,0.0066,0.0064,0.0066,0.1254
2017-12-19,BANKNIFTY,25716.2,25594.55,25707.85,25610.7,0.0078,0.0075,0.0078,0.15
2017-12-19,NIFTY,10463.2,10388.75,10470.95,10404.35,0.0066,0.0064,0.0066,0.1261
2017-12-20,BANKNIFTY,25591.7,25716.2,25662.95,25707.85,0.0077,0.0073,0.0077,0.1471
2017-12-20,NIFTY,10444.2,10463.2,10470.15,10470.95,0.0064,0.0062,0.0064,0.1225
2017-12-21,BANKNIFTY,25554.3,25591.7,25621.35,25662.95,0.0075,0.0071,0.0075,0.1428
2017-12-21,NIFTY,10440.3,10444.2,10462.45,10470.15,0.0062,0.006,0.0062,0.1188
2017-12-22,BANKNIFTY,25648.55,25554.3,25666.4,25621.35,0.0073,0.0069,0.0073,0.1395
2017-12-22,NIFTY,10493.0,10440.3,10505.45,10462.45,0.0062,0.0059,0.0062,0.1176
2017-12-26,BANKNIFTY,25675.25,25648.55,25673.8,25666.4,0.0071,0.0067,0.0071,0.1354
2017-12-26,NIFTY,10531.5,10493.0,10525.95,10505.45,0.006,0.0058,0.006,0.1153
2017-12-27,BANKNIFTY,25496.05,25675.25,25496.35,25673.8,0.0071,0.0067,0.0071,0.1353
2017-12-27,NIFTY,10490.75,10531.5,10500.2,10525.95,0.0059,0.0056,0.0059,0.1132
2017-12-28,BANKNIFTY,25490.0,25496.05,25490.0,25496.35,0.0069,0.0065,0.0069,0.1312
2017-12-28,NIFTY,10477.9,10490.75,10477.9,10500.2,0.0058,0.0055,0.0058,0.1099
2017-12-29,BANKNIFTY,25539.45,25490.0,25570.05,25490.0,0.0067,0.0064,0.0067,0.1275
2017-12-29,NIFTY,10530.7,10477.9,10556.9,10477.9,0.0057,0.0056,0.0057,0.1091
2018-01-01,BANKNIFTY,25318.1,25539.45,25447.05,25570.05,0.0068,0.0063,0.0068,0.1301
2018-01-01,NIFTY,10435.55,10530.7,10498.7,10556.9,0.006,0.0056,0.006,0.114
2018-01-02,BANKNIFTY,25338.25,25318.1,25393.45,25447.05,0.0066,0.0061,0.0066,0.1262
2018-01-02,NIFTY,10442.2,10435.55,10472.2,10498.7,0.0058,0.0055,0.0058,0.1106
2018-01-03,BANKNIFTY,25318.6,25338.25,25386.8,25393.45,0.0064,0.0059,0.0064,0.1224
2018-01-03,NIFTY,10443.2,10442.2,10469.4,10472.2,0.0056,0.0053,0.0056,0.1072
2018-01-04,BANKNIFTY,25462.6,25318.6,25496.4,25386.8,0.0064,0.0058,0.0064,0.1216
2018-01-04,NIFTY,10504.8,10443.2,10526.2,10469.4,0.0056,0.0053,0.0056,0.1075
2018-01-05,BANKNIFTY,25601.85,25462.6,25636.5,25496.4,0.0063,0.0058,0.0063,0.1207
2018-01-05,NIFTY,10558.85,10504.8,10573.2,10526.2,0.0056,0.0053,0.0056,0.107
2018-01-08,BANKNIFTY,25676.1,25601.85,25724.65,25636.5,0.0062,0.0057,0.0062,0.1178
2018-01-08,NIFTY,10623.6,10558.85,10631.4,10573.2,0.0056,0.0053,0.0056,0.1076
2018-01-09,BANKNIFTY,25703.8,25676.1,25709.5,25724.65,0.006,0.0055,0.006,0.1143
2018-01-09,NIFTY,10637.0,10623.6,10646.9,10631.4,0.0055,0.0051,0.0055,0.1045
2018-01-10,BANKNIFTY,25617.3,25703.8,25625.65,25709.5,0.0059,0.0054,0.0059,0.1119
2018-01-10,NIFTY,10632.2,10637.0,10637.05,10646.9,0.0053,0.005,0.0053,0.1013
2018-01-11,BANKNIFTY,25660.9,25617.3,25668.45,25625.65,0.0057,0.0053,0.0057,0.1088
2018-01-11,NIFTY,10651.2,10632.2,10654.05,10637.05,0.0052,0.0049,0.0052,0.0986
2018-01-12,BANKNIFTY,25749.05,25660.9,25743.4,25668.45,0.0056,0.0052,0.0056,0.1067
2018-01-12,NIFTY,10681.25,10651.2,10686.35,10654.05,0.0051,0.0048,0.0051,0.0965
2018-01-15,BANKNIFTY,26069.2,25749.05,26044.75,25743.4,0.0062,0.0058,0.0062,0.1185
2018-01-15,NIFTY,10741.55,10681.25,10743.3,10686.35,0.0051,0.0048,0.0051,0.0972
2018-01-16,BANKNIFTY,25974.9,26069.2,25981.35,26044.75,0.0061,0.0056,0.0061,0.1161
2018-01-16,NIFTY,10700.45,10741.55,10709.55,10743.3,0.005,0.0047,0.005,0.0959
2018-01-17,BANKNIFTY,26289.1,25974.9,26289.95,25981.35,0.0066,0.0062,0.0066,0.1259
2018-01-17,NIFTY,10788.55,10700.45,10791.8,10709.55,0.0053,0.0049,0.0053,0.1006
2018-01-18,BANKNIFTY,26537.4,26289.1,26499.4,26289.95,0.0068,0.0063,0.0068,0.1297
2018-01-18,NIFTY,10817.0,10788.55,10810.8,10791.8,0.0051,0.0048,0.0051,0.0983
2018-01-19,BANKNIFTY,26909.5,26537.4,26896.05,26499.4,0.0074,0.0071,0.0074,0.1417
2018-01-19,NIFTY,10894.7,10817.0,10901.05,10810.8,0.0053,0.0051,0.0053,0.101
2018-01-22,BANKNIFTY,27041.2,26909.5,27015.5,26896.05,0.0073,0.007,0.0073,0.1392
2018-01-22,NIFTY,10966.2,10894.7,10968.0,10901.05,0.0054,0.0052,0.0054,0.1026
2018-01-23,BANKNIFTY,27390.6,27041.2,27386.0,27015.5,0.0077,0.0075,0.0077,0.1478
2018-01-23,NIFTY,11083.7,10966.2,11085.45,10968.0,0.0058,0.0056,0.0058,0.1113
2018-01-24,BANKNIFTY,27398.55,27390.6,27426.75,27386.0,0.0075,0.0073,0.0075,0.1433
2018-01-24,NIFTY,11086.0,11083.7,11083.2,11085.45,0.0056,0.0055,0.0056,0.1079
2018-01-25,BANKNIFTY,27445.65,27398.55,27445.65,27426.75,0.0073,0.0071,0.0073,0.1391
2018-01-25,NIFTY,11069.65,11086.0,11069.65,11083.2,0.0055,0.0053,0.0055,0.1049
2018-01-29,BANKNIFTY,27498.45,27445.65,27509.3,27445.65,0.0071,0.0069,0.0071,0.1352
2018-01-29,NIFTY,11130.4,11069.65,11137.65,11069.65,0.0055,0.0054,0.0055,0.1049
2018-01-30,BANKNIFTY,27269.05,27498.45,27358.7,27509.3,0.0072,0.0068,0.0072,0.1368
2018-01-30,NIFTY,11049.65,11130.4,11072.1,11137.65,0.0056,0.0054,0.0056,0.1072
2018-01-31,BANKNIFTY,27379.45,27269.05,27465.6,27358.7,0.007,0.0067,0.007,0.134
2018-01-31,NIFTY,11027.7,11049.65,11055.4,11072.1,0.0055,0.0052,0.0055,0.1044
2018-02-01,BANKNIFTY,27220.7,27379.45,27233.2,27465.6,0.0069,0.0068,0.0069,0.1327
2018-02-01,NIFTY,11016.9,11027.7,11031.3,11055.4,0.0053,0.0051,0.0053,0.1013
2018-02-02,BANKNIFTY,26451.15,27220.7,26504.65,27233.2,0.0097,0.0094,0.0097,0.1859
2018-02-02,NIFTY,10760.6,11016.9,10755.85,11031.3,0.0077,0.0079,0.0079,0.1516
2018-02-05,BANKNIFTY,26098.75,26451.15,26196.0,26504.65,0.01,0.0095,0.01,0.1909
2018-02-05,NIFTY,10666.55,10760.6,10684.6,10755.85,0.0078,0.0079,0.0079,0.1502
2018-02-06,BANKNIFTY,25811.3,26098.75,25848.6,26196.0,0.0101,0.0098,0.0101,0.1922
2018-02-06,NIFTY,10498.25,10666.55,10513.3,10684.6,0.0085,0.0086,0.0086,0.1641
2018-02-07,BANKNIFTY,25670.0,25811.3,25663.5,25848.6,0.0098,0.0097,0.0098,0.1881
2018-02-07,NIFTY,10476.7,10498.25,10465.55,10513.3,0.0083,0.0084,0.0084,0.1605
2018-02-08,BANKNIFTY,25920.65,25670.0,25941.85,25663.5,0.0098,0.0097,0.0098,0.188
2018-02-08,NIFTY,10576.85,10476.7,10572.25,10465.55,0.0083,0.0085,0.0085,0.1627
2018-02-09,BANKNIFTY,25463.65,25920.65,25513.3,25941.85,0.0105,0.0103,0.0105,0.2003
2018-02-09,NIFTY,10454.95,10576.85,10469.7,10572.25,0.0086,0.0086,0.0086,0.1642
2018-02-12,BANKNIFTY,25701.6,25463.65,25706.45,25513.3,0.0104,0.0101,0.0104,0.1991
2018-02-12,NIFTY,10539.75,10454.95,10543.1,10469.7,0.0085,0.0085,0.0085,0.1631
2018-02-14,BANKNIFTY,25341.25,25701.6,25357.5,25706.45,0.0107,0.0104,0.0107,0.204
2018-02-14,NIFTY,10500.9,10539.75,10495.2,10543.1,0.0083,0.0083,0.0083,0.1591
2018-02-15,BANKNIFTY,25424.35,25341.25,25419.0,25357.5,0.0104,0.0101,0.0104,0.1984
2018-02-15,NIFTY,10545.5,10500.9,10551.2,10495.2,0.0081,0.0082,0.0082,0.1562
2018-02-16,BANKNIFTY,25163.9,25424.35,25192.2,25419.0,0.0104,0.01,0.0104,0.1983
2018-02-16,NIFTY,10452.3,10545.5,10453.35,10551.2,0.0082,0.0082,0.0082,0.1576
2018-02-19,BANKNIFTY,25058.55,25163.9,25057.5,25192.2,0.0101,0.0098,0.0101,0.1932
2018-02-19,NIFTY,10378.4,10452.3,10378.55,10453.35,0.0081,0.0082,0.0082,0.1564
2018-02-20,BANKNIFTY,24874.4,25058.55,24859.55,25057.5,0.01,0.0097,0.01,0.1905
2018-02-20,NIFTY,10360.4,10378.4,10343.75,10378.55,0.0079,0.008,0.008,0.1525
2018-02-21,BANKNIFTY,24936.7,24874.4,24928.8,24859.55,0.0097,0.0094,0.0097,0.1851
2018-02-21,NIFTY,10397.45,10360.4,10392.9,10343.75,0.0077,0.0078,0.0078,0.1495
2018-02-22,BANKNIFTY,24955.2,24936.7,24955.2,24928.8,0.0094,0.0091,0.0094,0.1795
2018-02-22,NIFTY,10382.7,10397.45,10382.7,10392.9,0.0075,0.0076,0.0076,0.145
2018-02-23,BANKNIFTY,25302.5,24955.2,25381.55,24955.2,0.0097,0.0098,0.0098,0.187
2018-02-23,NIFTY,10491.05,10382.7,10504.55,10382.7,0.0077,0.0079,0.0079,0.1508
2018-02-26,BANKNIFTY,25687.9,25302.5,25739.15,25381.55,0.0101,0.0101,0.0101,0.1934
2018-02-26,NIFTY,10582.6,10491.05,10600.45,10504.55,0.0077,0.008,0.008,0.1523
2018-02-27,BANKNIFTY,25383.6,25687.9,25412.1,25739.15,0.0102,0.0103,0.0103,0.1962
2018-02-27,NIFTY,10554.3,10582.6,10564.05,10600.45,0.0075,0.0078,0.0078,0.1485
2018-02-28,BANKNIFTY,25107.4,25383.6,25170.05,25412.1,0.0103,0.0102,0.0103,0.1964
2018-02-28,NIFTY,10492.85,10554.3,10519.4,10564.05,0.0074,0.0076,0.0076,0.1453
2018-03-01,BANKNIFTY,24902.55,25107.4,24938.45,25170.05,0.0102,0.0102,0.0102,0.1944
2018-03-01,NIFTY,10458.35,10492.85,10456.55,10519.4,0.0073,0.0075,0.0075,0.1437
2018-03-05,BANKNIFTY,24818.7,24902.55,24866.35,24938.45,0.0099,0.0099,0.0099,0.189
2018-03-05,NIFTY,10358.85,10458.35,10365.6,10456.55,0.0074,0.0076,0.0076,0.1452
2018-03-06,BANKNIFTY,24448.45,24818.7,24504.15,24866.35,0.0103,0.0102,0.0103,0.1963
2018-03-06,NIFTY,10249.25,10358.85,10248.55,10365.6,0.0077,0.0079,0.0079,0.1505
2018-03-07,BANKNIFTY,24134.1,24448.45,24214.2,24504.15,0.0105,0.0103,0.0105,0.1997
2018-03-07,NIFTY,10154.2,10249.25,10171.55,10248.55,0.0078,0.0079,0.0079,0.1501
2018-03-08,BANKNIFTY,24477.65,24134.1,24508.05,24214.2,0.0107,0.0105,0.0107,0.2046
2018-03-08,NIFTY,10242.65,10154.2,10242.95,10171.55,0.0078,0.0078,0.0078,0.1494
2018-03-09,BANKNIFTY,24296.45,24477.65,24313.25,24508.05,0.0105,0.0103,0.0105,0.2014
2018-03-09,NIFTY,10226.85,10242.65,10216.45,10242.95,0.0076,0.0076,0.0076,0.1451
2018-03-12,BANKNIFTY,24664.2,24296.45,24747.75,24313.25,0.0109,0.0109,0.0109,0.2085
2018-03-12,NIFTY,10421.4,10226.85,10432.8,10216.45,0.0087,0.009,0.009,0.1715
2018-03-13,BANKNIFTY,24738.65,24664.2,24816.1,24747.75,0.0106,0.0106,0.0106,0.2025
2018-03-13,NIFTY,10426.85,10421.4,10426.4,10432.8,0.0084,0.0087,0.0087,0.1663
2018-03-14,BANKNIFTY,24851.65,24738.65,24933.25,24816.1,0.0103,0.0103,0.0103,0.1976
2018-03-14,NIFTY,10410.9,10426.85,10425.35,10426.4,0.0082,0.0084,0.0084,0.1612
2018-03-15,BANKNIFTY,24791.85,24851.65,24843.05,24933.25,0.01,0.0101,0.0101,0.1923
2018-03-15,NIFTY,10360.15,10410.9,10372.3,10425.35,0.008,0.0083,0.0083,0.1581
2018-03-16,BANKNIFTY,24489.55,24791.85,24607.5,24843.05,0.0102,0.01,0.0102,0.1939
2018-03-16,NIFTY,10195.15,10360.15,10232.5,10372.3,0.0087,0.0087,0.0087,0.1664
2018-03-19,BANKNIFTY,24245.1,24489.55,24336.9,24607.5,0.0101,0.0101,0.0101,0.1938
2018-03-19,NIFTY,10094.25,10195.15,10122.8,10232.5,0.0088,0.0088,0.0088,0.1686
2018-03-20,BANKNIFTY,24168.2,24245.1,24224.5,24336.9,0.0099,0.0099,0.0099,0.1885
2018-03-20,NIFTY,10124.35,10094.25,10143.2,10122.8,0.0086,0.0086,0.0086,0.1637
2018-03-21,BANKNIFTY,24255.6,24168.2,24325.85,24224.5,0.0096,0.0096,0.0096,0.1836
2018-03-21,NIFTY,10155.25,10124.35,10180.15,10143.2,0.0083,0.0084,0.0084,0.1597
2018-03-22,BANKNIFTY,24141.5,24255.6,24171.7,24325.85,0.0094,0.0094,0.0094,0.1805
2018-03-22,NIFTY,10114.75,10155.25,10127.85,10180.15,0.0081,0.0082,0.0082,0.1567
2018-03-23,BANKNIFTY,23670.4,24141.5,23710.15,24171.7,0.0103,0.0103,0.0103,0.1969
2018-03-23,NIFTY,9998.05,10114.75,10003.9,10127.85,0.0084,0.0085,0.0085,0.1625
2018-03-26,BANKNIFTY,24244.35,23670.4,24280.85,23710.15,0.0116,0.0116,0.0116,0.2213
2018-03-26,NIFTY,10130.65,9998.05,10146.2,10003.9,0.0087,0.0089,0.0089,0.1708
2018-03-27,BANKNIFTY,24434.15,24244.35,24400.2,24280.85,0.0114,0.0113,0.0114,0.2176
2018-03-27,NIFTY,10184.15,10130.65,10178.95,10146.2,0.0086,0.0087,0.0087,0.1663
2018-03-28,BANKNIFTY,24263.35,24434.15,24263.35,24400.2,0.0112,0.011,0.0112,0.2135
2018-03-28,NIFTY,10113.7,10184.15,10113.7,10178.95,0.0085,0.0086,0.0086,0.164
2018-04-02,BANKNIFTY,24328.5,24263.35,24431.25,24263.35,0.0109,0.0108,0.0109,0.2074
2018-04-02,NIFTY,10211.8,10113.7,10264.0,10113.7,0.0086,0.0091,0.0091,0.1734
2018-04-03,BANKNIFTY,24510.6,24328.5,24598.25,24431.25,0.0107,0.0106,0.0107,0.2041
2018-04-03,NIFTY,10245.0,10211.8,10285.0,10264.0,0.0083,0.0088,0.0088,0.1684
2018-04-04,BANKNIFTY,24129.5,24510.6,24148.6,24598.25,0.011,0.0112,0.0112,0.2148
2018-04-04,NIFTY,10128.4,10245.0,10146.6,10285.0,0.0086,0.0092,0.0092,0.1751
2018-04-05,BANKNIFTY,24759.8,24129.5,24808.9,24148.6,0.0124,0.0127,0.0127,0.2436
2018-04-05,NIFTY,10325.15,10128.4,10352.2,10146.6,0.0095,0.0102,0.0102,0.194
2018-04-06,BANKNIFTY,24873.15,24759.8,24906.15,24808.9,0.0121,0.0124,0.0124,0.2369
2018-04-06,NIFTY,10331.6,10325.15,10352.85,10352.2,0.0093,0.0098,0.0098,0.1881
2018-04-09,BANKNIFTY,25093.8,24873.15,25091.65,24906.15,0.0119,0.0122,0.0122,0.2323
2018-04-09,NIFTY,10379.35,10331.6,10393.9,10352.85,0.009,0.0096,0.0096,0.1833
2018-04-10,BANKNIFTY,25226.8,25093.8,25203.5,25091.65,0.0116,0.0118,0.0118,0.2261
2018-04-10,NIFTY,10402.25,10379.35,10421.5,10393.9,0.0088,0.0093,0.0093,0.1781
2018-04-11,BANKNIFTY,25098.25,25226.8,25096.9,25203.5,0.0114,0.0115,0.0115,0.2201
2018-04-11,NIFTY,10417.15,10402.25,10425.0,10421.5,0.0085,0.009,0.009,0.1727
2018-04-12,BANKNIFTY,25195.1,25098.25,25184.3,25096.9,0.0111,0.0112,0.0112,0.2141
2018-04-12,NIFTY,10458.65,10417.15,10465.0,10425.0,0.0083,0.0088,0.0088,0.1684
2018-04-13,BANKNIFTY,25200.6,25195.1,25219.1,25184.3,0.0107,0.0109,0.0109,0.2076
2018-04-13,NIFTY,10480.6,10458.65,10490.4,10465.0,0.0081,0.0086,0.0086,0.1637
2018-04-16,BANKNIFTY,25320.85,25200.6,25330.6,25219.1,0.0105,0.0106,0.0106,0.2024
2018-04-16,NIFTY,10528.35,10480.6,10542.9,10490.4,0.0079,0.0084,0.0084,0.1604
2018-04-17,BANKNIFTY,25334.45,25320.85,25334.5,25330.6,0.0101,0.0103,0.0103,0.1962
2018-04-17,NIFTY,10548.7,10528.35,10551.2,10542.9,0.0077,0.0081,0.0081,0.1556
2018-04-18,BANKNIFTY,25102.3,25334.45,25124.85,25334.5,0.0101,0.0102,0.0102,0.1942
2018-04-18,NIFTY,10526.2,10548.7,10538.85,10551.2,0.0075,0.0079,0.0079,0.1509
2018-04-19,BANKNIFTY,25126.15,25102.3,25148.4,25124.85,0.0098,0.0099,0.0099,0.1883
2018-04-19,NIFTY,10565.3,10526.2,10578.1,10538.85,0.0073,0.0077,0.0077,0.1474
2018-04-20,BANKNIFTY,24943.85,25126.15,25006.1,25148.4,0.0096,0.0097,0.0097,0.1845
2018-04-20,NIFTY,10564.05,10565.3,10585.5,10578.1,0.0071,0.0075,0.0075,0.1429
2018-04-23,BANKNIFTY,24960.65,24943.85,24947.2,25006.1,0.0094,0.0094,0.0094,0.1792
2018-04-23,NIFTY,10584.7,10564.05,10585.45,10585.5,0.0069,0.0073,0.0073,0.1386
2018-04-24,BANKNIFTY,25042.1,24960.65,25013.85,24947.2,0.0091,0.0091,0.0091,0.1742
2018-04-24,NIFTY,10614.35,10584.7,10617.9,10585.45,0.0067,0.0071,0.0071,0.1351
2018-04-25,BANKNIFTY,24814.4,25042.1,24779.95,25013.85,0.0091,0.0091,0.0091,0.1745
2018-04-25,NIFTY,10570.55,10614.35,10569.05,10617.9,0.0066,0.0069,0.0069,0.1327
2018-04-26,BANKNIFTY,25010.9,24814.4,25010.9,24779.95,0.009,0.0091,0.0091,0.1747
2018-04-26,NIFTY,10617.8,10570.55,10617.8,10569.05,0.0065,0.0068,0.0068,0.1305
2018-04-27,BANKNIFTY,25394.6,25010.9,25445.2,25010.9,0.0095,0.0098,0.0098,0.1875
2018-04-27,NIFTY,10692.3,10617.8,10723.8,10617.8,0.0065,0.0071,0.0071,0.1348
2018-04-30,BANKNIFTY,25531.6,25394.6,25635.85,25445.2,0.0093,0.0097,0.0097,0.1852
2018-04-30,NIFTY,10739.35,10692.3,10780.3,10723.8,0.0064,0.007,0.007,0.133
2018-05-02,BANKNIFTY,25568.3,25531.6,25643.7,25635.85,0.0091,0.0094,0.0094,0.1795
2018-05-02,NIFTY,10718.05,10739.35,10739.4,10780.3,0.0062,0.0068,0.0068,0.1301
2018-05-03,BANKNIFTY,25605.25,25568.3,25711.75,25643.7,0.0088,0.0091,0.0091,0.1745
2018-05-03,NIFTY,10679.65,10718.05,10706.5,10739.4,0.0061,0.0066,0.0066,0.127
2018-05-04,BANKNIFTY,25645.4,25605.25,25701.15,25711.75,0.0085,0.0089,0.0089,0.1692
2018-05-04,NIFTY,10618.25,10679.65,10658.75,10706.5,0.0061,0.0065,0.0065,0.1249
2018-05-07,BANKNIFTY,25852.05,25645.4,25846.35,25701.15,0.0085,0.0087,0.0087,0.1661
2018-05-07,NIFTY,10715.5,10618.25,10739.85,10658.75,0.0063,0.0066,0.0066,0.1262
2018-05-08,BANKNIFTY,26090.5,25852.05,26043.0,25846.35,0.0085,0.0086,0.0086,0.1649
2018-05-08,NIFTY,10717.8,10715.5,10735.05,10739.85,0.0061,0.0064,0.0064,0.1223
2018-05-09,BANKNIFTY,26154.45,26090.5,26128.45,26043.0,0.0083,0.0084,0.0084,0.1607
2018-05-09,NIFTY,10741.7,10717.8,10769.3,10735.05,0.0059,0.0063,0.0063,0.1196
2018-05-10,BANKNIFTY,26131.0,26154.45,26072.9,26128.45,0.008,0.0082,0.0082,0.1561
2018-05-10,NIFTY,10716.55,10741.7,10724.9,10769.3,0.0058,0.0062,0.0062,0.1175
2018-05-11,BANKNIFTY,26413.15,26131.0,26400.35,26072.9,0.0082,0.0085,0.0085,0.1622
2018-05-11,NIFTY,10806.5,10716.55,10820.1,10724.9,0.006,0.0063,0.0063,0.1212
2018-05-14,BANKNIFTY,26475.15,26413.15,26453.9,26400.35,0.008,0.0082,0.0082,0.1575
2018-05-14,NIFTY,10806.6,10806.5,10814.7,10820.1,0.0058,0.0062,0.0062,0.1175
2018-05-15,BANKNIFTY,26474.0,26475.15,26512.25,26453.9,0.0078,0.008,0.008,0.1531
2018-05-15,NIFTY,10801.85,10806.6,10818.6,10814.7,0.0056,0.006,0.006,0.114
2018-05-16,BANKNIFTY,26182.15,26474.0,26218.05,26512.25,0.008,0.0082,0.0082,0.1573
2018-05-16,NIFTY,10741.1,10801.85,10761.25,10818.6,0.0056,0.0059,0.0059,0.1133
2018-05-17,BANKNIFTY,26073.8,26182.15,26072.15,26218.05,0.0078,0.0081,0.0081,0.1548
2018-05-17,NIFTY,10682.7,10741.1,10696.2,10761.25,0.0056,0.0059,0.0059,0.1134
2018-05-18,BANKNIFTY,25875.6,26073.8,25878.1,26072.15,0.0078,0.0081,0.0081,0.1541
2018-05-18,NIFTY,10596.4,10682.7,10597.05,10696.2,0.0058,0.0062,0.0062,0.1183
2018-05-21,BANKNIFTY,25750.8,25875.6,25801.95,25878.1,0.0077,0.0079,0.0079,0.15
2018-05-21,NIFTY,10516.7,10596.4,10538.75,10597.05,0.0059,0.0062,0.0062,0.1176
2018-05-22,BANKNIFTY,25777.7,25750.8,25817.2,25801.95,0.0074,0.0076,0.0076,0.1455
2018-05-22,NIFTY,10536.7,10516.7,10552.85,10538.75,0.0058,0.006,0.006,0.1142
2018-05-23,BANKNIFTY,25684.95,25777.7,25601.05,25817.2,0.0073,0.0077,0.0077,0.1464
2018-05-23,NIFTY,10430.35,10536.7,10426.6,10552.85,0.0061,0.0065,0.0065,0.1242
2018-05-24,BANKNIFTY,26016.8,25684.95,25915.7,25601.05,0.0077,0.008,0.008,0.153
2018-05-24,NIFTY,10513.85,10430.35,10505.2,10426.6,0.0062,0.0066,0.0066,0.1254
2018-05-25,BANKNIFTY,26273.55,26016.8,26242.35,25915.7,0.0079,0.0084,0.0084,0.1595
2018-05-25,NIFTY,10605.15,10513.85,10602.4,10505.2,0.0064,0.0068,0.0068,0.129
2018-05-28,BANKNIFTY,26614.25,26273.55,26542.1,26242.35,0.0082,0.0086,0.0086,0.1636
2018-05-28,NIFTY,10688.65,10605.15,10678.85,10602.4,0.0065,0.0068,0.0068,0.1295
2018-05-29,BANKNIFTY,26254.8,26614.25,26183.75,26542.1,0.0087,0.0089,0.0089,0.1709
2018-05-29,NIFTY,10633.3,10688.65,10615.55,10678.85,0.0064,0.0067,0.0067,0.1286
2018-05-30,BANKNIFTY,26327.8,26254.8,26250.75,26183.75,0.0084,0.0087,0.0087,0.1661
2018-05-30,NIFTY,10614.35,10633.3,10604.5,10615.55,0.0062,0.0065,0.0065,0.1248
2018-05-31,BANKNIFTY,26956.2,26327.8,26956.2,26250.75,0.01,0.0106,0.0106,0.2033
2018-05-31,NIFTY,10736.15,10614.35,10736.15,10604.5,0.0067,0.007,0.007,0.1341
2018-06-01,BANKNIFTY,26692.8,26956.2,26669.25,26956.2,0.01,0.0106,0.0106,0.2034
2018-06-01,NIFTY,10696.2,10736.15,10683.9,10736.15,0.0065,0.0069,0.0069,0.132
2018-06-04,BANKNIFTY,26257.55,26692.8,26190.1,26669.25,0.0105,0.0112,0.0112,0.2147
2018-06-04,NIFTY,10628.5,10696.2,10598.7,10683.9,0.0065,0.007,0.007,0.1333
2018-06-05,BANKNIFTY,26251.0,26257.55,26257.45,26190.1,0.0102,0.0109,0.0109,0.2085
2018-06-05,NIFTY,10593.15,10628.5,10596.45,10598.7,0.0064,0.0068,0.0068,0.1293
2018-06-06,BANKNIFTY,26367.6,26251.0,26391.5,26257.45,0.0099,0.0107,0.0107,0.2035
2018-06-06,NIFTY,10684.65,10593.15,10686.25,10596.45,0.0065,0.0069,0.0069,0.1314
2018-06-07,BANKNIFTY,26517.8,26367.6,26567.35,26391.5,0.0097,0.0105,0.0105,0.1997
2018-06-07,NIFTY,10768.35,10684.65,10765.2,10686.25,0.0066,0.0069,0.0069,0.132
2018-06-08,BANKNIFTY,26451.35,26517.8,26438.0,26567.35,0.0094,0.0102,0.0102,0.195
2018-06-08,NIFTY,10767.65,10768.35,10748.1,10765.2,0.0064,0.0067,0.0067,0.1282
2018-06-11,BANKNIFTY,26453.55,26451.35,26477.0,26438.0,0.0092,0.0099,0.0099,0.1892
2018-06-11,NIFTY,10786.95,10767.65,10785.8,10748.1,0.0062,0.0066,0.0066,0.1253
2018-06-12,BANKNIFTY,26607.1,26453.55,26616.15,26477.0,0.009,0.0097,0.0097,0.185
2018-06-12,NIFTY,10842.85,10786.95,10839.05,10785.8,0.0062,0.0065,0.0065,0.1237
2018-06-13,BANKNIFTY,26642.8,26607.1,26637.3,26616.15,0.0087,0.0094,0.0094,0.1795
2018-06-13,NIFTY,10856.7,10842.85,10844.85,10839.05,0.006,0.0063,0.0063,0.12
2018-06-14,BANKNIFTY,26562.25,26642.8,26580.9,26637.3,0.0085,0.0091,0.0091,0.1743
2018-06-14,NIFTY,10808.05,10856.7,10813.9,10844.85,0.0059,0.0061,0.0061,0.1171
2018-06-15,BANKNIFTY,26417.4,26562.25,26410.55,26580.9,0.0083,0.009,0.009,0.1716
2018-06-15,NIFTY,10817.7,10808.05,10814.65,10813.9,0.0057,0.0059,0.0059,0.1135
2018-06-18,BANKNIFTY,26409.3,26417.4,26386.25,26410.55,0.0081,0.0087,0.0087,0.1665
2018-06-18,NIFTY,10799.85,10817.7,10789.6,10814.65,0.0056,0.0058,0.0058,0.1106
2018-06-19,BANKNIFTY,26265.75,26409.3,26258.4,26386.25,0.008,0.0085,0.0085,0.163
2018-06-19,NIFTY,10710.45,10799.85,10719.85,10789.6,0.0058,0.0058,0.0058,0.1114
2018-06-20,BANKNIFTY,26557.7,26265.75,26597.5,26258.4,0.0082,0.0088,0.0088,0.169
2018-06-20,NIFTY,10772.05,10710.45,10790.65,10719.85,0.0058,0.0059,0.0059,0.1123
2018-06-21,BANKNIFTY,26496.95,26557.7,26471.25,26597.5,0.0079,0.0087,0.0087,0.1654
2018-06-21,NIFTY,10741.1,10772.05,10737.15,10790.65,0.0056,0.0058,0.0058,0.1114
2018-06-22,BANKNIFTY,26766.85,26496.95,26788.5,26471.25,0.0081,0.0089,0.0089,0.1698
2018-06-22,NIFTY,10821.85,10741.1,10833.95,10737.15,0.0058,0.0061,0.0061,0.1159
2018-06-25,BANKNIFTY,26609.7,26766.85,26609.75,26788.5,0.008,0.0088,0.0088,0.1675
2018-06-25,NIFTY,10762.45,10821.85,10757.65,10833.95,0.0058,0.0061,0.0061,0.1171
2018-06-26,BANKNIFTY,26601.7,26609.7,26603.65,26609.75,0.0077,0.0085,0.0085,0.1624
2018-06-26,NIFTY,10769.15,10762.45,10766.9,10757.65,0.0056,0.0059,0.0059,0.1136
2018-06-27,BANKNIFTY,26423.4,26601.7,26428.95,26603.65,0.0077,0.0084,0.0084,0.1605
2018-06-27,NIFTY,10671.4,10769.15,10673.45,10766.9,0.0059,0.0061,0.0061,0.1174
2018-06-28,BANKNIFTY,26324.6,26423.4,26324.6,26428.95,0.0075,0.0082,0.0082,0.1567
2018-06-28,NIFTY,10589.1,10671.4,10589.1,10673.45,0.006,0.0063,0.0063,0.1198
2018-06-29,BANKNIFTY,26364.2,26324.6,26349.65,26324.6,0.0073,0.008,0.008,0.152
2018-06-29,NIFTY,10714.3,10589.1,10694.8,10589.1,0.0065,0.0065,0.0065,0.1251
2018-07-02,BANKNIFTY,26230.3,26364.2,26237.25,26349.65,0.0072,0.0078,0.0078,0.1487
2018-07-02,NIFTY,10657.3,10714.3,10658.25,10694.8,0.0064,0.0064,0.0064,0.1226
2018-07-03,BANKNIFTY,26204.1,26230.3,26254.95,26237.25,0.007,0.0075,0.0075,0.1442
2018-07-03,NIFTY,10699.9,10657.3,10723.95,10658.25,0.0063,0.0064,0.0064,0.122
2018-07-04,BANKNIFTY,26433.95,26204.1,26437.5,26254.95,0.0071,0.0075,0.0075,0.1435
2018-07-04,NIFTY,10769.9,10699.9,10771.35,10723.95,0.0063,0.0063,0.0063,0.1206
2018-07-05,BANKNIFTY,26503.3,26433.95,26484.5,26437.5,0.0069,0.0073,0.0073,0.1394
2018-07-05,NIFTY,10749.75,10769.9,10751.75,10771.35,0.0061,0.0061,0.0061,0.1172
2018-07-06,BANKNIFTY,26493.85,26503.3,26500.4,26484.5,0.0067,0.0071,0.0071,0.1352
2018-07-06,NIFTY,10772.65,10749.75,10778.4,10751.75,0.006,0.006,0.006,0.1141
2018-07-09,BANKNIFTY,26753.3,26493.85,26713.4,26500.4,0.0069,0.0071,0.0071,0.1363
2018-07-09,NIFTY,10852.9,10772.65,10859.85,10778.4,0.0061,0.0061,0.0061,0.1159
2018-07-10,BANKNIFTY,26894.55,26753.3,26882.75,26713.4,0.0068,0.0071,0.0071,0.1354
2018-07-10,NIFTY,10947.25,10852.9,10947.85,10859.85,0.0063,0.0062,0.0063,0.1195
2018-07-11,BANKNIFTY,26816.2,26894.55,26781.45,26882.75,0.0066,0.0069,0.0069,0.1325
2018-07-11,NIFTY,10948.3,10947.25,10938.6,10947.85,0.0061,0.006,0.0061,0.1158
2018-07-12,BANKNIFTY,27026.55,26816.2,27013.9,26781.45,0.0067,0.007,0.007,0.1347
2018-07-12,NIFTY,11023.2,10948.3,11016.25,10938.6,0.0061,0.0061,0.0061,0.1167
2018-07-13,BANKNIFTY,26935.95,27026.55,26962.95,27013.9,0.0066,0.0069,0.0069,0.1309
2018-07-13,NIFTY,11018.9,11023.2,11020.0,11016.25,0.0059,0.0059,0.0059,0.1132
2018-07-16,BANKNIFTY,26679.8,26935.95,26740.65,26962.95,0.0068,0.0069,0.0069,0.1327
2018-07-16,NIFTY,10936.85,11018.9,10944.25,11020.0,0.006,0.006,0.006,0.1152
2018-07-17,BANKNIFTY,27008.1,26679.8,27088.05,26740.65,0.0072,0.0074,0.0074,0.1421
2018-07-17,NIFTY,11008.05,10936.85,11023.75,10944.25,0.0061,0.006,0.0061,0.1157
2018-07-18,BANKNIFTY,26880.9,27008.1,26930.75,27088.05,0.0071,0.0074,0.0074,0.1404
2018-07-18,NIFTY,10980.45,11008.05,10978.6,11023.75,0.0059,0.006,0.006,0.1137
2018-07-19,BANKNIFTY,26789.65,26880.9,26841.3,26930.75,0.0069,0.0072,0.0072,0.1371
2018-07-19,NIFTY,10957.1,10980.45,10973.55,10978.6,0.0057,0.0058,0.0058,0.1102
2018-07-20,BANKNIFTY,26873.2,26789.65,26928.9,26841.3,0.0068,0.007,0.007,0.1337
2018-07-20,NIFTY,11010.2,10957.1,11024.85,10973.55,0.0057,0.0057,0.0057,0.1091
2018-07-23,BANKNIFTY,27008.15,26873.2,27072.9,26928.9,0.0067,0.0069,0.0069,0.1321
2018-07-23,NIFTY,11084.75,11010.2,11099.4,11024.85,0.0058,0.0058,0.0058,0.1104
2018-07-24,BANKNIFTY,26974.4,27008.15,27031.05,27072.9,0.0065,0.0067,0.0067,0.1282
2018-07-24,NIFTY,11134.3,11084.75,11142.0,11099.4,0.0057,0.0057,0.0057,0.1088
2018-07-25,BANKNIFTY,27031.3,26974.4,27057.7,27031.05,0.0063,0.0065,0.0065,0.1244
2018-07-25,NIFTY,11132.0,11134.3,11136.4,11142.0,0.0055,0.0055,0.0055,0.1055
2018-07-26,BANKNIFTY,27406.4,27031.3,27406.4,27057.7,0.007,0.0071,0.0071,0.1347
2018-07-26,NIFTY,11167.3,11132.0,11167.3,11136.4,0.0054,0.0054,0.0054,0.1034
2018-07-27,BANKNIFTY,27634.4,27406.4,27639.45,27406.4,0.0071,0.0071,0.0071,0.1365
2018-07-27,NIFTY,11278.35,11167.3,11306.7,11167.3,0.0058,0.006,0.006,0.1154
2018-07-30,BANKNIFTY,27842.6,27634.4,27854.8,27639.45,0.0071,0.0072,0.0072,0.1372
2018-07-30,NIFTY,11319.55,11278.35,11338.5,11306.7,0.0057,0.0059,0.0059,0.1126
2018-07-31,BANKNIFTY,27764.15,27842.6,27811.65,27854.8,0.0069,0.007,0.007,0.1332
2018-07-31,NIFTY,11356.5,11319.55,11371.6,11338.5,0.0056,0.0058,0.0058,0.1101
2018-08-01,BANKNIFTY,27596.6,27764.15,27672.2,27811.65,0.0069,0.0069,0.0069,0.1313
2018-08-01,NIFTY,11346.2,11356.5,11374.3,11371.6,0.0054,0.0056,0.0056,0.1067
2018-08-02,BANKNIFTY,27355.95,27596.6,27450.1,27672.2,0.007,0.0069,0.007,0.1336
2018-08-02,NIFTY,11244.7,11346.2,11282.3,11374.3,0.0057,0.0058,0.0058,0.1102
2018-08-03,BANKNIFTY,27695.5,27355.95,27776.85,27450.1,0.0074,0.0073,0.0074,0.1418
2018-08-03,NIFTY,11360.8,11244.7,11395.75,11282.3,0.006,0.0061,0.0061,0.1167
2018-08-06,BANKNIFTY,27898.5,27695.5,27960.15,27776.85,0.0074,0.0073,0.0074,0.1417
2018-08-06,NIFTY,11387.1,11360.8,11414.25,11395.75,0.0059,0.0059,0.0059,0.1134
2018-08-07,BANKNIFTY,27875.9,27898.5,27947.9,27960.15,0.0072,0.0071,0.0072,0.1374
2018-08-07,NIFTY,11389.45,11387.1,11418.35,11414.25,0.0057,0.0058,0.0058,0.1099
2018-08-08,BANKNIFTY,28062.45,27875.9,28127.45,27947.9,0.0072,0.007,0.0072,0.1368
2018-08-08,NIFTY,11450.0,11389.45,11467.65,11418.35,0.0057,0.0057,0.0057,0.1087
2018-08-09,BANKNIFTY,28320.0,28062.45,28351.7,28127.45,0.0073,0.0071,0.0073,0.1394
2018-08-09,NIFTY,11470.7,11450.0,11487.55,11467.65,0.0055,0.0055,0.0055,0.1057
2018-08-10,BANKNIFTY,28124.25,28320.0,28166.55,28351.7,0.0073,0.0071,0.0073,0.139
2018-08-10,NIFTY,11429.5,11470.7,11439.25,11487.55,0.0054,0.0055,0.0055,0.1042
2018-08-13,BANKNIFTY,27794.4,28124.25,27870.65,28166.55,0.0076,0.0073,0.0076,0.1456
2018-08-13,NIFTY,11355.75,11429.5,11381.15,11439.25,0.0055,0.0054,0.0055,0.1052
2018-08-14,BANKNIFTY,28021.7,27794.4,28077.5,27870.65,0.0077,0.0073,0.0077,0.1462
2018-08-14,NIFTY,11435.1,11355.75,11463.45,11381.15,0.0056,0.0056,0.0056,0.107
2018-08-16,BANKNIFTY,27826.55,28021.7,27907.2,28077.5,0.0076,0.0073,0.0076,0.1455
2018-08-16,NIFTY,11385.05,11435.1,11410.9,11463.45,0.0055,0.0055,0.0055,0.1058
2018-08-17,BANKNIFTY,28128.55,27826.55,28169.5,27907.2,0.0078,0.0074,0.0078,0.1498
2018-08-17,NIFTY,11470.75,11385.05,11488.45,11410.9,0.0057,0.0056,0.0057,0.1084
2018-08-20,BANKNIFTY,28274.25,28128.55,28331.45,28169.5,0.0077,0.0073,0.0077,0.1473
2018-08-20,NIFTY,11551.75,11470.75,11578.95,11488.45,0.0058,0.0057,0.0058,0.1101
2018-08-21,BANKNIFTY,28257.9,28274.25,28279.35,28331.45,0.0075,0.0071,0.0075,0.1428
2018-08-21,NIFTY,11570.9,11551.75,11586.55,11578.95,0.0056,0.0056,0.0056,0.1071
2018-08-23,BANKNIFTY,28027.9,28257.9,28099.05,28279.35,0.0075,0.0071,0.0075,0.1436
2018-08-23,NIFTY,11582.75,11570.9,11595.4,11586.55,0.0054,0.0054,0.0054,0.1039
2018-08-24,BANKNIFTY,27834.7,28027.9,27908.8,28099.05,0.0075,0.007,0.0075,0.143
2018-08-24,NIFTY,11557.1,11582.75,11571.6,11595.4,0.0053,0.0053,0.0053,0.1013
2018-08-27,BANKNIFTY,28264.2,27834.7,28268.95,27908.8,0.0082,0.0075,0.0082,0.1561
2018-08-27,NIFTY,11691.95,11557.1,11705.35,11571.6,0.0059,0.0058,0.0059,0.1122
2018-08-28,BANKNIFTY,28269.65,28264.2,28312.25,28268.95,0.0079,0.0073,0.0079,0.1513
2018-08-28,NIFTY,11738.5,11691.95,11752.45,11705.35,0.0058,0.0057,0.0058,0.1104
2018-08-29,BANKNIFTY,28224.1,28269.65,28250.55,28312.25,0.0077,0.0071,0.0077,0.1469
2018-08-29,NIFTY,11691.9,11738.5,11707.1,11752.45,0.0057,0.0056,0.0057,0.1086
2018-08-30,BANKNIFTY,28103.25,28224.1,28103.25,28250.55,0.0075,0.007,0.0075,0.1438
2018-08-30,NIFTY,11676.8,11691.9,11676.8,11707.1,0.0055,0.0055,0.0055,0.1055
2018-08-31,BANKNIFTY,28061.75,28103.25,28216.7,28103.25,0.0073,0.0069,0.0073,0.1396
2018-08-31,NIFTY,11680.5,11676.8,11735.3,11676.8,0.0054,0.0055,0.0055,0.1047
2018-09-03,BANKNIFTY,27819.5,28061.75,28014.55,28216.7,0.0074,0.0069,0.0074,0.1413
2018-09-03,NIFTY,11582.35,11680.5,11641.75,11735.3,0.0056,0.0057,0.0057,0.1082
2018-09-04,BANKNIFTY,27430.75,27819.5,27615.45,28014.55,0.008,0.0075,0.008,0.152
2018-09-04,NIFTY,11520.3,11582.35,11573.1,11641.75,0.0056,0.0057,0.0057,0.1085
2018-09-05,BANKNIFTY,27376.05,27430.75,27534.7,27615.45,0.0077,0.0073,0.0077,0.1477
2018-09-05,NIFTY,11476.95,11520.3,11518.25,11573.1,0.0055,0.0056,0.0056,0.1075
2018-09-06,BANKNIFTY,27468.7,27376.05,27578.15,27534.7,0.0075,0.0071,0.0075,0.144
2018-09-06,NIFTY,11536.9,11476.95,11567.15,11518.25,0.0055,0.0056,0.0056,0.1061
2018-09-07,BANKNIFTY,27481.45,27468.7,27593.05,27578.15,0.0073,0.0069,0.0073,0.1397
2018-09-07,NIFTY,11589.1,11536.9,11632.95,11567.15,0.0054,0.0056,0.0056,0.1062
2018-09-10,BANKNIFTY,27201.75,27481.45,27338.2,27593.05,0.0075,0.0071,0.0075,0.1436
2018-09-10,NIFTY,11438.1,11589.1,11492.7,11632.95,0.0062,0.0062,0.0062,0.1176
2018-09-11,BANKNIFTY,26807.5,27201.75,26950.6,27338.2,0.0081,0.0077,0.0081,0.1551
2018-09-11,NIFTY,11287.5,11438.1,11336.25,11492.7,0.0068,0.0068,0.0068,0.1308
2018-09-12,BANKNIFTY,26819.2,26807.5,26978.8,26950.6,0.0079,0.0075,0.0079,0.1504
2018-09-12,NIFTY,11369.9,11287.5,11417.35,11336.25,0.0068,0.0069,0.0069,0.1311
2018-09-14,BANKNIFTY,27163.85,26819.2,27238.65,26978.8,0.0082,0.0076,0.0082,0.1576
2018-09-14,NIFTY,11515.2,11369.9,11547.3,11417.35,0.0073,0.0072,0.0073,0.1397
2018-09-17,BANKNIFTY,26820.3,27163.85,26906.7,27238.65,0.0086,0.008,0.0086,0.164
2018-09-17,NIFTY,11377.75,11515.2,11407.7,11547.3,0.0077,0.0076,0.0077,0.1466
2018-09-18,BANKNIFTY,26441.45,26820.3,26553.1,26906.7,0.009,0.0084,0.009,0.1724
2018-09-18,NIFTY,11278.9,11377.75,11310.2,11407.7,0.0077,0.0077,0.0077,0.1479
2018-09-19,BANKNIFTY,26277.35,26441.45,26380.2,26553.1,0.0089,0.0083,0.0089,0.1696
2018-09-19,NIFTY,11234.35,11278.9,11272.8,11310.2,0.0076,0.0075,0.0076,0.1446
2018-09-21,BANKNIFTY,25596.9,26277.35,25660.0,26380.2,0.0107,0.0105,0.0107,0.2052
2018-09-21,NIFTY,11143.1,11234.35,11166.35,11272.8,0.0076,0.0076,0.0076,0.1454
2018-09-24,BANKNIFTY,24970.35,25596.9,25016.8,25660.0,0.0121,0.0119,0.0121,0.2303
2018-09-24,NIFTY,10967.4,11143.1,10997.95,11166.35,0.0083,0.0083,0.0083,0.1593
2018-09-25,BANKNIFTY,25330.35,24970.35,25343.45,25016.8,0.0122,0.012,0.0122,0.2331
2018-09-25,NIFTY,11067.45,10967.4,11086.7,10997.95,0.0084,0.0082,0.0084,0.1602
2018-09-26,BANKNIFTY,25376.3,25330.35,25367.4,25343.45,0.0118,0.0116,0.0118,0.2262
2018-09-26,NIFTY,11053.8,11067.45,11062.45,11086.7,0.0081,0.008,0.0081,0.1554
2018-09-27,BANKNIFTY,25042.15,25376.3,25042.15,25367.4,0.0119,0.0117,0.0119,0.2279
2018-09-27,NIFTY,10977.55,11053.8,10977.55,11062.45,0.0081,0.008,0.0081,0.1541
2018-09-28,BANKNIFTY,25119.85,25042.15,25214.7,25042.15,0.0116,0.0115,0.0116,0.2214
2018-09-28,NIFTY,10930.45,10977.55,10954.3,10977.55,0.0079,0.0078,0.0079,0.1508
2018-10-01,BANKNIFTY,25367.0,25119.85,25508.85,25214.7,0.0115,0.0115,0.0115,0.2195
2018-10-01,NIFTY,11008.3,10930.45,11061.8,10954.3,0.0078,0.0079,0.0079,0.151
2018-10-03,BANKNIFTY,25069.9,25367.0,25163.65,25508.85,0.0115,0.0116,0.0116,0.2222
2018-10-03,NIFTY,10858.25,11008.3,10893.6,11061.8,0.0083,0.0085,0.0085,0.163
2018-10-04,BANKNIFTY,24819.3,25069.9,24862.2,25163.65,0.0114,0.0117,0.0117,0.2227
2018-10-04,NIFTY,10599.25,10858.25,10631.25,10893.6,0.01,0.0102,0.0102,0.1949
2018-10-05,BANKNIFTY,24443.45,24819.3,24519.7,24862.2,0.0117,0.0118,0.0118,0.2254
2018-10-05,NIFTY,10316.45,10599.25,10347.15,10631.25,0.0117,0.0119,0.0119,0.2276
2018-10-08,BANKNIFTY,24618.35,24443.45,24712.65,24519.7,0.0115,0.0116,0.0116,0.2216
2018-10-08,NIFTY,10348.05,10316.45,10379.0,10347.15,0.0114,0.0116,0.0116,0.2211
2018-10-09,BANKNIFTY,24527.65,24618.35,24563.5,24712.65,0.0112,0.0113,0.0113,0.2167
2018-10-09,NIFTY,10301.05,10348.05,10314.4,10379.0,0.0111,0.0113,0.0113,0.2164
2018-10-10,BANKNIFTY,25321.7,24527.65,25305.5,24563.5,0.0133,0.0132,0.0133,0.2548
2018-10-10,NIFTY,10460.1,10301.05,10465.75,10314.4,0.0114,0.0115,0.0115,0.2206
2018-10-11,BANKNIFTY,24783.95,25321.7,24827.4,25305.5,0.014,0.0136,0.014,0.2667
2018-10-11,NIFTY,10234.65,10460.1,10252.05,10465.75,0.0123,0.0123,0.0123,0.2347
2018-10-12,BANKNIFTY,25395.85,24783.95,25406.95,24827.4,0.0148,0.0144,0.0148,0.2826
2018-10-12,NIFTY,10472.5,10234.65,10486.55,10252.05,0.0132,0.0131,0.0132,0.2517
2018-10-15,BANKNIFTY,25388.05,25395.85,25366.25,25406.95,0.0143,0.0139,0.0143,0.274
2018-10-15,NIFTY,10512.5,10472.5,10517.45,10486.55,0.0128,0.0128,0.0128,0.2447
2018-10-16,BANKNIFTY,25589.65,25388.05,25622.5,25366.25,0.014,0.0137,0.014,0.2683
2018-10-16,NIFTY,10584.75,10512.5,10589.85,10517.45,0.0125,0.0125,0.0125,0.2394
2018-10-17,BANKNIFTY,25188.6,25589.65,25177.5,25622.5,0.0142,0.014,0.0142,0.2704
2018-10-17,NIFTY,10453.05,10584.75,10443.95,10589.85,0.0125,0.0126,0.0126,0.2401
2018-10-19,BANKNIFTY,25085.8,25188.6,25076.75,25177.5,0.0138,0.0136,0.0138,0.2628
2018-10-19,NIFTY,10303.55,10453.05,10303.2,10443.95,0.0126,0.0126,0.0126,0.2417
2018-10-22,BANKNIFTY,25078.6,25085.8,25031.25,25076.75,0.0133,0.0132,0.0133,0.2548
2018-10-22,NIFTY,10245.25,10303.55,10231.95,10303.2,0.0123,0.0124,0.0124,0.2362
2018-10-23,BANKNIFTY,24972.45,25078.6,24978.5,25031.25,0.013,0.0128,0.013,0.2479
2018-10-23,NIFTY,10146.8,10245.25,10147.9,10231.95,0.0122,0.0122,0.0122,0.233
2018-10-24,BANKNIFTY,25064.2,24972.45,25095.85,24978.5,0.0126,0.0125,0.0126,0.2409
2018-10-24,NIFTY,10224.75,10146.8,10228.55,10147.9,0.012,0.0119,0.012,0.2288
2018-10-25,BANKNIFTY,24817.45,25064.2,24817.45,25095.85,0.0125,0.0124,0.0125,0.2381
2018-10-25,NIFTY,10124.9,10224.75,10124.9,10228.55,0.0119,0.0118,0.0119,0.2265
2018-10-26,BANKNIFTY,24421.05,24817.45,24502.45,24817.45,0.0127,0.0124,0.0127,0.2429
2018-10-26,NIFTY,10030.0,10124.9,10054.1,10124.9,0.0117,0.0116,0.0117,0.224
2018-10-29,BANKNIFTY,24959.7,24421.05,25043.2,24502.45,0.0134,0.0132,0.0134,0.2566
2018-10-29,NIFTY,10250.85,10030.0,10283.95,10054.1,0.0126,0.0125,0.0126,0.2399
2018-10-30,BANKNIFTY,24807.75,24959.7,24912.9,25043.2,0.0131,0.0128,0.0131,0.2505
2018-10-30,NIFTY,10198.4,10250.85,10229.25,10283.95,0.0122,0.0122,0.0122,0.2338
2018-10-31,BANKNIFTY,25153.25,24807.75,25208.4,24912.9,0.0132,0.0128,0.0132,0.2513
2018-10-31,NIFTY,10386.6,10198.4,10398.4,10229.25,0.0127,0.0125,0.0127,0.2423
2018-11-01,BANKNIFTY,25323.65,25153.25,25377.7,25208.4,0.0129,0.0125,0.0129,0.2457
2018-11-01,NIFTY,10380.45,10386.6,10413.45,10398.4,0.0123,0.0121,0.0123,0.2349
2018-11-02,BANKNIFTY,25701.65,25323.65,25750.4,25377.7,0.013,0.0126,0.013,0.2481
2018-11-02,NIFTY,10553.0,10380.45,10577.05,10413.45,0.0126,0.0124,0.0126,0.2405
2018-11-05,BANKNIFTY,25732.2,25701.65,25805.8,25750.4,0.0126,0.0123,0.0126,0.2406
2018-11-05,NIFTY,10524.0,10553.0,10550.95,10577.05,0.0122,0.012,0.0122,0.2335
2018-11-06,BANKNIFTY,25598.0,25732.2,25683.2,25805.8,0.0123,0.0119,0.0123,0.2346
2018-11-06,NIFTY,10530.0,10524.0,10554.85,10550.95,0.0119,0.0117,0.0119,0.2264
2018-11-07,BANKNIFTY,25737.5,25598.0,25762.2,25683.2,0.012,0.0116,0.012,0.2288
2018-11-07,NIFTY,10598.4,10530.0,10614.55,10554.85,0.0116,0.0114,0.0116,0.2216
2018-11-09,BANKNIFTY,25771.0,25737.5,25848.8,25762.2,0.0116,0.0113,0.0116,0.2219
2018-11-09,NIFTY,10585.2,10598.4,10623.75,10614.55,0.0113,0.011,0.0113,0.2149
2018-11-12,BANKNIFTY,25539.75,25771.0,25599.5,25848.8,0.0115,0.0112,0.0115,0.2193
2018-11-12,NIFTY,10482.2,10585.2,10503.85,10623.75,0.0112,0.0111,0.0112,0.2134
2018-11-13,BANKNIFTY,25768.6,25539.75,25830.75,25599.5,0.0113,0.0111,0.0113,0.2167
2018-11-13,NIFTY,10582.5,10482.2,10615.95,10503.85,0.0111,0.011,0.0111,0.2116
2018-11-14,BANKNIFTY,25930.15,25768.6,25981.45,25830.75,0.0111,0.0108,0.0111,0.2121
2018-11-14,NIFTY,10576.3,10582.5,10605.0,10615.95,0.0107,0.0107,0.0107,0.2052
2018-11-15,BANKNIFTY,26154.75,25930.15,26195.8,25981.45,0.011,0.0107,0.011,0.2095
2018-11-15,NIFTY,10616.7,10576.3,10630.55,10605.0,0.0105,0.0104,0.0105,0.1997
2018-11-16,BANKNIFTY,26245.55,26154.75,26253.9,26195.8,0.0107,0.0104,0.0107,0.2038
2018-11-16,NIFTY,10682.2,10616.7,10687.25,10630.55,0.0102,0.0102,0.0102,0.1958
2018-11-19,BANKNIFTY,26300.7,26245.55,26319.0,26253.9,0.0104,0.0101,0.0104,0.1978
2018-11-19,NIFTY,10763.4,10682.2,10768.15,10687.25,0.0101,0.01,0.0101,0.1931
2018-11-20,BANKNIFTY,26113.35,26300.7,26157.9,26319.0,0.0102,0.0099,0.0102,0.1947
2018-11-20,NIFTY,10656.2,10763.4,10671.95,10768.15,0.0101,0.01,0.0101,0.193
2018-11-21,BANKNIFTY,26262.05,26113.35,26332.3,26157.9,0.01,0.0097,0.01,0.1906
2018-11-21,NIFTY,10600.05,10656.2,10621.6,10671.95,0.0099,0.0097,0.0099,0.1887
2018-11-22,BANKNIFTY,25999.45,26262.05,26003.45,26332.3,0.01,0.0099,0.01,0.1907
2018-11-22,NIFTY,10526.75,10600.05,10524.7,10621.6,0.0097,0.0097,0.0097,0.1858
2018-11-26,BANKNIFTY,26365.6,25999.45,26363.75,26003.45,0.0103,0.0102,0.0103,0.1962
2018-11-26,NIFTY,10628.6,10526.75,10639.2,10524.7,0.0097,0.0098,0.0098,0.1865
2018-11-27,BANKNIFTY,26443.1,26365.6,26426.75,26363.75,0.01,0.0099,0.01,0.1907
2018-11-27,NIFTY,10685.6,10628.6,10684.85,10639.2,0.0095,0.0095,0.0095,0.1819
2018-11-28,BANKNIFTY,26457.95,26443.1,26420.4,26426.75,0.0097,0.0096,0.0097,0.1849
2018-11-28,NIFTY,10728.85,10685.6,10717.9,10684.85,0.0093,0.0093,0.0093,0.1773
2018-11-29,BANKNIFTY,26939.6,26457.95,26939.6,26420.4,0.0104,0.0104,0.0104,0.1996
2018-11-29,NIFTY,10858.7,10728.85,10858.7,10717.9,0.0095,0.0095,0.0095,0.1821
2018-11-30,BANKNIFTY,26862.95,26939.6,26918.45,26939.6,0.0101,0.0101,0.0101,0.1936
2018-11-30,NIFTY,10876.75,10858.7,10900.65,10858.7,0.0092,0.0093,0.0093,0.1775
2018-12-03,BANKNIFTY,26857.55,26862.95,26960.4,26918.45,0.0098,0.0098,0.0098,0.1878
2018-12-03,NIFTY,10883.75,10876.75,10924.0,10900.65,0.0089,0.009,0.009,0.1724
2018-12-04,BANKNIFTY,26693.8,26857.55,26813.3,26960.4,0.0096,0.0096,0.0096,0.1839
2018-12-04,NIFTY,10869.5,10883.75,10907.75,10924.0,0.0086,0.0088,0.0088,0.1673
2018-12-05,BANKNIFTY,26519.6,26693.8,26643.8,26813.3,0.0094,0.0095,0.0095,0.1808
2018-12-05,NIFTY,10782.9,10869.5,10827.65,10907.75,0.0086,0.0087,0.0087,0.1658
2018-12-06,BANKNIFTY,26198.3,26519.6,26284.65,26643.8,0.0096,0.0098,0.0098,0.1864
2018-12-06,NIFTY,10601.15,10782.9,10626.3,10827.65,0.0093,0.0096,0.0096,0.1832
2018-12-07,BANKNIFTY,26594.3,26198.3,26660.0,26284.65,0.01,0.0101,0.0101,0.1925
2018-12-07,NIFTY,10693.7,10601.15,10735.15,10626.3,0.0093,0.0096,0.0096,0.1839
2018-12-10,BANKNIFTY,26102.65,26594.3,26211.0,26660.0,0.0107,0.0106,0.0107,0.2053
2018-12-10,NIFTY,10488.45,10693.7,10514.7,10735.15,0.0102,0.0106,0.0106,0.203
2018-12-11,BANKNIFTY,26163.4,26102.65,26231.1,26211.0,0.0104,0.0103,0.0104,0.1993
2018-12-11,NIFTY,10549.15,10488.45,10581.1,10514.7,0.01,0.0104,0.0104,0.199
2018-12-12,BANKNIFTY,26643.85,26163.4,26758.3,26231.1,0.0111,0.0111,0.0111,0.2123
2018-12-12,NIFTY,10737.6,10549.15,10783.65,10581.1,0.0106,0.0111,0.0111,0.2124
2018-12-13,BANKNIFTY,26816.35,26643.85,26883.05,26758.3,0.0108,0.0108,0.0108,0.207
2018-12-13,NIFTY,10791.55,10737.6,10824.95,10783.65,0.0103,0.0108,0.0108,0.2067
2018-12-14,BANKNIFTY,26826.0,26816.35,26879.85,26883.05,0.0105,0.0105,0.0105,0.2007
2018-12-14,NIFTY,10805.45,10791.55,10820.3,10824.95,0.01,0.0105,0.0105,0.2004
2018-12-17,BANKNIFTY,27015.8,26826.0,27091.0,26879.85,0.0103,0.0104,0.0104,0.1979
2018-12-17,NIFTY,10888.35,10805.45,10910.5,10820.3,0.0099,0.0104,0.0104,0.1982
2018-12-18,BANKNIFTY,27174.7,27015.8,27252.9,27091.0,0.0101,0.0102,0.0102,0.1939
2018-12-18,NIFTY,10908.7,10888.35,10935.05,10910.5,0.0096,0.0101,0.0101,0.1924
2018-12-19,BANKNIFTY,27298.4,27174.7,27358.15,27252.9,0.0099,0.0099,0.0099,0.1889
2018-12-19,NIFTY,10967.3,10908.7,10986.5,10935.05,0.0094,0.0098,0.0098,0.1878
2018-12-20,BANKNIFTY,27275.1,27298.4,27340.5,27358.15,0.0096,0.0096,0.0096,0.1831
2018-12-20,NIFTY,10951.7,10967.3,10978.2,10986.5,0.0091,0.0095,0.0095,0.1821
2018-12-21,BANKNIFTY,26869.65,27275.1,26942.7,27340.5,0.01,0.01,0.01,0.1907
2018-12-21,NIFTY,10754.0,10951.7,10767.5,10978.2,0.0099,0.0104,0.0104,0.1985
2018-12-24,BANKNIFTY,26714.75,26869.65,26791.2,26942.7,0.0098,0.0098,0.0098,0.1868
2018-12-24,NIFTY,10663.5,10754.0,10681.9,10767.5,0.0098,0.0103,0.0103,0.1961
2018-12-26,BANKNIFTY,26986.8,26714.75,27031.7,26791.2,0.0098,0.0097,0.0098,0.1872
2018-12-26,NIFTY,10729.85,10663.5,10748.5,10681.9,0.0097,0.0101,0.0101,0.1923
2018-12-27,BANKNIFTY,26878.55,26986.8,26878.55,27031.7,0.0096,0.0095,0.0096,0.1825
2018-12-27,NIFTY,10779.8,10729.85,10779.8,10748.5,0.0094,0.0098,0.0098,0.1869
2018-12-28,BANKNIFTY,27125.25,26878.55,27278.65,26878.55,0.0095,0.0099,0.0099,0.1894
2018-12-28,NIFTY,10859.9,10779.8,10907.75,10779.8,0.0093,0.0099,0.0099,0.1895
2018-12-31,BANKNIFTY,27160.2,27125.25,27318.1,27278.65,0.0092,0.0096,0.0096,0.1837
2018-12-31,NIFTY,10862.55,10859.9,10916.85,10907.75,0.009,0.0096,0.0096,0.1837
2019-01-01,BANKNIFTY,27392.4,27160.2,27505.65,27318.1,0.0092,0.0095,0.0095,0.181
2019-01-01,NIFTY,10910.1,10862.55,10960.55,10916.85,0.0088,0.0094,0.0094,0.1791
2019-01-02,BANKNIFTY,27174.7,27392.4,27268.5,27505.65,0.0091,0.0094,0.0094,0.1801
2019-01-02,NIFTY,10792.5,10910.1,10830.85,10960.55,0.009,0.0095,0.0095,0.1824
2019-01-03,BANKNIFTY,26959.85,27174.7,27097.45,27268.5,0.0091,0.0093,0.0093,0.1771
2019-01-03,NIFTY,10672.25,10792.5,10718.5,10830.85,0.0091,0.0096,0.0096,0.1834
2019-01-04,BANKNIFTY,27195.0,26959.85,27361.7,27097.45,0.009,0.0093,0.0093,0.1776
2019-01-04,NIFTY,10727.35,10672.25,10777.6,10718.5,0.0089,0.0094,0.0094,0.1797
2019-01-07,BANKNIFTY,27304.55,27195.0,27402.95,27361.7,0.0088,0.009,0.009,0.1723
2019-01-07,NIFTY,10771.8,10727.35,10803.45,10777.6,0.0087,0.0091,0.0091,0.1746
2019-01-08,BANKNIFTY,27509.5,27304.55,27602.6,27402.95,0.0087,0.0089,0.0089,0.1705
2019-01-08,NIFTY,10802.15,10771.8,10844.65,10803.45,0.0085,0.0089,0.0089,0.1702
2019-01-09,BANKNIFTY,27720.4,27509.5,27751.55,27602.6,0.0087,0.0088,0.0088,0.1672
2019-01-09,NIFTY,10855.15,10802.15,10877.7,10844.65,0.0083,0.0087,0.0087,0.1656
2019-01-10,BANKNIFTY,27528.55,27720.4,27641.35,27751.55,0.0086,0.0085,0.0086,0.1641
2019-01-10,NIFTY,10821.6,10855.15,10857.75,10877.7,0.0081,0.0084,0.0084,0.1608
2019-01-11,BANKNIFTY,27453.9,27528.55,27561.5,27641.35,0.0084,0.0083,0.0084,0.1596
2019-01-11,NIFTY,10794.95,10821.6,10827.6,10857.75,0.0079,0.0082,0.0082,0.1565
2019-01-14,BANKNIFTY,27248.25,27453.9,27356.75,27561.5,0.0083,0.0083,0.0083,0.1587
2019-01-14,NIFTY,10737.6,10794.95,10769.8,10827.6,0.0077,0.008,0.008,0.1537
2019-01-15,BANKNIFTY,27400.75,27248.25,27518.9,27356.75,0.0082,0.0081,0.0082,0.1561
2019-01-15,NIFTY,10886.8,10737.6,10928.4,10769.8,0.0082,0.0086,0.0086,0.164
2019-01-16,BANKNIFTY,27483.7,27400.75,27556.6,27518.9,0.008,0.0079,0.008,0.152
2019-01-16,NIFTY,10890.3,10886.8,10921.65,10928.4,0.008,0.0083,0.0083,0.159
2019-01-17,BANKNIFTY,27528.75,27483.7,27588.15,27556.6,0.0077,0.0077,0.0077,0.1475
2019-01-17,NIFTY,10905.2,10890.3,10925.85,10921.65,0.0077,0.0081,0.0081,0.1542
2019-01-18,BANKNIFTY,27456.7,27528.75,27547.9,27588.15,0.0075,0.0074,0.0075,0.1436
2019-01-18,NIFTY,10906.95,10905.2,10927.15,10925.85,0.0075,0.0078,0.0078,0.1495
2019-01-21,BANKNIFTY,27533.6,27456.7,27573.0,27547.9,0.0073,0.0072,0.0073,0.1398
2019-01-21,NIFTY,10961.85,10906.95,10969.7,10927.15,0.0074,0.0076,0.0076,0.1461
2019-01-22,BANKNIFTY,27482.25,27533.6,27518.95,27573.0,0.0071,0.007,0.0071,0.1358
2019-01-22,NIFTY,10922.75,10961.85,10936.2,10969.7,0.0072,0.0075,0.0075,0.1424
2019-01-23,BANKNIFTY,27250.75,27482.25,27320.4,27518.95,0.0072,0.007,0.0072,0.1375
2019-01-23,NIFTY,10831.5,10922.75,10854.9,10936.2,0.0073,0.0075,0.0075,0.1424
2019-01-24,BANKNIFTY,27266.4,27250.75,27317.8,27320.4,0.007,0.0068,0.007,0.1334
2019-01-24,NIFTY,10849.8,10831.5,10868.6,10854.9,0.0071,0.0072,0.0072,0.1382
2019-01-25,BANKNIFTY,27115.3,27266.4,27143.8,27317.8,0.0069,0.0068,0.0069,0.1319
2019-01-25,NIFTY,10780.55,10849.8,10785.95,10868.6,0.007,0.0073,0.0073,0.1386
2019-01-28,BANKNIFTY,26653.05,27115.3,26711.15,27143.8,0.0079,0.0077,0.0079,0.1511
2019-01-28,NIFTY,10661.55,10780.55,10676.8,10785.95,0.0073,0.0075,0.0075,0.1426
2019-01-29,BANKNIFTY,26573.4,26653.05,26659.05,26711.15,0.0077,0.0075,0.0077,0.1471
2019-01-29,NIFTY,10652.2,10661.55,10668.05,10676.8,0.0071,0.0072,0.0072,0.1383
2019-01-30,BANKNIFTY,26825.5,26573.4,26820.9,26659.05,0.0078,0.0074,0.0078,0.1493
2019-01-30,NIFTY,10651.8,10652.2,10642.9,10668.05,0.0069,0.007,0.007,0.1345
2019-01-31,BANKNIFTY,27295.45,26825.5,27295.45,26820.9,0.0087,0.0083,0.0087,0.166
2019-01-31,NIFTY,10830.95,10651.8,10830.95,10642.9,0.0078,0.0081,0.0081,0.1541
2019-02-01,BANKNIFTY,27085.95,27295.45,27144.65,27295.45,0.0086,0.0082,0.0086,0.165
2019-02-01,NIFTY,10893.65,10830.95,10914.05,10830.95,0.0077,0.008,0.008,0.1536
2019-02-04,BANKNIFTY,27186.6,27085.95,27273.6,27144.65,0.0084,0.008,0.0084,0.1609
2019-02-04,NIFTY,10912.25,10893.65,10937.5,10914.05,0.0075,0.0078,0.0078,0.1492
2019-02-05,BANKNIFTY,27271.7,27186.6,27340.15,27273.6,0.0082,0.0078,0.0082,0.1567
2019-02-05,NIFTY,10934.35,10912.25,10951.7,10937.5,0.0073,0.0076,0.0076,0.1448
2019-02-06,BANKNIFTY,27402.35,27271.7,27452.15,27340.15,0.008,0.0076,0.008,0.1535
2019-02-06,NIFTY,11062.45,10934.35,11090.3,10951.7,0.0076,0.008,0.008,0.1522
2019-02-07,BANKNIFTY,27387.15,27402.35,27449.85,27452.15,0.0078,0.0074,0.0078,0.1489
2019-02-07,NIFTY,11069.4,11062.45,11093.8,11090.3,0.0074,0.0077,0.0077,0.1476
2019-02-08,BANKNIFTY,27294.4,27387.15,27336.85,27449.85,0.0076,0.0073,0.0076,0.1452
2019-02-08,NIFTY,10943.6,11069.4,10957.25,11093.8,0.0077,0.0081,0.0081,0.1544
2019-02-11,BANKNIFTY,27227.8,27294.4,27295.9,27336.85,0.0074,0.007,0.0074,0.1413
2019-02-11,NIFTY,10888.8,10943.6,10909.6,10957.25,0.0076,0.0079,0.0079,0.1511
2019-02-12,BANKNIFTY,27010.75,27227.8,27116.6,27295.9,0.0074,0.007,0.0074,0.142
2019-02-12,NIFTY,10831.4,10888.8,10860.45,10909.6,0.0074,0.0077,0.0077,0.148
2019-02-13,BANKNIFTY,26885.4,27010.75,26991.9,27116.6,0.0073,0.0069,0.0073,0.1394
2019-02-13,NIFTY,10793.65,10831.4,10823.4,10860.45,0.0073,0.0076,0.0076,0.1444
2019-02-14,BANKNIFTY,26970.6,26885.4,27066.5,26991.9,0.0071,0.0067,0.0071,0.1359
2019-02-14,NIFTY,10746.05,10793.65,10779.8,10823.4,0.0071,0.0074,0.0074,0.1412
2019-02-15,BANKNIFTY,26794.25,26970.6,26867.3,27066.5,0.0071,0.0068,0.0071,0.1353
2019-02-15,NIFTY,10724.4,10746.05,10746.55,10779.8,0.0069,0.0072,0.0072,0.1377
2019-02-18,BANKNIFTY,26654.25,26794.25,26757.2,26867.3,0.007,0.0066,0.007,0.1335
2019-02-18,NIFTY,10640.95,10724.4,10662.25,10746.55,0.007,0.0072,0.0072,0.1385
2019-02-19,BANKNIFTY,26684.85,26654.25,26739.3,26757.2,0.0068,0.0064,0.0068,0.1295
2019-02-19,NIFTY,10604.35,10640.95,10617.15,10662.25,0.0068,0.0071,0.0071,0.1357
2019-02-20,BANKNIFTY,26955.5,26684.85,27017.95,26739.3,0.007,0.0067,0.007,0.1341
2019-02-20,NIFTY,10735.45,10604.35,10751.85,10617.15,0.0073,0.0075,0.0075,0.1442
2019-02-21,BANKNIFTY,27052.4,26955.5,27107.15,27017.95,0.0069,0.0066,0.0069,0.1311
2019-02-21,NIFTY,10789.85,10735.45,10804.45,10751.85,0.0072,0.0074,0.0074,0.1417
2019-02-22,BANKNIFTY,26867.55,27052.4,26937.15,27107.15,0.0069,0.0066,0.0069,0.1311
2019-02-22,NIFTY,10791.65,10789.85,10808.8,10804.45,0.0069,0.0072,0.0072,0.1374
2019-02-25,BANKNIFTY,27159.25,26867.55,27171.55,26937.15,0.0072,0.0067,0.0072,0.1368
2019-02-25,NIFTY,10880.1,10791.65,10887.05,10808.8,0.007,0.0072,0.0072,0.1374
2019-02-26,BANKNIFTY,26952.95,27159.25,26956.2,27171.55,0.0072,0.0068,0.0072,0.1373
2019-02-26,NIFTY,10835.3,10880.1,10827.8,10887.05,0.0069,0.0071,0.0071,0.1356
2019-02-27,BANKNIFTY,26799.3,26952.95,26817.15,26956.2,0.0071,0.0067,0.0071,0.1358
2019-02-27,NIFTY,10806.65,10835.3,10809.45,10827.8,0.0067,0.0069,0.0069,0.1318
2019-02-28,BANKNIFTY,26789.9,26799.3,26789.9,26817.15,0.0069,0.0065,0.0069,0.1317
2019-02-28,NIFTY,10792.5,10806.65,10792.5,10809.45,0.0065,0.0067,0.0067,0.128
2019-03-01,BANKNIFTY,27043.9,26789.9,27201.3,26789.9,0.0071,0.0073,0.0073,0.14
2019-03-01,NIFTY,10863.5,10792.5,10917.05,10792.5,0.0065,0.0071,0.0071,0.1352
2019-03-05,BANKNIFTY,27554.05,27043.9,27645.5,27201.3,0.0082,0.0081,0.0082,0.1575
2019-03-05,NIFTY,10987.45,10863.5,11032.7,10917.05,0.0069,0.0073,0.0073,0.14
2019-03-06,BANKNIFTY,27625.65,27554.05,27692.4,27645.5,0.008,0.0079,0.008,0.1532
2019-03-06,NIFTY,11053.0,10987.45,11086.8,11032.7,0.0068,0.0072,0.0072,0.1377
2019-03-07,BANKNIFTY,27764.6,27625.65,27833.85,27692.4,0.0079,0.0078,0.0079,0.1504
2019-03-07,NIFTY,11058.2,11053.0,11098.2,11086.8,0.0066,0.007,0.007,0.1336
2019-03-08,BANKNIFTY,27761.8,27764.6,27883.15,27833.85,0.0076,0.0075,0.0076,0.1458
2019-03-08,NIFTY,11035.4,11058.2,11076.05,11098.2,0.0065,0.0068,0.0068,0.1298
2019-03-11,BANKNIFTY,27966.65,27761.8,28080.7,27883.15,0.0076,0.0075,0.0076,0.1454
2019-03-11,NIFTY,11168.05,11035.4,11202.15,11076.05,0.0069,0.0071,0.0071,0.1366
2019-03-12,BANKNIFTY,28443.7,27966.65,28528.1,28080.7,0.0085,0.0082,0.0085,0.1617
2019-03-12,NIFTY,11301.2,11168.05,11336.85,11202.15,0.0073,0.0075,0.0075,0.1438
2019-03-13,BANKNIFTY,28884.3,28443.7,28938.8,28528.1,0.009,0.0087,0.009,0.1725
2019-03-13,NIFTY,11341.7,11301.2,11366.65,11336.85,0.0071,0.0073,0.0073,0.1399
2019-03-14,BANKNIFTY,28923.1,28884.3,29012.25,28938.8,0.0088,0.0085,0.0088,0.1674
2019-03-14,NIFTY,11343.25,11341.7,11381.75,11366.65,0.0069,0.0071,0.0071,0.1358
2019-03-15,BANKNIFTY,29381.45,28923.1,29465.5,29012.25,0.0093,0.0091,0.0093,0.1782
2019-03-15,NIFTY,11426.85,11343.25,11470.45,11381.75,0.0069,0.0071,0.0071,0.1366
2019-03-18,BANKNIFTY,29596.1,29381.45,29660.35,29465.5,0.0092,0.0089,0.0092,0.1761
2019-03-18,NIFTY,11462.2,11426.85,11494.5,11470.45,0.0068,0.007,0.007,0.1328
2019-03-19,BANKNIFTY,29767.85,29596.1,29858.1,29660.35,0.009,0.0088,0.009,0.1728
2019-03-19,NIFTY,11532.4,11462.2,11570.75,11494.5,0.0067,0.0069,0.0069,0.1324
2019-03-20,BANKNIFTY,29832.2,29767.85,29931.3,29858.1,0.0088,0.0086,0.0088,0.1679
2019-03-20,NIFTY,11521.05,11532.4,11553.2,11570.75,0.0065,0.0067,0.0067,0.1286
2019-03-22,BANKNIFTY,29582.5,29832.2,29638.55,29931.3,0.0088,0.0086,0.0088,0.1675
2019-03-22,NIFTY,11456.9,11521.05,11472.4,11553.2,0.0065,0.0067,0.0067,0.1289
2019-03-25,BANKNIFTY,29281.2,29582.5,29312.0,29638.55,0.0089,0.0088,0.0089,0.1693
2019-03-25,NIFTY,11354.25,11456.9,11370.05,11472.4,0.0067,0.0069,0.0069,0.1318
2019-03-26,BANKNIFTY,29882.15,29281.2,29969.7,29312.0,0.0099,0.0101,0.0101,0.1934
2019-03-26,NIFTY,11483.25,11354.25,11510.7,11370.05,0.007,0.0073,0.0073,0.1402
2019-03-27,BANKNIFTY,30019.8,29882.15,30040.9,29969.7,0.0097,0.0098,0.0098,0.1879
2019-03-27,NIFTY,11445.05,11483.25,11458.1,11510.7,0.0069,0.0072,0.0072,0.1376
2019-03-28,BANKNIFTY,30420.55,30019.8,30420.55,30040.9,0.0099,0.01,0.01,0.1914
2019-03-28,NIFTY,11570.0,11445.05,11570.0,11458.1,0.0072,0.0074,0.0074,0.1409
2019-03-29,BANKNIFTY,30426.8,30420.55,30525.85,30420.55,0.0096,0.0097,0.0097,0.1862
2019-03-29,NIFTY,11623.9,11570.0,11679.9,11570.0,0.007,0.0075,0.0075,0.1436
2019-04-01,BANKNIFTY,30326.5,30426.8,30504.15,30525.85,0.0094,0.0095,0.0095,0.1806
2019-04-01,NIFTY,11669.15,11623.9,11748.4,11679.9,0.0069,0.0074,0.0074,0.1419
2019-04-02,BANKNIFTY,30354.25,30326.5,30564.75,30504.15,0.0091,0.0092,0.0092,0.1754
2019-04-02,NIFTY,11713.2,11669.15,11779.5,11748.4,0.0067,0.0072,0.0072,0.1381
2019-04-03,BANKNIFTY,30093.3,30354.25,30330.9,30564.75,0.0091,0.0091,0.0091,0.1738
2019-04-03,NIFTY,11643.95,11713.2,11729.65,11779.5,0.0067,0.0071,0.0071,0.1354
2019-04-04,BANKNIFTY,29904.9,30093.3,30155.0,30330.9,0.0089,0.0089,0.0089,0.1707
2019-04-04,NIFTY,11598.0,11643.95,11679.55,11729.65,0.0066,0.007,0.007,0.1328
2019-04-05,BANKNIFTY,30084.65,29904.9,30316.5,30155.0,0.0088,0.0088,0.0088,0.1677
2019-04-05,NIFTY,11665.95,11598.0,11760.75,11679.55,0.0065,0.0069,0.0069,0.1328
2019-04-08,BANKNIFTY,29845.3,30084.65,30010.95,30316.5,0.0087,0.0088,0.0088,0.169
2019-04-08,NIFTY,11604.5,11665.95,11674.9,11760.75,0.0065,0.007,0.007,0.1332
2019-04-09,BANKNIFTY,30113.85,29845.3,30314.85,30010.95,0.0087,0.0089,0.0089,0.1705
2019-04-09,NIFTY,11671.95,11604.5,11742.3,11674.9,0.0064,0.0069,0.0069,0.1319
2019-04-10,BANKNIFTY,29803.5,30113.85,29979.25,30314.85,0.0089,0.0091,0.0091,0.1733
2019-04-10,NIFTY,11584.3,11671.95,11652.9,11742.3,0.0065,0.007,0.007,0.1328
2019-04-11,BANKNIFTY,29786.1,29803.5,29945.05,29979.25,0.0086,0.0088,0.0088,0.1681
2019-04-11,NIFTY,11596.7,11584.3,11668.9,11652.9,0.0063,0.0067,0.0067,0.1289
2019-04-12,BANKNIFTY,29938.55,29786.1,30063.05,29945.05,0.0084,0.0086,0.0086,0.1641
2019-04-12,NIFTY,11643.45,11596.7,11703.85,11668.9,0.0062,0.0066,0.0066,0.1258
2019-04-15,BANKNIFTY,30104.25,29938.55,30187.55,30063.05,0.0083,0.0084,0.0084,0.1602
2019-04-15,NIFTY,11690.35,11643.45,11727.75,11703.85,0.0061,0.0064,0.0064,0.1223
2019-04-16,BANKNIFTY,30531.35,30104.25,30605.55,30187.55,0.0087,0.0088,0.0088,0.1682
2019-04-16,NIFTY,11787.15,11690.35,11824.45,11727.75,0.0062,0.0065,0.0065,0.1247
2019-04-18,BANKNIFTY,30223.4,30531.35,30266.35,30605.55,0.0088,0.009,0.009,0.1712
2019-04-18,NIFTY,11752.8,11787.15,11771.1,11824.45,0.0061,0.0064,0.0064,0.1227
2019-04-22,BANKNIFTY,29687.95,30223.4,29758.5,30266.35,0.0096,0.0096,0.0096,0.1839
2019-04-22,NIFTY,11594.45,11752.8,11618.9,11771.1,0.0068,0.007,0.007,0.1336
2019-04-23,BANKNIFTY,29479.7,29687.95,29525.25,29758.5,0.0095,0.0095,0.0095,0.182
2019-04-23,NIFTY,11575.95,11594.45,11586.4,11618.9,0.0066,0.0068,0.0068,0.1302
2019-04-24,BANKNIFTY,29860.8,29479.7,29890.35,29525.25,0.0097,0.0097,0.0097,0.1856
2019-04-24,NIFTY,11726.15,11575.95,11738.25,11586.4,0.0071,0.0073,0.0073,0.1402
2019-04-25,BANKNIFTY,29561.35,29860.8,29561.35,29890.35,0.0097,0.0098,0.0098,0.1873
2019-04-25,NIFTY,11641.8,11726.15,11641.8,11738.25,0.0071,0.0074,0.0074,0.1413
2019-04-26,BANKNIFTY,30013.5,29561.35,30177.9,29561.35,0.0101,0.0108,0.0108,0.2057
2019-04-26,NIFTY,11754.65,11641.8,11813.5,11641.8,0.0073,0.008,0.008,0.1532
2019-04-30,BANKNIFTY,29764.8,30013.5,29891.7,30177.9,0.01,0.0107,0.0107,0.2043
2019-04-30,NIFTY,11748.15,11754.65,11791.55,11813.5,0.0071,0.0078,0.0078,0.1488
2019-05-02,BANKNIFTY,29708.6,29764.8,29799.35,29891.7,0.0097,0.0104,0.0104,0.1986
2019-05-02,NIFTY,11724.75,11748.15,11765.4,11791.55,0.0069,0.0076,0.0076,0.1446
2019-05-03,BANKNIFTY,29954.15,29708.6,30060.75,29799.35,0.0097,0.0103,0.0103,0.1969
2019-05-03,NIFTY,11712.25,11724.75,11764.3,11765.4,0.0067,0.0073,0.0073,0.1402
2019-05-06,BANKNIFTY,29618.45,29954.15,29808.7,30060.75,0.0098,0.0102,0.0102,0.1949
2019-05-06,NIFTY,11598.25,11712.25,11656.35,11764.3,0.0069,0.0075,0.0075,0.1426
2019-05-07,BANKNIFTY,29288.2,29618.45,29418.45,29808.7,0.0099,0.0104,0.0104,0.1988
2019-05-07,NIFTY,11497.9,11598.25,11541.9,11656.35,0.007,0.0076,0.0076,0.1458
2019-05-08,BANKNIFTY,28994.4,29288.2,29145.7,29418.45,0.0099,0.0103,0.0103,0.1976
2019-05-08,NIFTY,11359.45,11497.9,11418.6,11541.9,0.0074,0.0079,0.0079,0.15
2019-05-09,BANKNIFTY,28884.6,28994.4,28995.25,29145.7,0.0096,0.0101,0.0101,0.1931
2019-05-09,NIFTY,11301.8,11359.45,11334.8,11418.6,0.0073,0.0078,0.0078,0.1495
2019-05-10,BANKNIFTY,29040.5,28884.6,29088.15,28995.25,0.0094,0.0098,0.0098,0.1878
2019-05-10,NIFTY,11278.9,11301.8,11307.2,11334.8,0.0071,0.0076,0.0076,0.1454
2019-05-13,BANKNIFTY,28659.95,29040.5,28773.05,29088.15,0.0097,0.0099,0.0099,0.1891
2019-05-13,NIFTY,11148.2,11278.9,11181.55,11307.2,0.0075,0.0079,0.0079,0.1503
2019-05-14,BANKNIFTY,28829.2,28659.95,28917.85,28773.05,0.0095,0.0097,0.0097,0.1848
2019-05-14,NIFTY,11222.05,11148.2,11241.65,11181.55,0.0074,0.0077,0.0077,0.1479
2019-05-15,BANKNIFTY,28616.45,28829.2,28666.8,28917.85,0.0094,0.0096,0.0096,0.1838
2019-05-15,NIFTY,11157.0,11222.05,11177.45,11241.65,0.0073,0.0076,0.0076,0.1459
2019-05-16,BANKNIFTY,28855.3,28616.45,28959.75,28666.8,0.0093,0.0097,0.0097,0.1844
2019-05-16,NIFTY,11257.1,11157.0,11285.25,11177.45,0.0074,0.0078,0.0078,0.1484
2019-05-17,BANKNIFTY,29450.15,28855.3,29483.45,28959.75,0.0103,0.0103,0.0103,0.1975
2019-05-17,NIFTY,11407.15,11257.1,11425.8,11285.25,0.0079,0.0081,0.0081,0.1551
2019-05-20,BANKNIFTY,30759.7,29450.15,30815.65,29483.45,0.0146,0.0148,0.0148,0.2818
2019-05-20,NIFTY,11828.25,11407.15,11859.45,11425.8,0.0117,0.012,0.012,0.2302
2019-05-21,BANKNIFTY,30308.4,30759.7,30388.95,30815.65,0.0146,0.0147,0.0147,0.2809
2019-05-21,NIFTY,11709.1,11828.25,11715.15,11859.45,0.0116,0.0121,0.0121,0.2304
2019-05-22,BANKNIFTY,30526.8,30308.4,30606.05,30388.95,0.0143,0.0144,0.0144,0.2744
2019-05-22,NIFTY,11737.9,11709.1,11781.65,11715.15,0.0113,0.0118,0.0118,0.225
2019-05-23,BANKNIFTY,30409.1,30526.8,30477.9,30606.05,0.0139,0.014,0.014,0.2668
2019-05-23,NIFTY,11657.05,11737.9,11692.4,11781.65,0.0111,0.0116,0.0116,0.221
2019-05-24,BANKNIFTY,31212.55,30409.1,31222.8,30477.9,0.0149,0.0148,0.0149,0.2848
2019-05-24,NIFTY,11844.1,11657.05,11869.4,11692.4,0.0114,0.0118,0.0118,0.2255
2019-05-27,BANKNIFTY,31647.65,31212.55,31595.25,31222.8,0.0148,0.0146,0.0148,0.2836
2019-05-27,NIFTY,11924.75,11844.1,11918.5,11869.4,0.0112,0.0115,0.0115,0.2195
2019-05-28,BANKNIFTY,31597.9,31647.65,31629.35,31595.25,0.0144,0.0142,0.0144,0.2751
2019-05-28,NIFTY,11928.75,11924.75,11940.75,11918.5,0.0109,0.0111,0.0111,0.213
2019-05-29,BANKNIFTY,31295.55,31597.9,31317.25,31629.35,0.0142,0.014,0.0142,0.2705
2019-05-29,NIFTY,11861.1,11928.75,11862.25,11940.75,0.0106,0.0109,0.0109,0.2088
2019-05-30,BANKNIFTY,31537.1,31295.55,31537.1,31317.25,0.0139,0.0136,0.0139,0.2647
2019-05-30,NIFTY,11945.9,11861.1,11945.9,11862.25,0.0104,0.0107,0.0107,0.2051
2019-05-31,BANKNIFTY,31375.4,31537.1,31324.75,31537.1,0.0135,0.0133,0.0135,0.2578
2019-05-31,NIFTY,11922.8,11945.9,11916.5,11945.9,0.0101,0.0104,0.0104,0.1992
2019-06-03,BANKNIFTY,31653.65,31375.4,31679.95,31324.75,0.0133,0.0132,0.0133,0.2533
2019-06-03,NIFTY,12088.55,11922.8,12104.45,11916.5,0.0104,0.0108,0.0108,0.2065
2019-06-04,BANKNIFTY,31589.05,31653.65,31640.6,31679.95,0.0129,0.0128,0.0129,0.2458
2019-06-04,NIFTY,12021.65,12088.55,12056.15,12104.45,0.0102,0.0105,0.0105,0.2011
2019-06-06,BANKNIFTY,30857.4,31589.05,30939.25,31640.6,0.0137,0.0136,0.0137,0.2623
2019-06-06,NIFTY,11843.75,12021.65,11884.05,12056.15,0.0105,0.0108,0.0108,0.2063
2019-06-07,BANKNIFTY,31066.55,30857.4,31115.05,30939.25,0.0134,0.0132,0.0134,0.2563
2019-06-07,NIFTY,11870.65,11843.75,11900.75,11884.05,0.0102,0.0105,0.0105,0.2001
2019-06-10,BANKNIFTY,31034.0,31066.55,31044.7,31115.05,0.013,0.0128,0.013,0.2485
2019-06-10,NIFTY,11922.7,11870.65,11933.8,11900.75,0.01,0.0102,0.0102,0.1944
2019-06-11,BANKNIFTY,31265.45,31034.0,31246.9,31044.7,0.0127,0.0126,0.0127,0.2434
2019-06-11,NIFTY,11965.6,11922.7,11976.95,11933.8,0.0097,0.0099,0.0099,0.1893
2019-06-12,BANKNIFTY,30965.7,31265.45,31005.5,31246.9,0.0126,0.0123,0.0126,0.2403
2019-06-12,NIFTY,11906.2,11965.6,11916.7,11976.95,0.0095,0.0097,0.0097,0.185
2019-06-13,BANKNIFTY,30976.1,30965.7,31025.25,31005.5,0.0122,0.0119,0.0122,0.233
2019-06-13,NIFTY,11914.05,11906.2,11928.3,11916.7,0.0092,0.0094,0.0094,0.1794
2019-06-14,BANKNIFTY,30614.35,30976.1,30611.4,31025.25,0.0122,0.012,0.0122,0.2325
2019-06-14,NIFTY,11823.3,11914.05,11838.05,11928.3,0.0091,0.0093,0.0093,0.1776
2019-06-17,BANKNIFTY,30273.25,30614.35,30325.95,30611.4,0.0121,0.0119,0.0121,0.2314
2019-06-17,NIFTY,11672.15,11823.3,11697.55,11838.05,0.0094,0.0095,0.0095,0.181
2019-06-18,BANKNIFTY,30351.0,30273.25,30331.0,30325.95,0.0118,0.0115,0.0118,0.2247
2019-06-18,NIFTY,11691.5,11672.15,11700.5,11697.55,0.0091,0.0092,0.0092,0.1755
2019-06-19,BANKNIFTY,30362.1,30351.0,30350.2,30331.0,0.0114,0.0112,0.0114,0.2178
2019-06-19,NIFTY,11691.45,11691.5,11708.6,11700.5,0.0088,0.0089,0.0089,0.1702
2019-06-20,BANKNIFTY,30781.1,30362.1,30768.05,30350.2,0.0116,0.0114,0.0116,0.2207
2019-06-20,NIFTY,11831.75,11691.45,11849.45,11708.6,0.009,0.0091,0.0091,0.1742
2019-06-21,BANKNIFTY,30628.35,30781.1,30638.1,30768.05,0.0113,0.0111,0.0113,0.2153
2019-06-21,NIFTY,11724.1,11831.75,11753.45,11849.45,0.009,0.0091,0.0091,0.1731
2019-06-24,BANKNIFTY,30602.05,30628.35,30631.25,30638.1,0.0109,0.0107,0.0109,0.2088
2019-06-24,NIFTY,11699.65,11724.1,11717.15,11753.45,0.0088,0.0088,0.0088,0.1685
2019-06-25,BANKNIFTY,30847.05,30602.05,30878.6,30631.25,0.0108,0.0106,0.0108,0.2058
2019-06-25,NIFTY,11796.45,11699.65,11810.3,11717.15,0.0088,0.0088,0.0088,0.1675
2019-06-26,BANKNIFTY,31162.35,30847.05,31172.6,30878.6,0.0107,0.0105,0.0107,0.2051
2019-06-26,NIFTY,11847.55,11796.45,11864.4,11810.3,0.0086,0.0086,0.0086,0.1638
2019-06-27,BANKNIFTY,31269.5,31162.35,31269.5,31172.6,0.0104,0.0102,0.0104,0.1995
2019-06-27,NIFTY,11841.55,11847.55,11841.55,11864.4,0.0083,0.0083,0.0083,0.1591
2019-06-28,BANKNIFTY,31105.2,31269.5,31267.45,31269.5,0.0102,0.0099,0.0102,0.195
2019-06-28,NIFTY,11788.85,11841.55,11841.5,11841.55,0.0081,0.0081,0.0081,0.155
2019-07-01,BANKNIFTY,31372.2,31105.2,31496.3,31267.45,0.0101,0.0098,0.0101,0.1933
2019-07-01,NIFTY,11865.6,11788.85,11903.65,11841.5,0.008,0.0079,0.008,0.1533
2019-07-02,BANKNIFTY,31283.3,31372.2,31403.9,31496.3,0.0098,0.0095,0.0098,0.1878
2019-07-02,NIFTY,11910.3,11865.6,11942.35,11903.65,0.0078,0.0077,0.0078,0.1497
2019-07-03,BANKNIFTY,31382.3,31283.3,31495.9,31403.9,0.0096,0.0092,0.0096,0.1827
2019-07-03,NIFTY,11916.75,11910.3,11949.2,11942.35,0.0076,0.0075,0.0076,0.1451
2019-07-04,BANKNIFTY,31471.85,31382.3,31548.2,31495.9,0.0093,0.009,0.0093,0.1777
2019-07-04,NIFTY,11946.75,11916.75,11979.65,11949.2,0.0074,0.0073,0.0074,0.1412
2019-07-05,BANKNIFTY,31475.8,31471.85,31503.3,31548.2,0.009,0.0087,0.009,0.1722
2019-07-05,NIFTY,11811.15,11946.75,11820.95,11979.65,0.0077,0.0078,0.0078,0.1488
2019-07-08,BANKNIFTY,30603.85,31475.8,30689.15,31503.3,0.0111,0.0106,0.0111,0.2125
2019-07-08,NIFTY,11558.6,11811.15,11566.3,11820.95,0.0091,0.0092,0.0092,0.1767
2019-07-09,BANKNIFTY,30569.15,30603.85,30639.65,30689.15,0.0108,0.0103,0.0108,0.2061
2019-07-09,NIFTY,11555.9,11558.6,11552.6,11566.3,0.0089,0.009,0.009,0.1714
2019-07-10,BANKNIFTY,30522.1,30569.15,30507.7,30639.65,0.0105,0.01,0.0105,0.2
2019-07-10,NIFTY,11498.9,11555.9,11492.25,11552.6,0.0087,0.0088,0.0088,0.1679
2019-07-11,BANKNIFTY,30716.55,30522.1,30717.1,30507.7,0.0103,0.0099,0.0103,0.1962
2019-07-11,NIFTY,11582.9,11498.9,11582.05,11492.25,0.0086,0.0087,0.0087,0.1668
2019-07-12,BANKNIFTY,30601.45,30716.55,30600.5,30717.1,0.01,0.0096,0.01,0.191
2019-07-12,NIFTY,11552.5,11582.9,11544.35,11582.05,0.0084,0.0085,0.0085,0.1625
2019-07-15,BANKNIFTY,30445.95,30601.45,30456.5,30600.5,0.0098,0.0094,0.0098,0.1867
2019-07-15,NIFTY,11588.35,11552.5,11579.2,11544.35,0.0081,0.0083,0.0083,0.1582
2019-07-16,BANKNIFTY,30570.8,30445.95,30590.6,30456.5,0.0095,0.0092,0.0095,0.182
2019-07-16,NIFTY,11662.6,11588.35,11657.85,11579.2,0.0081,0.0082,0.0082,0.1566
2019-07-17,BANKNIFTY,30735.5,30570.8,30737.75,30590.6,0.0093,0.009,0.0093,0.1783
2019-07-17,NIFTY,11687.5,11662.6,11675.8,11657.85,0.0078,0.008,0.008,0.152
2019-07-18,BANKNIFTY,30430.6,30735.5,30448.65,30737.75,0.0094,0.009,0.0094,0.179
2019-07-18,NIFTY,11596.9,11687.5,11604.35,11675.8,0.0078,0.0079,0.0079,0.1501
2019-07-19,BANKNIFTY,29770.35,30430.6,29781.35,30448.65,0.0106,0.0103,0.0106,0.2016
2019-07-19,NIFTY,11419.25,11596.9,11421.85,11604.35,0.0085,0.0086,0.0086,0.1634
2019-07-22,BANKNIFTY,29284.95,29770.35,29389.65,29781.35,0.011,0.0105,0.011,0.2101
2019-07-22,NIFTY,11346.2,11419.25,11360.25,11421.85,0.0084,0.0084,0.0084,0.1604
2019-07-23,BANKNIFTY,29128.1,29284.95,29194.7,29389.65,0.0107,0.0103,0.0107,0.2052
2019-07-23,NIFTY,11331.05,11346.2,11333.8,11360.25,0.0081,0.0082,0.0082,0.1559
2019-07-24,BANKNIFTY,28952.25,29128.1,28976.4,29194.7,0.0105,0.0101,0.0105,0.201
2019-07-24,NIFTY,11271.3,11331.05,11277.8,11333.8,0.008,0.008,0.008,0.1529
2019-07-25,BANKNIFTY,29043.05,28952.25,29043.05,28976.4,0.0102,0.0098,0.0102,0.1954
2019-07-25,NIFTY,11252.15,11271.3,11252.15,11277.8,0.0077,0.0078,0.0078,0.1486
2019-07-26,BANKNIFTY,29325.3,29043.05,29465.65,29043.05,0.0102,0.0102,0.0102,0.1948
2019-07-26,NIFTY,11284.3,11252.15,11327.0,11252.15,0.0075,0.0077,0.0077,0.1474
2019-07-29,BANKNIFTY,29295.9,29325.3,29373.15,29465.65,0.0099,0.0099,0.0099,0.1891
2019-07-29,NIFTY,11189.2,11284.3,11215.05,11327.0,0.0076,0.0079,0.0079,0.1503
2019-07-30,BANKNIFTY,28791.6,29295.9,28853.4,29373.15,0.0105,0.0105,0.0105,0.2015
2019-07-30,NIFTY,11085.4,11189.2,11095.2,11215.05,0.0077,0.0081,0.0081,0.1542
2019-07-31,BANKNIFTY,28876.0,28791.6,28972.35,28853.4,0.0102,0.0103,0.0103,0.1963
2019-07-31,NIFTY,11118.0,11085.4,11132.2,11095.2,0.0075,0.0079,0.0079,0.1503
2019-08-01,BANKNIFTY,28367.25,28876.0,28499.3,28972.35,0.0108,0.0107,0.0108,0.2063
2019-08-01,NIFTY,10980.0,11118.0,11015.35,11132.2,0.0079,0.0081,0.0081,0.1538
2019-08-02,BANKNIFTY,28204.95,28367.25,28327.3,28499.3,0.0106,0.0105,0.0106,0.2018
2019-08-02,NIFTY,10997.35,10980.0,11024.05,11015.35,0.0077,0.0078,0.0078,0.1492
2019-08-05,BANKNIFTY,27648.05,28204.95,27795.75,28327.3,0.0113,0.0112,0.0113,0.2168
2019-08-05,NIFTY,10862.6,10997.35,10896.8,11024.05,0.008,0.0081,0.0081,0.1545
2019-08-06,BANKNIFTY,28022.1,27648.05,28109.75,27795.75,0.0115,0.0112,0.0115,0.2194
2019-08-06,NIFTY,10948.25,10862.6,10978.65,10896.8,0.008,0.0081,0.0081,0.1539
2019-08-07,BANKNIFTY,27702.05,28022.1,27748.45,28109.75,0.0115,0.0113,0.0115,0.2194
2019-08-07,NIFTY,10855.5,10948.25,10874.25,10978.65,0.008,0.0082,0.0082,0.1557
2019-08-08,BANKNIFTY,28110.45,27702.05,28239.9,27748.45,0.0117,0.0118,0.0118,0.2252
2019-08-08,NIFTY,11032.45,10855.5,11063.95,10874.25,0.0087,0.009,0.009,0.1713
2019-08-09,BANKNIFTY,28431.9,28110.45,28474.1,28239.9,0.0117,0.0116,0.0117,0.2231
2019-08-09,NIFTY,11109.65,11032.45,11122.95,11063.95,0.0087,0.0088,0.0088,0.1679
2019-08-13,BANKNIFTY,27729.1,28431.9,27737.8,28474.1,0.0129,0.013,0.013,0.2475
2019-08-13,NIFTY,10925.85,11109.65,10925.15,11122.95,0.0093,0.0096,0.0096,0.1832
2019-08-14,BANKNIFTY,28019.2,27729.1,27994.3,27737.8,0.0127,0.0128,0.0128,0.2438
2019-08-14,NIFTY,11029.4,10925.85,11028.15,10925.15,0.0093,0.0096,0.0096,0.183
2019-08-16,BANKNIFTY,28217.0,28019.2,28260.55,27994.3,0.0125,0.0126,0.0126,0.2405
2019-08-16,NIFTY,11047.8,11029.4,11064.65,11028.15,0.0091,0.0093,0.0093,0.1781
2019-08-19,BANKNIFTY,28186.1,28217.0,28203.0,28260.55,0.0121,0.0122,0.0122,0.2334
2019-08-19,NIFTY,11053.9,11047.8,11058.1,11064.65,0.0088,0.009,0.009,0.1727
2019-08-20,BANKNIFTY,27982.45,28186.1,27995.05,28203.0,0.0119,0.012,0.012,0.2289
2019-08-20,NIFTY,11017.0,11053.9,11028.1,11058.1,0.0086,0.0088,0.0088,0.1679
2019-08-21,BANKNIFTY,27719.05,27982.45,27739.8,27995.05,0.0117,0.0118,0.0118,0.226
2019-08-21,NIFTY,10918.7,11017.0,10932.65,11028.1,0.0086,0.0088,0.0088,0.1678
2019-08-22,BANKNIFTY,27034.2,27719.05,27021.8,27739.8,0.0129,0.0131,0.0131,0.2512
2019-08-22,NIFTY,10741.35,10918.7,10732.1,10932.65,0.0092,0.0096,0.0096,0.1843
2019-08-23,BANKNIFTY,26958.65,27034.2,27016.0,27021.8,0.0125,0.0127,0.0127,0.2435
2019-08-23,NIFTY,10829.35,10741.35,10842.7,10732.1,0.0092,0.0097,0.0097,0.185
2019-08-26,BANKNIFTY,27951.35,26958.65,27921.5,27016.0,0.015,0.0148,0.015,0.2875
2019-08-26,NIFTY,11057.85,10829.35,11054.2,10842.7,0.0103,0.0105,0.0105,0.2009
2019-08-27,BANKNIFTY,28126.15,27951.35,28116.5,27921.5,0.0147,0.0144,0.0147,0.2802
2019-08-27,NIFTY,11105.35,11057.85,11103.9,11054.2,0.01,0.0103,0.0103,0.1959
2019-08-28,BANKNIFTY,27804.3,28126.15,27837.65,28116.5,0.0145,0.0142,0.0145,0.277
2019-08-28,NIFTY,11046.1,11105.35,11049.25,11103.9,0.0098,0.01,0.01,0.1913
2019-08-29,BANKNIFTY,27305.2,27804.3,27305.2,27837.65,0.0147,0.0145,0.0147,0.2816
2019-08-29,NIFTY,10948.3,11046.1,10948.3,11049.25,0.0097,0.01,0.01,0.1904
2019-08-30,BANKNIFTY,27427.85,27305.2,27520.9,27305.2,0.0143,0.0142,0.0143,0.2738
2019-08-30,NIFTY,11023.25,10948.3,11058.9,10948.3,0.0096,0.01,0.01,0.1905
2019-09-03,BANKNIFTY,26824.15,27427.85,26873.5,27520.9,0.0149,0.015,0.015,0.2862
2019-09-03,NIFTY,10797.9,11023.25,10836.4,11058.9,0.0106,0.0109,0.0109,0.2077
2019-09-04,BANKNIFTY,27123.85,26824.15,27219.25,26873.5,0.0147,0.0149,0.0149,0.2839
2019-09-04,NIFTY,10844.65,10797.9,10886.3,10836.4,0.0103,0.0106,0.0106,0.2026
2019-09-05,BANKNIFTY,26919.7,27123.85,26994.15,27219.25,0.0144,0.0145,0.0145,0.2779
2019-09-05,NIFTY,10847.9,10844.65,10881.6,10886.3,0.01,0.0103,0.0103,0.1964
2019-09-06,BANKNIFTY,27247.9,26919.7,27306.0,26994.15,0.0143,0.0144,0.0144,0.2748
2019-09-06,NIFTY,10946.2,10847.9,10973.65,10881.6,0.0099,0.0102,0.0102,0.1944
2019-09-09,BANKNIFTY,27504.65,27247.9,27551.35,27306.0,0.014,0.0141,0.0141,0.2697
2019-09-09,NIFTY,11003.05,10946.2,11025.25,10973.65,0.0097,0.0099,0.0099,0.1898
2019-09-11,BANKNIFTY,27776.2,27504.65,27830.2,27551.35,0.0138,0.0139,0.0139,0.2657
2019-09-11,NIFTY,11035.7,11003.05,11060.8,11025.25,0.0095,0.0097,0.0097,0.1846
2019-09-12,BANKNIFTY,27818.5,27776.2,27824.45,27830.2,0.0134,0.0135,0.0135,0.2576
2019-09-12,NIFTY,10982.8,11035.7,10996.45,11060.8,0.0092,0.0095,0.0095,0.1811
2019-09-13,BANKNIFTY,28098.75,27818.5,28163.85,27824.45,0.0132,0.0134,0.0134,0.2561
2019-09-13,NIFTY,11075.9,10982.8,11105.55,10996.45,0.0092,0.0095,0.0095,0.1815
2019-09-16,BANKNIFTY,27855.0,28098.75,27889.9,28163.85,0.013,0.0132,0.0132,0.2525
2019-09-16,NIFTY,11003.5,11075.9,11017.2,11105.55,0.0091,0.0094,0.0094,0.1799
2019-09-17,BANKNIFTY,27131.75,27855.0,27140.15,27889.9,0.0141,0.0144,0.0144,0.276
2019-09-17,NIFTY,10817.6,11003.5,10833.5,11017.2,0.0097,0.01,0.01,0.1914
2019-09-18,BANKNIFTY,27172.65,27131.75,27193.05,27140.15,0.0137,0.014,0.014,0.2678
2019-09-18,NIFTY,10840.65,10817.6,10855.45,10833.5,0.0094,0.0097,0.0097,0.1858
2019-09-19,BANKNIFTY,26757.65,27172.65,26781.85,27193.05,0.0138,0.0141,0.0141,0.2692
2019-09-19,NIFTY,10704.8,10840.65,10711.3,10855.45,0.0097,0.01,0.01,0.1907
2019-09-20,BANKNIFTY,28981.55,26757.65,28989.95,26781.85,0.0237,0.0237,0.0237,0.4534
2019-09-20,NIFTY,11274.2,10704.8,11295.5,10711.3,0.0158,0.0162,0.0162,0.3097
2019-09-23,BANKNIFTY,30566.2,28981.55,30539.35,28989.95,0.0264,0.0263,0.0264,0.5049
2019-09-23,NIFTY,11600.2,11274.2,11607.3,11295.5,0.0168,0.0171,0.0171,0.3262
2019-09-24,BANKNIFTY,30183.1,30566.2,30250.15,30539.35,0.0258,0.0256,0.0258,0.4931
2019-09-24,NIFTY,11588.2,11600.2,11613.85,11607.3,0.0163,0.0166,0.0166,0.3163
2019-09-25,BANKNIFTY,29586.05,30183.1,29637.65,30250.15,0.0255,0.0253,0.0255,0.4871
2019-09-25,NIFTY,11440.2,11588.2,11469.1,11613.85,0.0161,0.0163,0.0163,0.3122
2019-09-26,BANKNIFTY,30002.6,29586.05,30002.6,29637.65,0.025,0.0247,0.025,0.4768
2019-09-26,NIFTY,11571.2,11440.2,11571.2,11469.1,0.0159,0.016,0.016,0.3055
2019-09-27,BANKNIFTY,29876.65,30002.6,30080.9,30002.6,0.0242,0.024,0.0242,0.4627
2019-09-27,NIFTY,11512.4,11571.2,11579.5,11571.2,0.0154,0.0155,0.0155,0.2963
2019-09-30,BANKNIFTY,29103.15,29876.65,29324.7,30080.9,0.0243,0.0241,0.0243,0.4651
2019-09-30,NIFTY,11474.45,11512.4,11534.6,11579.5,0.015,0.0151,0.0151,0.2878
2019-10-01,BANKNIFTY,28725.5,29103.15,28874.65,29324.7,0.0238,0.0237,0.0238,0.455
2019-10-01,NIFTY,11359.9,11474.45,11429.85,11534.6,0.0147,0.0148,0.0148,0.2823
2019-10-03,BANKNIFTY,28414.1,28725.5,28570.85,28874.65,0.0232,0.0231,0.0232,0.4441
2019-10-03,NIFTY,11314.0,11359.9,11361.8,11429.85,0.0143,0.0144,0.0144,0.2751
2019-10-04,BANKNIFTY,27731.85,28414.1,27853.75,28570.85,0.0233,0.0232,0.0233,0.4454
2019-10-04,NIFTY,11174.75,11314.0,11215.15,11361.8,0.0142,0.0143,0.0143,0.2736
2019-10-07,BANKNIFTY,27767.55,27731.85,27871.55,27853.75,0.0226,0.0225,0.0226,0.4318
2019-10-07,NIFTY,11126.4,11174.75,11162.0,11215.15,0.0138,0.0139,0.0139,0.2662
2019-10-09,BANKNIFTY,28785.85,27767.55,28874.05,27871.55,0.0236,0.0235,0.0236,0.4513
2019-10-09,NIFTY,11313.3,11126.4,11347.7,11162.0,0.014,0.0141,0.0141,0.2694
2019-10-10,BANKNIFTY,28013.45,28785.85,28106.6,28874.05,0.0239,0.0237,0.0239,0.4557
2019-10-10,NIFTY,11234.55,11313.3,11254.25,11347.7,0.0137,0.0138,0.0138,0.264
2019-10-11,BANKNIFTY,28042.5,28013.45,28138.6,28106.6,0.0231,0.023,0.0231,0.4419
2019-10-11,NIFTY,11305.05,11234.55,11311.7,11254.25,0.0134,0.0135,0.0135,0.2571
2019-10-14,BANKNIFTY,28181.95,28042.5,28209.8,28138.6,0.0225,0.0223,0.0225,0.429
2019-10-14,NIFTY,11341.15,11305.05,11336.3,11311.7,0.013,0.0131,0.0131,0.2494
2019-10-15,BANKNIFTY,28555.1,28181.95,28618.65,28209.8,0.022,0.0219,0.022,0.4205
2019-10-15,NIFTY,11428.3,11341.15,11439.4,11336.3,0.0127,0.0129,0.0129,0.2455
2019-10-16,BANKNIFTY,28538.8,28555.1,28604.75,28618.65,0.0213,0.0212,0.0213,0.4077
2019-10-16,NIFTY,11464.0,11428.3,11475.55,11439.4,0.0124,0.0125,0.0125,0.2385
2019-10-17,BANKNIFTY,28989.45,28538.8,29079.65,28604.75,0.021,0.021,0.021,0.402
2019-10-17,NIFTY,11586.35,11464.0,11600.65,11475.55,0.0123,0.0124,0.0124,0.2367
2019-10-18,BANKNIFTY,29120.25,28989.45,29152.35,29079.65,0.0204,0.0204,0.0204,0.3903
2019-10-18,NIFTY,11661.85,11586.35,11670.0,11600.65,0.012,0.0121,0.0121,0.2312
2019-10-22,BANKNIFTY,29411.15,29120.25,29492.5,29152.35,0.02,0.0199,0.02,0.3813
2019-10-22,NIFTY,11588.35,11661.85,11624.35,11670.0,0.0117,0.0118,0.0118,0.2249
2019-10-23,BANKNIFTY,29459.6,29411.15,29494.5,29492.5,0.0194,0.0193,0.0194,0.3698
2019-10-23,NIFTY,11604.1,11588.35,11624.7,11624.35,0.0114,0.0114,0.0114,0.2181
2019-10-24,BANKNIFTY,29107.95,29459.6,29180.5,29494.5,0.019,0.0189,0.019,0.3629
2019-10-24,NIFTY,11582.6,11604.1,11611.15,11624.7,0.011,0.0111,0.0111,0.2115
2019-10-25,BANKNIFTY,29395.95,29107.95,29431.85,29180.5,0.0186,0.0185,0.0186,0.3548
2019-10-25,NIFTY,11583.9,11582.6,11608.95,11611.15,0.0107,0.0107,0.0107,0.2051
2019-10-29,BANKNIFTY,29873.05,29516.3,29900.45,29497.3,0.0177,0.0177,0.0177,0.3387
2019-10-29,NIFTY,11786.85,11627.15,11795.45,11625.0,0.0106,0.0107,0.0107,0.2045
2019-10-30,BANKNIFTY,29987.5,29873.05,29986.45,29900.45,0.0172,0.0172,0.0172,0.3289
2019-10-30,NIFTY,11844.1,11786.85,11840.2,11795.45,0.0104,0.0104,0.0104,0.1991
2019-10-31,BANKNIFTY,30066.25,29987.5,30066.25,29986.45,0.0167,0.0166,0.0167,0.3191
2019-10-31,NIFTY,11877.45,11844.1,11877.45,11840.2,0.0101,0.0101,0.0101,0.1936
2019-11-01,BANKNIFTY,30330.55,30066.25,30374.1,30066.25,0.0163,0.0163,0.0163,0.3121
2019-11-01,NIFTY,11890.6,11877.45,11928.25,11877.45,0.0098,0.0099,0.0099,0.1887
2019-11-04,BANKNIFTY,30333.1,30330.55,30396.05,30374.1,0.0158,0.0158,0.0158,0.3026
2019-11-04,NIFTY,11941.3,11890.6,11979.7,11928.25,0.0095,0.0096,0.0096,0.1841
2019-11-05,BANKNIFTY,30219.85,30333.1,30294.15,30396.05,0.0154,0.0154,0.0154,0.2939
2019-11-05,NIFTY,11917.2,11941.3,11956.0,11979.7,0.0093,0.0094,0.0094,0.1787
2019-11-06,BANKNIFTY,30609.6,30219.85,30682.6,30294.15,0.0152,0.0152,0.0152,0.2912
2019-11-06,NIFTY,11966.05,11917.2,12008.05,11956.0,0.009,0.0091,0.0091,0.1745
2019-11-07,BANKNIFTY,30633.15,30609.6,30664.35,30682.6,0.0148,0.0148,0.0148,0.2823
2019-11-07,NIFTY,12012.05,11966.05,12047.95,12008.05,0.0088,0.0089,0.0089,0.1699
2019-11-08,BANKNIFTY,30749.4,30633.15,30759.0,30664.35,0.0144,0.0143,0.0144,0.2743
2019-11-08,NIFTY,11908.15,12012.05,11945.35,12047.95,0.0088,0.0089,0.0089,0.1695
2019-11-11,BANKNIFTY,31115.55,30749.4,31097.8,30759.0,0.0142,0.0142,0.0142,0.2717
2019-11-11,NIFTY,11913.45,11908.15,11943.7,11945.35,0.0085,0.0086,0.0086,0.1643
2019-11-13,BANKNIFTY,30541.55,31115.55,30585.6,31097.8,0.0145,0.0143,0.0145,0.2774
2019-11-13,NIFTY,11840.45,11913.45,11863.25,11943.7,0.0084,0.0085,0.0085,0.1624
2019-11-14,BANKNIFTY,30749.95,30541.55,30770.55,30585.6,0.0142,0.014,0.0142,0.2709
2019-11-14,NIFTY,11872.1,11840.45,11899.65,11863.25,0.0082,0.0083,0.0083,0.1581
2019-11-15,BANKNIFTY,31008.4,30749.95,31052.2,30770.55,0.0139,0.0137,0.0139,0.2655
2019-11-15,NIFTY,11895.45,11872.1,11942.6,11899.65,0.008,0.0081,0.0081,0.1543
2019-11-18,BANKNIFTY,30992.1,31008.4,31017.85,31052.2,0.0135,0.0133,0.0135,0.2574
2019-11-18,NIFTY,11884.5,11895.45,11920.9,11942.6,0.0077,0.0078,0.0078,0.1498
2019-11-19,BANKNIFTY,31236.25,30992.1,31259.65,31017.85,0.0132,0.013,0.0132,0.2523
2019-11-19,NIFTY,11940.1,11884.5,11969.15,11920.9,0.0076,0.0077,0.0077,0.1465
2019-11-20,BANKNIFTY,31353.85,31236.25,31321.25,31259.65,0.0128,0.0126,0.0128,0.2452
2019-11-20,NIFTY,11999.1,11940.1,12018.15,11969.15,0.0074,0.0075,0.0075,0.1433
2019-11-21,BANKNIFTY,31349.95,31353.85,31316.75,31321.25,0.0124,0.0123,0.0124,0.2378
2019-11-21,NIFTY,11968.4,11999.1,11974.55,12018.15,0.0072,0.0073,0.0073,0.14
2019-11-22,BANKNIFTY,31111.6,31349.95,31114.7,31316.75,0.0122,0.012,0.0122,0.2333
2019-11-22,NIFTY,11914.4,11968.4,11914.5,11974.55,0.0071,0.0072,0.0072,0.1377
2019-11-25,BANKNIFTY,31555.9,31111.6,31568.25,31114.7,0.0123,0.0122,0.0123,0.2357
2019-11-25,NIFTY,12073.75,11914.4,12096.3,11914.5,0.0076,0.0079,0.0079,0.1512
2019-11-26,BANKNIFTY,31718.35,31555.9,31648.9,31568.25,0.012,0.0118,0.012,0.2298
2019-11-26,NIFTY,12037.7,12073.75,12075.2,12096.3,0.0074,0.0077,0.0077,0.1468
2019-11-27,BANKNIFTY,31875.95,31718.35,31872.35,31648.9,0.0117,0.0116,0.0117,0.224
2019-11-27,NIFTY,12100.7,12037.7,12108.55,12075.2,0.0073,0.0075,0.0075,0.1429
2019-11-28,BANKNIFTY,32122.95,31875.95,32122.95,31872.35,0.0115,0.0114,0.0115,0.2201
2019-11-28,NIFTY,12151.15,12100.7,12151.15,12108.55,0.0072,0.0073,0.0073,0.1395
2019-11-29,BANKNIFTY,31946.1,32122.95,32003.85,32122.95,0.0113,0.0111,0.0113,0.215
2019-11-29,NIFTY,12056.05,12151.15,12099.85,12151.15,0.0072,0.0072,0.0072,0.1376
2019-12-02,BANKNIFTY,31871.45,31946.1,31921.35,32003.85,0.0109,0.0108,0.0109,0.2087
2019-12-02,NIFTY,12048.2,12056.05,12091.45,12099.85,0.007,0.0069,0.007,0.1334
2019-12-03,BANKNIFTY,31613.35,31871.45,31711.2,31921.35,0.0108,0.0106,0.0108,0.2059
2019-12-03,NIFTY,11994.2,12048.2,12046.45,12091.45,0.0069,0.0068,0.0069,0.1311
2019-12-04,BANKNIFTY,31979.3,31613.35,32080.9,31711.2,0.0108,0.0106,0.0108,0.2068
2019-12-04,NIFTY,12043.2,11994.2,12089.8,12046.45,0.0067,0.0066,0.0067,0.1285
2019-12-05,BANKNIFTY,31712.95,31979.3,31762.5,32080.9,0.0107,0.0106,0.0107,0.2043
2019-12-05,NIFTY,12018.4,12043.2,12047.7,12089.8,0.0065,0.0065,0.0065,0.1249
2019-12-06,BANKNIFTY,31341.55,31712.95,31418.3,31762.5,0.0108,0.0106,0.0108,0.2056
2019-12-06,NIFTY,11921.5,12018.4,11955.7,12047.7,0.0066,0.0066,0.0066,0.1269
2019-12-09,BANKNIFTY,31316.65,31341.55,31397.65,31418.3,0.0104,0.0103,0.0104,0.1994
2019-12-09,NIFTY,11937.5,11921.5,11966.7,11955.7,0.0064,0.0064,0.0064,0.1232
2019-12-10,BANKNIFTY,31160.35,31316.65,31226.55,31397.65,0.0102,0.0101,0.0102,0.1947
2019-12-10,NIFTY,11856.8,11937.5,11898.2,11966.7,0.0065,0.0063,0.0065,0.1236
2019-12-11,BANKNIFTY,31256.75,31160.35,31314.25,31226.55,0.0099,0.0098,0.0099,0.1893
2019-12-11,NIFTY,11910.15,11856.8,11938.15,11898.2,0.0064,0.0062,0.0064,0.1217
2019-12-12,BANKNIFTY,31665.45,31256.75,31717.0,31314.25,0.0101,0.01,0.0101,0.1934
2019-12-12,NIFTY,11971.8,11910.15,12028.65,11938.15,0.0063,0.0063,0.0063,0.1204
2019-12-13,BANKNIFTY,32014.25,31665.45,32102.7,31717.0,0.0102,0.0101,0.0102,0.1943
2019-12-13,NIFTY,12086.7,11971.8,12142.35,12028.65,0.0065,0.0065,0.0065,0.125
2019-12-16,BANKNIFTY,31974.2,32014.25,32010.3,32102.7,0.0099,0.0098,0.0099,0.1885
2019-12-16,NIFTY,12053.95,12086.7,12082.55,12142.35,0.0064,0.0064,0.0064,0.1229
2019-12-17,BANKNIFTY,32140.25,31974.2,32206.35,32010.3,0.0097,0.0097,0.0097,0.1844
2019-12-17,NIFTY,12165.0,12053.95,12187.15,12082.55,0.0066,0.0066,0.0066,0.1258
2019-12-18,BANKNIFTY,32244.25,32140.25,32279.3,32206.35,0.0094,0.0094,0.0094,0.1794
2019-12-18,NIFTY,12221.65,12165.0,12243.15,12187.15,0.0065,0.0065,0.0065,0.1239
2019-12-19,BANKNIFTY,32241.45,32244.25,32260.4,32279.3,0.0091,0.0091,0.0091,0.1739
2019-12-19,NIFTY,12259.7,12221.65,12268.95,12243.15,0.0063,0.0063,0.0063,0.1209
2019-12-20,BANKNIFTY,32384.95,32241.45,32378.4,32260.4,0.0089,0.0089,0.0089,0.1699
2019-12-20,NIFTY,12271.8,12259.7,12290.0,12268.95,0.0061,0.0061,0.0061,0.1173
2019-12-23,BANKNIFTY,32339.45,32384.95,32329.4,32378.4,0.0086,0.0086,0.0086,0.1649
2019-12-23,NIFTY,12262.75,12271.8,12276.45,12290.0,0.006,0.0059,0.006,0.1138
2019-12-24,BANKNIFTY,32280.75,32339.45,32307.75,32329.4,0.0084,0.0083,0.0084,0.1601
2019-12-24,NIFTY,12214.55,12262.75,12238.45,12276.45,0.0059,0.0058,0.0059,0.1119
2019-12-26,BANKNIFTY,31997.7,32280.75,31997.7,32307.75,0.0084,0.0084,0.0084,0.1608
2019-12-26,NIFTY,12126.55,12214.55,12126.55,12238.45,0.0059,0.0061,0.0061,0.116
2019-12-27,BANKNIFTY,32412.35,31997.7,32604.7,31997.7,0.0087,0.0094,0.0094,0.179
2019-12-27,NIFTY,12245.8,12126.55,12319.25,12126.55,0.0062,0.007,0.007,0.1345
2019-12-30,BANKNIFTY,32354.9,32412.35,32554.05,32604.7,0.0085,0.0091,0.0091,0.1737
2019-12-30,NIFTY,12255.85,12245.8,12329.3,12319.25,0.0061,0.0068,0.0068,0.1305
2019-12-31,BANKNIFTY,32161.65,32354.9,32366.05,32554.05,0.0084,0.0089,0.0089,0.1706
2019-12-31,NIFTY,12168.45,12255.85,12246.25,12329.3,0.0061,0.0068,0.0068,0.1304
2020-01-01,BANKNIFTY,32102.9,32161.65,32285.2,32366.05,0.0081,0.0087,0.0087,0.1658
2020-01-01,NIFTY,12182.5,12168.45,12243.8,12246.25,0.0059,0.0066,0.0066,0.1264
2020-01-02,BANKNIFTY,32443.85,32102.9,32579.15,32285.2,0.0083,0.0087,0.0087,0.1663
2020-01-02,NIFTY,12282.2,12182.5,12339.3,12243.8,0.0061,0.0067,0.0067,0.1279
2020-01-03,BANKNIFTY,32069.25,32443.85,32161.2,32579.15,0.0085,0.009,0.009,0.1722
2020-01-03,NIFTY,12226.65,12282.2,12256.45,12339.3,0.006,0.0067,0.0067,0.1279
2020-01-06,BANKNIFTY,31237.15,32069.25,31362.05,32161.2,0.0105,0.0107,0.0107,0.2043
2020-01-06,NIFTY,11993.05,12226.65,12043.7,12256.45,0.0075,0.0078,0.0078,0.1486
2020-01-07,BANKNIFTY,31399.4,31237.15,31492.8,31362.05,0.0102,0.0104,0.0104,0.199
2020-01-07,NIFTY,12052.95,11993.05,12106.7,12043.7,0.0074,0.0077,0.0077,0.1462
2020-01-08,BANKNIFTY,31373.65,31399.4,31444.05,31492.8,0.0099,0.0101,0.0101,0.1931
2020-01-08,NIFTY,12025.35,12052.95,12063.5,12106.7,0.0072,0.0075,0.0075,0.1427
2020-01-09,BANKNIFTY,32092.4,31373.65,32152.65,31444.05,0.0111,0.0112,0.0112,0.2143
2020-01-09,NIFTY,12215.9,12025.35,12269.75,12063.5,0.008,0.0083,0.0083,0.1595
2020-01-10,BANKNIFTY,32097.4,32092.4,32122.75,32152.65,0.0108,0.0109,0.0109,0.2078
2020-01-10,NIFTY,12256.8,12215.9,12290.0,12269.75,0.0078,0.0081,0.0081,0.1548
2020-01-13,BANKNIFTY,32177.65,32097.4,32242.25,32122.75,0.0105,0.0106,0.0106,0.2022
2020-01-13,NIFTY,12329.55,12256.8,12362.15,12290.0,0.0077,0.008,0.008,0.1526
2020-01-14,BANKNIFTY,32071.65,32177.65,32169.05,32242.25,0.0102,0.0103,0.0103,0.1963
2020-01-14,NIFTY,12362.3,12329.55,12397.0,12362.15,0.0075,0.0078,0.0078,0.1485
2020-01-15,BANKNIFTY,31824.9,32071.65,31943.85,32169.05,0.01,0.0101,0.0101,0.1932
2020-01-15,NIFTY,12343.3,12362.3,12378.05,12397.0,0.0072,0.0075,0.0075,0.1442
2020-01-16,BANKNIFTY,31853.9,31824.9,31935.7,31943.85,0.0097,0.0098,0.0098,0.1873
2020-01-16,NIFTY,12355.5,12343.3,12374.35,12378.05,0.007,0.0073,0.0073,0.1398
2020-01-17,BANKNIFTY,31590.65,31853.9,31723.75,31935.7,0.0097,0.0096,0.0097,0.1845
2020-01-17,NIFTY,12352.35,12355.5,12384.65,12374.35,0.0068,0.0071,0.0071,0.1356
2020-01-20,BANKNIFTY,31080.65,31590.65,31181.85,31723.75,0.0102,0.0103,0.0103,0.196
2020-01-20,NIFTY,12224.55,12352.35,12263.15,12384.65,0.0071,0.0073,0.0073,0.1393
2020-01-21,BANKNIFTY,30947.55,31080.65,31042.8,31181.85,0.0099,0.01,0.01,0.1912
2020-01-21,NIFTY,12169.85,12224.55,12203.1,12263.15,0.0069,0.0072,0.0072,0.137
2020-01-22,BANKNIFTY,30701.45,30947.55,30802.85,31042.8,0.0098,0.0099,0.0099,0.1889
2020-01-22,NIFTY,12106.9,12169.85,12145.25,12203.1,0.0069,0.007,0.007,0.1347
2020-01-23,BANKNIFTY,31004.05,30701.45,31090.1,30802.85,0.0098,0.0099,0.0099,0.1882
2020-01-23,NIFTY,12180.35,12106.9,12201.0,12145.25,0.0068,0.0069,0.0069,0.1323
2020-01-24,BANKNIFTY,31241.75,31004.05,31330.35,31090.1,0.0097,0.0097,0.0097,0.186
2020-01-24,NIFTY,12248.25,12180.35,12271.6,12201.0,0.0067,0.0069,0.0069,0.1311
2020-01-27,BANKNIFTY,30837.4,31241.75,30879.05,31330.35,0.0099,0.0101,0.0101,0.1927
2020-01-27,NIFTY,12119.0,12248.25,12125.7,12271.6,0.007,0.0073,0.0073,0.1389
2020-01-28,BANKNIFTY,30761.4,30837.4,30771.6,30879.05,0.0096,0.0098,0.0098,0.1875
2020-01-28,NIFTY,12055.8,12119.0,12068.0,12125.7,0.0069,0.0071,0.0071,0.1365
2020-01-29,BANKNIFTY,30877.0,30761.4,30905.55,30771.6,0.0094,0.0096,0.0096,0.1829
2020-01-29,NIFTY,12129.5,12055.8,12121.55,12068.0,0.0069,0.007,0.007,0.134
2020-01-30,BANKNIFTY,30647.4,30877.0,30647.4,30905.55,0.0093,0.0095,0.0095,0.1817
2020-01-30,NIFTY,12035.8,12129.5,12035.8,12121.55,0.0069,0.007,0.007,0.1341
2020-01-31,BANKNIFTY,30833.6,30647.4,30937.3,30647.4,0.0091,0.0095,0.0095,0.1816
2020-01-31,NIFTY,11962.1,12035.8,11994.3,12035.8,0.0069,0.0069,0.0069,0.1318
2020-02-03,BANKNIFTY,30023.25,29820.9,30032.15,29873.4,0.0118,0.0123,0.0123,0.2344
2020-02-03,NIFTY,11707.9,11661.85,11703.15,11654.9,0.0089,0.0094,0.0094,0.1803
2020-02-04,BANKNIFTY,30686.7,30023.25,30718.45,30032.15,0.0126,0.0131,0.0131,0.2507
2020-02-04,NIFTY,11979.65,11707.9,11964.25,11703.15,0.0103,0.0106,0.0106,0.203
2020-02-05,BANKNIFTY,31001.95,30686.7,31050.35,30718.45,0.0125,0.013,0.013,0.2482
2020-02-05,NIFTY,12089.15,11979.65,12086.3,11964.25,0.0102,0.0106,0.0106,0.2025
2020-02-06,BANKNIFTY,31304.05,31001.95,31332.85,31050.35,0.0124,0.0128,0.0128,0.2443
2020-02-06,NIFTY,12137.95,12089.15,12136.35,12086.3,0.01,0.0103,0.0103,0.1972
2020-02-07,BANKNIFTY,31201.95,31304.05,31240.4,31332.85,0.012,0.0124,0.0124,0.2373
2020-02-07,NIFTY,12098.35,12137.95,12095.9,12136.35,0.0097,0.01,0.01,0.1919
2020-02-10,BANKNIFTY,31058.15,31201.95,31109.85,31240.4,0.0117,0.0121,0.0121,0.2309
2020-02-10,NIFTY,12031.5,12098.35,12040.05,12095.9,0.0095,0.0098,0.0098,0.1873
2020-02-11,BANKNIFTY,31300.6,31058.15,31383.3,31109.85,0.0115,0.0119,0.0119,0.2276
2020-02-11,NIFTY,12107.9,12031.5,12126.85,12040.05,0.0093,0.0097,0.0097,0.1847
2020-02-12,BANKNIFTY,31492.9,31300.6,31566.9,31383.3,0.0112,0.0116,0.0116,0.2223
2020-02-12,NIFTY,12201.2,12107.9,12228.45,12126.85,0.0093,0.0096,0.0096,0.1832
2020-02-13,BANKNIFTY,31230.25,31492.9,31231.35,31566.9,0.0111,0.0116,0.0116,0.2213
2020-02-13,NIFTY,12174.65,12201.2,12174.6,12228.45,0.009,0.0094,0.0094,0.1789
2020-02-14,BANKNIFTY,30834.8,31230.25,30902.1,31231.35,0.0112,0.0115,0.0115,0.2202
2020-02-14,NIFTY,12113.45,12174.65,12129.65,12174.6,0.0088,0.0091,0.0091,0.1743
2020-02-17,BANKNIFTY,30680.7,30834.8,30776.35,30902.1,0.0109,0.0112,0.0112,0.2143
2020-02-17,NIFTY,12045.8,12113.45,12074.45,12129.65,0.0086,0.0089,0.0089,0.1703
2020-02-18,BANKNIFTY,30562.5,30680.7,30581.4,30776.35,0.0106,0.011,0.011,0.2099
2020-02-18,NIFTY,11992.5,12045.8,12006.1,12074.45,0.0084,0.0088,0.0088,0.1672
2020-02-19,BANKNIFTY,30838.2,30562.5,30856.4,30581.4,0.0105,0.0109,0.0109,0.2078
2020-02-19,NIFTY,12125.9,11992.5,12142.7,12006.1,0.0086,0.0089,0.0089,0.1706
2020-02-20,BANKNIFTY,30942.85,30838.2,30938.7,30856.4,0.0103,0.0106,0.0106,0.2018
2020-02-20,NIFTY,12080.85,12125.9,12079.0,12142.7,0.0084,0.0088,0.0088,0.1672
2020-02-24,BANKNIFTY,30455.1,30942.85,30423.0,30938.7,0.0107,0.011,0.011,0.2109
2020-02-24,NIFTY,11829.4,12080.85,11827.55,12079.0,0.0096,0.0099,0.0099,0.1897
2020-02-25,BANKNIFTY,30432.7,30455.1,30467.9,30423.0,0.0104,0.0107,0.0107,0.2046
2020-02-25,NIFTY,11797.9,11829.4,11816.55,11827.55,0.0094,0.0096,0.0096,0.1839
2020-02-26,BANKNIFTY,30306.85,30432.7,30315.5,30467.9,0.0101,0.0105,0.0105,0.1998
2020-02-26,NIFTY,11678.5,11797.9,11695.65,11816.55,0.0094,0.0097,0.0097,0.1847
2020-02-27,BANKNIFTY,30187.0,30306.85,30187.0,30315.5,0.0098,0.0102,0.0102,0.1947
2020-02-27,NIFTY,11633.3,11678.5,11633.3,11695.65,0.0092,0.0095,0.0095,0.1808
2020-02-28,BANKNIFTY,29147.15,30187.0,29053.9,30187.0,0.0128,0.0136,0.0136,0.2602
2020-02-28,NIFTY,11201.75,11633.3,11149.15,11633.3,0.0129,0.0139,0.0139,0.2652
2020-03-02,BANKNIFTY,28868.4,29147.15,28885.15,29053.9,0.0127,0.0133,0.0133,0.2537
2020-03-02,NIFTY,11132.75,11201.75,11123.7,11149.15,0.0126,0.0135,0.0135,0.2573
2020-03-03,BANKNIFTY,29177.05,28868.4,29223.75,28885.15,0.0125,0.0132,0.0132,0.252
2020-03-03,NIFTY,11303.3,11132.75,11294.75,11123.7,0.0127,0.0136,0.0136,0.2595
2020-03-04,BANKNIFTY,28653.7,29177.05,28753.0,29223.75,0.0129,0.0134,0.0134,0.2558
2020-03-04,NIFTY,11251.0,11303.3,11247.1,11294.75,0.0124,0.0132,0.0132,0.2524
2020-03-05,BANKNIFTY,28815.35,28653.7,28829.3,28753.0,0.0126,0.013,0.013,0.2483
2020-03-05,NIFTY,11269.0,11251.0,11255.35,11247.1,0.012,0.0128,0.0128,0.2447
2020-03-06,BANKNIFTY,27801.45,28815.35,27782.95,28829.3,0.0151,0.0155,0.0155,0.2965
2020-03-06,NIFTY,10989.45,11269.0,10939.9,11255.35,0.0132,0.0142,0.0142,0.272
2020-03-09,BANKNIFTY,26462.6,27801.45,26525.75,27782.95,0.019,0.0188,0.019,0.3622
2020-03-09,NIFTY,10451.45,10989.45,10462.35,10939.9,0.0177,0.0176,0.0177,0.3387
2020-03-11,BANKNIFTY,26487.8,26462.6,26490.4,26525.75,0.0184,0.0183,0.0184,0.3512
2020-03-11,NIFTY,10458.4,10451.45,10450.75,10462.35,0.0172,0.0171,0.0172,0.3284
2020-03-12,BANKNIFTY,23971.15,26487.8,23845.05,26490.4,0.0303,0.0313,0.0313,0.5974
2020-03-12,NIFTY,9590.15,10458.4,9546.6,10450.75,0.027,0.0277,0.0277,0.5285
2020-03-13,BANKNIFTY,25166.45,23971.15,25028.9,23845.05,0.0317,0.0326,0.0326,0.622
2020-03-13,NIFTY,9955.2,9590.15,9897.7,9546.6,0.0277,0.0282,0.0282,0.5396
2020-03-16,BANKNIFTY,23101.15,25166.45,22960.75,25028.9,0.0372,0.038,0.038,0.7257
2020-03-16,NIFTY,9197.4,9955.2,9118.45,9897.7,0.0331,0.034,0.034,0.6488
2020-03-17,BANKNIFTY,22155.15,23101.15,22037.05,22960.75,0.0375,0.0382,0.0382,0.7293
2020-03-17,NIFTY,8967.05,9197.4,8915.6,9118.45,0.0327,0.0334,0.0334,0.6378
2020-03-18,BANKNIFTY,20580.2,22155.15,20517.95,22037.05,0.0406,0.0409,0.0409,0.7821
2020-03-18,NIFTY,8468.8,8967.05,8433.7,8915.6,0.0347,0.0351,0.0351,0.6708
2020-03-19,BANKNIFTY,20083.5,20580.2,20028.5,20517.95,0.0398,0.0401,0.0401,0.7667
2020-03-19,NIFTY,8263.45,8468.8,8205.9,8433.7,0.0342,0.0347,0.0347,0.6629
2020-03-20,BANKNIFTY,20317.6,20083.5,20294.35,20028.5,0.0387,0.039,0.039,0.7459
2020-03-20,NIFTY,8745.45,8263.45,8723.1,8205.9,0.0359,0.0368,0.0368,0.7035
2020-03-23,BANKNIFTY,16917.65,20317.6,16881.05,20294.35,0.0585,0.0589,0.0589,1.125
2020-03-23,NIFTY,7610.25,8745.45,7581.55,8723.1,0.0487,0.0495,0.0495,0.9466
2020-03-24,BANKNIFTY,17107.3,16917.65,16929.75,16881.05,0.0568,0.0571,0.0571,1.0908
2020-03-24,NIFTY,7801.05,7610.25,7849.9,7581.55,0.0476,0.0488,0.0488,0.9321
2020-03-25,BANKNIFTY,18481.05,17107.3,18487.0,16929.75,0.0582,0.0594,0.0594,1.1349
2020-03-25,NIFTY,8317.85,7801.05,8362.2,7849.9,0.0488,0.0498,0.0498,0.9509
2020-03-26,BANKNIFTY,19613.9,18481.05,19613.9,18487.0,0.0583,0.0594,0.0594,1.1347
2020-03-26,NIFTY,8641.45,8317.85,8641.45,8362.2,0.0482,0.0489,0.0489,0.9346
2020-03-27,BANKNIFTY,19969.0,19613.9,19778.65,19613.9,0.0567,0.0576,0.0576,1.1008
2020-03-27,NIFTY,8660.25,8641.45,8651.4,8641.45,0.0467,0.0474,0.0474,0.9062
2020-03-30,BANKNIFTY,18782.4,19969.0,18799.55,19778.65,0.057,0.0572,0.0572,1.0934
2020-03-30,NIFTY,8281.1,8660.25,8290.15,8651.4,0.0466,0.0472,0.0472,0.9009
2020-03-31,BANKNIFTY,19144.0,18782.4,19135.5,18799.55,0.0554,0.0557,0.0557,1.0633
2020-03-31,NIFTY,8597.75,8281.1,8620.95,8290.15,0.0461,0.0467,0.0467,0.8925
2020-04-01,BANKNIFTY,18208.35,19144.0,18171.2,19135.5,0.0551,0.0554,0.0554,1.0589
2020-04-01,NIFTY,8253.8,8597.75,8257.3,8620.95,0.0458,0.0465,0.0465,0.8885
2020-04-03,BANKNIFTY,17249.3,18208.35,17175.8,18171.2,0.055,0.0555,0.0555,1.06
2020-04-03,NIFTY,8083.8,8253.8,8084.5,8257.3,0.0447,0.0454,0.0454,0.8671
2020-04-07,BANKNIFTY,19062.5,17249.3,19172.0,17175.8,0.0587,0.0602,0.0602,1.1493
2020-04-07,NIFTY,8792.2,8083.8,8875.85,8084.5,0.048,0.0496,0.0496,0.9475
2020-04-08,BANKNIFTY,18946.45,19062.5,18889.5,19172.0,0.057,0.0584,0.0584,1.1165
2020-04-08,NIFTY,8748.75,8792.2,8750.55,8875.85,0.0465,0.0482,0.0482,0.921
2020-04-09,BANKNIFTY,19913.6,18946.45,19768.3,18889.5,0.0565,0.0577,0.0577,1.1032
2020-04-09,NIFTY,9111.9,8748.75,9086.7,8750.55,0.0462,0.0476,0.0476,0.9102
2020-04-13,BANKNIFTY,19488.0,19913.6,19484.1,19768.3,0.0551,0.0561,0.0561,1.0717
2020-04-13,NIFTY,8993.85,9111.9,9011.1,9086.7,0.0449,0.0462,0.0462,0.8834
2020-04-15,BANKNIFTY,19057.05,19488.0,18989.7,19484.1,0.0537,0.0547,0.0547,1.046
2020-04-15,NIFTY,8925.3,8993.85,8930.3,9011.1,0.0436,0.0449,0.0449,0.8575
2020-04-16,BANKNIFTY,19400.0,19057.05,19424.3,18989.7,0.0522,0.0534,0.0534,1.0196
2020-04-16,NIFTY,8992.8,8925.3,9035.45,8930.3,0.0423,0.0436,0.0436,0.8332
2020-04-17,BANKNIFTY,20681.45,19400.0,20748.8,19424.3,0.053,0.0542,0.0542,1.0357
2020-04-17,NIFTY,9266.75,8992.8,9311.3,9035.45,0.0417,0.0429,0.0429,0.82
2020-04-20,BANKNIFTY,20522.65,20681.45,20482.2,20748.8,0.0514,0.0527,0.0527,1.0059
2020-04-20,NIFTY,9261.85,9266.75,9260.5,9311.3,0.0404,0.0416,0.0416,0.7954
2020-04-21,BANKNIFTY,19409.35,20522.65,19333.85,20482.2,0.0517,0.053,0.053,1.012
2020-04-21,NIFTY,8981.45,9261.85,8971.6,9260.5,0.0399,0.0411,0.0411,0.7853
2020-04-22,BANKNIFTY,19701.85,19409.35,19677.4,19333.85,0.0503,0.0515,0.0515,0.9846
2020-04-22,NIFTY,9187.3,8981.45,9188.3,8971.6,0.0391,0.0403,0.0403,0.7695
2020-04-23,BANKNIFTY,20267.95,19701.85,20182.75,19677.4,0.0492,0.0504,0.0504,0.9619
2020-04-23,NIFTY,9313.9,9187.3,9296.75,9188.3,0.038,0.0392,0.0392,0.7481
2020-04-24,BANKNIFTY,19586.65,20267.95,19517.1,20182.75,0.0484,0.0495,0.0495,0.9458
2020-04-24,NIFTY,9154.4,9313.9,9138.25,9296.75,0.0371,0.0382,0.0382,0.7298
2020-04-27,BANKNIFTY,20081.15,19586.65,20107.1,19517.1,0.0474,0.0485,0.0485,0.9275
2020-04-27,NIFTY,9282.3,9154.4,9295.15,9138.25,0.0361,0.0373,0.0373,0.712
2020-04-28,BANKNIFTY,20671.1,20081.15,20676.1,20107.1,0.0465,0.0476,0.0476,0.9087
2020-04-28,NIFTY,9380.9,9282.3,9397.75,9295.15,0.0351,0.0362,0.0362,0.6922
2020-04-29,BANKNIFTY,21090.2,20671.1,21128.1,20676.1,0.0453,0.0464,0.0464,0.8868
2020-04-29,NIFTY,9553.35,9380.9,9549.15,9397.75,0.0344,0.0353,0.0353,0.6753
2020-04-30,BANKNIFTY,21534.5,21090.2,21534.5,21128.1,0.0442,0.0452,0.0452,0.8644
2020-04-30,NIFTY,9859.9,9553.35,9859.9,9549.15,0.0342,0.0352,0.0352,0.6716
2020-05-04,BANKNIFTY,19743.75,21534.5,19632.75,21534.5,0.0479,0.0494,0.0494,0.9431
2020-05-04,NIFTY,9293.5,9859.9,9285.9,9859.9,0.0362,0.0371,0.0371,0.7091
2020-05-05,BANKNIFTY,19271.75,19743.75,19246.35,19632.75,0.0468,0.0481,0.0481,0.9191
2020-05-05,NIFTY,9205.6,9293.5,9208.6,9285.9,0.0352,0.036,0.036,0.6886
2020-05-06,BANKNIFTY,19694.55,19271.75,19671.95,19246.35,0.0457,0.047,0.047,0.897
2020-05-06,NIFTY,9270.9,9205.6,9280.7,9208.6,0.0341,0.035,0.035,0.6686
2020-05-07,BANKNIFTY,19491.8,19694.55,19505.3,19671.95,0.0444,0.0456,0.0456,0.8706
2020-05-07,NIFTY,9199.05,9270.9,9204.25,9280.7,0.0331,0.034,0.034,0.6494
2020-05-08,BANKNIFTY,19352.9,19491.8,19284.65,19505.3,0.043,0.0443,0.0443,0.8457
2020-05-08,NIFTY,9251.5,9199.05,9236.65,9204.25,0.0322,0.033,0.033,0.6298
2020-05-11,BANKNIFTY,18950.5,19352.9,18914.4,19284.65,0.042,0.0432,0.0432,0.825
2020-05-11,NIFTY,9239.2,9251.5,9225.15,9236.65,0.0312,0.032,0.032,0.6107
2020-05-12,BANKNIFTY,18862.85,18950.5,18839.1,18914.4,0.0408,0.0419,0.0419,0.8
2020-05-12,NIFTY,9196.55,9239.2,9212.35,9225.15,0.0303,0.031,0.031,0.5921
2020-05-13,BANKNIFTY,19634.95,18862.85,19617.0,18839.1,0.0407,0.0418,0.0418,0.7985
2020-05-13,NIFTY,9383.55,9196.55,9393.55,9212.35,0.0297,0.0304,0.0304,0.5813
2020-05-14,BANKNIFTY,19068.5,19634.95,19038.75,19617.0,0.0401,0.0412,0.0412,0.7867
2020-05-14,NIFTY,9142.75,9383.55,9143.9,9393.55,0.0295,0.0302,0.0302,0.5775
2020-05-15,BANKNIFTY,18833.95,19068.5,18807.7,19038.75,0.039,0.04,0.04,0.7649
2020-05-15,NIFTY,9136.85,9142.75,9137.1,9143.9,0.0286,0.0293,0.0293,0.5599
2020-05-18,BANKNIFTY,17573.2,18833.95,17531.6,18807.7,0.0415,0.0425,0.0425,0.8112
2020-05-18,NIFTY,8823.25,9136.85,8825.85,9137.1,0.0291,0.0297,0.0297,0.5666
2020-05-19,BANKNIFTY,17486.25,17573.2,17438.75,17531.6,0.0402,0.0412,0.0412,0.7869
2020-05-19,NIFTY,8879.1,8823.25,8884.1,8825.85,0.0282,0.0288,0.0288,0.5502
2020-05-20,BANKNIFTY,17840.2,17486.25,17836.65,17438.75,0.0393,0.0403,0.0403,0.7702
2020-05-20,NIFTY,9066.55,8879.1,9066.65,8884.1,0.0278,0.0284,0.0284,0.5418
2020-05-21,BANKNIFTY,17735.1,17840.2,17644.85,17836.65,0.0381,0.0392,0.0392,0.7484
2020-05-21,NIFTY,9106.25,9066.55,9075.1,9066.65,0.027,0.0275,0.0275,0.5253
2020-05-22,BANKNIFTY,17278.9,17735.1,17216.1,17644.85,0.0375,0.0385,0.0385,0.7347
2020-05-22,NIFTY,9039.25,9106.25,9027.8,9075.1,0.0262,0.0267,0.0267,0.5099
2020-05-26,BANKNIFTY,17440.35,17278.9,17445.15,17216.1,0.0365,0.0374,0.0374,0.715
2020-05-26,NIFTY,9029.05,9039.25,9034.0,9027.8,0.0254,0.0259,0.0259,0.4944
2020-05-27,BANKNIFTY,18710.55,17440.35,18663.05,17445.15,0.0393,0.0399,0.0399,0.7618
2020-05-27,NIFTY,9314.95,9029.05,9309.4,9034.0,0.0258,0.0261,0.0261,0.4995
2020-05-28,BANKNIFTY,19169.8,18710.55,19169.8,18663.05,0.0386,0.0392,0.0392,0.7491
2020-05-28,NIFTY,9490.1,9314.95,9490.1,9309.4,0.0254,0.0258,0.0258,0.4926
2020-05-29,BANKNIFTY,19297.25,19169.8,19099.2,19169.8,0.0374,0.038,0.038,0.7265
2020-05-29,NIFTY,9580.3,9490.1,9494.1,9490.1,0.0248,0.025,0.025,0.4776
2020-06-01,BANKNIFTY,19959.9,19297.25,19894.1,19099.2,0.0254,0.0257,0.0257,0.4917
2020-06-01,NIFTY,9826.15,9580.3,9791.0,9494.1,0.0195,0.0197,0.0197,0.3766
2020-06-02,BANKNIFTY,20530.2,19959.9,20466.35,19894.1,0.0255,0.0257,0.0257,0.4919
2020-06-02,NIFTY,9979.1,9826.15,9962.95,9791.0,0.0195,0.0197,0.0197,0.3764
2020-06-03,BANKNIFTY,20940.7,20530.2,20882.4,20466.35,0.0254,0.0257,0.0257,0.4915
2020-06-03,NIFTY,10061.55,9979.1,10071.8,9962.95,0.0195,0.0197,0.0197,0.3758
2020-06-04,BANKNIFTY,20390.45,20940.7,20379.95,20882.4,0.0254,0.0257,0.0257,0.4913
2020-06-04,NIFTY,10029.1,10061.55,10017.65,10071.8,0.0194,0.0196,0.0196,0.3749
2020-06-05,BANKNIFTY,21034.5,20390.45,21016.4,20379.95,0.0255,0.0257,0.0257,0.4919
2020-06-05,NIFTY,10142.15,10029.1,10145.5,10017.65,0.0194,0.0196,0.0196,0.3744
2020-06-08,BANKNIFTY,21187.35,21034.5,21161.6,21016.4,0.0254,0.0257,0.0257,0.4907
2020-06-08,NIFTY,10167.45,10142.15,10165.35,10145.5,0.0193,0.0195,0.0195,0.3734
2020-06-09,BANKNIFTY,20724.9,21187.35,20677.85,21161.6,0.0254,0.0257,0.0257,0.4905
2020-06-09,NIFTY,10046.65,10167.45,10034.0,10165.35,0.0193,0.0195,0.0195,0.3729
2020-06-10,BANKNIFTY,21100.1,20724.9,21119.4,20677.85,0.0254,0.0257,0.0257,0.4901
2020-06-10,NIFTY,10116.15,10046.65,10118.7,10034.0,0.0193,0.0195,0.0195,0.3722
2020-06-11,BANKNIFTY,20525.15,21100.1,20508.85,21119.4,0.0254,0.0257,0.0257,0.4905
2020-06-11,NIFTY,9902.0,10116.15,9894.55,10118.7,0.0193,0.0195,0.0195,0.3725
2020-06-12,BANKNIFTY,20654.55,20525.15,20624.5,20508.85,0.0253,0.0256,0.0256,0.4893
2020-06-12,NIFTY,9972.9,9902.0,9955.35,9894.55,0.0192,0.0195,0.0195,0.3716
2020-06-15,BANKNIFTY,19912.9,20654.55,19911.5,20624.5,0.0254,0.0257,0.0257,0.4904
2020-06-15,NIFTY,9813.7,9972.9,9813.75,9955.35,0.0192,0.0194,0.0194,0.3712
2020-06-16,BANKNIFTY,20296.7,19912.9,20254.35,19911.5,0.0254,0.0256,0.0256,0.4897
2020-06-16,NIFTY,9914.0,9813.7,9897.85,9813.75,0.0192,0.0194,0.0194,0.3704
2020-06-17,BANKNIFTY,20201.75,20296.7,20147.55,20254.35,0.0253,0.0256,0.0256,0.4885
2020-06-17,NIFTY,9881.15,9914.0,9854.55,9897.85,0.0191,0.0193,0.0193,0.3696
2020-06-18,BANKNIFTY,20956.3,20201.75,20912.65,20147.55,0.0254,0.0256,0.0256,0.4899
2020-06-18,NIFTY,10091.65,9881.15,10071.9,9854.55,0.0191,0.0194,0.0194,0.3698
2020-06-19,BANKNIFTY,21338.1,20956.3,21308.85,20912.65,0.0253,0.0256,0.0256,0.4893
2020-06-19,NIFTY,10244.4,10091.65,10235.55,10071.9,0.0191,0.0193,0.0193,0.3695
2020-06-22,BANKNIFTY,21708.35,21338.1,21697.0,21308.85,0.0253,0.0256,0.0256,0.4887
2020-06-22,NIFTY,10311.2,10244.4,10288.2,10235.55,0.0191,0.0193,0.0193,0.3687
2020-06-23,BANKNIFTY,22264.9,21708.35,22291.75,21697.0,0.0253,0.0256,0.0256,0.4889
2020-06-23,NIFTY,10471.0,10311.2,10467.7,10288.2,0.0191,0.0193,0.0193,0.3685
2020-06-24,BANKNIFTY,21426.8,22264.9,21400.6,22291.75,0.0254,0.0257,0.0257,0.4907
2020-06-24,NIFTY,10305.3,10471.0,10295.65,10467.7,0.019,0.0193,0.0193,0.3683
2020-06-25,BANKNIFTY,21506.15,21426.8,21439.55,21375.35,0.0253,0.0256,0.0256,0.4895
2020-06-25,NIFTY,10288.9,10305.3,10245.65,10280.75,0.019,0.0192,0.0192,0.3674
2020-06-26,BANKNIFTY,21592.05,21506.15,21462.15,21439.55,0.0253,0.0256,0.0256,0.4883
2020-06-26,NIFTY,10383.0,10288.9,10318.0,10245.65,0.019,0.0192,0.0192,0.3666
2020-06-29,BANKNIFTY,21359.0,21592.05,21235.2,21462.15,0.0252,0.0255,0.0255,0.4873
2020-06-29,NIFTY,10312.4,10383.0,10255.8,10318.0,0.0189,0.0191,0.0191,0.3657
2020-06-30,BANKNIFTY,21370.15,21359.0,21213.85,21235.2,0.0251,0.0254,0.0254,0.4861
2020-06-30,NIFTY,10302.1,10312.4,10240.25,10255.8,0.0189,0.0191,0.0191,0.3648
2020-07-01,BANKNIFTY,21977.6,21370.15,21930.45,21213.85,0.0252,0.0255,0.0255,0.4869
2020-07-01,NIFTY,10430.05,10302.1,10408.3,10240.25,0.0188,0.0191,0.0191,0.3646
2020-07-02,BANKNIFTY,21953.2,21977.6,21977.3,21930.45,0.0251,0.0254,0.0254,0.4857
2020-07-02,NIFTY,10551.7,10430.05,10539.7,10408.3,0.0188,0.0191,0.0191,0.3641
2020-07-03,BANKNIFTY,21852.4,21953.2,21843.9,21977.3,0.025,0.0254,0.0254,0.4846
2020-07-03,NIFTY,10607.35,10551.7,10572.45,10539.7,0.0188,0.019,0.019,0.3632
2020-07-06,BANKNIFTY,22198.95,21852.4,22226.3,21843.9,0.025,0.0253,0.0253,0.4839
2020-07-06,NIFTY,10763.65,10607.35,10754.85,10572.45,0.0188,0.019,0.019,0.363
2020-07-07,BANKNIFTY,22628.0,22198.95,22603.3,22226.3,0.025,0.0253,0.0253,0.4832
2020-07-07,NIFTY,10799.65,10763.65,10766.65,10754.85,0.0187,0.019,0.019,0.3621
2020-07-08,BANKNIFTY,22584.65,22628.0,22610.75,22603.3,0.0249,0.0252,0.0252,0.482
2020-07-08,NIFTY,10705.75,10799.65,10696.3,10766.65,0.0187,0.0189,0.0189,0.3613
2020-07-09,BANKNIFTY,22907.2,22584.65,22908.1,22610.75,0.0249,0.0252,0.0252,0.4812
2020-07-09,NIFTY,10813.45,10705.75,10823.55,10696.3,0.0186,0.0189,0.0189,0.3607
2020-07-10,BANKNIFTY,22398.45,22907.2,22435.85,22908.1,0.0249,0.0252,0.0252,0.4808
2020-07-10,NIFTY,10768.05,10813.45,10766.65,10823.55,0.0186,0.0188,0.0188,0.3599
2020-07-13,BANKNIFTY,22089.25,22398.45,22174.55,22435.85,0.0248,0.0251,0.0251,0.4798
2020-07-13,NIFTY,10802.7,10768.05,10807.55,10766.65,0.0186,0.0188,0.0188,0.3591
2020-07-14,BANKNIFTY,21392.2,22089.25,21396.5,22174.55,0.0248,0.0252,0.0252,0.4811
2020-07-14,NIFTY,10607.35,10802.7,10613.85,10807.55,0.0186,0.0188,0.0188,0.359
2020-07-15,BANKNIFTY,21340.75,21392.2,21320.95,21396.5,0.0248,0.0251,0.0251,0.4799
2020-07-15,NIFTY,10618.2,10607.35,10628.25,10613.85,0.0185,0.0187,0.0187,0.3581
2020-07-16,BANKNIFTY,21597.15,21340.75,21571.3,21320.95,0.0247,0.0251,0.0251,0.4789
2020-07-16,NIFTY,10739.95,10618.2,10713.85,10628.25,0.0185,0.0187,0.0187,0.3574
2020-07-17,BANKNIFTY,21966.8,21597.15,21971.1,21571.3,0.0247,0.025,0.025,0.4784
2020-07-17,NIFTY,10901.7,10739.95,10905.05,10713.85,0.0185,0.0187,0.0187,0.3573
2020-07-20,BANKNIFTY,22321.85,21966.8,22287.3,21971.1,0.0247,0.025,0.025,0.4776
2020-07-20,NIFTY,11022.2,10901.7,11008.6,10905.05,0.0184,0.0187,0.0187,0.3566
2020-07-21,BANKNIFTY,22782.0,22321.85,22815.75,22287.3,0.0247,0.025,0.025,0.4774
2020-07-21,NIFTY,11162.25,11022.2,11170.55,11008.6,0.0184,0.0186,0.0186,0.3563
2020-07-22,BANKNIFTY,22882.6,22782.0,22803.8,22815.75,0.0246,0.0249,0.0249,0.4762
2020-07-22,NIFTY,11132.6,11162.25,11110.55,11170.55,0.0184,0.0186,0.0186,0.3554
2020-07-23,BANKNIFTY,23083.9,22882.6,23095.25,22803.8,0.0245,0.0249,0.0249,0.4753
2020-07-23,NIFTY,11215.45,11132.6,11207.55,11110.55,0.0183,0.0186,0.0186,0.3547
2020-07-24,BANKNIFTY,22662.05,23083.9,22611.3,23095.25,0.0245,0.0249,0.0249,0.475
2020-07-24,NIFTY,11194.15,11215.45,11170.25,11207.55,0.0183,0.0185,0.0185,0.3539
2020-07-27,BANKNIFTY,21848.75,22662.05,21859.35,22611.3,0.0246,0.0249,0.0249,0.476
2020-07-27,NIFTY,11131.8,11194.15,11122.45,11170.25,0.0182,0.0185,0.0185,0.353
2020-07-28,BANKNIFTY,22105.2,21848.75,22176.5,21859.35,0.0245,0.0249,0.0249,0.4752
2020-07-28,NIFTY,11300.55,11131.8,11306.15,11122.45,0.0182,0.0185,0.0185,0.3529
2020-07-29,BANKNIFTY,22076.6,22105.2,22129.6,22176.5,0.0245,0.0248,0.0248,0.4741
2020-07-29,NIFTY,11202.85,11300.55,11222.45,11306.15,0.0182,0.0184,0.0184,0.3521
2020-07-30,BANKNIFTY,21646.85,22076.6,21631.4,22091.85,0.0245,0.0248,0.0248,0.4737
2020-07-30,NIFTY,11102.15,11202.85,11093.4,11221.3,0.0182,0.0184,0.0184,0.3516
2020-07-31,BANKNIFTY,21640.05,21646.85,21691.5,21631.4,0.0244,0.0247,0.0247,0.4726
2020-07-31,NIFTY,11073.45,11102.15,11095.85,11093.4,0.0181,0.0184,0.0184,0.3507
2020-08-03,BANKNIFTY,21072.1,21640.05,21165.9,21691.5,0.0244,0.0247,0.0247,0.4725
2020-08-03,NIFTY,10891.6,11073.45,10913.4,11095.85,0.0181,0.0183,0.0183,0.3505
2020-08-04,BANKNIFTY,21490.5,21072.1,21551.85,21165.9,0.0244,0.0247,0.0247,0.472
2020-08-04,NIFTY,11095.25,10891.6,11102.05,10913.4,0.0181,0.0183,0.0183,0.3504
2020-08-05,BANKNIFTY,21509.95,21490.5,21559.0,21551.85,0.0243,0.0246,0.0246,0.4708
2020-08-05,NIFTY,11101.65,11095.25,11118.0,11102.05,0.0181,0.0183,0.0183,0.3496
2020-08-06,BANKNIFTY,21642.6,21509.95,21641.95,21559.0,0.0243,0.0246,0.0246,0.4697
2020-08-06,NIFTY,11200.15,11101.65,11199.5,11118.0,0.018,0.0183,0.0183,0.3488
2020-08-07,BANKNIFTY,21754.0,21642.6,21771.35,21641.95,0.0242,0.0245,0.0245,0.4685
2020-08-07,NIFTY,11214.05,11200.15,11226.2,11199.5,0.018,0.0182,0.0182,0.348
2020-08-10,BANKNIFTY,21900.25,21754.0,21956.35,21771.35,0.0242,0.0245,0.0245,0.4675
2020-08-10,NIFTY,11270.15,11214.05,11293.35,11226.2,0.0179,0.0182,0.0182,0.3472
2020-08-11,BANKNIFTY,22227.2,21900.25,22296.35,21956.35,0.0241,0.0244,0.0244,0.4668
2020-08-11,NIFTY,11322.5,11270.15,11344.35,11293.35,0.0179,0.0181,0.0181,0.3464
2020-08-12,BANKNIFTY,22264.0,22227.2,22316.3,22296.35,0.0241,0.0244,0.0244,0.4656
2020-08-12,NIFTY,11308.4,11322.5,11317.8,11344.35,0.0179,0.0181,0.0181,0.3455
2020-08-13,BANKNIFTY,22196.35,22264.0,22189.5,22316.3,0.024,0.0243,0.0243,0.4645
2020-08-13,NIFTY,11300.45,11308.4,11317.35,11317.8,0.0178,0.018,0.018,0.3447
2020-08-14,BANKNIFTY,21679.4,22196.35,21668.8,22189.5,0.024,0.0243,0.0243,0.4645
2020-08-14,NIFTY,11178.4,11300.45,11186.7,11317.35,0.0178,0.018,0.018,0.3441
2020-08-17,BANKNIFTY,21700.85,21679.4,21734.0,21668.8,0.0239,0.0243,0.0243,0.4633
2020-08-17,NIFTY,11247.1,11178.4,11268.2,11186.7,0.0177,0.018,0.018,0.3434
2020-08-18,BANKNIFTY,22170.6,21700.85,22198.2,21734.0,0.0239,0.0242,0.0242,0.4631
2020-08-18,NIFTY,11385.35,11247.1,11398.55,11268.2,0.0177,0.0179,0.0179,0.3429
2020-08-19,BANKNIFTY,22285.9,22170.6,22307.3,22198.2,0.0239,0.0242,0.0242,0.4619
2020-08-19,NIFTY,11408.4,11385.35,11420.8,11398.55,0.0177,0.0179,0.0179,0.3421
2020-08-20,BANKNIFTY,21999.45,22285.9,21964.25,22307.3,0.0238,0.0241,0.0241,0.4613
2020-08-20,NIFTY,11312.2,11408.4,11305.4,11420.8,0.0176,0.0179,0.0179,0.3415
2020-08-21,BANKNIFTY,22299.6,21999.45,22282.8,21964.25,0.0238,0.0241,0.0241,0.4605
2020-08-21,NIFTY,11371.6,11312.2,11377.2,11305.4,0.0176,0.0178,0.0178,0.3407
2020-08-24,BANKNIFTY,22833.0,22299.6,22826.4,22282.8,0.0238,0.0241,0.0241,0.4605
2020-08-24,NIFTY,11466.45,11371.6,11474.15,11377.2,0.0176,0.0178,0.0178,0.3401
2020-08-25,BANKNIFTY,23092.15,22833.0,23078.15,22826.4,0.0237,0.0241,0.0241,0.4596
2020-08-25,NIFTY,11472.25,11466.45,11471.65,11474.15,0.0175,0.0178,0.0178,0.3392
2020-08-26,BANKNIFTY,23414.2,23092.15,23407.15,23078.15,0.0237,0.024,0.024,0.4589
2020-08-26,NIFTY,11549.6,11472.25,11548.2,11471.65,0.0175,0.0177,0.0177,0.3385
2020-08-27,BANKNIFTY,23600.35,23414.2,23602.0,23399.9,0.0236,0.024,0.024,0.4579
2020-08-27,NIFTY,11559.25,11549.6,11580.05,11564.9,0.0174,0.0177,0.0177,0.3377
2020-08-28,BANKNIFTY,24523.8,23600.35,24539.35,23602.0,0.0237,0.0241,0.0241,0.4597
2020-08-28,NIFTY,11647.6,11559.25,11675.25,11580.05,0.0174,0.0176,0.0176,0.337
2020-08-31,BANKNIFTY,23754.35,24523.8,23743.0,24539.35,0.0238,0.0241,0.0241,0.4607
2020-08-31,NIFTY,11387.5,11647.6,11401.95,11675.25,0.0174,0.0177,0.0177,0.3377
2020-09-01,BANKNIFTY,23812.0,23754.35,23915.55,23743.0,0.0237,0.0241,0.0241,0.4597
2020-09-01,NIFTY,11470.25,11387.5,11510.95,11401.95,0.0174,0.0176,0.0176,0.3371
2020-09-02,BANKNIFTY,23874.55,23812.0,23920.95,23915.55,0.0237,0.024,0.024,0.4585
2020-09-02,NIFTY,11535.0,11470.25,11561.5,11510.95,0.0174,0.0176,0.0176,0.3363
2020-09-03,BANKNIFTY,23530.85,23874.55,23547.2,23920.95,0.0236,0.024,0.024,0.4579
2020-09-03,NIFTY,11527.45,11535.0,11542.8,11561.5,0.0173,0.0176,0.0176,0.3354
2020-09-04,BANKNIFTY,23011.5,23530.85,23026.65,23547.2,0.0236,0.024,0.024,0.4577
2020-09-04,NIFTY,11333.85,11527.45,11351.75,11542.8,0.0173,0.0176,0.0176,0.3354
2020-09-07,BANKNIFTY,22945.05,23011.5,22963.45,23026.65,0.0236,0.0239,0.0239,0.4566
2020-09-07,NIFTY,11355.05,11333.85,11365.9,11351.75,0.0173,0.0175,0.0175,0.3345
2020-09-08,BANKNIFTY,22744.4,22945.05,22748.85,22963.45,0.0235,0.0238,0.0238,0.4556
2020-09-08,NIFTY,11317.35,11355.05,11319.85,11365.9,0.0172,0.0175,0.0175,0.3337
2020-09-09,BANKNIFTY,22267.0,22744.4,22337.25,22748.85,0.0235,0.0238,0.0238,0.4552
2020-09-09,NIFTY,11278.0,11317.35,11306.9,11319.85,0.0172,0.0174,0.0174,0.3329
2020-09-10,BANKNIFTY,22466.2,22267.0,22506.6,22337.25,0.0235,0.0238,0.0238,0.4541
2020-09-10,NIFTY,11449.25,11278.0,11455.35,11306.9,0.0172,0.0174,0.0174,0.3325
2020-09-11,BANKNIFTY,22479.95,22466.2,22538.95,22506.6,0.0234,0.0237,0.0237,0.453
2020-09-11,NIFTY,11464.45,11449.25,11467.1,11455.35,0.0171,0.0174,0.0174,0.3317
2020-09-14,BANKNIFTY,22101.25,22479.95,22190.15,22538.95,0.0234,0.0237,0.0237,0.4524
2020-09-14,NIFTY,11440.05,11464.45,11451.95,11467.1,0.0171,0.0173,0.0173,0.3309
2020-09-15,BANKNIFTY,22465.65,22101.25,22558.45,22190.15,0.0233,0.0236,0.0236,0.4518
2020-09-15,NIFTY,11521.8,11440.05,11527.4,11451.95,0.0171,0.0173,0.0173,0.3302
2020-09-16,BANKNIFTY,22573.55,22465.65,22671.3,22558.45,0.0233,0.0236,0.0236,0.4507
2020-09-16,NIFTY,11604.55,11521.8,11616.4,11527.4,0.017,0.0172,0.0172,0.3295
2020-09-17,BANKNIFTY,22320.35,22573.55,22391.95,22671.3,0.0232,0.0235,0.0235,0.4499
2020-09-17,NIFTY,11516.1,11604.55,11522.4,11616.4,0.017,0.0172,0.0172,0.3289
2020-09-18,BANKNIFTY,22031.05,22320.35,22078.4,22391.95,0.0232,0.0235,0.0235,0.4492
2020-09-18,NIFTY,11504.95,11516.1,11515.25,11522.4,0.0169,0.0172,0.0172,0.328
2020-09-21,BANKNIFTY,21366.8,22031.05,21390.9,22078.4,0.0232,0.0236,0.0236,0.4501
2020-09-21,NIFTY,11250.55,11504.95,11256.1,11515.25,0.017,0.0172,0.0172,0.3287
2020-09-22,BANKNIFTY,21139.1,21366.8,21183.65,21390.9,0.0232,0.0235,0.0235,0.4491
2020-09-22,NIFTY,11153.65,11250.55,11162.05,11256.1,0.0169,0.0172,0.0172,0.328
2020-09-23,BANKNIFTY,21178.5,21139.1,21240.35,21183.65,0.0231,0.0235,0.0235,0.448
2020-09-23,NIFTY,11131.85,11153.65,11147.65,11162.05,0.0169,0.0171,0.0171,0.3272
2020-09-24,BANKNIFTY,20456.85,21178.5,20526.75,21253.55,0.0232,0.0235,0.0235,0.4494
2020-09-24,NIFTY,10805.55,11131.85,10836.2,11163.45,0.017,0.0172,0.0172,0.3289
2020-09-25,BANKNIFTY,20982.35,20456.85,20979.15,20526.75,0.0232,0.0235,0.0235,0.4492
2020-09-25,NIFTY,11050.25,10805.55,11042.2,10836.2,0.017,0.0172,0.0172,0.329
2020-09-28,BANKNIFTY,21665.5,20982.35,21724.5,20979.15,0.0233,0.0236,0.0236,0.4506
2020-09-28,NIFTY,11227.55,11050.25,11238.0,11042.2,0.017,0.0172,0.0172,0.3291
2020-09-29,BANKNIFTY,21411.3,21665.5,21450.2,21724.5,0.0232,0.0235,0.0235,0.4498
2020-09-29,NIFTY,11222.4,11227.55,11234.7,11238.0,0.017,0.0172,0.0172,0.3282
2020-09-30,BANKNIFTY,21451.8,21411.3,21464.25,21450.2,0.0232,0.0235,0.0235,0.4486
2020-09-30,NIFTY,11247.55,11222.4,11256.85,11234.7,0.0169,0.0171,0.0171,0.3274
2020-10-01,BANKNIFTY,22246.0,21451.8,22316.0,21464.25,0.0233,0.0236,0.0236,0.4506
2020-10-01,NIFTY,11416.95,11247.55,11435.55,11256.85,0.0169,0.0171,0.0171,0.3273
2020-10-05,BANKNIFTY,22370.95,22246.0,22425.15,22316.0,0.0232,0.0235,0.0235,0.4495
2020-10-05,NIFTY,11503.35,11416.95,11517.65,11435.55,0.0169,0.0171,0.0171,0.3266
2020-10-06,BANKNIFTY,22853.7,22370.95,22913.8,22425.15,0.0232,0.0235,0.0235,0.4493
2020-10-06,NIFTY,11662.4,11503.35,11669.65,11517.65,0.0169,0.0171,0.0171,0.3263
2020-10-07,BANKNIFTY,22964.8,22853.7,23018.85,22913.8,0.0231,0.0235,0.0235,0.4483
2020-10-07,NIFTY,11738.85,11662.4,11750.9,11669.65,0.0168,0.017,0.017,0.3256
2020-10-08,BANKNIFTY,23191.35,22964.8,23184.7,23018.85,0.0231,0.0234,0.0234,0.4472
2020-10-08,NIFTY,11834.6,11738.85,11831.8,11750.9,0.0168,0.017,0.017,0.3249
2020-10-09,BANKNIFTY,23846.8,23191.35,23903.15,23184.7,0.0231,0.0235,0.0235,0.448
2020-10-09,NIFTY,11914.2,11834.6,11929.8,11831.8,0.0168,0.017,0.017,0.3243
2020-10-12,BANKNIFTY,23712.8,23846.8,23766.95,23903.15,0.0231,0.0234,0.0234,0.447
2020-10-12,NIFTY,11930.95,11914.2,11938.35,11929.8,0.0167,0.0169,0.0169,0.3235
2020-10-13,BANKNIFTY,23492.2,23712.8,23562.2,23766.95,0.023,0.0233,0.0233,0.446
2020-10-13,NIFTY,11934.5,11930.95,11946.1,11938.35,0.0167,0.0169,0.0169,0.3227
2020-10-14,BANKNIFTY,23874.65,23492.2,23951.05,23562.2,0.023,0.0233,0.0233,0.4454
2020-10-14,NIFTY,11971.05,11934.5,11982.25,11946.1,0.0166,0.0168,0.0168,0.3219
2020-10-15,BANKNIFTY,23072.4,23874.65,23110.3,23951.05,0.0231,0.0234,0.0234,0.4469
2020-10-15,NIFTY,11680.35,11971.05,11685.55,11982.25,0.0167,0.0169,0.0169,0.3229
2020-10-16,BANKNIFTY,23533.25,23072.4,23584.25,23110.3,0.023,0.0234,0.0234,0.4467
2020-10-16,NIFTY,11762.45,11680.35,11765.15,11685.55,0.0167,0.0169,0.0169,0.3222
2020-10-19,BANKNIFTY,24266.75,23533.25,24346.7,23584.25,0.0231,0.0234,0.0234,0.4476
2020-10-19,NIFTY,11873.05,11762.45,11889.4,11765.15,0.0166,0.0168,0.0168,0.3217
2020-10-20,BANKNIFTY,24311.8,24266.75,24351.75,24346.7,0.023,0.0234,0.0234,0.4465
2020-10-20,NIFTY,11896.8,11873.05,11895.9,11889.4,0.0166,0.0168,0.0168,0.3209
2020-10-21,BANKNIFTY,24635.05,24311.8,24664.95,24351.75,0.023,0.0233,0.0233,0.4457
2020-10-21,NIFTY,11937.65,11896.8,11927.45,11895.9,0.0166,0.0168,0.0168,0.3201
2020-10-22,BANKNIFTY,24484.15,24635.05,24557.95,24664.95,0.0229,0.0233,0.0233,0.4446
2020-10-22,NIFTY,11896.45,11937.65,11898.65,11927.45,0.0165,0.0167,0.0167,0.3193
2020-10-23,BANKNIFTY,24478.3,24484.15,24537.0,24557.95,0.0229,0.0232,0.0232,0.4435
2020-10-23,NIFTY,11930.35,11896.45,11934.35,11898.65,0.0165,0.0167,0.0167,0.3185
2020-10-26,BANKNIFTY,24075.45,24478.3,24109.15,24537.0,0.0229,0.0232,0.0232,0.443
2020-10-26,NIFTY,11767.75,11930.35,11778.4,11934.35,0.0165,0.0167,0.0167,0.3182
2020-10-27,BANKNIFTY,24769.5,24075.45,24741.4,24109.15,0.0229,0.0232,0.0232,0.4433
2020-10-27,NIFTY,11889.4,11767.75,11879.05,11778.4,0.0164,0.0166,0.0166,0.3177
2020-10-28,BANKNIFTY,24232.5,24769.5,24214.25,24741.4,0.0229,0.0232,0.0232,0.4432
2020-10-28,NIFTY,11729.6,11889.4,11721.5,11879.05,0.0164,0.0166,0.0166,0.3174
2020-10-29,BANKNIFTY,24092.0,24232.5,24090.8,24222.9,0.0228,0.0231,0.0231,0.4421
2020-10-29,NIFTY,11670.8,11729.6,11667.9,11734.55,0.0164,0.0166,0.0166,0.3167
2020-10-30,BANKNIFTY,23900.9,24092.0,23924.55,24090.8,0.0228,0.0231,0.0231,0.4411
2020-10-30,NIFTY,11642.4,11670.8,11638.4,11667.9,0.0163,0.0165,0.0165,0.3159
2020-11-02,BANKNIFTY,24892.5,23900.9,24931.2,23924.55,0.0229,0.0232,0.0232,0.4435
2020-11-02,NIFTY,11669.15,11642.4,11681.55,11638.4,0.0163,0.0165,0.0165,0.3151
2020-11-03,BANKNIFTY,25682.8,24892.5,25669.55,24931.2,0.0229,0.0232,0.0232,0.4442
2020-11-03,NIFTY,11813.5,11669.15,11824.95,11681.55,0.0163,0.0165,0.0165,0.3148
2020-11-04,BANKNIFTY,25771.6,25682.8,25795.0,25669.55,0.0229,0.0232,0.0232,0.4431
2020-11-04,NIFTY,11908.5,11813.5,11922.85,11824.95,0.0163,0.0164,0.0164,0.3142
2020-11-05,BANKNIFTY,26313.1,25771.6,26296.6,25795.0,0.0229,0.0232,0.0232,0.4428
2020-11-05,NIFTY,12120.3,11908.5,12143.3,11922.85,0.0163,0.0165,0.0165,0.3144
2020-11-06,BANKNIFTY,26798.95,26313.1,26749.2,26296.6,0.0229,0.0231,0.0231,0.4422
2020-11-06,NIFTY,12263.55,12120.3,12261.45,12143.3,0.0162,0.0164,0.0164,0.3139
2020-11-09,BANKNIFTY,27534.1,26798.95,27523.15,26749.2,0.0229,0.0232,0.0232,0.4428
2020-11-09,NIFTY,12461.05,12263.55,12467.25,12261.45,0.0162,0.0164,0.0164,0.3139
2020-11-10,BANKNIFTY,28606.0,27534.1,28640.05,27523.15,0.023,0.0233,0.0233,0.445
2020-11-10,NIFTY,12631.1,12461.05,12659.1,12467.25,0.0162,0.0164,0.0164,0.3138
2020-11-11,BANKNIFTY,28845.0,28606.0,28815.7,28640.05,0.0229,0.0232,0.0232,0.4439
2020-11-11,NIFTY,12749.15,12631.1,12755.05,12659.1,0.0162,0.0164,0.0164,0.3132
2020-11-12,BANKNIFTY,28278.8,28845.0,28316.3,28815.7,0.0229,0.0232,0.0232,0.4434
2020-11-12,NIFTY,12690.8,12749.15,12706.0,12755.05,0.0162,0.0164,0.0164,0.3124
2020-11-13,BANKNIFTY,28465.7,28278.8,28511.9,28316.3,0.0229,0.0232,0.0232,0.4424
2020-11-13,NIFTY,12719.95,12690.8,12753.4,12706.0,0.0161,0.0163,0.0163,0.3117
2020-11-17,BANKNIFTY,29181.3,28594.3,29151.9,28596.35,0.0228,0.0231,0.0231,0.441
2020-11-17,NIFTY,12874.2,12780.25,12881.85,12788.9,0.0161,0.0162,0.0162,0.3103
2020-11-18,BANKNIFTY,29749.85,29181.3,29756.4,29151.9,0.0228,0.0231,0.0231,0.4408
2020-11-18,NIFTY,12938.25,12874.2,12957.25,12881.85,0.016,0.0162,0.0162,0.3096
2020-11-19,BANKNIFTY,28903.05,29749.85,28912.05,29756.4,0.0228,0.0231,0.0231,0.4414
2020-11-19,NIFTY,12771.7,12938.25,12793.5,12957.25,0.016,0.0162,0.0162,0.3093
2020-11-20,BANKNIFTY,29236.0,28903.05,29244.9,28912.05,0.0228,0.0231,0.0231,0.4406
2020-11-20,NIFTY,12859.05,12771.7,12871.3,12793.5,0.016,0.0162,0.0162,0.3087
2020-11-23,BANKNIFTY,29024.2,29236.0,29010.4,29244.9,0.0227,0.023,0.023,0.4396
2020-11-23,NIFTY,12926.45,12859.05,12934.35,12871.3,0.0159,0.0161,0.0161,0.308
2020-11-24,BANKNIFTY,29737.25,29024.2,29729.9,29010.4,0.0227,0.023,0.023,0.4397
2020-11-24,NIFTY,13055.15,12926.45,13062.45,12934.35,0.0159,0.0161,0.0161,0.3075
2020-11-25,BANKNIFTY,29196.4,29737.25,29208.7,29729.9,0.0227,0.023,0.023,0.4393
2020-11-25,NIFTY,12858.4,13055.15,12859.15,13062.45,0.0159,0.0161,0.0161,0.3074
2020-11-26,BANKNIFTY,29549.75,29196.4,29589.55,29238.8,0.0227,0.023,0.023,0.4385
2020-11-26,NIFTY,12987.0,12858.4,13022.55,12889.35,0.0159,0.0161,0.0161,0.307
2020-11-27,BANKNIFTY,29609.05,29549.75,29667.2,29589.55,0.0226,0.0229,0.0229,0.4374
2020-11-27,NIFTY,12968.95,12987.0,13017.4,13022.55,0.0158,0.016,0.016,0.3062
2020-12-01,BANKNIFTY,29817.85,29609.05,29892.2,29667.2,0.0226,0.0228,0.0228,0.4364
2020-12-01,NIFTY,13109.05,12968.95,13143.4,13017.4,0.0158,0.016,0.016,0.3057
2020-12-02,BANKNIFTY,29463.15,29817.85,29603.0,29892.2,0.0225,0.0228,0.0228,0.4355
2020-12-02,NIFTY,13113.75,13109.05,13162.45,13143.4,0.0158,0.016,0.016,0.305
2020-12-03,BANKNIFTY,29448.75,29463.15,29542.2,29603.0,0.0225,0.0227,0.0227,0.4344
2020-12-03,NIFTY,13133.9,13113.75,13191.85,13162.45,0.0157,0.0159,0.0159,0.3042
2020-12-04,BANKNIFTY,30052.4,29448.75,30190.95,29542.2,0.0225,0.0227,0.0227,0.4343
2020-12-04,NIFTY,13258.55,13133.9,13311.6,13191.85,0.0157,0.0159,0.0159,0.3037
2020-12-07,BANKNIFTY,30211.55,30052.4,30290.55,30190.95,0.0224,0.0227,0.0227,0.4333
2020-12-07,NIFTY,13355.75,13258.55,13387.6,13311.6,0.0157,0.0159,0.0159,0.303
2020-12-08,BANKNIFTY,30261.9,30211.55,30314.0,30290.55,0.0223,0.0226,0.0226,0.4322
2020-12-08,NIFTY,13392.95,13355.75,13428.15,13387.6,0.0157,0.0158,0.0158,0.3023
2020-12-09,BANKNIFTY,30709.4,30261.9,30763.65,30314.0,0.0223,0.0226,0.0226,0.4316
2020-12-09,NIFTY,13529.1,13392.95,13567.7,13428.15,0.0156,0.0158,0.0158,0.3019
2020-12-10,BANKNIFTY,30510.35,30709.4,30621.75,30763.65,0.0223,0.0225,0.0225,0.4305
2020-12-10,NIFTY,13478.3,13529.1,13524.35,13567.7,0.0156,0.0158,0.0158,0.3012
2020-12-11,BANKNIFTY,30604.85,30510.35,30609.25,30621.75,0.0222,0.0225,0.0225,0.4295
2020-12-11,NIFTY,13513.85,13478.3,13518.35,13524.35,0.0156,0.0157,0.0157,0.3004
2020-12-14,BANKNIFTY,30745.9,30604.85,30788.4,30609.25,0.0222,0.0224,0.0224,0.4285
2020-12-14,NIFTY,13558.15,13513.85,13571.6,13518.35,0.0155,0.0157,0.0157,0.2997
2020-12-15,BANKNIFTY,30691.05,30745.9,30706.6,30788.4,0.0221,0.0224,0.0224,0.4274
2020-12-15,NIFTY,13567.85,13558.15,13584.95,13571.6,0.0155,0.0156,0.0156,0.299
2020-12-16,BANKNIFTY,30698.4,30691.05,30770.5,30706.6,0.022,0.0223,0.0223,0.4263
2020-12-16,NIFTY,13682.7,13567.85,13699.45,13584.95,0.0155,0.0156,0.0156,0.2984
2020-12-17,BANKNIFTY,30847.05,30698.4,30844.4,30770.5,0.022,0.0223,0.0223,0.4253
2020-12-17,NIFTY,13740.7,13682.7,13754.4,13699.45,0.0154,0.0156,0.0156,0.2977
2020-12-18,BANKNIFTY,30714.65,30847.05,30735.75,30844.4,0.0219,0.0222,0.0222,0.4243
2020-12-18,NIFTY,13760.55,13740.7,13774.05,13754.4,0.0154,0.0155,0.0155,0.297
2020-12-21,BANKNIFTY,29456.45,30714.65,29417.95,30735.75,0.0221,0.0224,0.0224,0.4273
2020-12-21,NIFTY,13328.4,13760.55,13329.75,13774.05,0.0155,0.0157,0.0157,0.2995
2020-12-22,BANKNIFTY,29625.95,29456.45,29646.6,29417.95,0.022,0.0223,0.0223,0.4264
2020-12-22,NIFTY,13466.3,13328.4,13487.5,13329.75,0.0155,0.0157,0.0157,0.2992
2020-12-23,BANKNIFTY,29883.3,29625.95,29908.5,29646.6,0.022,0.0223,0.0223,0.4255
2020-12-23,NIFTY,13601.1,13466.3,13612.45,13487.5,0.0155,0.0156,0.0156,0.2987
2020-12-24,BANKNIFTY,30402.2,29883.3,30437.2,29908.5,0.022,0.0222,0.0222,0.4251
2020-12-24,NIFTY,13749.25,13601.1,13763.75,13612.45,0.0154,0.0156,0.0156,0.2983
2020-12-28,BANKNIFTY,30880.95,30402.2,30928.3,30437.2,0.0219,0.0222,0.0222,0.4246
2020-12-28,NIFTY,13873.2,13749.25,13890.55,13763.75,0.0154,0.0156,0.0156,0.2979
2020-12-29,BANKNIFTY,31322.5,30880.95,31360.1,30928.3,0.0219,0.0222,0.0222,0.4239
2020-12-29,NIFTY,13932.6,13873.2,13935.05,13890.55,0.0154,0.0156,0.0156,0.2971
2020-12-30,BANKNIFTY,31303.05,31322.5,31338.25,31360.1,0.0219,0.0221,0.0221,0.4228
2020-12-30,NIFTY,13981.95,13932.6,13977.45,13935.05,0.0153,0.0155,0.0155,0.2964
2020-12-31,BANKNIFTY,31264.05,31303.05,31303.0,31419.7,0.0218,0.0221,0.0221,0.4218
2020-12-31,NIFTY,13981.75,13981.95,14009.65,14031.65,0.0153,0.0155,0.0155,0.2957
2021-01-01,BANKNIFTY,31225.85,31264.05,31309.35,31303.0,0.0217,0.022,0.022,0.4208
2021-01-01,NIFTY,14018.5,13981.75,14053.85,14009.65,0.0153,0.0154,0.0154,0.295
2021-01-04,BANKNIFTY,31212.45,31225.85,31326.55,31309.35,0.0217,0.022,0.022,0.4197
2021-01-04,NIFTY,14132.9,14018.5,14165.3,14053.85,0.0152,0.0154,0.0154,0.2944
2021-01-05,BANKNIFTY,31722.25,31212.45,31798.75,31326.55,0.0217,0.0219,0.0219,0.4191
2021-01-05,NIFTY,14199.5,14132.9,14217.95,14165.3,0.0152,0.0154,0.0154,0.2937
2021-01-06,BANKNIFTY,31797.9,31722.25,31903.1,31798.75,0.0216,0.0219,0.0219,0.4181
2021-01-06,NIFTY,14146.25,14199.5,14189.45,14217.95,0.0152,0.0153,0.0153,0.293
2021-01-07,BANKNIFTY,31956.0,31797.9,32078.75,31903.1,0.0216,0.0218,0.0218,0.4171
2021-01-07,NIFTY,14137.35,14146.25,14191.1,14189.45,0.0151,0.0153,0.0153,0.2923
2021-01-08,BANKNIFTY,32084.2,31956.0,32172.7,32078.75,0.0215,0.0218,0.0218,0.4161
2021-01-08,NIFTY,14347.25,14137.35,14370.9,14191.1,0.0151,0.0153,0.0153,0.2921
2021-01-11,BANKNIFTY,31998.9,32084.2,32096.25,32172.7,0.0215,0.0217,0.0217,0.4151
2021-01-11,FINNIFTY,15511.15,15511.15,15676.25,15538.05,0.0205,0.0205,0.0205,0.3922
2021-01-11,NIFTY,14484.75,14347.25,14489.25,14370.9,0.0151,0.0153,0.0153,0.2915
2021-01-12,BANKNIFTY,32339.0,31998.9,32455.05,32096.25,0.0214,0.0217,0.0217,0.4143
2021-01-12,FINNIFTY,15511.15,15511.15,15767.3,15676.25,0.0205,0.0205,0.0205,0.3913
2021-01-12,NIFTY,14563.45,14484.75,14597.95,14489.25,0.0151,0.0152,0.0152,0.291
2021-01-13,BANKNIFTY,32574.65,32339.0,32685.15,32455.05,0.0214,0.0216,0.0216,0.4134
2021-01-13,FINNIFTY,15511.15,15511.15,15675.9,15767.3,0.0204,0.0204,0.0204,0.3904
2021-01-13,NIFTY,14564.85,14563.45,14606.15,14597.95,0.015,0.0152,0.0152,0.2903
2021-01-14,BANKNIFTY,32519.75,32574.65,32647.8,32685.15,0.0213,0.0216,0.0216,0.4124
2021-01-14,FINNIFTY,15511.15,15511.15,15669.25,15675.9,0.0204,0.0204,0.0204,0.3894
2021-01-14,NIFTY,14595.6,14564.85,14628.1,14606.15,0.015,0.0152,0.0152,0.2895
2021-01-15,BANKNIFTY,32246.8,32519.75,32314.05,32647.8,0.0213,0.0215,0.0215,0.4116
2021-01-15,FINNIFTY,15453.45,15608.95,15506.1,15669.25,0.0203,0.0203,0.0203,0.3887
2021-01-15,NIFTY,14433.7,14595.6,14458.5,14628.1,0.015,0.0151,0.0151,0.2892
2021-01-18,BANKNIFTY,31811.75,32246.8,31815.7,32314.05,0.0212,0.0215,0.0215,0.4111
2021-01-18,FINNIFTY,15246.15,15453.45,15260.2,15506.1,0.0203,0.0203,0.0203,0.3883
2021-01-18,NIFTY,14281.3,14433.7,14287.25,14458.5,0.015,0.0151,0.0151,0.289
2021-01-19,BANKNIFTY,32424.85,31811.75,32520.9,31815.7,0.0212,0.0215,0.0215,0.4111
2021-01-19,FINNIFTY,15614.1,15246.15,15660.75,15260.2,0.0203,0.0204,0.0204,0.3889
2021-01-19,NIFTY,14521.15,14281.3,14570.0,14287.25,0.015,0.0152,0.0152,0.2894
2021-01-20,BANKNIFTY,32543.7,32424.85,32584.7,32520.9,0.0212,0.0215,0.0215,0.4101
2021-01-20,FINNIFTY,15663.0,15614.1,15677.25,15660.75,0.0203,0.0203,0.0203,0.388
2021-01-20,NIFTY,14644.7,14521.15,14645.15,14570.0,0.0149,0.0151,0.0151,0.2888
2021-01-21,BANKNIFTY,32186.9,32543.7,32228.8,32584.7,0.0211,0.0214,0.0214,0.4093
2021-01-21,FINNIFTY,15546.7,15663.0,15561.85,15677.25,0.0202,0.0203,0.0203,0.3871
2021-01-21,NIFTY,14590.35,14644.7,14598.65,14645.15,0.0149,0.0151,0.0151,0.2881
2021-01-22,BANKNIFTY,31167.25,32186.9,31197.75,32228.8,0.0212,0.0215,0.0215,0.4107
2021-01-22,FINNIFTY,15141.8,15546.7,15146.7,15561.85,0.0203,0.0203,0.0203,0.3879
2021-01-22,NIFTY,14371.9,14590.35,14380.15,14598.65,0.0149,0.0151,0.0151,0.2881
2021-01-25,BANKNIFTY,31198.4,31167.25,31181.15,31197.75,0.0212,0.0214,0.0214,0.4096
2021-01-25,FINNIFTY,15143.65,15141.8,15147.3,15146.7,0.0202,0.0203,0.0203,0.3869
2021-01-25,NIFTY,14238.9,14371.9,14253.15,14380.15,0.0149,0.0151,0.0151,0.2876
2021-01-27,BANKNIFTY,30284.55,31198.4,30328.35,31181.15,0.0212,0.0215,0.0215,0.4103
2021-01-27,FINNIFTY,14723.9,15143.65,14752.65,15147.3,0.0203,0.0203,0.0203,0.3876
2021-01-27,NIFTY,13967.5,14238.9,13982.55,14253.15,0.0149,0.0151,0.0151,0.2881
2021-01-28,BANKNIFTY,30358.3,30284.55,30364.7,30383.2,0.0212,0.0214,0.0214,0.4093
2021-01-28,FINNIFTY,14602.85,14723.9,14649.7,14817.0,0.0202,0.0203,0.0203,0.3869
2021-01-28,NIFTY,13817.55,13967.5,13844.4,14020.35,0.0149,0.0151,0.0151,0.2879
2021-01-29,BANKNIFTY,30565.5,30358.3,30679.15,30364.7,0.0211,0.0214,0.0214,0.4085
2021-01-29,FINNIFTY,14593.3,14602.85,14677.7,14649.7,0.0202,0.0202,0.0202,0.386
2021-01-29,NIFTY,13634.6,13817.55,13709.1,13844.4,0.0149,0.015,0.015,0.2875
2021-02-01,BANKNIFTY,33089.05,30565.5,33276.3,30679.15,0.0218,0.0221,0.0221,0.422
2021-02-01,FINNIFTY,15702.45,14593.3,15782.75,14677.7,0.0208,0.0208,0.0208,0.3973
2021-02-01,NIFTY,14281.2,13634.6,14351.25,13709.1,0.0152,0.0154,0.0154,0.2933
2021-02-02,BANKNIFTY,34267.9,33089.05,34392.7,33276.3,0.0219,0.0222,0.0222,0.4233
2021-02-02,FINNIFTY,16208.9,15702.45,16266.5,15782.75,0.0208,0.0209,0.0209,0.3984
2021-02-02,NIFTY,14647.85,14281.2,14696.0,14351.25,0.0153,0.0154,0.0154,0.2944
2021-02-03,BANKNIFTY,34758.45,34267.9,34841.75,34392.7,0.0218,0.0221,0.0221,0.4226
2021-02-03,FINNIFTY,16403.65,16208.9,16440.25,16266.5,0.0208,0.0208,0.0208,0.3976
2021-02-03,NIFTY,14789.95,14647.85,14820.55,14696.0,0.0153,0.0154,0.0154,0.2938
2021-02-04,BANKNIFTY,35344.8,34758.45,35352.05,34841.75,0.0218,0.0221,0.0221,0.422
2021-02-04,FINNIFTY,16606.9,16403.65,16622.65,16440.25,0.0208,0.0208,0.0208,0.3969
2021-02-04,NIFTY,14895.65,14789.95,14895.35,14820.55,0.0152,0.0153,0.0153,0.2932
2021-02-05,BANKNIFTY,35654.5,35344.8,35665.95,35352.05,0.0218,0.022,0.022,0.4211
2021-02-05,FINNIFTY,16724.0,16606.9,16738.25,16622.65,0.0207,0.0207,0.0207,0.3961
2021-02-05,NIFTY,14924.25,14895.65,14930.65,14895.35,0.0152,0.0153,0.0153,0.2925
2021-02-08,BANKNIFTY,35983.65,35654.5,36013.8,35665.95,0.0217,0.022,0.022,0.4203
2021-02-08,FINNIFTY,16862.3,16724.0,16887.55,16738.25,0.0207,0.0207,0.0207,0.3952
2021-02-08,NIFTY,15115.8,14924.25,15126.5,14930.65,0.0152,0.0153,0.0153,0.2923
2021-02-09,BANKNIFTY,36056.5,35983.65,36045.95,36013.8,0.0217,0.0219,0.0219,0.4192
2021-02-09,FINNIFTY,16904.9,16862.3,16904.35,16887.55,0.0206,0.0206,0.0206,0.3943
2021-02-09,NIFTY,15109.3,15115.8,15105.75,15126.5,0.0151,0.0153,0.0153,0.2915
2021-02-10,BANKNIFTY,35783.1,36056.5,35875.4,36045.95,0.0216,0.0219,0.0219,0.4182
2021-02-10,FINNIFTY,16869.35,16904.9,16931.85,16904.35,0.0206,0.0206,0.0206,0.3933
2021-02-10,NIFTY,15106.5,15109.3,15119.55,15105.75,0.0151,0.0152,0.0152,0.2908
2021-02-11,BANKNIFTY,35752.1,35783.1,35808.75,35875.4,0.0216,0.0218,0.0218,0.4172
2021-02-11,FINNIFTY,16861.85,16869.35,16900.95,16931.85,0.0205,0.0205,0.0205,0.3923
2021-02-11,NIFTY,15173.3,15106.5,15184.95,15119.55,0.0151,0.0152,0.0152,0.2901
2021-02-12,BANKNIFTY,36108.9,35752.1,36133.8,35808.75,0.0215,0.0218,0.0218,0.4163
2021-02-12,FINNIFTY,17016.3,16861.85,17033.25,16900.95,0.0205,0.0205,0.0205,0.3915
2021-02-12,NIFTY,15163.3,15173.3,15161.45,15184.95,0.015,0.0151,0.0151,0.2894
2021-02-15,BANKNIFTY,37306.25,36108.9,37402.65,36133.8,0.0216,0.0219,0.0219,0.4179
2021-02-15,FINNIFTY,17504.9,17016.3,17557.3,17033.25,0.0205,0.0206,0.0206,0.3926
2021-02-15,NIFTY,15314.7,15163.3,15332.2,15161.45,0.015,0.0151,0.0151,0.2891
2021-02-16,BANKNIFTY,37098.4,37306.25,37218.15,37402.65,0.0215,0.0218,0.0218,0.4169
2021-02-16,FINNIFTY,17448.3,17504.9,17505.4,17557.3,0.0205,0.0205,0.0205,0.3917
2021-02-16,NIFTY,15313.45,15314.7,15330.25,15332.2,0.015,0.0151,0.0151,0.2884
2021-02-17,BANKNIFTY,36910.95,37098.4,36976.0,37218.15,0.0215,0.0218,0.0218,0.416
2021-02-17,FINNIFTY,17255.6,17448.3,17276.1,17505.4,0.0204,0.0205,0.0205,0.3911
2021-02-17,NIFTY,15208.9,15313.45,15207.05,15330.25,0.0149,0.0151,0.0151,0.2879
2021-02-18,BANKNIFTY,36587.0,36910.95,36603.3,36976.0,0.0215,0.0217,0.0217,0.4151
2021-02-18,FINNIFTY,17000.6,17255.6,17031.55,17276.1,0.0204,0.0204,0.0204,0.3906
2021-02-18,NIFTY,15118.95,15208.9,15116.1,15207.05,0.0149,0.015,0.015,0.2873
2021-02-19,BANKNIFTY,35841.6,36587.0,35849.8,36603.3,0.0214,0.0217,0.0217,0.415
2021-02-19,FINNIFTY,16747.1,17000.6,16751.45,17031.55,0.0204,0.0204,0.0204,0.3902
2021-02-19,NIFTY,14981.75,15118.95,14987.0,15116.1,0.0149,0.015,0.015,0.2868
2021-02-22,BANKNIFTY,35257.2,35841.6,35254.55,35849.8,0.0214,0.0217,0.0217,0.4146
2021-02-22,FINNIFTY,16479.2,16747.1,16483.15,16751.45,0.0204,0.0204,0.0204,0.3899
2021-02-22,NIFTY,14675.7,14981.75,14672.65,14987.0,0.0149,0.015,0.015,0.2875
2021-02-23,BANKNIFTY,35116.95,35257.2,35119.85,35254.55,0.0214,0.0216,0.0216,0.4136
2021-02-23,FINNIFTY,16394.8,16479.2,16406.0,16483.15,0.0203,0.0204,0.0204,0.389
2021-02-23,NIFTY,14707.8,14675.7,14711.55,14672.65,0.0149,0.015,0.015,0.2868
2021-02-24,BANKNIFTY,36452.3,35116.95,36468.7,35119.85,0.0215,0.0218,0.0218,0.4157
2021-02-24,FINNIFTY,16951.45,16394.8,17013.95,16406.0,0.0204,0.0205,0.0205,0.3911
2021-02-24,NIFTY,14982.0,14707.8,14993.75,14711.55,0.0149,0.015,0.015,0.2872
2021-02-25,BANKNIFTY,36549.0,36452.3,36719.7,36551.65,0.0214,0.0217,0.0217,0.4147
2021-02-25,FINNIFTY,16919.3,16951.45,17005.65,17065.8,0.0204,0.0204,0.0204,0.3901
2021-02-25,NIFTY,15097.35,14982.0,15169.5,15037.55,0.0149,0.015,0.015,0.2867
2021-02-26,BANKNIFTY,34803.6,36549.0,34870.35,36719.7,0.0217,0.022,0.022,0.4195
2021-02-26,FINNIFTY,16085.25,16919.3,16132.9,17005.65,0.0206,0.0207,0.0207,0.3956
2021-02-26,NIFTY,14529.15,15097.35,14578.45,15169.5,0.0151,0.0152,0.0152,0.291
2021-03-01,BANKNIFTY,35296.0,34803.6,35324.55,34870.35,0.0216,0.0219,0.0219,0.4189
2021-03-01,FINNIFTY,16372.85,16085.25,16420.25,16132.9,0.0206,0.0207,0.0207,0.3953
2021-03-01,NIFTY,14761.55,14529.15,14797.75,14578.45,0.0151,0.0152,0.0152,0.291
2021-03-02,BANKNIFTY,35419.7,35296.0,35454.85,35324.55,0.0216,0.0219,0.0219,0.4178
2021-03-02,FINNIFTY,16398.6,16372.85,16444.0,16420.25,0.0206,0.0206,0.0206,0.3944
2021-03-02,NIFTY,14919.1,14761.55,14958.15,14797.75,0.0151,0.0152,0.0152,0.2906
2021-03-03,BANKNIFTY,36368.05,35419.7,36491.75,35454.85,0.0216,0.0219,0.0219,0.4186
2021-03-03,FINNIFTY,16854.4,16398.6,16930.3,16444.0,0.0206,0.0207,0.0207,0.3953
2021-03-03,NIFTY,15245.6,14919.1,15298.85,14958.15,0.0151,0.0153,0.0153,0.2915
2021-03-04,BANKNIFTY,35802.5,36368.05,35879.75,36491.75,0.0216,0.0219,0.0219,0.4182
2021-03-04,FINNIFTY,16550.6,16854.4,16610.85,16930.3,0.0206,0.0207,0.0207,0.3952
2021-03-04,NIFTY,15080.75,15245.6,15106.25,15298.85,0.0151,0.0152,0.0152,0.2913
2021-03-05,BANKNIFTY,35228.15,35802.5,35287.95,35879.75,0.0216,0.0219,0.0219,0.4177
2021-03-05,FINNIFTY,16345.95,16550.6,16386.7,16610.85,0.0206,0.0207,0.0207,0.3946
2021-03-05,NIFTY,14938.1,15080.75,14953.05,15106.25,0.0151,0.0152,0.0152,0.2909
2021-03-08,BANKNIFTY,35275.75,35228.15,35316.05,35287.95,0.0215,0.0218,0.0218,0.4167
2021-03-08,FINNIFTY,16285.45,16345.95,16327.95,16386.7,0.0205,0.0206,0.0206,0.3937
2021-03-08,NIFTY,14956.2,14938.1,14969.0,14953.05,0.015,0.0152,0.0152,0.2901
2021-03-09,BANKNIFTY,35865.65,35275.75,35932.95,35316.05,0.0215,0.0218,0.0218,0.4163
2021-03-09,FINNIFTY,16649.75,16285.45,16695.15,16327.95,0.0205,0.0206,0.0206,0.3938
2021-03-09,NIFTY,15098.4,14956.2,15134.75,14969.0,0.015,0.0152,0.0152,0.2898
2021-03-10,BANKNIFTY,35938.3,35865.65,36007.75,35932.95,0.0214,0.0217,0.0217,0.4153
2021-03-10,FINNIFTY,16689.7,16649.75,16724.55,16695.15,0.0205,0.0206,0.0206,0.3928
2021-03-10,NIFTY,15174.8,15098.4,15209.3,15134.75,0.015,0.0151,0.0151,0.2891
2021-03-12,BANKNIFTY,35496.65,35938.3,35522.1,36007.75,0.0214,0.0217,0.0217,0.4146
2021-03-12,FINNIFTY,16506.35,16689.7,16522.3,16724.55,0.0204,0.0205,0.0205,0.3922
2021-03-12,NIFTY,15030.95,15174.8,15051.4,15209.3,0.015,0.0151,0.0151,0.2888
2021-03-15,BANKNIFTY,35182.55,35496.65,35304.7,35522.1,0.0213,0.0217,0.0217,0.4137
2021-03-15,FINNIFTY,16301.25,16506.35,16368.7,16522.3,0.0204,0.0205,0.0205,0.3914
2021-03-15,NIFTY,14929.5,15030.95,14968.75,15051.4,0.0149,0.0151,0.0151,0.2881
2021-03-16,BANKNIFTY,34804.6,35182.55,34923.4,35304.7,0.0213,0.0216,0.0216,0.4129
2021-03-16,FINNIFTY,16167.15,16301.25,16234.45,16368.7,0.0204,0.0204,0.0204,0.3906
2021-03-16,NIFTY,14910.45,14929.5,14959.7,14968.75,0.0149,0.015,0.015,0.2874
2021-03-17,BANKNIFTY,34229.25,34804.6,34360.65,34923.4,0.0213,0.0216,0.0216,0.4125
2021-03-17,FINNIFTY,15977.4,16167.15,16035.55,16234.45,0.0203,0.0204,0.0204,0.39
2021-03-17,NIFTY,14721.3,14910.45,14771.3,14959.7,0.0149,0.015,0.015,0.2872
2021-03-18,BANKNIFTY,33856.8,34229.25,33888.25,34360.65,0.0212,0.0216,0.0216,0.4119
2021-03-18,FINNIFTY,15848.6,15977.4,15874.9,16035.55,0.0203,0.0204,0.0204,0.3892
2021-03-18,NIFTY,14557.85,14721.3,14577.05,14771.3,0.0149,0.015,0.015,0.287
2021-03-19,BANKNIFTY,34161.6,33856.8,34205.6,33888.25,0.0212,0.0215,0.0215,0.411
2021-03-19,FINNIFTY,15985.35,15848.6,16006.7,15874.9,0.0202,0.0203,0.0203,0.3884
2021-03-19,NIFTY,14744.0,14557.85,14756.45,14577.05,0.0148,0.015,0.015,0.2868
2021-03-22,BANKNIFTY,33603.45,34161.6,33685.2,34205.6,0.0212,0.0215,0.0215,0.4105
2021-03-22,FINNIFTY,15802.25,15985.35,15829.5,16006.7,0.0202,0.0203,0.0203,0.3878
2021-03-22,NIFTY,14736.4,14744.0,14741.6,14756.45,0.0148,0.015,0.015,0.2861
2021-03-23,BANKNIFTY,34184.4,33603.45,34244.05,33685.2,0.0212,0.0215,0.0215,0.4101
2021-03-23,FINNIFTY,15944.4,15802.25,15979.15,15829.5,0.0202,0.0203,0.0203,0.387
2021-03-23,NIFTY,14814.75,14736.4,14832.9,14741.6,0.0148,0.0149,0.0149,0.2855
2021-03-24,BANKNIFTY,33293.25,34184.4,33358.3,34244.05,0.0212,0.0215,0.0215,0.4106
2021-03-24,FINNIFTY,15604.45,15944.4,15637.95,15979.15,0.0202,0.0203,0.0203,0.3871
2021-03-24,NIFTY,14549.4,14814.75,14555.3,14832.9,0.0148,0.015,0.015,0.2859
2021-03-25,BANKNIFTY,33006.45,33293.25,33310.4,33527.35,0.0211,0.0214,0.0214,0.4097
2021-03-25,FINNIFTY,15474.75,15604.45,15631.65,15728.05,0.0201,0.0202,0.0202,0.3862
2021-03-25,NIFTY,14324.9,14549.4,14435.55,14648.5,0.0148,0.015,0.015,0.2859
2021-03-26,BANKNIFTY,33318.2,33006.45,33584.7,33310.4,0.0211,0.0214,0.0214,0.4088
2021-03-26,FINNIFTY,15717.2,15474.75,15830.35,15631.65,0.0201,0.0202,0.0202,0.3857
2021-03-26,NIFTY,14507.3,14324.9,14608.5,14435.55,0.0148,0.015,0.015,0.2856
2021-03-30,BANKNIFTY,33875.1,33318.2,34046.8,33584.7,0.0211,0.0214,0.0214,0.4082
2021-03-30,FINNIFTY,16037.85,15717.2,16104.6,15830.35,0.0201,0.0202,0.0202,0.3854
2021-03-30,NIFTY,14845.1,14507.3,14913.55,14608.5,0.0148,0.015,0.015,0.2863
2021-04-01,BANKNIFTY,33858.0,33303.9,34155.2,33478.45,0.021,0.0213,0.0213,0.4077
2021-04-01,FINNIFTY,15909.25,15715.6,16053.45,15796.8,0.0201,0.0201,0.0201,0.385
2021-04-01,NIFTY,14867.35,14690.7,14953.35,14752.3,0.0148,0.015,0.015,0.2858
2021-04-05,BANKNIFTY,32678.85,33858.0,32817.15,34155.2,0.0211,0.0215,0.0215,0.4102
2021-04-05,FINNIFTY,15392.1,15909.25,15475.6,16053.45,0.0202,0.0203,0.0203,0.3872
2021-04-05,NIFTY,14637.8,14867.35,14698.45,14953.35,0.0148,0.015,0.015,0.286
2021-04-06,BANKNIFTY,32501.35,32678.85,32691.55,32817.15,0.0211,0.0214,0.0214,0.4092
2021-04-06,FINNIFTY,15394.85,15392.1,15453.65,15475.6,0.0201,0.0202,0.0202,0.3862
2021-04-06,NIFTY,14683.5,14637.8,14751.45,14698.45,0.0148,0.0149,0.0149,0.2854
2021-04-07,BANKNIFTY,32991.2,32501.35,33151.4,32691.55,0.0211,0.0214,0.0214,0.4086
2021-04-07,FINNIFTY,15577.55,15394.85,15654.65,15453.65,0.0201,0.0202,0.0202,0.3856
2021-04-07,NIFTY,14819.05,14683.5,14888.0,14751.45,0.0148,0.0149,0.0149,0.2849
2021-04-08,BANKNIFTY,32782.85,32991.2,32945.7,33151.4,0.021,0.0213,0.0213,0.4077
2021-04-08,FINNIFTY,15525.15,15577.55,15600.85,15654.65,0.02,0.0201,0.0201,0.3847
2021-04-08,NIFTY,14873.8,14819.05,14924.4,14888.0,0.0147,0.0149,0.0149,0.2842
2021-04-09,BANKNIFTY,32448.05,32782.85,32617.55,32945.7,0.021,0.0213,0.0213,0.4069
2021-04-09,FINNIFTY,15412.5,15525.15,15489.45,15600.85,0.02,0.0201,0.0201,0.3839
2021-04-09,NIFTY,14834.85,14873.8,14889.4,14924.4,0.0147,0.0148,0.0148,0.2835
2021-04-12,BANKNIFTY,30792.0,32448.05,30869.25,32617.55,0.0212,0.0216,0.0216,0.4126
2021-04-12,FINNIFTY,14711.0,15412.5,14748.4,15489.45,0.0202,0.0203,0.0203,0.3886
2021-04-12,NIFTY,14310.8,14834.85,14343.25,14889.4,0.0149,0.015,0.015,0.2873
2021-04-13,BANKNIFTY,31771.6,30792.0,31865.6,30869.25,0.0213,0.0217,0.0217,0.4138
2021-04-13,FINNIFTY,15209.15,14711.0,15252.7,14748.4,0.0203,0.0204,0.0204,0.3903
2021-04-13,NIFTY,14504.8,14310.8,14541.15,14343.25,0.0149,0.015,0.015,0.2872
2021-04-15,BANKNIFTY,32112.85,31771.6,32206.95,31865.6,0.0213,0.0216,0.0216,0.4131
2021-04-15,FINNIFTY,15387.4,15209.15,15414.1,15252.7,0.0203,0.0204,0.0204,0.3895
2021-04-15,NIFTY,14581.45,14504.8,14592.0,14541.15,0.0148,0.015,0.015,0.2865
2021-04-16,BANKNIFTY,31977.45,32112.85,32075.65,32206.95,0.0212,0.0216,0.0216,0.4121
2021-04-16,FINNIFTY,15362.25,15387.4,15400.3,15414.1,0.0202,0.0203,0.0203,0.3886
2021-04-16,NIFTY,14617.85,14581.45,14645.7,14592.0,0.0148,0.015,0.015,0.2858
2021-04-19,BANKNIFTY,31208.4,31977.45,31239.7,32075.65,0.0212,0.0216,0.0216,0.4126
2021-04-19,FINNIFTY,15006.55,15362.25,15027.45,15400.3,0.0202,0.0204,0.0204,0.389
2021-04-19,NIFTY,14359.45,14617.85,14374.15,14645.7,0.0148,0.015,0.015,0.2862
2021-04-20,BANKNIFTY,31112.7,31208.4,31120.55,31239.7,0.0212,0.0215,0.0215,0.4116
2021-04-20,FINNIFTY,14922.1,15006.55,14945.75,15027.45,0.0202,0.0203,0.0203,0.3881
2021-04-20,NIFTY,14296.4,14359.45,14296.2,14374.15,0.0148,0.0149,0.0149,0.2856
2021-04-22,BANKNIFTY,31782.6,31112.7,31762.85,31120.55,0.0212,0.0215,0.0215,0.4115
2021-04-22,FINNIFTY,15239.5,14922.1,15232.55,14945.75,0.0202,0.0203,0.0203,0.388
2021-04-22,NIFTY,14406.15,14296.4,14403.6,14296.2,0.0147,0.0149,0.0149,0.2851
2021-04-23,BANKNIFTY,31722.3,31782.6,31709.6,31762.85,0.0211,0.0215,0.0215,0.4104
2021-04-23,FINNIFTY,15238.25,15239.5,15237.8,15232.55,0.0201,0.0203,0.0203,0.387
2021-04-23,NIFTY,14341.35,14406.15,14338.6,14403.6,0.0147,0.0149,0.0149,0.2844
2021-04-26,BANKNIFTY,32275.15,31722.3,32302.55,31709.6,0.0211,0.0215,0.0215,0.4102
2021-04-26,FINNIFTY,15436.9,15238.25,15450.75,15237.8,0.0201,0.0202,0.0202,0.3865
2021-04-26,NIFTY,14485.0,14341.35,14486.2,14338.6,0.0147,0.0149,0.0149,0.284
2021-04-27,BANKNIFTY,32735.35,32275.15,32741.95,32302.55,0.0211,0.0214,0.0214,0.4096
2021-04-27,FINNIFTY,15589.25,15436.9,15597.1,15450.75,0.0201,0.0202,0.0202,0.3857
2021-04-27,NIFTY,14653.05,14485.0,14644.7,14486.2,0.0147,0.0149,0.0149,0.2837
2021-04-28,BANKNIFTY,33722.8,32735.35,33696.2,32741.95,0.0211,0.0215,0.0215,0.4104
2021-04-28,FINNIFTY,16039.75,15589.25,16038.95,15597.1,0.0201,0.0202,0.0202,0.3866
2021-04-28,NIFTY,14864.55,14653.05,14855.3,14644.7,0.0147,0.0148,0.0148,0.2837
2021-04-29,BANKNIFTY,33714.5,33722.8,33807.25,33840.85,0.0211,0.0214,0.0214,0.4093
2021-04-29,FINNIFTY,16047.05,16039.75,16089.3,16118.55,0.0201,0.0202,0.0202,0.3857
2021-04-29,NIFTY,14894.9,14864.55,14932.25,14907.85,0.0146,0.0148,0.0148,0.283
2021-04-30,BANKNIFTY,32781.8,33714.5,32893.55,33807.25,0.0211,0.0215,0.0215,0.41
2021-04-30,FINNIFTY,15560.1,16047.05,15644.15,16089.3,0.0201,0.0202,0.0202,0.3866
2021-04-30,NIFTY,14631.1,14894.9,14690.8,14932.25,0.0147,0.0148,0.0148,0.2831
2021-05-03,BANKNIFTY,32465.75,32781.8,32655.85,32893.55,0.0211,0.0214,0.0214,0.4091
2021-05-03,FINNIFTY,15529.2,15560.1,15629.4,15644.15,0.0201,0.0202,0.0202,0.3856
2021-05-03,NIFTY,14634.15,14631.1,14685.8,14690.8,0.0146,0.0148,0.0148,0.2824
2021-05-04,BANKNIFTY,32270.35,32465.75,32422.55,32655.85,0.021,0.0214,0.0214,0.4082
2021-05-04,FINNIFTY,15401.6,15529.2,15475.8,15629.4,0.02,0.0201,0.0201,0.3849
2021-05-04,NIFTY,14496.5,14634.15,14549.3,14685.8,0.0146,0.0148,0.0148,0.282
2021-05-05,BANKNIFTY,32783.7,32270.35,32973.65,32422.55,0.021,0.0213,0.0213,0.4078
2021-05-05,FINNIFTY,15556.9,15401.6,15668.85,15475.8,0.02,0.0201,0.0201,0.3843
2021-05-05,NIFTY,14617.85,14496.5,14679.1,14549.3,0.0146,0.0147,0.0147,0.2815
2021-05-06,BANKNIFTY,32827.8,32783.7,32953.75,32973.65,0.021,0.0213,0.0213,0.4068
2021-05-06,FINNIFTY,15654.7,15556.9,15727.45,15668.85,0.02,0.0201,0.0201,0.3833
2021-05-06,NIFTY,14724.8,14617.85,14769.95,14679.1,0.0146,0.0147,0.0147,0.281
2021-05-07,BANKNIFTY,32904.5,32827.8,33038.4,32953.75,0.0209,0.0212,0.0212,0.4058
2021-05-07,FINNIFTY,15771.05,15654.7,15827.95,15727.45,0.0199,0.02,0.02,0.3825
2021-05-07,NIFTY,14823.15,14724.8,14869.55,14769.95,0.0145,0.0147,0.0147,0.2804
2021-05-10,BANKNIFTY,33142.4,32904.5,33302.65,33038.4,0.0209,0.0212,0.0212,0.4049
2021-05-10,FINNIFTY,15904.75,15771.05,15962.3,15827.95,0.0199,0.02,0.02,0.3817
2021-05-10,NIFTY,14942.35,14823.15,14984.65,14869.55,0.0145,0.0146,0.0146,0.2799
2021-05-11,BANKNIFTY,32872.2,33142.4,32952.5,33302.65,0.0208,0.0212,0.0212,0.4041
2021-05-11,FINNIFTY,15699.9,15904.75,15732.5,15962.3,0.0198,0.02,0.02,0.3812
2021-05-11,NIFTY,14850.75,14942.35,14878.25,14984.65,0.0145,0.0146,0.0146,0.2793
2021-05-12,BANKNIFTY,32452.3,32872.2,32520.3,32952.5,0.0208,0.0211,0.0211,0.4035
2021-05-12,FINNIFTY,15507.35,15699.9,15523.6,15732.5,0.0198,0.0199,0.0199,0.3807
2021-05-12,NIFTY,14696.5,14850.75,14710.05,14878.25,0.0145,0.0146,0.0146,0.2791
2021-05-14,BANKNIFTY,32169.55,32452.3,32265.2,32520.3,0.0207,0.0211,0.0211,0.4026
2021-05-14,FINNIFTY,15412.35,15507.35,15461.75,15523.6,0.0198,0.0199,0.0199,0.3798
2021-05-14,NIFTY,14677.8,14696.5,14714.95,14710.05,0.0144,0.0146,0.0146,0.2784
2021-05-17,BANKNIFTY,33459.25,32169.55,33548.85,32265.2,0.0209,0.0212,0.0212,0.4051
2021-05-17,FINNIFTY,15905.2,15412.35,15941.0,15461.75,0.0198,0.0199,0.0199,0.3811
2021-05-17,NIFTY,14923.15,14677.8,14952.1,14714.95,0.0144,0.0146,0.0146,0.2785
2021-05-18,BANKNIFTY,33922.4,33459.25,34045.2,33548.85,0.0208,0.0212,0.0212,0.4046
2021-05-18,FINNIFTY,16140.15,15905.2,16196.1,15941.0,0.0198,0.0199,0.0199,0.3807
2021-05-18,NIFTY,15108.1,14923.15,15144.85,14952.1,0.0144,0.0146,0.0146,0.2784
2021-05-19,BANKNIFTY,33685.2,33922.4,33800.75,34045.2,0.0208,0.0211,0.0211,0.4037
2021-05-19,FINNIFTY,15981.45,16140.15,16035.2,16196.1,0.0198,0.0199,0.0199,0.38
2021-05-19,NIFTY,15030.15,15108.1,15059.45,15144.85,0.0144,0.0145,0.0145,0.2778
2021-05-20,BANKNIFTY,33334.55,33685.2,33445.7,33800.75,0.0208,0.0211,0.0211,0.4029
2021-05-20,FINNIFTY,15832.4,15981.45,15882.75,16035.2,0.0197,0.0199,0.0199,0.3793
2021-05-20,NIFTY,14906.05,15030.15,14933.25,15059.45,0.0144,0.0145,0.0145,0.2773
2021-05-21,BANKNIFTY,34606.9,33334.55,34763.15,33445.7,0.0209,0.0212,0.0212,0.4053
2021-05-21,FINNIFTY,16339.85,15832.4,16395.95,15882.75,0.0198,0.0199,0.0199,0.3808
2021-05-21,NIFTY,15175.3,14906.05,15206.2,14933.25,0.0144,0.0145,0.0145,0.2777
2021-05-24,BANKNIFTY,34943.6,34606.9,34998.1,34763.15,0.0208,0.0212,0.0212,0.4044
2021-05-24,FINNIFTY,16444.6,16339.85,16463.2,16395.95,0.0198,0.0199,0.0199,0.3799
2021-05-24,NIFTY,15197.7,15175.3,15202.65,15206.2,0.0143,0.0145,0.0145,0.277
2021-05-25,BANKNIFTY,34662.0,34943.6,34758.05,34998.1,0.0208,0.0211,0.0211,0.4035
2021-05-25,FINNIFTY,16327.9,16444.6,16363.85,16463.2,0.0197,0.0198,0.0198,0.379
2021-05-25,NIFTY,15208.45,15197.7,15218.0,15202.65,0.0143,0.0145,0.0145,0.2763
2021-05-26,BANKNIFTY,34684.2,34662.0,34723.95,34758.05,0.0207,0.0211,0.0211,0.4025
2021-05-26,FINNIFTY,16413.3,16327.9,16431.05,16363.85,0.0197,0.0198,0.0198,0.3781
2021-05-26,NIFTY,15301.45,15208.45,15303.0,15218.0,0.0143,0.0144,0.0144,0.2757
2021-05-27,BANKNIFTY,35095.05,34684.2,35308.65,34883.2,0.0207,0.021,0.021,0.4018
2021-05-27,FINNIFTY,16438.9,16413.3,16499.95,16452.2,0.0196,0.0197,0.0197,0.3772
2021-05-27,NIFTY,15337.85,15301.45,15387.15,15335.5,0.0142,0.0144,0.0144,0.2751
2021-05-28,BANKNIFTY,35141.45,35095.05,35321.8,35308.65,0.0207,0.021,0.021,0.4008
2021-05-28,FINNIFTY,16495.3,16438.9,16518.6,16499.95,0.0196,0.0197,0.0197,0.3762
2021-05-28,NIFTY,15435.65,15337.85,15463.85,15387.15,0.0142,0.0144,0.0144,0.2745
2021-05-31,BANKNIFTY,35526.65,35141.45,35602.9,35321.8,0.0206,0.0209,0.0209,0.3999
2021-05-31,FINNIFTY,16663.65,16495.3,16686.7,16518.6,0.0196,0.0197,0.0197,0.3755
2021-05-31,NIFTY,15582.8,15435.65,15583.2,15463.85,0.0142,0.0143,0.0143,0.274
2021-06-01,BANKNIFTY,35337.2,35526.65,35454.1,35602.9,0.0206,0.0209,0.0209,0.3989
2021-06-01,FINNIFTY,16646.0,16663.65,16697.55,16686.7,0.0195,0.0196,0.0196,0.3746
2021-06-01,NIFTY,15574.85,15582.8,15618.15,15583.2,0.0142,0.0143,0.0143,0.2733
2021-06-02,BANKNIFTY,35373.75,35337.2,35524.25,35454.1,0.0205,0.0208,0.0208,0.398
2021-06-02,FINNIFTY,16621.35,16646.0,16675.35,16697.55,0.0195,0.0196,0.0196,0.3737
2021-06-02,NIFTY,15576.2,15574.85,15616.75,15618.15,0.0141,0.0143,0.0143,0.2726
2021-06-03,BANKNIFTY,35649.0,35373.75,35781.95,35524.25,0.0205,0.0208,0.0208,0.3971
2021-06-03,FINNIFTY,16780.65,16621.35,16816.2,16675.35,0.0194,0.0195,0.0195,0.3729
2021-06-03,NIFTY,15690.35,15576.2,15712.4,15616.75,0.0141,0.0142,0.0142,0.2721
2021-06-04,BANKNIFTY,35291.65,35649.0,35508.5,35781.95,0.0204,0.0207,0.0207,0.3962
2021-06-04,FINNIFTY,16744.2,16780.65,16813.5,16816.2,0.0194,0.0195,0.0195,0.372
2021-06-04,NIFTY,15670.25,15690.35,15700.85,15712.4,0.0141,0.0142,0.0142,0.2714
2021-06-07,BANKNIFTY,35443.65,35291.65,35622.2,35508.5,0.0204,0.0207,0.0207,0.3953
2021-06-07,FINNIFTY,16702.85,16744.2,16764.05,16813.5,0.0193,0.0194,0.0194,0.3711
2021-06-07,NIFTY,15751.65,15670.25,15784.85,15700.85,0.014,0.0142,0.0142,0.2708
2021-06-08,BANKNIFTY,35085.3,35443.65,35265.3,35622.2,0.0203,0.0206,0.0206,0.3945
2021-06-08,FINNIFTY,16576.0,16702.85,16643.6,16764.05,0.0193,0.0194,0.0194,0.3703
2021-06-08,NIFTY,15740.1,15751.65,15768.6,15784.85,0.014,0.0141,0.0141,0.2701
2021-06-09,BANKNIFTY,34800.5,35085.3,34929.35,35265.3,0.0203,0.0206,0.0206,0.3937
2021-06-09,FINNIFTY,16467.35,16576.0,16505.05,16643.6,0.0192,0.0193,0.0193,0.3695
2021-06-09,NIFTY,15635.35,15740.1,15660.25,15768.6,0.014,0.0141,0.0141,0.2696
2021-06-10,BANKNIFTY,35131.2,34800.5,35266.35,34929.35,0.0203,0.0206,0.0206,0.393
2021-06-10,FINNIFTY,16667.25,16467.35,16699.05,16505.05,0.0192,0.0193,0.0193,0.3689
2021-06-10,NIFTY,15737.75,15635.35,15751.25,15660.25,0.0139,0.0141,0.0141,0.269
2021-06-11,BANKNIFTY,35047.4,35131.2,35169.35,35266.35,0.0202,0.0205,0.0205,0.392
2021-06-11,FINNIFTY,16639.4,16667.25,16685.1,16699.05,0.0192,0.0193,0.0193,0.368
2021-06-11,NIFTY,15799.35,15737.75,15817.3,15751.25,0.0139,0.0141,0.0141,0.2684
2021-06-14,BANKNIFTY,34950.6,35047.4,35065.1,35169.35,0.0202,0.0205,0.0205,0.391
2021-06-14,FINNIFTY,16581.7,16639.4,16627.35,16685.1,0.0191,0.0192,0.0192,0.3671
2021-06-14,NIFTY,15811.85,15799.35,15832.65,15817.3,0.0139,0.014,0.014,0.2678
2021-06-15,BANKNIFTY,35247.75,34950.6,35330.4,35065.1,0.0201,0.0204,0.0204,0.3902
2021-06-15,FINNIFTY,16676.8,16581.7,16702.75,16627.35,0.0191,0.0192,0.0192,0.3662
2021-06-15,NIFTY,15869.25,15811.85,15879.0,15832.65,0.0138,0.014,0.014,0.2671
2021-06-16,BANKNIFTY,35003.5,35247.75,35101.35,35330.4,0.0201,0.0204,0.0204,0.3893
2021-06-16,FINNIFTY,16576.65,16676.8,16603.9,16702.75,0.019,0.0191,0.0191,0.3654
2021-06-16,NIFTY,15767.55,15869.25,15790.2,15879.0,0.0138,0.014,0.014,0.2666
2021-06-17,BANKNIFTY,34605.4,35003.5,34682.2,35101.35,0.02,0.0203,0.0203,0.3887
2021-06-17,FINNIFTY,16409.55,16576.65,16438.25,16603.9,0.019,0.0191,0.0191,0.3647
2021-06-17,NIFTY,15691.4,15767.55,15692.15,15790.2,0.0138,0.0139,0.0139,0.266
2021-06-18,BANKNIFTY,34558.0,34605.4,34596.75,34682.2,0.02,0.0203,0.0203,0.3877
2021-06-18,FINNIFTY,16419.25,16409.55,16437.75,16438.25,0.019,0.019,0.019,0.3638
2021-06-18,NIFTY,15683.35,15691.4,15696.7,15692.15,0.0138,0.0139,0.0139,0.2654
2021-06-21,BANKNIFTY,34871.3,34558.0,34911.1,34596.75,0.02,0.0203,0.0203,0.3869
2021-06-21,FINNIFTY,16534.65,16419.25,16547.15,16437.75,0.0189,0.019,0.019,0.363
2021-06-21,NIFTY,15746.5,15683.35,15743.8,15696.7,0.0137,0.0139,0.0139,0.2647
2021-06-22,BANKNIFTY,34745.0,34871.3,34775.8,34911.1,0.0199,0.0202,0.0202,0.386
2021-06-22,FINNIFTY,16509.3,16534.65,16508.85,16547.15,0.0189,0.019,0.019,0.3621
2021-06-22,NIFTY,15772.75,15746.5,15773.25,15743.8,0.0137,0.0138,0.0138,0.2641
2021-06-23,BANKNIFTY,34574.0,34745.0,34611.9,34775.8,0.0199,0.0202,0.0202,0.3851
2021-06-23,FINNIFTY,16430.45,16509.3,16452.15,16508.85,0.0188,0.0189,0.0189,0.3613
2021-06-23,NIFTY,15686.95,15772.75,15695.9,15773.25,0.0137,0.0138,0.0138,0.2635
2021-06-24,BANKNIFTY,34827.0,34574.0,35001.45,34733.95,0.0198,0.0201,0.0201,0.3843
2021-06-24,FINNIFTY,16520.3,16430.45,16571.75,16479.9,0.0188,0.0189,0.0189,0.3604
2021-06-24,NIFTY,15790.45,15686.95,15832.45,15742.35,0.0136,0.0138,0.0138,0.263
2021-06-25,BANKNIFTY,35364.65,34827.0,35488.65,35001.45,0.0198,0.0201,0.0201,0.3838
2021-06-25,FINNIFTY,16722.35,16520.3,16766.15,16571.75,0.0188,0.0188,0.0188,0.3599
2021-06-25,NIFTY,15860.35,15790.45,15888.0,15832.45,0.0136,0.0137,0.0137,0.2623
2021-06-28,BANKNIFTY,35359.45,35364.65,35516.15,35488.65,0.0197,0.02,0.02,0.3828
2021-06-28,FINNIFTY,16667.4,16722.35,16707.85,16766.15,0.0187,0.0188,0.0188,0.359
2021-06-28,NIFTY,15814.7,15860.35,15854.95,15888.0,0.0136,0.0137,0.0137,0.2617
2021-06-29,BANKNIFTY,35010.3,35359.45,35186.1,35516.15,0.0197,0.02,0.02,0.3821
2021-06-29,FINNIFTY,16545.7,16667.4,16589.65,16707.85,0.0187,0.0188,0.0188,0.3582
2021-06-29,NIFTY,15748.45,15814.7,15785.6,15854.95,0.0135,0.0137,0.0137,0.2611
2021-06-30,BANKNIFTY,34772.2,35010.3,34937.55,35186.1,0.0197,0.02,0.02,0.3812
2021-06-30,FINNIFTY,16444.1,16545.7,16499.6,16589.65,0.0186,0.0187,0.0187,0.3574
2021-06-30,NIFTY,15721.5,15748.45,15752.15,15785.6,0.0135,0.0136,0.0136,0.2605
2021-07-01,BANKNIFTY,34684.0,34772.2,34853.05,34937.55,0.0196,0.0199,0.0199,0.3803
2021-07-01,FINNIFTY,16376.85,16444.1,16439.55,16499.6,0.0186,0.0187,0.0187,0.3566
2021-07-01,NIFTY,15680.0,15721.5,15710.6,15752.15,0.0135,0.0136,0.0136,0.2599
2021-07-02,BANKNIFTY,34809.9,34684.0,34951.65,34853.05,0.0196,0.0199,0.0199,0.3793
2021-07-02,FINNIFTY,16438.3,16376.85,16477.05,16439.55,0.0185,0.0186,0.0186,0.3557
2021-07-02,NIFTY,15722.2,15680.0,15741.55,15710.6,0.0134,0.0136,0.0136,0.2592
2021-07-05,BANKNIFTY,35212.0,34809.9,35336.9,34951.65,0.0195,0.0198,0.0198,0.3787
2021-07-05,FINNIFTY,16610.85,16438.3,16657.2,16477.05,0.0185,0.0186,0.0186,0.3551
2021-07-05,NIFTY,15834.35,15722.2,15858.1,15741.55,0.0134,0.0135,0.0135,0.2588
2021-07-06,BANKNIFTY,35579.15,35212.0,35677.4,35336.9,0.0195,0.0198,0.0198,0.378
2021-07-06,FINNIFTY,16771.9,16610.85,16791.85,16657.2,0.0185,0.0185,0.0185,0.3544
2021-07-06,NIFTY,15818.25,15834.35,15837.45,15858.1,0.0134,0.0135,0.0135,0.2581
2021-07-07,BANKNIFTY,35771.3,35579.15,35865.6,35677.4,0.0195,0.0197,0.0197,0.3771
2021-07-07,FINNIFTY,16874.45,16771.9,16897.6,16791.85,0.0184,0.0185,0.0185,0.3536
2021-07-07,NIFTY,15879.65,15818.25,15886.4,15837.45,0.0134,0.0135,0.0135,0.2575
2021-07-08,BANKNIFTY,35274.1,35771.3,35411.0,35865.6,0.0194,0.0197,0.0197,0.3765
2021-07-08,FINNIFTY,16669.1,16874.45,16710.55,16897.6,0.0184,0.0185,0.0185,0.353
2021-07-08,NIFTY,15727.9,15879.65,15735.4,15886.4,0.0133,0.0135,0.0135,0.2572
2021-07-09,BANKNIFTY,35071.95,35274.1,35270.35,35411.0,0.0194,0.0197,0.0197,0.3756
2021-07-09,FINNIFTY,16590.0,16669.1,16661.8,16710.55,0.0184,0.0184,0.0184,0.3522
2021-07-09,NIFTY,15689.8,15727.9,15722.45,15735.4,0.0133,0.0134,0.0134,0.2565
2021-07-12,BANKNIFTY,35198.9,35071.95,35311.55,35270.35,0.0193,0.0196,0.0196,0.3747
2021-07-12,FINNIFTY,16606.15,16590.0,16638.75,16661.8,0.0183,0.0184,0.0184,0.3513
2021-07-12,NIFTY,15692.6,15689.8,15711.95,15722.45,0.0133,0.0134,0.0134,0.2559
2021-07-13,BANKNIFTY,35673.4,35198.9,35761.65,35311.55,0.0193,0.0196,0.0196,0.3741
2021-07-13,FINNIFTY,16852.15,16606.15,16875.15,16638.75,0.0183,0.0184,0.0184,0.3509
2021-07-13,NIFTY,15812.35,15692.6,15833.8,15711.95,0.0132,0.0134,0.0134,0.2555
2021-07-14,BANKNIFTY,35668.25,35673.4,35755.6,35761.65,0.0193,0.0195,0.0195,0.3732
2021-07-14,FINNIFTY,16823.05,16852.15,16855.4,16875.15,0.0183,0.0183,0.0183,0.35
2021-07-14,NIFTY,15853.95,15812.35,15869.05,15833.8,0.0132,0.0133,0.0133,0.2548
2021-07-15,BANKNIFTY,35907.65,35668.25,35988.25,35755.6,0.0192,0.0195,0.0195,0.3724
2021-07-15,FINNIFTY,16926.3,16823.05,16935.25,16855.4,0.0182,0.0183,0.0183,0.3492
2021-07-15,NIFTY,15924.2,15853.95,15937.3,15869.05,0.0132,0.0133,0.0133,0.2543
2021-07-16,BANKNIFTY,35751.8,35907.65,35856.5,35988.25,0.0192,0.0194,0.0194,0.3715
2021-07-16,FINNIFTY,16884.1,16926.3,16930.25,16935.25,0.0182,0.0182,0.0182,0.3484
2021-07-16,NIFTY,15923.4,15924.2,15936.0,15937.3,0.0132,0.0133,0.0133,0.2536
2021-07-19,BANKNIFTY,35079.2,35751.8,35170.75,35856.5,0.0192,0.0194,0.0194,0.3715
2021-07-19,FINNIFTY,16555.75,16884.1,16589.4,16930.25,0.0182,0.0182,0.0182,0.3486
2021-07-19,NIFTY,15752.4,15923.4,15752.4,15936.0,0.0131,0.0133,0.0133,0.2535
2021-07-20,BANKNIFTY,34415.45,35079.2,34487.1,35170.75,0.0192,0.0194,0.0194,0.3715
2021-07-20,FINNIFTY,16293.1,16555.75,16320.35,16589.4,0.0182,0.0182,0.0182,0.3484
2021-07-20,NIFTY,15632.1,15752.4,15637.2,15752.4,0.0131,0.0132,0.0132,0.253
2021-07-22,BANKNIFTY,34677.3,34415.45,34724.85,34487.1,0.0191,0.0194,0.0194,0.3707
2021-07-22,FINNIFTY,16499.2,16293.1,16515.25,16320.35,0.0181,0.0182,0.0182,0.3479
2021-07-22,NIFTY,15824.05,15632.1,15816.9,15637.2,0.0131,0.0132,0.0132,0.2529
2021-07-23,BANKNIFTY,35034.4,34677.3,35040.9,34724.85,0.0191,0.0194,0.0194,0.3699
2021-07-23,FINNIFTY,16611.05,16499.2,16629.2,16515.25,0.0181,0.0182,0.0182,0.3471
2021-07-23,NIFTY,15856.05,15824.05,15853.1,15816.9,0.0131,0.0132,0.0132,0.2523
2021-07-26,BANKNIFTY,34949.7,35034.4,34962.8,35040.9,0.0191,0.0193,0.0193,0.369
2021-07-26,FINNIFTY,16574.85,16611.05,16574.75,16629.2,0.0181,0.0181,0.0181,0.3463
2021-07-26,NIFTY,15824.45,15856.05,15820.45,15853.1,0.0131,0.0132,0.0132,0.2517
2021-07-27,BANKNIFTY,34797.45,34949.7,34817.85,34962.8,0.019,0.0193,0.0193,0.3682
2021-07-27,FINNIFTY,16529.15,16574.85,16518.7,16574.75,0.018,0.0181,0.0181,0.3455
2021-07-27,NIFTY,15746.45,15824.45,15734.65,15820.45,0.013,0.0131,0.0131,0.2511
2021-07-28,BANKNIFTY,34532.9,34797.45,34559.3,34817.85,0.019,0.0192,0.0192,0.3674
2021-07-28,FINNIFTY,16444.75,16529.15,16446.1,16518.7,0.018,0.018,0.018,0.3447
2021-07-28,NIFTY,15709.4,15746.45,15709.1,15734.65,0.013,0.0131,0.0131,0.2505
2021-07-29,BANKNIFTY,34691.5,34532.9,34832.7,34667.25,0.0189,0.0192,0.0192,0.3665
2021-07-29,FINNIFTY,16513.6,16444.75,16558.55,16490.8,0.0179,0.018,0.018,0.3438
2021-07-29,NIFTY,15778.45,15709.4,15806.35,15743.4,0.013,0.0131,0.0131,0.2499
2021-07-30,BANKNIFTY,34584.35,34691.5,34673.15,34832.7,0.0189,0.0191,0.0191,0.3656
2021-07-30,FINNIFTY,16468.65,16513.6,16512.75,16558.55,0.0179,0.018,0.018,0.343
2021-07-30,NIFTY,15763.05,15778.45,15777.25,15806.35,0.0129,0.0131,0.0131,0.2493
2021-08-02,BANKNIFTY,34710.0,34584.35,34825.85,34673.15,0.0188,0.0191,0.0191,0.3648
2021-08-02,FINNIFTY,16539.55,16468.65,16607.0,16512.75,0.0178,0.0179,0.0179,0.3422
2021-08-02,NIFTY,15885.15,15763.05,15909.0,15777.25,0.0129,0.013,0.013,0.249
2021-08-03,BANKNIFTY,35207.45,34710.0,35296.7,34825.85,0.0188,0.0191,0.0191,0.3643
2021-08-03,FINNIFTY,16818.05,16539.55,16923.3,16607.0,0.0178,0.0179,0.0179,0.3423
2021-08-03,NIFTY,16130.75,15885.15,16146.5,15909.0,0.0129,0.013,0.013,0.2491
2021-08-04,BANKNIFTY,36028.05,35207.45,36094.35,35296.7,0.0188,0.0191,0.0191,0.3647
2021-08-04,FINNIFTY,17253.05,16818.05,17275.65,16923.3,0.0179,0.0179,0.0179,0.3426
2021-08-04,NIFTY,16258.8,16130.75,16260.8,16146.5,0.0129,0.013,0.013,0.2487
2021-08-05,BANKNIFTY,35834.75,36028.05,35954.1,36094.35,0.0188,0.019,0.019,0.3638
2021-08-05,FINNIFTY,17193.3,17253.05,17217.7,17275.65,0.0178,0.0179,0.0179,0.3418
2021-08-05,NIFTY,16294.6,16258.8,16300.65,16260.8,0.0129,0.013,0.013,0.2481
2021-08-06,BANKNIFTY,35809.25,35834.75,35941.05,35954.1,0.0188,0.019,0.019,0.3629
2021-08-06,FINNIFTY,17136.15,17193.3,17199.25,17217.7,0.0178,0.0178,0.0178,0.3409
2021-08-06,NIFTY,16238.2,16294.6,16251.7,16300.65,0.0128,0.013,0.013,0.2475
2021-08-09,BANKNIFTY,36028.95,35809.25,36128.6,35941.05,0.0187,0.0189,0.0189,0.362
2021-08-09,FINNIFTY,17202.55,17136.15,17239.75,17199.25,0.0178,0.0178,0.0178,0.3401
2021-08-09,NIFTY,16258.25,16238.2,16262.95,16251.7,0.0128,0.0129,0.0129,0.2469
2021-08-10,BANKNIFTY,36034.1,36028.95,36135.1,36128.6,0.0187,0.0189,0.0189,0.3611
2021-08-10,FINNIFTY,17254.45,17202.55,17272.3,17239.75,0.0177,0.0178,0.0178,0.3392
2021-08-10,NIFTY,16280.1,16258.25,16276.95,16262.95,0.0128,0.0129,0.0129,0.2463
2021-08-11,BANKNIFTY,35806.4,36034.1,35917.2,36135.1,0.0186,0.0189,0.0189,0.3603
2021-08-11,FINNIFTY,17147.65,17254.45,17175.7,17272.3,0.0177,0.0177,0.0177,0.3385
2021-08-11,NIFTY,16282.25,16280.1,16283.35,16276.95,0.0127,0.0129,0.0129,0.2457
2021-08-12,BANKNIFTY,35937.05,35806.4,36063.8,35917.2,0.0186,0.0188,0.0188,0.3595
2021-08-12,FINNIFTY,17233.5,17147.65,17275.45,17175.7,0.0176,0.0177,0.0177,0.3377
2021-08-12,NIFTY,16364.4,16282.25,16358.6,16283.35,0.0127,0.0128,0.0128,0.2451
2021-08-13,BANKNIFTY,36169.35,35937.05,36211.75,36063.8,0.0185,0.0188,0.0188,0.3586
2021-08-13,FINNIFTY,17350.15,17233.5,17372.05,17275.45,0.0176,0.0176,0.0176,0.337
2021-08-13,NIFTY,16529.1,16364.4,16517.35,16358.6,0.0127,0.0128,0.0128,0.2449
2021-08-16,BANKNIFTY,36094.5,36169.35,36140.25,36211.75,0.0185,0.0187,0.0187,0.3577
2021-08-16,FINNIFTY,17421.3,17350.15,17438.75,17372.05,0.0176,0.0176,0.0176,0.3362
2021-08-16,NIFTY,16563.05,16529.1,16559.45,16517.35,0.0127,0.0128,0.0128,0.2443
2021-08-17,BANKNIFTY,35867.45,36094.5,35937.85,36140.25,0.0184,0.0187,0.0187,0.3569
2021-08-17,FINNIFTY,17371.15,17421.3,17382.5,17438.75,0.0175,0.0176,0.0176,0.3353
2021-08-17,NIFTY,16614.6,16563.05,16595.85,16559.45,0.0126,0.0128,0.0128,0.2437
2021-08-18,BANKNIFTY,35554.5,35867.45,35601.3,35937.85,0.0184,0.0186,0.0186,0.3562
2021-08-18,FINNIFTY,17273.0,17371.15,17297.7,17382.5,0.0175,0.0175,0.0175,0.3346
2021-08-18,NIFTY,16568.85,16614.6,16572.3,16595.85,0.0126,0.0127,0.0127,0.2431
2021-08-20,BANKNIFTY,35033.85,35554.5,35062.95,35601.3,0.0184,0.0186,0.0186,0.3559
2021-08-20,FINNIFTY,17152.55,17273.0,17139.6,17297.7,0.0174,0.0175,0.0175,0.334
2021-08-20,NIFTY,16450.5,16568.85,16433.7,16572.3,0.0126,0.0127,0.0127,0.2427
2021-08-23,BANKNIFTY,35124.4,35033.85,35159.2,35062.95,0.0184,0.0186,0.0186,0.3551
2021-08-23,FINNIFTY,17220.95,17152.55,17234.05,17139.6,0.0174,0.0174,0.0174,0.3332
2021-08-23,NIFTY,16496.45,16450.5,16494.25,16433.7,0.0126,0.0127,0.0127,0.2422
2021-08-24,BANKNIFTY,35712.1,35124.4,35719.35,35159.2,0.0183,0.0186,0.0186,0.3548
2021-08-24,FINNIFTY,17461.1,17220.95,17458.3,17234.05,0.0174,0.0174,0.0174,0.3328
2021-08-24,NIFTY,16624.6,16496.45,16620.25,16494.25,0.0125,0.0127,0.0127,0.2418
2021-08-25,BANKNIFTY,35586.25,35712.1,35617.65,35719.35,0.0183,0.0185,0.0185,0.3539
2021-08-25,FINNIFTY,17403.65,17461.1,17394.3,17458.3,0.0173,0.0174,0.0174,0.332
2021-08-25,NIFTY,16634.65,16624.6,16632.35,16620.25,0.0125,0.0126,0.0126,0.2412
2021-08-26,BANKNIFTY,35617.55,35586.25,35738.25,35737.1,0.0183,0.0185,0.0185,0.3531
2021-08-26,FINNIFTY,17441.4,17403.65,17488.9,17448.85,0.0173,0.0173,0.0173,0.3312
2021-08-26,NIFTY,16636.9,16634.65,16647.65,16664.9,0.0125,0.0126,0.0126,0.2406
2021-08-27,BANKNIFTY,35627.8,35617.55,35725.5,35738.25,0.0182,0.0184,0.0184,0.3522
2021-08-27,FINNIFTY,17520.25,17441.4,17544.55,17488.9,0.0173,0.0173,0.0173,0.3304
2021-08-27,NIFTY,16705.2,16636.9,16718.15,16647.65,0.0125,0.0126,0.0126,0.2401
2021-08-30,BANKNIFTY,36347.65,35627.8,36478.85,35725.5,0.0182,0.0184,0.0184,0.3524
2021-08-30,FINNIFTY,17843.9,17520.25,17887.9,17544.55,0.0173,0.0173,0.0173,0.3306
2021-08-30,NIFTY,16931.05,16705.2,16942.4,16718.15,0.0125,0.0126,0.0126,0.2401
2021-08-31,BANKNIFTY,36424.6,36347.65,36513.5,36478.85,0.0182,0.0184,0.0184,0.3515
2021-08-31,FINNIFTY,18070.7,17843.9,18077.95,17887.9,0.0172,0.0173,0.0173,0.3301
2021-08-31,NIFTY,17132.2,16931.05,17122.25,16942.4,0.0125,0.0126,0.0126,0.24
2021-09-01,BANKNIFTY,36574.3,36424.6,36699.0,36513.5,0.0181,0.0184,0.0184,0.3507
2021-09-01,FINNIFTY,18036.0,18070.7,18063.1,18077.95,0.0172,0.0172,0.0172,0.3293
2021-09-01,NIFTY,17076.25,17132.2,17096.95,17122.25,0.0124,0.0125,0.0125,0.2394
2021-09-02,BANKNIFTY,36831.3,36574.3,36969.25,36699.0,0.0181,0.0183,0.0183,0.35
2021-09-02,FINNIFTY,18181.8,18036.0,18199.4,18063.1,0.0172,0.0172,0.0172,0.3286
2021-09-02,NIFTY,17234.15,17076.25,17247.25,17096.95,0.0124,0.0125,0.0125,0.2391
2021-09-03,BANKNIFTY,36761.15,36831.3,36899.75,36969.25,0.018,0.0183,0.0183,0.3491
2021-09-03,FINNIFTY,18130.55,18181.8,18161.8,18199.4,0.0171,0.0172,0.0172,0.3278
2021-09-03,NIFTY,17323.6,17234.15,17329.35,17247.25,0.0124,0.0125,0.0125,0.2385
2021-09-06,BANKNIFTY,36592.35,36761.15,36757.15,36899.75,0.018,0.0182,0.0182,0.3483
2021-09-06,FINNIFTY,18077.2,18130.55,18130.35,18161.8,0.0171,0.0171,0.0171,0.327
2021-09-06,NIFTY,17377.8,17323.6,17404.65,17329.35,0.0124,0.0125,0.0125,0.238
2021-09-07,BANKNIFTY,36468.8,36592.35,36585.95,36757.15,0.018,0.0182,0.0182,0.3475
2021-09-07,FINNIFTY,18103.95,18077.2,18106.9,18130.35,0.017,0.0171,0.0171,0.3262
2021-09-07,NIFTY,17362.1,17377.8,17375.8,17404.65,0.0123,0.0124,0.0124,0.2374
2021-09-08,BANKNIFTY,36768.2,36468.8,36881.7,36585.95,0.0179,0.0182,0.0182,0.3468
2021-09-08,FINNIFTY,18207.45,18103.95,18233.8,18106.9,0.017,0.017,0.017,0.3255
2021-09-08,NIFTY,17353.5,17362.1,17370.9,17375.8,0.0123,0.0124,0.0124,0.2368
2021-09-09,BANKNIFTY,36683.2,36768.2,36772.55,36881.7,0.0179,0.0181,0.0181,0.3459
2021-09-09,FINNIFTY,18160.55,18207.45,18179.05,18233.8,0.017,0.017,0.017,0.3247
2021-09-09,NIFTY,17369.25,17353.5,17364.3,17370.9,0.0123,0.0124,0.0124,0.2362
2021-09-13,BANKNIFTY,36471.8,36683.2,36576.55,36772.55,0.0178,0.0181,0.0181,0.3451
2021-09-13,FINNIFTY,18126.6,18160.55,18151.5,18179.05,0.0169,0.017,0.017,0.3239
2021-09-13,NIFTY,17355.3,17369.25,17359.3,17364.3,0.0122,0.0123,0.0123,0.2357
2021-09-14,BANKNIFTY,36613.05,36471.8,36714.45,36576.55,0.0178,0.018,0.018,0.3443
2021-09-14,FINNIFTY,18103.85,18126.6,18136.75,18151.5,0.0169,0.0169,0.0169,0.3231
2021-09-14,NIFTY,17380.0,17355.3,17384.95,17359.3,0.0122,0.0123,0.0123,0.2351
2021-09-15,BANKNIFTY,36852.25,36613.05,36968.25,36714.45,0.0178,0.018,0.018,0.3436
2021-09-15,FINNIFTY,18158.25,18103.85,18202.85,18136.75,0.0168,0.0169,0.0169,0.3223
2021-09-15,NIFTY,17519.45,17380.0,17535.45,17384.95,0.0122,0.0123,0.0123,0.2348
2021-09-16,BANKNIFTY,37668.6,36852.25,37780.2,36968.25,0.0178,0.018,0.018,0.344
2021-09-16,FINNIFTY,18356.75,18158.25,18380.7,18202.85,0.0168,0.0168,0.0168,0.3218
2021-09-16,NIFTY,17629.5,17519.45,17611.25,17535.45,0.0122,0.0123,0.0123,0.2343
2021-09-17,BANKNIFTY,37811.95,37668.6,37850.05,37780.2,0.0177,0.018,0.018,0.3431
2021-09-17,FINNIFTY,18476.25,18356.75,18482.8,18380.7,0.0168,0.0168,0.0168,0.3211
2021-09-17,NIFTY,17585.15,17629.5,17603.15,17611.25,0.0121,0.0122,0.0122,0.2337
2021-09-20,BANKNIFTY,37145.7,37811.95,37224.25,37850.05,0.0177,0.018,0.018,0.343
2021-09-20,FINNIFTY,18177.95,18476.25,18194.85,18482.8,0.0168,0.0168,0.0168,0.321
2021-09-20,NIFTY,17396.9,17585.15,17386.65,17603.15,0.0121,0.0122,0.0122,0.2337
2021-09-21,BANKNIFTY,37235.85,37145.7,37370.5,37224.25,0.0177,0.0179,0.0179,0.3422
2021-09-21,FINNIFTY,18310.05,18177.95,18339.85,18194.85,0.0167,0.0168,0.0168,0.3203
2021-09-21,NIFTY,17562.0,17396.9,17559.3,17386.65,0.0121,0.0122,0.0122,0.2335
2021-09-22,BANKNIFTY,36944.65,37235.85,37100.3,37370.5,0.0177,0.0179,0.0179,0.3415
2021-09-22,FINNIFTY,18152.1,18310.05,18190.9,18339.85,0.0167,0.0167,0.0167,0.3197
2021-09-22,NIFTY,17546.65,17562.0,17568.5,17559.3,0.0121,0.0122,0.0122,0.2329
2021-09-23,BANKNIFTY,37771.7,36944.65,37861.05,37100.3,0.0177,0.0179,0.0179,0.3417
2021-09-23,FINNIFTY,18566.2,18152.1,18618.85,18190.9,0.0167,0.0168,0.0168,0.3205
2021-09-23,NIFTY,17822.95,17546.65,17833.1,17568.5,0.0121,0.0122,0.0122,0.2332
2021-09-24,BANKNIFTY,37830.3,37771.7,37854.3,37861.05,0.0176,0.0178,0.0178,0.3409
2021-09-24,FINNIFTY,18630.0,18566.2,18649.9,18618.85,0.0167,0.0167,0.0167,0.3197
2021-09-24,NIFTY,17853.2,17822.95,17853.6,17833.1,0.0121,0.0122,0.0122,0.2326
2021-09-27,BANKNIFTY,38171.25,37830.3,38224.8,37854.3,0.0176,0.0178,0.0178,0.3403
2021-09-27,FINNIFTY,18706.85,18630.0,18716.1,18649.9,0.0167,0.0167,0.0167,0.3189
2021-09-27,NIFTY,17855.1,17853.2,17856.75,17853.6,0.012,0.0121,0.0121,0.232
2021-09-28,BANKNIFTY,37945.0,38171.25,38044.15,38224.8,0.0176,0.0178,0.0178,0.3395
2021-09-28,FINNIFTY,18534.75,18706.85,18548.55,18716.1,0.0166,0.0167,0.0167,0.3183
2021-09-28,NIFTY,17748.6,17855.1,17748.2,17856.75,0.012,0.0121,0.0121,0.2316
2021-09-29,BANKNIFTY,37743.0,37945.0,37878.5,38044.15,0.0175,0.0177,0.0177,0.3387
2021-09-29,FINNIFTY,18371.3,18534.75,18412.85,18548.55,0.0166,0.0166,0.0166,0.3177
2021-09-29,NIFTY,17711.3,17748.6,17708.0,17748.2,0.012,0.0121,0.0121,0.231
2021-09-30,BANKNIFTY,37425.1,37743.0,37618.9,37969.3,0.0175,0.0177,0.0177,0.3381
2021-09-30,FINNIFTY,18303.8,18371.3,18426.65,18466.65,0.0166,0.0166,0.0166,0.3169
2021-09-30,NIFTY,17618.15,17711.3,17623.15,17732.6,0.012,0.0121,0.0121,0.2306
2021-10-01,BANKNIFTY,37225.9,37425.1,37356.4,37618.9,0.0175,0.0177,0.0177,0.3373
2021-10-01,FINNIFTY,18137.8,18303.8,18186.45,18426.65,0.0165,0.0166,0.0166,0.3166
2021-10-01,NIFTY,17532.05,17618.15,17530.2,17623.15,0.0119,0.012,0.012,0.2301
2021-10-04,BANKNIFTY,37579.65,37225.9,37735.25,37356.4,0.0174,0.0176,0.0176,0.3368
2021-10-04,FINNIFTY,18312.45,18137.8,18372.5,18186.45,0.0165,0.0165,0.0165,0.3161
2021-10-04,NIFTY,17691.25,17532.05,17706.25,17530.2,0.0119,0.012,0.012,0.23
2021-10-05,BANKNIFTY,37741.0,37579.65,37864.2,37735.25,0.0174,0.0176,0.0176,0.336
2021-10-05,FINNIFTY,18367.05,18312.45,18425.0,18372.5,0.0165,0.0165,0.0165,0.3154
2021-10-05,NIFTY,17822.3,17691.25,17829.75,17706.25,0.0119,0.012,0.012,0.2296
2021-10-06,BANKNIFTY,37521.55,37741.0,37624.35,37864.2,0.0173,0.0175,0.0175,0.3352
2021-10-06,FINNIFTY,18309.15,18367.05,18330.95,18425.0,0.0164,0.0165,0.0165,0.3146
2021-10-06,NIFTY,17646.0,17822.3,17627.2,17829.75,0.0119,0.012,0.012,0.2295
2021-10-07,BANKNIFTY,37753.2,37521.55,37886.3,37624.35,0.0173,0.0175,0.0175,0.3345
2021-10-07,FINNIFTY,18336.95,18309.15,18381.0,18330.95,0.0164,0.0164,0.0164,0.3139
2021-10-07,NIFTY,17790.35,17646.0,17808.15,17627.2,0.0119,0.012,0.012,0.2294
2021-10-08,BANKNIFTY,37775.25,37753.2,37917.05,37886.3,0.0173,0.0175,0.0175,0.3337
2021-10-08,FINNIFTY,18274.1,18336.95,18338.8,18381.0,0.0163,0.0164,0.0164,0.3131
2021-10-08,NIFTY,17895.2,17790.35,17900.1,17808.15,0.0119,0.012,0.012,0.2289
2021-10-11,BANKNIFTY,38293.8,37775.25,38373.45,37917.05,0.0172,0.0174,0.0174,0.3332
2021-10-11,FINNIFTY,18274.1,18274.1,18570.15,18338.8,0.0163,0.0164,0.0164,0.3128
2021-10-11,NIFTY,17945.95,17895.2,17973.05,17900.1,0.0118,0.012,0.012,0.2284
2021-10-12,BANKNIFTY,38521.5,38293.8,38588.35,38373.45,0.0172,0.0174,0.0174,0.3325
2021-10-12,FINNIFTY,18274.1,18274.1,18634.8,18570.15,0.0163,0.0163,0.0163,0.312
2021-10-12,NIFTY,17991.95,17945.95,18002.55,17973.05,0.0118,0.0119,0.0119,0.2278
2021-10-13,BANKNIFTY,38635.75,38521.5,38718.35,38588.35,0.0172,0.0174,0.0174,0.3317
2021-10-13,FINNIFTY,18274.1,18274.1,18695.5,18634.8,0.0162,0.0163,0.0163,0.3113
2021-10-13,NIFTY,18161.75,17991.95,18172.75,18002.55,0.0118,0.0119,0.0119,0.2276
2021-10-14,BANKNIFTY,39340.9,38635.75,39402.35,38718.35,0.0172,0.0174,0.0174,0.3317
2021-10-14,FINNIFTY,18274.1,18274.1,18991.35,18695.5,0.0162,0.0163,0.0163,0.3112
2021-10-14,NIFTY,18338.55,18161.75,18355.0,18172.75,0.0118,0.0119,0.0119,0.2274
2021-10-18,BANKNIFTY,39684.8,39340.9,39782.45,39402.35,0.0171,0.0173,0.0173,0.3311
2021-10-18,FINNIFTY,19034.3,18947.65,19062.5,18991.35,0.0161,0.0163,0.0163,0.3105
2021-10-18,NIFTY,18477.05,18338.55,18495.4,18355.0,0.0118,0.0119,0.0119,0.2271
2021-10-19,BANKNIFTY,39540.5,39684.8,39633.35,39782.45,0.0171,0.0173,0.0173,0.3303
2021-10-19,FINNIFTY,19068.45,19034.3,19080.05,19062.5,0.0161,0.0162,0.0162,0.3097
2021-10-19,NIFTY,18418.75,18477.05,18432.45,18495.4,0.0117,0.0119,0.0119,0.2266
2021-10-20,BANKNIFTY,39518.2,39540.5,39654.9,39633.35,0.0171,0.0172,0.0172,0.3295
2021-10-20,FINNIFTY,18957.55,19068.45,18969.0,19080.05,0.0161,0.0162,0.0162,0.309
2021-10-20,NIFTY,18266.6,18418.75,18316.7,18432.45,0.0117,0.0118,0.0118,0.2262
2021-10-21,BANKNIFTY,40030.2,39518.2,40105.05,39654.9,0.017,0.0172,0.0172,0.329
2021-10-21,FINNIFTY,19188.85,18957.55,19234.0,18969.0,0.0161,0.0162,0.0162,0.3088
2021-10-21,NIFTY,18178.1,18266.6,18202.9,18316.7,0.0117,0.0118,0.0118,0.2258
2021-10-22,BANKNIFTY,40323.65,40030.2,40396.4,40105.05,0.017,0.0172,0.0172,0.3284
2021-10-22,FINNIFTY,19302.95,19188.85,19290.0,19234.0,0.016,0.0161,0.0161,0.3081
2021-10-22,NIFTY,18114.9,18178.1,18144.55,18202.9,0.0117,0.0118,0.0118,0.2252
2021-10-25,BANKNIFTY,41192.4,40323.65,41271.9,40396.4,0.017,0.0172,0.0172,0.3288
2021-10-25,FINNIFTY,19559.5,19302.95,19601.35,19290.0,0.016,0.0161,0.0161,0.3081
2021-10-25,NIFTY,18125.4,18114.9,18145.45,18144.55,0.0117,0.0118,0.0118,0.2247
2021-10-26,BANKNIFTY,41238.3,41192.4,41360.45,41271.9,0.017,0.0172,0.0172,0.328
2021-10-26,FINNIFTY,19651.1,19559.5,19625.05,19634.15,0.016,0.0161,0.0161,0.3073
2021-10-26,NIFTY,18268.4,18125.4,18314.15,18145.45,0.0116,0.0117,0.0117,0.2245
2021-10-27,BANKNIFTY,40874.35,41238.3,40959.95,41360.45,0.017,0.0171,0.0171,0.3275
2021-10-27,FINNIFTY,19504.75,19651.1,19759.65,19625.05,0.0159,0.0161,0.0161,0.3067
2021-10-27,NIFTY,18210.95,18268.4,18215.25,18314.15,0.0116,0.0117,0.0117,0.224
2021-10-28,BANKNIFTY,39508.95,40874.35,39696.15,41088.65,0.0171,0.0173,0.0173,0.3299
2021-10-28,FINNIFTY,18987.55,19504.75,19001.0,19759.65,0.016,0.0162,0.0162,0.3104
2021-10-28,NIFTY,17857.25,18210.95,17913.1,18244.85,0.0117,0.0118,0.0118,0.2248
2021-10-29,BANKNIFTY,39115.6,39508.95,39314.45,39696.15,0.0171,0.0172,0.0172,0.3294
2021-10-29,FINNIFTY,18792.85,18987.55,18762.55,19001.0,0.016,0.0162,0.0162,0.3101
2021-10-29,NIFTY,17671.65,17857.25,17715.3,17913.1,0.0117,0.0118,0.0118,0.2248
2021-11-01,BANKNIFTY,39763.75,39115.6,40028.1,39314.45,0.0171,0.0172,0.0172,0.3294
2021-11-01,FINNIFTY,19009.65,18792.85,19100.5,18762.55,0.016,0.0162,0.0162,0.3103
2021-11-01,NIFTY,17929.65,17671.65,18008.45,17715.3,0.0117,0.0118,0.0118,0.2253
2021-11-02,BANKNIFTY,39938.45,39763.75,40081.55,40028.1,0.017,0.0172,0.0172,0.3286
2021-11-02,FINNIFTY,19074.85,19009.65,19238.5,19100.5,0.0159,0.0162,0.0162,0.3097
2021-11-02,NIFTY,17888.95,17929.65,17916.25,18008.45,0.0116,0.0118,0.0118,0.2249
2021-11-03,BANKNIFTY,39402.05,39938.45,39496.6,40081.55,0.017,0.0172,0.0172,0.3284
2021-11-03,FINNIFTY,18930.1,19074.85,18960.05,19238.5,0.0159,0.0162,0.0162,0.3095
2021-11-03,NIFTY,17829.2,17888.95,17847.15,17916.25,0.0116,0.0117,0.0117,0.2244
2021-11-04,BANKNIFTY,39573.7,39402.05,39632.65,39496.6,0.017,0.0171,0.0171,0.3276
2021-11-04,FINNIFTY,18994.2,18930.1,19007.95,18960.05,0.0159,0.0162,0.0162,0.3088
2021-11-04,NIFTY,17916.8,17829.2,17916.7,17847.15,0.0116,0.0117,0.0117,0.2239
2021-11-08,BANKNIFTY,39438.25,39573.7,39652.5,39632.65,0.0169,0.0171,0.0171,0.3268
2021-11-08,FINNIFTY,19216.2,18994.2,19338.55,19007.95,0.0158,0.0162,0.0162,0.3089
2021-11-08,NIFTY,18068.55,17916.8,18122.75,17916.7,0.0116,0.0117,0.0117,0.2238
2021-11-09,BANKNIFTY,39368.8,39438.25,39544.6,39652.5,0.0169,0.0171,0.0171,0.326
2021-11-09,FINNIFTY,19085.3,19216.2,19100.15,19338.55,0.0158,0.0162,0.0162,0.3086
2021-11-09,NIFTY,18044.25,18068.55,18070.4,18122.75,0.0116,0.0117,0.0117,0.2233
2021-11-10,BANKNIFTY,39023.25,39368.8,39120.6,39544.6,0.0168,0.017,0.017,0.3255
2021-11-10,FINNIFTY,19010.25,19085.3,19039.2,19100.15,0.0158,0.0161,0.0161,0.3078
2021-11-10,NIFTY,18017.2,18044.25,18022.95,18070.4,0.0115,0.0117,0.0117,0.2228
2021-11-11,BANKNIFTY,38560.2,39023.25,38686.1,39120.6,0.0168,0.017,0.017,0.325
2021-11-11,FINNIFTY,18772.8,19010.25,18819.95,19039.2,0.0158,0.0161,0.0161,0.3075
2021-11-11,NIFTY,17873.6,18017.2,17896.85,18022.95,0.0115,0.0116,0.0116,0.2224
2021-11-12,BANKNIFTY,38733.35,38560.2,38871.35,38686.1,0.0168,0.017,0.017,0.3243
2021-11-12,FINNIFTY,18976.2,18772.8,19010.5,18819.95,0.0157,0.0161,0.0161,0.307
2021-11-12,NIFTY,18102.75,17873.6,18133.45,17896.85,0.0115,0.0117,0.0117,0.2226
2021-11-15,BANKNIFTY,38702.35,38733.35,38858.0,38871.35,0.0167,0.0169,0.0169,0.3235
2021-11-15,FINNIFTY,18955.25,18976.2,19099.95,19010.5,0.0157,0.016,0.016,0.3063
2021-11-15,NIFTY,18109.45,18102.75,18141.0,18133.45,0.0115,0.0116,0.0116,0.222
2021-11-16,BANKNIFTY,38307.1,38702.35,38404.15,38858.0,0.0167,0.0169,0.0169,0.3231
2021-11-16,FINNIFTY,18805.75,18955.25,18754.5,19099.95,0.0157,0.016,0.016,0.3065
2021-11-16,NIFTY,17999.2,18109.45,18004.0,18141.0,0.0115,0.0116,0.0116,0.2217
2021-11-17,BANKNIFTY,38041.55,38307.1,38139.4,38404.15,0.0167,0.0169,0.0169,0.3224
2021-11-17,FINNIFTY,18679.95,18805.75,18704.4,18754.5,0.0156,0.016,0.016,0.3058
2021-11-17,NIFTY,17898.65,17999.2,17909.15,18004.0,0.0114,0.0116,0.0116,0.2213
2021-11-18,BANKNIFTY,37976.25,38041.55,38105.7,38139.4,0.0166,0.0168,0.0168,0.3216
2021-11-18,FINNIFTY,18606.35,18679.95,18628.9,18704.4,0.0156,0.016,0.016,0.305
2021-11-18,NIFTY,17764.8,17898.65,17792.9,17909.15,0.0114,0.0116,0.0116,0.2209
2021-11-22,BANKNIFTY,37128.8,37976.25,37182.1,38105.7,0.0167,0.0169,0.0169,0.3225
2021-11-22,FINNIFTY,18177.2,18606.35,18192.05,18628.9,0.0156,0.016,0.016,0.306
2021-11-22,NIFTY,17416.55,17764.8,17435.05,17792.9,0.0115,0.0116,0.0116,0.222
2021-11-23,BANKNIFTY,37272.8,37128.8,37284.3,37182.1,0.0166,0.0168,0.0168,0.3217
2021-11-23,FINNIFTY,18261.5,18177.2,18250.0,18192.05,0.0156,0.016,0.016,0.3052
2021-11-23,NIFTY,17503.35,17416.55,17495.25,17435.05,0.0115,0.0116,0.0116,0.2215
2021-11-24,BANKNIFTY,37441.95,37272.8,37465.0,37284.3,0.0166,0.0168,0.0168,0.321
2021-11-24,FINNIFTY,18304.35,18261.5,18379.0,18250.0,0.0156,0.0159,0.0159,0.3046
2021-11-24,NIFTY,17415.05,17503.35,17408.1,17495.25,0.0114,0.0116,0.0116,0.2211
2021-11-25,BANKNIFTY,37364.75,37441.95,37535.1,37593.0,0.0166,0.0168,0.0168,0.3202
2021-11-25,FINNIFTY,18264.45,18304.35,18350.0,18379.0,0.0155,0.0159,0.0159,0.3039
2021-11-25,NIFTY,17536.25,17415.05,17588.95,17447.45,0.0114,0.0116,0.0116,0.2208
2021-11-26,BANKNIFTY,36025.5,37364.75,36157.8,37535.1,0.0167,0.0169,0.0169,0.3233
2021-11-26,FINNIFTY,17614.7,18264.45,17621.95,18350.0,0.0157,0.0161,0.0161,0.308
2021-11-26,NIFTY,17026.45,17536.25,17052.15,17588.95,0.0116,0.0117,0.0117,0.2242
2021-11-29,BANKNIFTY,35976.45,36025.5,36100.45,36157.8,0.0167,0.0169,0.0169,0.3225
2021-11-29,FINNIFTY,17629.95,17614.7,17650.5,17621.95,0.0157,0.0161,0.0161,0.3072
2021-11-29,NIFTY,17053.95,17026.45,17094.9,17052.15,0.0116,0.0117,0.0117,0.2236
2021-11-30,BANKNIFTY,35695.3,35976.45,35780.2,36100.45,0.0166,0.0169,0.0169,0.3219
2021-11-30,FINNIFTY,17534.75,17629.95,17585.4,17839.9,0.0156,0.0161,0.0161,0.3071
2021-11-30,NIFTY,16983.2,17053.95,17033.6,17094.9,0.0115,0.0117,0.0117,0.2231
2021-12-01,BANKNIFTY,36364.9,35695.3,36468.25,35780.2,0.0166,0.0169,0.0169,0.3222
2021-12-01,FINNIFTY,17758.85,17534.75,17815.65,17585.4,0.0156,0.0161,0.0161,0.3068
2021-12-01,NIFTY,17166.9,16983.2,17221.9,17033.6,0.0115,0.0117,0.0117,0.2231
2021-12-02,BANKNIFTY,36508.25,36364.9,36633.0,36468.25,0.0166,0.0168,0.0168,0.3214
2021-12-02,FINNIFTY,17982.9,17758.85,18144.95,17815.65,0.0156,0.0161,0.0161,0.307
2021-12-02,NIFTY,17401.65,17166.9,17432.65,17221.9,0.0115,0.0117,0.0117,0.2231
2021-12-03,BANKNIFTY,36197.15,36508.25,36350.3,36633.0,0.0166,0.0168,0.0168,0.3208
2021-12-03,FINNIFTY,17779.5,17982.9,17750.05,18144.95,0.0156,0.0161,0.0161,0.3077
2021-12-03,NIFTY,17196.7,17401.65,17239.0,17432.65,0.0115,0.0117,0.0117,0.2231
2021-12-06,BANKNIFTY,35735.9,36197.15,35891.0,36350.3,0.0166,0.0168,0.0168,0.3204
2021-12-06,FINNIFTY,17596.7,17779.5,17650.05,17750.05,0.0156,0.0161,0.0161,0.307
2021-12-06,NIFTY,16912.25,17196.7,16957.15,17239.0,0.0116,0.0117,0.0117,0.2236
2021-12-07,BANKNIFTY,36618.4,35735.9,36744.7,35891.0,0.0166,0.0168,0.0168,0.3212
2021-12-07,FINNIFTY,17979.35,17596.7,18079.95,17650.05,0.0156,0.0161,0.0161,0.308
2021-12-07,NIFTY,17176.7,16912.25,17225.4,16957.15,0.0116,0.0117,0.0117,0.2241
2021-12-08,BANKNIFTY,37284.7,36618.4,37402.3,36744.7,0.0166,0.0168,0.0168,0.3213
2021-12-08,FINNIFTY,18284.95,17979.35,18364.65,18079.95,0.0156,0.0161,0.0161,0.3079
2021-12-08,NIFTY,17469.75,17176.7,17513.65,17225.4,0.0116,0.0118,0.0118,0.2246
2021-12-09,BANKNIFTY,37082.45,37284.7,37228.25,37402.3,0.0166,0.0168,0.0168,0.3206
2021-12-09,FINNIFTY,18202.45,18284.95,18238.6,18364.65,0.0156,0.0161,0.0161,0.3073
2021-12-09,NIFTY,17516.85,17469.75,17561.4,17513.65,0.0116,0.0117,0.0117,0.2241
2021-12-10,BANKNIFTY,37105.65,37082.45,37246.3,37228.25,0.0165,0.0167,0.0167,0.3198
2021-12-10,FINNIFTY,18165.55,18202.45,18202.25,18238.6,0.0155,0.016,0.016,0.3065
2021-12-10,NIFTY,17511.3,17516.85,17559.35,17561.4,0.0116,0.0117,0.0117,0.2235
2021-12-13,BANKNIFTY,36925.25,37105.65,37145.25,37246.3,0.0165,0.0167,0.0167,0.319
2021-12-13,FINNIFTY,18006.9,18165.55,18099.9,18202.25,0.0155,0.016,0.016,0.3059
2021-12-13,NIFTY,17368.25,17511.3,17446.85,17559.35,0.0116,0.0117,0.0117,0.2232
2021-12-14,BANKNIFTY,36893.95,36925.25,37042.5,37145.25,0.0165,0.0167,0.0167,0.3182
2021-12-14,FINNIFTY,17905.2,18006.9,18002.95,18099.9,0.0155,0.016,0.016,0.3052
2021-12-14,NIFTY,17324.9,17368.25,17355.05,17446.85,0.0115,0.0117,0.0117,0.2227
2021-12-15,BANKNIFTY,36789.55,36893.95,36948.9,37042.5,0.0164,0.0166,0.0166,0.3174
2021-12-15,FINNIFTY,17776.95,17905.2,17807.8,18002.95,0.0154,0.016,0.016,0.3048
2021-12-15,NIFTY,17221.4,17324.9,17260.8,17355.05,0.0115,0.0116,0.0116,0.2223
2021-12-16,BANKNIFTY,36548.65,36789.55,36711.5,36948.9,0.0164,0.0166,0.0166,0.3167
2021-12-16,FINNIFTY,17713.85,17776.95,17799.2,17807.8,0.0154,0.0159,0.0159,0.304
2021-12-16,NIFTY,17248.4,17221.4,17317.5,17260.8,0.0115,0.0116,0.0116,0.2218
2021-12-17,BANKNIFTY,35618.65,36548.65,35749.05,36711.5,0.0164,0.0166,0.0166,0.318
2021-12-17,FINNIFTY,17280.7,17713.85,17290.35,17799.2,0.0155,0.016,0.016,0.3058
2021-12-17,NIFTY,16985.2,17248.4,17023.5,17317.5,0.0115,0.0116,0.0116,0.2224
2021-12-20,BANKNIFTY,34439.85,35618.65,34547.3,35749.05,0.0166,0.0168,0.0168,0.3205
2021-12-20,FINNIFTY,16779.2,17280.7,16793.5,17290.35,0.0156,0.0161,0.0161,0.3076
2021-12-20,NIFTY,16614.2,16985.2,16635.05,17023.5,0.0116,0.0117,0.0117,0.224
2021-12-21,BANKNIFTY,34607.85,34439.85,34676.95,34547.3,0.0165,0.0167,0.0167,0.3198
2021-12-21,FINNIFTY,16841.45,16779.2,16899.8,16793.5,0.0155,0.0161,0.0161,0.3069
2021-12-21,NIFTY,16770.85,16614.2,16800.95,16635.05,0.0116,0.0117,0.0117,0.2239
2021-12-22,BANKNIFTY,35029.5,34607.85,35091.1,34676.95,0.0165,0.0167,0.0167,0.3194
2021-12-22,FINNIFTY,16992.75,16841.45,17056.5,16899.8,0.0155,0.016,0.016,0.3064
2021-12-22,NIFTY,16955.45,16770.85,16973.35,16800.95,0.0116,0.0117,0.0117,0.2237
2021-12-23,BANKNIFTY,35191.15,35029.5,35207.85,35091.1,0.0165,0.0167,0.0167,0.3186
2021-12-23,FINNIFTY,17116.55,16992.75,17169.15,17056.5,0.0155,0.016,0.016,0.3058
2021-12-23,NIFTY,17072.6,16955.45,17078.45,16973.35,0.0115,0.0117,0.0117,0.2233
2021-12-24,BANKNIFTY,34857.05,35191.15,34874.8,35207.85,0.0165,0.0166,0.0166,0.3181
2021-12-24,FINNIFTY,16956.75,17116.55,16989.2,17169.15,0.0155,0.016,0.016,0.3053
2021-12-24,NIFTY,17003.75,17072.6,17003.8,17078.45,0.0115,0.0117,0.0117,0.2229
2021-12-27,BANKNIFTY,35057.9,34857.05,35091.75,34874.8,0.0164,0.0166,0.0166,0.3174
2021-12-27,FINNIFTY,17111.3,16956.75,17108.15,16989.2,0.0154,0.0159,0.0159,0.3047
2021-12-27,NIFTY,17086.25,17003.75,17103.4,17003.8,0.0115,0.0116,0.0116,0.2224
2021-12-28,BANKNIFTY,35183.8,35057.9,35221.25,35091.75,0.0164,0.0166,0.0166,0.3166
2021-12-28,FINNIFTY,17178.6,17111.3,17230.9,17185.3,0.0154,0.0159,0.0159,0.304
2021-12-28,NIFTY,17233.25,17086.25,17246.75,17103.4,0.0115,0.0116,0.0116,0.2222
2021-12-29,BANKNIFTY,35045.4,35183.8,35034.6,35221.25,0.0163,0.0165,0.0165,0.3159
2021-12-29,FINNIFTY,17130.0,17178.6,17178.0,17230.9,0.0154,0.0159,0.0159,0.3032
2021-12-29,NIFTY,17213.6,17233.25,17215.9,17246.75,0.0115,0.0116,0.0116,0.2216
2021-12-30,BANKNIFTY,35063.6,35045.4,35221.35,35181.8,0.0163,0.0165,0.0165,0.3151
2021-12-30,FINNIFTY,17116.55,17130.0,17324.5,17178.0,0.0153,0.0158,0.0158,0.3027
2021-12-30,NIFTY,17203.95,17213.6,17267.95,17263.35,0.0114,0.0116,0.0116,0.2211
2021-12-31,BANKNIFTY,35481.7,35063.6,35628.25,35221.35,0.0163,0.0165,0.0165,0.3147
2021-12-31,FINNIFTY,17330.85,17116.55,17377.95,17324.5,0.0153,0.0158,0.0158,0.302
2021-12-31,NIFTY,17354.05,17203.95,17409.95,17267.95,0.0114,0.0116,0.0116,0.2208
2022-01-03,BANKNIFTY,36421.9,35481.7,36582.45,35628.25,0.0163,0.0165,0.0165,0.316
2022-01-03,FINNIFTY,17761.05,17330.85,17864.95,17377.95,0.0154,0.0159,0.0159,0.3035
2022-01-03,NIFTY,17625.7,17354.05,17677.95,17409.95,0.0114,0.0116,0.0116,0.2212
2022-01-04,BANKNIFTY,36840.15,36421.9,36977.35,36582.45,0.0163,0.0165,0.0165,0.3155
2022-01-04,FINNIFTY,17972.95,17761.05,18022.05,17864.95,0.0153,0.0159,0.0159,0.303
2022-01-04,NIFTY,17805.25,17625.7,17846.75,17677.95,0.0114,0.0116,0.0116,0.221
2022-01-05,BANKNIFTY,37695.9,36840.15,37795.2,36977.35,0.0164,0.0165,0.0165,0.3161
2022-01-05,FINNIFTY,18336.65,17972.95,18431.15,18022.05,0.0154,0.0159,0.0159,0.3037
2022-01-05,NIFTY,17925.25,17805.25,17960.95,17846.75,0.0114,0.0115,0.0115,0.2206
2022-01-06,BANKNIFTY,37490.25,37695.9,37629.2,37795.2,0.0163,0.0165,0.0165,0.3154
2022-01-06,FINNIFTY,18174.8,18336.65,18235.4,18431.15,0.0153,0.0159,0.0159,0.3033
2022-01-06,NIFTY,17745.9,17925.25,17788.65,17960.95,0.0114,0.0115,0.0115,0.2205
2022-01-07,BANKNIFTY,37739.6,37490.25,37856.95,37629.2,0.0163,0.0165,0.0165,0.3147
2022-01-07,FINNIFTY,18206.05,18174.8,18177.75,18235.4,0.0153,0.0158,0.0158,0.3026
2022-01-07,NIFTY,17812.7,17745.9,17854.3,17788.65,0.0114,0.0115,0.0115,0.22
2022-01-10,BANKNIFTY,38347.9,37739.6,38468.35,37856.95,0.0163,0.0165,0.0165,0.3146
2022-01-10,FINNIFTY,18483.85,18206.05,18555.5,18177.75,0.0153,0.0159,0.0159,0.3031
2022-01-10,NIFTY,18003.3,17812.7,18048.2,17854.3,0.0114,0.0115,0.0115,0.2199
2022-01-11,BANKNIFTY,38442.2,38347.9,38548.0,38468.35,0.0163,0.0164,0.0164,0.3139
2022-01-11,FINNIFTY,18538.8,18483.85,18586.9,18555.5,0.0153,0.0158,0.0158,0.3024
2022-01-11,NIFTY,18055.75,18003.3,18083.55,18048.2,0.0114,0.0115,0.0115,0.2194
2022-01-12,BANKNIFTY,38727.55,38442.2,38864.7,38548.0,0.0162,0.0164,0.0164,0.3133
2022-01-12,FINNIFTY,18684.75,18538.8,18692.4,18586.9,0.0152,0.0158,0.0158,0.3017
2022-01-12,NIFTY,18212.35,18055.75,18241.2,18083.55,0.0113,0.0115,0.0115,0.2191
2022-01-13,BANKNIFTY,38469.95,38727.55,38591.45,38864.7,0.0162,0.0164,0.0164,0.3126
2022-01-13,FINNIFTY,18611.8,18684.75,18645.0,18692.4,0.0152,0.0158,0.0158,0.301
2022-01-13,NIFTY,18257.8,18212.35,18287.25,18241.2,0.0113,0.0114,0.0114,0.2186
2022-01-14,BANKNIFTY,38370.4,38469.95,38491.1,38591.45,0.0161,0.0163,0.0163,0.3119
2022-01-14,FINNIFTY,18566.1,18611.8,18614.65,18645.0,0.0152,0.0157,0.0157,0.3002
2022-01-14,NIFTY,18255.75,18257.8,18295.0,18287.25,0.0113,0.0114,0.0114,0.2181
2022-01-17,BANKNIFTY,38216.15,38370.4,38368.2,38491.1,0.0161,0.0163,0.0163,0.3111
2022-01-17,FINNIFTY,18521.65,18566.1,18583.45,18614.65,0.0151,0.0157,0.0157,0.2995
2022-01-17,NIFTY,18308.1,18255.75,18336.6,18295.0,0.0113,0.0114,0.0114,0.2175
2022-01-18,BANKNIFTY,38210.3,38216.15,38289.6,38368.2,0.0161,0.0162,0.0162,0.3104
2022-01-18,FINNIFTY,18468.7,18521.65,18483.65,18583.45,0.0151,0.0156,0.0156,0.2988
2022-01-18,NIFTY,18113.05,18308.1,18124.35,18336.6,0.0113,0.0114,0.0114,0.2176
2022-01-19,BANKNIFTY,38041.35,38210.3,38156.55,38289.6,0.016,0.0162,0.0162,0.3096
2022-01-19,FINNIFTY,18269.95,18468.7,18311.7,18483.65,0.0151,0.0156,0.0156,0.2983
2022-01-19,NIFTY,17938.4,18113.05,17974.1,18124.35,0.0112,0.0114,0.0114,0.2173
2022-01-20,BANKNIFTY,37850.85,38041.35,37977.85,38156.55,0.016,0.0162,0.0162,0.3089
2022-01-20,FINNIFTY,18137.95,18269.95,18148.05,18311.7,0.015,0.0156,0.0156,0.2978
2022-01-20,NIFTY,17757.0,17938.4,17804.1,17974.1,0.0112,0.0114,0.0114,0.2172
2022-01-21,BANKNIFTY,37574.3,37850.85,37598.05,37977.85,0.016,0.0161,0.0161,0.3084
2022-01-21,FINNIFTY,18047.05,18137.95,18206.35,18148.05,0.015,0.0156,0.0156,0.2971
2022-01-21,NIFTY,17617.15,17757.0,17617.8,17804.1,0.0112,0.0114,0.0114,0.2171
2022-01-24,BANKNIFTY,36947.55,37574.3,36966.85,37598.05,0.016,0.0161,0.0161,0.3085
2022-01-24,FINNIFTY,17633.45,18047.05,17635.45,18206.35,0.0151,0.0157,0.0157,0.2995
2022-01-24,MIDCPNIFTY,7263.9,7549.75,7254.05,7551.45,0.0165,0.0165,0.0165,0.3153
2022-01-24,NIFTY,17149.1,17617.15,17151.65,17617.8,0.0114,0.0115,0.0115,0.2195
2022-01-25,BANKNIFTY,37706.75,36947.55,37720.5,36966.85,0.016,0.0162,0.0162,0.3089
2022-01-25,FINNIFTY,17789.8,17633.45,17874.0,17690.45,0.015,0.0157,0.0157,0.2991
2022-01-25,MIDCPNIFTY,7363.4,7263.9,7376.4,7273.1,0.0165,0.0165,0.0165,0.3151
2022-01-25,NIFTY,17277.95,17149.1,17283.45,17151.65,0.0113,0.0115,0.0115,0.2192
2022-01-27,BANKNIFTY,37982.1,37706.75,38168.05,37862.15,0.016,0.0161,0.0161,0.3084
2022-01-27,FINNIFTY,17763.15,17789.8,17934.4,17874.0,0.015,0.0156,0.0156,0.2983
2022-01-27,MIDCPNIFTY,7349.15,7363.4,7359.35,7376.4,0.0164,0.0165,0.0165,0.3143
2022-01-27,NIFTY,17110.15,17277.95,17149.55,17320.75,0.0113,0.0115,0.0115,0.2191
2022-01-28,BANKNIFTY,37689.4,37982.1,37824.3,38168.05,0.0159,0.0161,0.0161,0.3078
2022-01-28,FINNIFTY,17673.55,17763.15,17799.1,17934.4,0.015,0.0156,0.0156,0.2978
2022-01-28,MIDCPNIFTY,7411.95,7349.15,7425.3,7359.35,0.0164,0.0164,0.0164,0.3138
2022-01-28,NIFTY,17101.95,17110.15,17125.65,17149.55,0.0113,0.0114,0.0114,0.2186
2022-01-31,BANKNIFTY,37975.35,37689.4,38113.75,37824.3,0.0159,0.0161,0.0161,0.3072
2022-01-31,FINNIFTY,17836.25,17673.55,17905.25,17799.1,0.0149,0.0156,0.0156,0.2971
2022-01-31,MIDCPNIFTY,7514.85,7411.95,7528.75,7425.3,0.0164,0.0164,0.0164,0.3136
2022-01-31,NIFTY,17339.85,17101.95,17361.95,17125.65,0.0113,0.0115,0.0115,0.2188
2022-02-01,BANKNIFTY,38505.5,37975.35,38622.75,38113.75,0.0159,0.0161,0.0161,0.307
2022-02-01,FINNIFTY,18060.25,17836.25,18096.75,17905.25,0.0149,0.0155,0.0155,0.2967
2022-02-01,MIDCPNIFTY,7599.95,7514.85,7610.85,7528.75,0.0164,0.0164,0.0164,0.3131
2022-02-01,NIFTY,17576.85,17339.85,17589.0,17361.95,0.0113,0.0115,0.0115,0.2189
2022-02-02,BANKNIFTY,39330.5,38505.5,39437.1,38622.75,0.0159,0.0161,0.0161,0.3075
2022-02-02,FINNIFTY,18408.8,18060.25,18449.8,18096.75,0.015,0.0156,0.0156,0.2971
2022-02-02,MIDCPNIFTY,7691.5,7599.95,7700.0,7610.85,0.0164,0.0164,0.0164,0.3127
2022-02-02,NIFTY,17780.0,17576.85,17795.9,17589.0,0.0113,0.0115,0.0115,0.219
2022-02-03,BANKNIFTY,39010.0,39330.5,39067.35,39437.1,0.0159,0.0161,0.0161,0.307
2022-02-03,FINNIFTY,18153.3,18408.8,18151.0,18449.8,0.015,0.0156,0.0156,0.2972
2022-02-03,MIDCPNIFTY,7620.95,7691.5,7617.55,7700.0,0.0163,0.0163,0.0163,0.3123
2022-02-03,NIFTY,17560.2,17780.0,17547.1,17795.9,0.0113,0.0115,0.0115,0.2192
2022-02-04,BANKNIFTY,38789.35,39010.0,38870.6,39067.35,0.0159,0.016,0.016,0.3063
2022-02-04,FINNIFTY,18071.7,18153.3,18134.5,18151.0,0.0149,0.0155,0.0155,0.2965
2022-02-04,MIDCPNIFTY,7504.7,7620.95,7511.9,7617.55,0.0163,0.0163,0.0163,0.3121
2022-02-04,NIFTY,17516.3,17560.2,17529.65,17547.1,0.0113,0.0114,0.0114,0.2187
2022-02-07,BANKNIFTY,37995.45,38789.35,38101.65,38870.6,0.0159,0.0161,0.0161,0.3068
2022-02-07,FINNIFTY,17607.85,18071.7,17666.35,18134.5,0.015,0.0156,0.0156,0.2978
2022-02-07,MIDCPNIFTY,7445.55,7504.7,7506.65,7511.9,0.0163,0.0163,0.0163,0.3113
2022-02-07,NIFTY,17213.6,17516.3,17218.3,17529.65,0.0114,0.0115,0.0115,0.2195
2022-02-08,BANKNIFTY,38028.45,37995.45,38133.1,38101.65,0.0158,0.016,0.016,0.306
2022-02-08,FINNIFTY,17632.55,17607.85,17692.3,17666.35,0.015,0.0156,0.0156,0.2971
2022-02-08,MIDCPNIFTY,7393.9,7445.55,7383.7,7506.65,0.0163,0.0163,0.0163,0.3113
2022-02-08,NIFTY,17266.75,17213.6,17273.0,17218.3,0.0113,0.0115,0.0115,0.219
2022-02-09,BANKNIFTY,38610.25,38028.45,38704.3,38133.1,0.0158,0.016,0.016,0.3059
2022-02-09,FINNIFTY,17860.35,17632.55,17920.0,17692.3,0.015,0.0155,0.0155,0.2969
2022-02-09,MIDCPNIFTY,7509.2,7393.9,7537.5,7383.7,0.0162,0.0163,0.0163,0.3118
2022-02-09,NIFTY,17463.8,17266.75,17480.15,17273.0,0.0113,0.0115,0.0115,0.219
2022-02-10,BANKNIFTY,39010.95,38610.25,39054.0,38704.3,0.0158,0.016,0.016,0.3054
2022-02-10,FINNIFTY,18068.35,17860.35,18116.85,17920.0,0.0149,0.0155,0.0155,0.2965
2022-02-10,MIDCPNIFTY,7526.5,7509.2,7528.2,7537.5,0.0162,0.0163,0.0163,0.311
2022-02-10,NIFTY,17605.85,17463.8,17617.65,17480.15,0.0113,0.0114,0.0114,0.2187
2022-02-11,BANKNIFTY,38517.25,39010.95,38517.5,39054.0,0.0158,0.016,0.016,0.3052
2022-02-11,FINNIFTY,17803.0,18068.35,17760.55,18116.85,0.0149,0.0155,0.0155,0.297
2022-02-11,MIDCPNIFTY,7362.15,7526.5,7355.35,7528.2,0.0162,0.0163,0.0163,0.3118
2022-02-11,NIFTY,17374.75,17605.85,17355.8,17617.65,0.0113,0.0115,0.0115,0.2191
2022-02-14,BANKNIFTY,36908.55,38517.25,36920.15,38517.5,0.0161,0.0162,0.0162,0.3097
2022-02-14,FINNIFTY,17059.1,17803.0,17060.7,17760.55,0.0152,0.0158,0.0158,0.3012
2022-02-14,MIDCPNIFTY,7047.0,7362.15,7037.7,7355.35,0.0165,0.0166,0.0166,0.3167
2022-02-14,NIFTY,16842.8,17374.75,16837.85,17355.8,0.0115,0.0116,0.0116,0.2224
2022-02-15,BANKNIFTY,38170.1,36908.55,38187.25,36920.15,0.0162,0.0163,0.0163,0.3123
2022-02-15,FINNIFTY,17584.45,17059.1,17582.5,17060.7,0.0153,0.0159,0.0159,0.3031
2022-02-15,MIDCPNIFTY,7310.1,7047.0,7310.45,7037.7,0.0167,0.0168,0.0168,0.3201
2022-02-15,NIFTY,17352.45,16842.8,17360.65,16837.85,0.0117,0.0118,0.0118,0.2256
2022-02-16,BANKNIFTY,37953.8,38170.1,37909.55,38187.25,0.0162,0.0163,0.0163,0.3117
2022-02-16,FINNIFTY,17544.25,17584.45,17486.85,17582.5,0.0153,0.0158,0.0158,0.3025
2022-02-16,MIDCPNIFTY,7290.95,7310.1,7276.25,7310.45,0.0166,0.0167,0.0167,0.3193
2022-02-16,NIFTY,17322.2,17352.45,17317.35,17360.65,0.0116,0.0118,0.0118,0.2251
2022-02-17,BANKNIFTY,37531.65,37953.8,37502.85,37909.55,0.0161,0.0163,0.0163,0.3112
2022-02-17,FINNIFTY,17479.35,17544.25,17425.3,17486.85,0.0152,0.0158,0.0158,0.3018
2022-02-17,MIDCPNIFTY,7276.3,7290.95,7273.4,7276.25,0.0166,0.0167,0.0167,0.3185
2022-02-17,NIFTY,17304.6,17322.2,17290.2,17317.35,0.0116,0.0118,0.0118,0.2245
2022-02-18,BANKNIFTY,37599.15,37531.65,37591.3,37502.85,0.0161,0.0163,0.0163,0.3105
2022-02-18,FINNIFTY,17524.95,17479.35,17595.8,17425.3,0.0152,0.0158,0.0158,0.3013
2022-02-18,MIDCPNIFTY,7210.45,7276.3,7192.9,7273.4,0.0165,0.0166,0.0166,0.3181
2022-02-18,NIFTY,17276.3,17304.6,17278.05,17290.2,0.0116,0.0117,0.0117,0.224
2022-02-21,BANKNIFTY,37685.6,37599.15,37656.9,37591.3,0.0161,0.0162,0.0162,0.3097
2022-02-21,FINNIFTY,17530.15,17524.95,17556.5,17595.8,0.0152,0.0157,0.0157,0.3006
2022-02-21,MIDCPNIFTY,7145.8,7210.45,7137.0,7192.9,0.0165,0.0166,0.0166,0.3175
2022-02-21,NIFTY,17206.65,17276.3,17205.2,17278.05,0.0116,0.0117,0.0117,0.2235
2022-02-22,BANKNIFTY,37371.65,37685.6,37350.85,37656.9,0.016,0.0162,0.0162,0.3091
2022-02-22,FINNIFTY,17462.7,17530.15,17483.3,17641.2,0.0151,0.0157,0.0157,0.3
2022-02-22,MIDCPNIFTY,7086.45,7145.8,7100.0,7111.9,0.0165,0.0166,0.0166,0.3167
2022-02-22,NIFTY,17092.2,17206.65,17073.6,17205.2,0.0115,0.0117,0.0117,0.2232
2022-02-23,BANKNIFTY,37392.05,37371.65,37432.1,37350.85,0.016,0.0161,0.0161,0.3084
2022-02-23,FINNIFTY,17428.75,17462.7,17513.25,17483.3,0.0151,0.0157,0.0157,0.2993
2022-02-23,MIDCPNIFTY,7095.4,7086.45,7120.0,7100.0,0.0164,0.0165,0.0165,0.3159
2022-02-23,NIFTY,17063.25,17092.2,17080.65,17073.6,0.0115,0.0117,0.0117,0.2226
2022-02-24,BANKNIFTY,35228.1,37392.05,35243.7,37554.5,0.0165,0.0167,0.0167,0.3193
2022-02-24,FINNIFTY,16531.55,17428.75,16411.4,17513.25,0.0155,0.0163,0.0163,0.3112
2022-02-24,MIDCPNIFTY,6660.25,7095.4,6685.75,7120.0,0.017,0.0171,0.0171,0.3264
2022-02-24,NIFTY,16247.95,17063.25,16272.7,17122.85,0.012,0.0122,0.0122,0.2325
2022-02-25,BANKNIFTY,36430.75,35228.1,36421.75,35243.7,0.0166,0.0168,0.0168,0.3216
2022-02-25,FINNIFTY,17028.9,16531.55,17027.3,16411.4,0.0156,0.0165,0.0165,0.3144
2022-02-25,MIDCPNIFTY,6946.0,6660.25,6971.75,6685.75,0.0172,0.0173,0.0173,0.3304
2022-02-25,NIFTY,16658.4,16247.95,16656.05,16272.7,0.0121,0.0122,0.0122,0.234
2022-02-28,BANKNIFTY,36205.3,36430.75,36261.65,36421.75,0.0166,0.0168,0.0168,0.3209
2022-02-28,FINNIFTY,16936.3,17028.9,16951.6,17027.3,0.0156,0.0164,0.0164,0.3137
2022-02-28,MIDCPNIFTY,7009.7,6946.0,7041.25,6971.75,0.0172,0.0173,0.0173,0.3299
2022-02-28,NIFTY,16793.9,16658.4,16794.25,16656.05,0.0121,0.0122,0.0122,0.2337
2022-03-02,BANKNIFTY,35372.8,36205.3,35463.4,36261.65,0.0166,0.0168,0.0168,0.3215
2022-03-02,FINNIFTY,16551.9,16936.3,16587.9,16951.6,0.0156,0.0164,0.0164,0.3142
2022-03-02,MIDCPNIFTY,6989.9,7009.7,6950.05,7041.25,0.0171,0.0172,0.0172,0.3295
2022-03-02,NIFTY,16605.95,16793.9,16613.45,16794.25,0.0121,0.0122,0.0122,0.2336
2022-03-03,BANKNIFTY,34944.3,35372.8,35041.1,35463.4,0.0166,0.0168,0.0168,0.3211
2022-03-03,FINNIFTY,16359.05,16551.9,16366.75,16587.9,0.0156,0.0164,0.0164,0.314
2022-03-03,MIDCPNIFTY,6915.4,6989.9,6900.15,6950.05,0.0171,0.0172,0.0172,0.3289
2022-03-03,NIFTY,16498.05,16605.95,16505.6,16613.45,0.0121,0.0122,0.0122,0.2331
2022-03-04,BANKNIFTY,34407.8,34944.3,34455.45,35041.1,0.0166,0.0168,0.0168,0.3211
2022-03-04,FINNIFTY,16080.15,16359.05,16116.75,16366.75,0.0156,0.0164,0.0164,0.3139
2022-03-04,MIDCPNIFTY,6747.8,6915.4,6842.9,6900.15,0.0172,0.0172,0.0172,0.3282
2022-03-04,NIFTY,16245.35,16498.05,16258.95,16505.6,0.0121,0.0122,0.0122,0.2334
2022-03-07,BANKNIFTY,32871.25,34407.8,32975.4,34455.45,0.0169,0.017,0.017,0.3257
2022-03-07,FINNIFTY,15391.15,16080.15,15432.85,16116.75,0.0159,0.0167,0.0167,0.3185
2022-03-07,MIDCPNIFTY,6575.65,6747.8,6600.0,6842.9,0.0172,0.0173,0.0173,0.331
2022-03-07,NIFTY,15863.15,16245.35,15872.2,16258.95,0.0122,0.0123,0.0123,0.2351
2022-03-08,BANKNIFTY,33158.1,32871.25,33253.9,32975.4,0.0168,0.017,0.017,0.3251
2022-03-08,FINNIFTY,15528.85,15391.15,15555.4,15432.85,0.0159,0.0166,0.0166,0.3179
2022-03-08,MIDCPNIFTY,6672.7,6575.65,6663.55,6600.0,0.0172,0.0173,0.0173,0.3304
2022-03-08,NIFTY,16013.45,15863.15,16010.9,15872.2,0.0121,0.0123,0.0123,0.2348
2022-03-09,BANKNIFTY,33815.45,33158.1,33888.3,33253.9,0.0169,0.017,0.017,0.3253
2022-03-09,FINNIFTY,15845.5,15528.85,15872.65,15555.4,0.0159,0.0167,0.0167,0.3183
2022-03-09,MIDCPNIFTY,6848.4,6672.7,6863.7,6663.55,0.0173,0.0174,0.0174,0.332
2022-03-09,NIFTY,16345.35,16013.45,16365.7,16010.9,0.0122,0.0124,0.0124,0.2361
2022-03-10,BANKNIFTY,34475.6,33815.45,34547.2,33888.3,0.0169,0.017,0.017,0.3255
2022-03-10,FINNIFTY,16134.95,15845.5,16101.6,15872.65,0.0159,0.0166,0.0166,0.3181
2022-03-10,MIDCPNIFTY,6896.35,6848.4,6875.1,6863.7,0.0172,0.0173,0.0173,0.3312
2022-03-10,NIFTY,16594.9,16345.35,16611.9,16365.7,0.0122,0.0124,0.0124,0.2364
2022-03-11,BANKNIFTY,34546.25,34475.6,34595.75,34547.2,0.0168,0.017,0.017,0.3247
2022-03-11,FINNIFTY,16165.2,16134.95,16177.8,16101.6,0.0159,0.0166,0.0166,0.3173
2022-03-11,MIDCPNIFTY,6935.0,6896.35,6948.9,6875.1,0.0172,0.0173,0.0173,0.3307
2022-03-11,NIFTY,16630.45,16594.9,16647.75,16611.9,0.0122,0.0123,0.0123,0.2358
2022-03-14,BANKNIFTY,35312.15,34546.25,35319.05,34595.75,0.0169,0.017,0.017,0.3251
2022-03-14,FINNIFTY,16514.25,16165.2,16519.9,16177.8,0.0159,0.0166,0.0166,0.3178
2022-03-14,MIDCPNIFTY,6948.3,6935.0,6900.3,6948.9,0.0171,0.0173,0.0173,0.33
2022-03-14,NIFTY,16871.3,16630.45,16885.4,16647.75,0.0122,0.0124,0.0124,0.236
2022-03-15,BANKNIFTY,35022.65,35312.15,35019.85,35319.05,0.0168,0.017,0.017,0.3245
2022-03-15,FINNIFTY,16352.1,16514.25,16354.65,16519.9,0.0159,0.0166,0.0166,0.3173
2022-03-15,MIDCPNIFTY,6931.5,6948.3,6942.3,6900.3,0.0171,0.0172,0.0172,0.3293
2022-03-15,NIFTY,16663.0,16871.3,16669.0,16885.4,0.0122,0.0124,0.0124,0.236
2022-03-16,BANKNIFTY,35748.25,35022.65,35804.05,35019.85,0.0168,0.017,0.017,0.3251
2022-03-16,FINNIFTY,16675.5,16352.1,16721.45,16354.65,0.0159,0.0166,0.0166,0.3179
2022-03-16,MIDCPNIFTY,7092.2,6931.5,7105.55,6942.3,0.0171,0.0173,0.0173,0.33
2022-03-16,NIFTY,16975.35,16663.0,17008.75,16669.0,0.0122,0.0124,0.0124,0.237
2022-03-17,BANKNIFTY,36428.55,35748.25,36432.4,35804.05,0.0169,0.017,0.017,0.3251
2022-03-17,FINNIFTY,17137.4,16675.5,17167.85,16721.45,0.016,0.0167,0.0167,0.3191
2022-03-17,MIDCPNIFTY,7217.1,7092.2,7228.3,7105.55,0.0171,0.0173,0.0173,0.3299
2022-03-17,NIFTY,17287.05,16975.35,17322.05,17008.75,0.0123,0.0124,0.0124,0.2377
2022-03-21,BANKNIFTY,36018.5,36428.55,36093.25,36432.4,0.0168,0.017,0.017,0.3245
2022-03-21,FINNIFTY,16936.9,17137.4,16944.45,17167.85,0.0159,0.0167,0.0167,0.3188
2022-03-21,MIDCPNIFTY,7130.4,7217.1,7160.85,7228.3,0.0171,0.0172,0.0172,0.3294
2022-03-21,NIFTY,17117.6,17287.05,17158.65,17322.05,0.0123,0.0124,0.0124,0.2375
2022-03-22,BANKNIFTY,36348.55,36018.5,36482.8,36093.25,0.0168,0.017,0.017,0.324
2022-03-22,FINNIFTY,17087.15,16936.9,17151.0,16944.45,0.0159,0.0167,0.0167,0.3184
2022-03-22,MIDCPNIFTY,7157.3,7130.4,7181.5,7160.85,0.0171,0.0172,0.0172,0.3286
2022-03-22,NIFTY,17315.5,17117.6,17362.8,17158.65,0.0123,0.0124,0.0124,0.2374
2022-03-23,BANKNIFTY,36147.35,36348.55,36205.35,36482.8,0.0168,0.0169,0.0169,0.3234
2022-03-23,FINNIFTY,16936.75,17087.15,16930.35,17151.0,0.0159,0.0167,0.0167,0.3181
2022-03-23,MIDCPNIFTY,7180.0,7157.3,7190.45,7181.5,0.017,0.0172,0.0172,0.3277
2022-03-23,NIFTY,17245.65,17315.5,17272.25,17362.8,0.0122,0.0124,0.0124,0.2369
2022-03-24,BANKNIFTY,35527.1,36147.35,35641.2,36205.35,0.0168,0.0169,0.0169,0.3233
2022-03-24,FINNIFTY,16672.0,16936.75,16720.95,16930.35,0.0159,0.0166,0.0166,0.3178
2022-03-24,MIDCPNIFTY,7225.85,7180.0,7232.0,7190.45,0.017,0.0171,0.0171,0.327
2022-03-24,NIFTY,17222.75,17245.65,17242.8,17272.25,0.0122,0.0124,0.0124,0.2363
2022-03-25,BANKNIFTY,35410.1,35527.1,35558.8,35641.2,0.0167,0.0169,0.0169,0.3225
2022-03-25,FINNIFTY,16616.7,16672.0,16672.55,16720.95,0.0158,0.0166,0.0166,0.317
2022-03-25,MIDCPNIFTY,7214.95,7225.85,7231.6,7232.0,0.017,0.0171,0.0171,0.3262
2022-03-25,NIFTY,17153.0,17222.75,17194.05,17242.8,0.0122,0.0123,0.0123,0.2358
2022-03-28,BANKNIFTY,35710.5,35410.1,35848.2,35558.8,0.0167,0.0168,0.0168,0.3219
2022-03-28,FINNIFTY,16667.95,16616.7,16706.8,16672.55,0.0158,0.0166,0.0166,0.3162
2022-03-28,MIDCPNIFTY,7173.75,7214.95,7186.25,7231.6,0.0169,0.017,0.017,0.3255
2022-03-28,NIFTY,17222.0,17153.0,17268.95,17194.05,0.0122,0.0123,0.0123,0.2353
2022-03-29,BANKNIFTY,35847.4,35710.5,35958.95,35848.2,0.0167,0.0168,0.0168,0.3211
2022-03-29,FINNIFTY,16836.65,16667.95,16920.9,16771.1,0.0158,0.0165,0.0165,0.3157
2022-03-29,MIDCPNIFTY,7202.2,7173.75,7224.65,7139.45,0.0169,0.017,0.017,0.3251
2022-03-29,NIFTY,17325.3,17222.0,17368.05,17268.95,0.0121,0.0123,0.0123,0.2348
2022-03-30,BANKNIFTY,36334.3,35847.4,36347.85,35958.95,0.0166,0.0168,0.0168,0.3206
2022-03-30,FINNIFTY,17167.05,16836.65,17256.85,16920.9,0.0158,0.0165,0.0165,0.316
2022-03-30,MIDCPNIFTY,7274.05,7202.2,7366.1,7224.65,0.0169,0.017,0.017,0.3253
2022-03-30,NIFTY,17498.25,17325.3,17515.4,17368.05,0.0121,0.0123,0.0123,0.2345
2022-03-31,BANKNIFTY,36373.6,36334.3,36553.95,36452.7,0.0166,0.0167,0.0167,0.3198
2022-03-31,FINNIFTY,17147.15,17167.05,17197.45,17256.85,0.0158,0.0165,0.0165,0.3152
2022-03-31,MIDCPNIFTY,7297.6,7274.05,7319.0,7366.1,0.0168,0.017,0.017,0.3246
2022-03-31,NIFTY,17464.75,17498.25,17544.45,17565.05,0.0121,0.0122,0.0122,0.2339
2022-04-01,BANKNIFTY,37148.5,36373.6,37201.65,36553.95,0.0166,0.0167,0.0167,0.3199
2022-04-01,FINNIFTY,17467.15,17147.15,17491.3,17197.45,0.0158,0.0165,0.0165,0.3153
2022-04-01,MIDCPNIFTY,7396.25,7297.6,7429.8,7319.0,0.0168,0.017,0.017,0.3244
2022-04-01,NIFTY,17670.45,17464.75,17713.0,17544.45,0.0121,0.0122,0.0122,0.2337
2022-04-04,BANKNIFTY,38635.2,37148.5,38650.05,37201.65,0.0168,0.0169,0.0169,0.3233
2022-04-04,FINNIFTY,18277.2,17467.15,18270.7,17491.3,0.0161,0.0167,0.0167,0.3199
2022-04-04,MIDCPNIFTY,7491.5,7396.25,7589.9,7429.8,0.0168,0.017,0.017,0.3249
2022-04-04,NIFTY,18053.4,17670.45,18098.2,17713.0,0.0122,0.0123,0.0123,0.2349
2022-04-05,BANKNIFTY,38067.9,38635.2,38139.0,38650.05,0.0168,0.0169,0.0169,0.3229
2022-04-05,FINNIFTY,17989.3,18277.2,18014.35,18270.7,0.0161,0.0167,0.0167,0.3197
2022-04-05,MIDCPNIFTY,7599.55,7491.5,7610.0,7589.9,0.0168,0.017,0.017,0.3241
2022-04-05,NIFTY,17957.4,18053.4,18017.5,18098.2,0.0121,0.0123,0.0123,0.2344
2022-04-06,BANKNIFTY,37632.8,38067.9,37754.35,38139.0,0.0168,0.0169,0.0169,0.3224
2022-04-06,FINNIFTY,17703.5,17989.3,17780.55,18014.35,0.0161,0.0167,0.0167,0.3194
2022-04-06,MIDCPNIFTY,7627.65,7599.55,7666.0,7610.0,0.0167,0.0169,0.0169,0.3235
2022-04-06,NIFTY,17807.65,17957.4,17867.45,18017.5,0.0121,0.0123,0.0123,0.2341
2022-04-07,BANKNIFTY,37557.35,37632.8,37764.1,37754.35,0.0167,0.0168,0.0168,0.3216
2022-04-07,FINNIFTY,17577.4,17703.5,17686.65,17780.55,0.016,0.0167,0.0167,0.3187
2022-04-07,MIDCPNIFTY,7557.45,7627.65,7595.2,7666.0,0.0167,0.0169,0.0169,0.3229
2022-04-07,NIFTY,17639.55,17807.65,17730.35,17867.45,0.0121,0.0122,0.0122,0.2337
2022-04-08,BANKNIFTY,37752.05,37557.35,37985.25,37764.1,0.0167,0.0168,0.0168,0.3209
2022-04-08,FINNIFTY,17667.3,17577.4,17760.65,17686.65,0.016,0.0166,0.0166,0.3179
2022-04-08,MIDCPNIFTY,7627.8,7557.45,7643.2,7595.2,0.0167,0.0169,0.0169,0.3222
2022-04-08,NIFTY,17784.35,17639.55,17878.75,17730.35,0.0121,0.0122,0.0122,0.2334
2022-04-11,BANKNIFTY,37613.8,37752.05,37751.35,37985.25,0.0167,0.0168,0.0168,0.3202
2022-04-11,FINNIFTY,17567.8,17667.3,17598.25,17760.65,0.016,0.0166,0.0166,0.3174
2022-04-11,MIDCPNIFTY,7646.1,7627.8,7710.0,7643.2,0.0166,0.0168,0.0168,0.3216
2022-04-11,NIFTY,17674.95,17784.35,17723.95,17878.75,0.0121,0.0122,0.0122,0.2331
2022-04-12,BANKNIFTY,37747.4,37613.8,37878.1,37751.35,0.0166,0.0167,0.0167,0.3194
2022-04-12,FINNIFTY,17572.15,17567.8,17600.0,17598.25,0.0159,0.0166,0.0166,0.3166
2022-04-12,MIDCPNIFTY,7511.0,7646.1,7522.85,7710.0,0.0166,0.0169,0.0169,0.3225
2022-04-12,NIFTY,17530.3,17674.95,17576.8,17723.95,0.012,0.0122,0.0122,0.2328
2022-04-13,BANKNIFTY,37463.4,37747.4,37576.5,37878.1,0.0166,0.0167,0.0167,0.3188
2022-04-13,FINNIFTY,17419.6,17572.15,17477.3,17600.0,0.0159,0.0165,0.0165,0.3159
2022-04-13,MIDCPNIFTY,7500.0,7511.0,7582.45,7522.85,0.0166,0.0168,0.0168,0.3219
2022-04-13,NIFTY,17475.65,17530.3,17519.25,17576.8,0.012,0.0122,0.0122,0.2323
2022-04-18,BANKNIFTY,36729.0,37463.4,36906.35,37576.5,0.0166,0.0167,0.0167,0.319
2022-04-18,FINNIFTY,17034.65,17419.6,17134.7,17477.3,0.0159,0.0166,0.0166,0.3163
2022-04-18,MIDCPNIFTY,7376.0,7500.0,7382.65,7582.45,0.0166,0.0169,0.0169,0.3231
2022-04-18,NIFTY,17173.65,17475.65,17229.6,17519.25,0.012,0.0122,0.0122,0.2328
2022-04-19,BANKNIFTY,36341.6,36729.0,36403.2,36906.35,0.0166,0.0167,0.0167,0.3187
2022-04-19,FINNIFTY,16708.9,17034.65,16728.4,17134.7,0.0159,0.0166,0.0166,0.3171
2022-04-19,MIDCPNIFTY,7301.7,7376.0,7268.25,7382.65,0.0166,0.0169,0.0169,0.323
2022-04-19,NIFTY,16958.65,17173.65,16969.35,17229.6,0.0121,0.0122,0.0122,0.2331
2022-04-20,BANKNIFTY,36314.9,36341.6,36422.5,36403.2,0.0165,0.0166,0.0166,0.3179
2022-04-20,FINNIFTY,16702.4,16708.9,16798.95,16728.4,0.0159,0.0166,0.0166,0.3164
2022-04-20,MIDCPNIFTY,7339.3,7301.7,7344.25,7268.25,0.0165,0.0169,0.0169,0.3225
2022-04-20,NIFTY,17136.55,16958.65,17162.7,16969.35,0.012,0.0122,0.0122,0.233
2022-04-21,BANKNIFTY,36816.1,36314.9,36930.25,36422.5,0.0165,0.0166,0.0166,0.3177
2022-04-21,FINNIFTY,16959.95,16702.4,17022.1,16798.95,0.0159,0.0165,0.0165,0.3161
2022-04-21,MIDCPNIFTY,7431.0,7339.3,7435.2,7344.25,0.0165,0.0169,0.0169,0.3221
2022-04-21,NIFTY,17392.6,17136.55,17410.15,17162.7,0.0121,0.0122,0.0122,0.2333
2022-04-22,BANKNIFTY,36044.75,36816.1,36093.85,36930.25,0.0166,0.0167,0.0167,0.3184
2022-04-22,FINNIFTY,16664.45,16959.95,16702.0,17022.1,0.0159,0.0166,0.0166,0.3164
2022-04-22,MIDCPNIFTY,7352.25,7431.0,7355.6,7435.2,0.0165,0.0168,0.0168,0.3216
2022-04-22,NIFTY,17171.95,17392.6,17177.75,17410.15,0.0121,0.0122,0.0122,0.2334
2022-04-25,BANKNIFTY,36082.35,36044.75,36150.35,36093.85,0.0165,0.0166,0.0166,0.3176
2022-04-25,FINNIFTY,16639.95,16664.45,16682.05,16702.0,0.0159,0.0165,0.0165,0.3156
2022-04-25,MIDCPNIFTY,7194.25,7352.25,7113.6,7355.6,0.0165,0.017,0.017,0.324
2022-04-25,NIFTY,16953.95,17171.95,16958.35,17177.75,0.0121,0.0122,0.0122,0.2334
2022-04-26,BANKNIFTY,36404.8,36082.35,36455.15,36150.35,0.0165,0.0166,0.0166,0.317
2022-04-26,FINNIFTY,16804.8,16639.95,16832.05,16700.1,0.0159,0.0165,0.0165,0.315
2022-04-26,MIDCPNIFTY,7323.85,7194.25,7340.05,7224.4,0.0165,0.017,0.017,0.3239
2022-04-26,NIFTY,17200.8,16953.95,17204.0,16958.35,0.0121,0.0122,0.0122,0.2337
2022-04-27,BANKNIFTY,36028.85,36404.8,36090.65,36455.15,0.0165,0.0166,0.0166,0.3165
2022-04-27,FINNIFTY,16557.7,16804.8,16610.0,16832.05,0.0158,0.0165,0.0165,0.3147
2022-04-27,MIDCPNIFTY,7247.15,7323.85,7275.9,7340.05,0.0165,0.0169,0.0169,0.3233
2022-04-27,NIFTY,17038.4,17200.8,17053.8,17204.0,0.0121,0.0122,0.0122,0.2334
2022-04-28,BANKNIFTY,36422.2,36028.85,36463.6,36110.9,0.0164,0.0165,0.0165,0.316
2022-04-28,FINNIFTY,16713.15,16557.7,16777.5,16610.0,0.0158,0.0164,0.0164,0.3142
2022-04-28,MIDCPNIFTY,7299.7,7247.15,7327.8,7275.9,0.0165,0.0169,0.0169,0.3226
2022-04-28,NIFTY,17245.05,17038.4,17260.35,17080.95,0.0121,0.0122,0.0122,0.2332
2022-04-29,BANKNIFTY,36088.15,36422.2,36144.25,36463.6,0.0164,0.0165,0.0165,0.3154
2022-04-29,FINNIFTY,16636.55,16713.15,16678.8,16777.5,0.0158,0.0164,0.0164,0.3135
2022-04-29,MIDCPNIFTY,7237.95,7299.7,7206.9,7327.8,0.0164,0.0169,0.0169,0.3226
2022-04-29,NIFTY,17102.55,17245.05,17135.25,17260.35,0.0121,0.0122,0.0122,0.2329
2022-05-02,BANKNIFTY,36163.75,36088.15,36208.55,36144.25,0.0164,0.0165,0.0165,0.3146
2022-05-02,FINNIFTY,16671.95,16636.55,16681.7,16678.8,0.0157,0.0164,0.0164,0.3127
2022-05-02,MIDCPNIFTY,7196.3,7237.95,7219.95,7206.9,0.0164,0.0168,0.0168,0.3218
2022-05-02,NIFTY,17069.1,17102.55,17084.25,17135.25,0.012,0.0122,0.0122,0.2323
2022-05-04,BANKNIFTY,35264.55,36163.75,35308.15,36208.55,0.0164,0.0165,0.0165,0.3157
2022-05-04,FINNIFTY,16236.95,16671.95,16280.9,16681.7,0.0158,0.0164,0.0164,0.3137
2022-05-04,MIDCPNIFTY,7014.3,7196.3,6812.05,7219.95,0.0165,0.0173,0.0173,0.3305
2022-05-04,NIFTY,16677.6,17069.1,16702.5,17084.25,0.0121,0.0122,0.0122,0.2337
2022-05-05,BANKNIFTY,35232.85,35264.55,35251.5,35308.15,0.0164,0.0165,0.0165,0.3149
2022-05-05,FINNIFTY,16261.55,16236.95,16224.0,16280.9,0.0158,0.0164,0.0164,0.3129
2022-05-05,MIDCPNIFTY,7048.25,7014.3,7070.85,6812.05,0.0164,0.0175,0.0175,0.3335
2022-05-05,NIFTY,16682.65,16677.6,16694.3,16702.5,0.0121,0.0122,0.0122,0.2331
2022-05-06,BANKNIFTY,34591.2,35232.85,34632.35,35251.5,0.0164,0.0165,0.0165,0.315
2022-05-06,FINNIFTY,15895.35,16261.55,15903.1,16224.0,0.0158,0.0164,0.0164,0.3133
2022-05-06,MIDCPNIFTY,6897.65,7048.25,6919.0,7070.85,0.0165,0.0175,0.0175,0.3339
2022-05-06,NIFTY,16411.25,16682.65,16419.4,16694.3,0.0121,0.0122,0.0122,0.2336
2022-05-09,BANKNIFTY,34275.4,34591.2,34318.45,34632.35,0.0164,0.0165,0.0165,0.3145
2022-05-09,FINNIFTY,15844.1,15895.35,15863.85,15903.1,0.0158,0.0164,0.0164,0.3125
2022-05-09,MIDCPNIFTY,6715.9,6897.65,6734.2,6919.0,0.0165,0.0175,0.0175,0.3351
2022-05-09,NIFTY,16301.85,16411.25,16298.85,16419.4,0.0121,0.0122,0.0122,0.2333
2022-05-10,BANKNIFTY,34482.65,34275.4,34515.8,34318.45,0.0163,0.0164,0.0164,0.3138
2022-05-10,FINNIFTY,15929.9,15844.1,15960.55,15863.85,0.0157,0.0163,0.0163,0.3119
2022-05-10,MIDCPNIFTY,6598.15,6715.9,6615.3,6734.2,0.0165,0.0175,0.0175,0.3351
2022-05-10,NIFTY,16240.05,16301.85,16247.1,16298.85,0.0121,0.0122,0.0122,0.2327
2022-05-11,BANKNIFTY,34693.15,34482.65,34728.9,34515.8,0.0163,0.0164,0.0164,0.3131
2022-05-11,FINNIFTY,15974.7,15929.9,16030.35,15960.55,0.0157,0.0163,0.0163,0.3111
2022-05-11,MIDCPNIFTY,6554.3,6598.15,6453.15,6615.3,0.0165,0.0176,0.0176,0.336
2022-05-11,NIFTY,16167.1,16240.05,16177.95,16247.1,0.012,0.0122,0.0122,0.2322
2022-05-12,BANKNIFTY,33532.15,34693.15,33569.05,34728.9,0.0164,0.0165,0.0165,0.3157
2022-05-12,FINNIFTY,15487.5,15974.7,15521.0,16030.35,0.0158,0.0164,0.0164,0.3134
2022-05-12,MIDCPNIFTY,6378.6,6554.3,6439.8,6453.15,0.0166,0.0175,0.0175,0.3351
2022-05-12,NIFTY,15808.0,16167.1,15810.75,16177.95,0.0121,0.0122,0.0122,0.2337
2022-05-13,BANKNIFTY,33121.35,33532.15,33136.3,33569.05,0.0164,0.0165,0.0165,0.3154
2022-05-13,FINNIFTY,15487.5,15487.5,15368.35,15521.0,0.0158,0.0164,0.0164,0.3129
2022-05-13,MIDCPNIFTY,6439.75,6378.6,6435.25,6439.8,0.0165,0.0175,0.0175,0.3343
2022-05-13,NIFTY,15782.15,15808.0,15786.6,15810.75,0.0121,0.0122,0.0122,0.2331
2022-05-16,BANKNIFTY,33597.6,33121.35,33596.6,33136.3,0.0164,0.0165,0.0165,0.3151
2022-05-16,FINNIFTY,15492.85,15291.7,15464.0,15368.35,0.0158,0.0163,0.0163,0.3122
2022-05-16,MIDCPNIFTY,6538.8,6439.75,6551.0,6435.25,0.0165,0.0175,0.0175,0.3343
2022-05-16,NIFTY,15842.3,15782.15,15842.6,15786.6,0.012,0.0122,0.0122,0.2326
2022-05-17,BANKNIFTY,34301.9,33597.6,34307.85,33596.6,0.0164,0.0165,0.0165,0.3156
2022-05-17,FINNIFTY,15810.5,15492.85,15840.5,15464.0,0.0158,0.0164,0.0164,0.3131
2022-05-17,MIDCPNIFTY,6716.95,6538.8,6752.0,6551.0,0.0166,0.0176,0.0176,0.336
2022-05-17,NIFTY,16259.3,15842.3,16254.95,15842.6,0.0122,0.0123,0.0123,0.2346
2022-05-18,BANKNIFTY,34163.7,34301.9,34140.2,34307.85,0.0164,0.0165,0.0165,0.3149
2022-05-18,FINNIFTY,15765.9,15810.5,15819.75,15840.5,0.0158,0.0164,0.0164,0.3124
2022-05-18,MIDCPNIFTY,6712.6,6716.95,6723.45,6752.0,0.0166,0.0175,0.0175,0.3352
2022-05-18,NIFTY,16240.3,16259.3,16226.05,16254.95,0.0121,0.0122,0.0122,0.234
2022-05-19,BANKNIFTY,33315.65,34163.7,33274.3,34140.2,0.0164,0.0165,0.0165,0.316
2022-05-19,FINNIFTY,15397.9,15765.9,15400.15,15819.75,0.0158,0.0164,0.0164,0.3137
2022-05-19,MIDCPNIFTY,6482.7,6712.6,6410.05,6723.45,0.0167,0.0178,0.0178,0.3405
2022-05-19,NIFTY,15809.4,16240.3,15769.45,16226.05,0.0122,0.0124,0.0124,0.2366
2022-05-20,BANKNIFTY,34276.4,33315.65,34242.7,33274.3,0.0165,0.0166,0.0166,0.3176
2022-05-20,FINNIFTY,15793.6,15397.9,15826.4,15400.15,0.0159,0.0165,0.0165,0.3151
2022-05-20,MIDCPNIFTY,6628.7,6482.7,6637.8,6410.05,0.0167,0.0179,0.0179,0.3429
2022-05-20,NIFTY,16266.15,15809.4,16253.25,15769.45,0.0124,0.0125,0.0125,0.2395
2022-05-23,BANKNIFTY,34247.6,34276.4,34191.3,34242.7,0.0165,0.0166,0.0166,0.3168
2022-05-23,FINNIFTY,15759.55,15793.6,15786.3,15826.4,0.0158,0.0165,0.0165,0.3143
2022-05-23,MIDCPNIFTY,6659.2,6628.7,6665.85,6637.8,0.0167,0.0179,0.0179,0.3421
2022-05-23,NIFTY,16214.7,16266.15,16183.35,16253.25,0.0123,0.0125,0.0125,0.239
2022-05-24,BANKNIFTY,34290.15,34247.6,34226.3,34191.3,0.0164,0.0165,0.0165,0.316
2022-05-24,FINNIFTY,15809.85,15759.55,15827.75,15786.3,0.0158,0.0164,0.0164,0.3135
2022-05-24,MIDCPNIFTY,6629.35,6659.2,6635.15,6665.85,0.0167,0.0179,0.0179,0.3413
2022-05-24,NIFTY,16125.15,16214.7,16104.7,16183.35,0.0123,0.0125,0.0125,0.2385
2022-05-25,BANKNIFTY,34339.5,34290.15,34330.15,34226.3,0.0164,0.0165,0.0165,0.3153
2022-05-25,FINNIFTY,15918.1,15809.85,15923.8,15827.75,0.0158,0.0164,0.0164,0.3129
2022-05-25,MIDCPNIFTY,6493.35,6629.35,6498.25,6635.15,0.0167,0.0179,0.0179,0.3416
2022-05-25,NIFTY,16025.8,16125.15,16013.8,16104.7,0.0123,0.0125,0.0125,0.238
2022-05-26,BANKNIFTY,35094.9,34339.5,35165.8,34401.55,0.0164,0.0165,0.0165,0.3159
2022-05-26,FINNIFTY,16231.3,15918.1,16238.7,15923.8,0.0158,0.0164,0.0164,0.3132
2022-05-26,MIDCPNIFTY,6551.9,6493.35,6550.0,6498.25,0.0166,0.0178,0.0178,0.3409
2022-05-26,NIFTY,16170.15,16025.8,16168.1,16012.1,0.0123,0.0124,0.0124,0.2378
2022-05-27,BANKNIFTY,35613.3,35094.9,35631.7,35165.8,0.0164,0.0165,0.0165,0.3156
2022-05-27,FINNIFTY,16476.05,16231.3,16422.25,16238.7,0.0158,0.0164,0.0164,0.3128
2022-05-27,MIDCPNIFTY,6662.0,6551.9,6725.0,6550.0,0.0166,0.0179,0.0179,0.3419
2022-05-27,NIFTY,16352.45,16170.15,16326.9,16168.1,0.0123,0.0124,0.0124,0.2375
2022-05-30,BANKNIFTY,35826.95,35613.3,35880.35,35631.7,0.0164,0.0165,0.0165,0.3149
2022-05-30,FINNIFTY,16629.2,16476.05,16623.95,16422.25,0.0158,0.0164,0.0164,0.3124
2022-05-30,MIDCPNIFTY,6818.0,6662.0,6818.9,6725.0,0.0167,0.0179,0.0179,0.3416
2022-05-30,NIFTY,16661.4,16352.45,16643.45,16326.9,0.0123,0.0125,0.0125,0.2383
2022-05-31,BANKNIFTY,35487.4,35826.95,35514.8,35880.35,0.0164,0.0165,0.0165,0.3144
2022-05-31,FINNIFTY,16475.7,16629.2,16489.35,16610.55,0.0157,0.0163,0.0163,0.3118
2022-05-31,MIDCPNIFTY,6843.2,6818.0,6840.25,6842.9,0.0166,0.0178,0.0178,0.3407
2022-05-31,NIFTY,16584.55,16661.4,16577.6,16643.45,0.0123,0.0124,0.0124,0.2378
2022-06-01,BANKNIFTY,35620.8,35487.4,35655.4,35514.8,0.0163,0.0164,0.0164,0.3137
2022-06-01,FINNIFTY,16502.3,16475.7,16502.05,16489.35,0.0157,0.0163,0.0163,0.311
2022-06-01,MIDCPNIFTY,6860.85,6843.2,6884.25,6840.25,0.0166,0.0178,0.0178,0.34
2022-06-01,NIFTY,16522.75,16584.55,16508.1,16577.6,0.0123,0.0124,0.0124,0.2373
2022-06-02,BANKNIFTY,35613.65,35620.8,35698.1,35655.4,0.0163,0.0164,0.0164,0.3129
2022-06-02,FINNIFTY,16447.4,16502.3,16508.75,16502.05,0.0156,0.0162,0.0162,0.3103
2022-06-02,MIDCPNIFTY,6879.05,6860.85,6901.6,6884.25,0.0166,0.0178,0.0178,0.3392
2022-06-02,NIFTY,16628.0,16522.75,16621.2,16508.1,0.0122,0.0124,0.0124,0.2369
2022-06-03,BANKNIFTY,35275.05,35613.65,35369.45,35698.1,0.0163,0.0164,0.0164,0.3124
2022-06-03,FINNIFTY,16330.4,16447.4,16395.45,16508.75,0.0156,0.0162,0.0162,0.3096
2022-06-03,MIDCPNIFTY,6768.3,6879.05,6797.95,6901.6,0.0166,0.0177,0.0177,0.3389
2022-06-03,NIFTY,16584.3,16628.0,16604.65,16621.2,0.0122,0.0124,0.0124,0.2363
2022-06-06,BANKNIFTY,35310.2,35275.05,35399.55,35369.45,0.0162,0.0163,0.0163,0.3116
2022-06-06,FINNIFTY,16324.6,16330.4,16367.1,16395.45,0.0156,0.0162,0.0162,0.3089
2022-06-06,MIDCPNIFTY,6724.85,6768.3,6743.55,6797.95,0.0165,0.0177,0.0177,0.3383
2022-06-06,NIFTY,16569.55,16584.3,16581.25,16604.65,0.0122,0.0123,0.0123,0.2357
2022-06-07,BANKNIFTY,34996.0,35310.2,35091.2,35399.55,0.0162,0.0163,0.0163,0.3111
2022-06-07,FINNIFTY,16152.0,16324.6,16196.0,16367.1,0.0156,0.0161,0.0161,0.3084
2022-06-07,MIDCPNIFTY,6668.55,6724.85,6686.25,6743.55,0.0165,0.0177,0.0177,0.3376
2022-06-07,NIFTY,16416.35,16569.55,16429.25,16581.25,0.0122,0.0123,0.0123,0.2354
2022-06-08,BANKNIFTY,34946.15,34996.0,35010.75,35091.2,0.0161,0.0162,0.0162,0.3103
2022-06-08,FINNIFTY,16146.8,16152.0,16166.25,16196.0,0.0155,0.0161,0.0161,0.3077
2022-06-08,MIDCPNIFTY,6657.35,6668.55,6675.2,6686.25,0.0165,0.0176,0.0176,0.3368
2022-06-08,NIFTY,16356.25,16416.35,16364.8,16429.25,0.0121,0.0123,0.0123,0.2349
2022-06-09,BANKNIFTY,35085.45,34946.15,35131.25,35010.75,0.0161,0.0162,0.0162,0.3095
2022-06-09,FINNIFTY,16209.85,16146.8,16248.95,16166.25,0.0155,0.0161,0.0161,0.307
2022-06-09,MIDCPNIFTY,6694.4,6657.35,6711.65,6675.2,0.0164,0.0176,0.0176,0.336
2022-06-09,NIFTY,16478.1,16356.25,16475.45,16364.8,0.0121,0.0123,0.0123,0.2345
2022-06-10,BANKNIFTY,34483.8,35085.45,34554.95,35131.25,0.0161,0.0162,0.0162,0.3096
2022-06-10,FINNIFTY,15847.3,16209.85,15892.8,16248.95,0.0155,0.0161,0.0161,0.3076
2022-06-10,MIDCPNIFTY,6638.75,6694.4,6655.0,6711.65,0.0164,0.0176,0.0176,0.3354
2022-06-10,NIFTY,16201.8,16478.1,16219.35,16475.45,0.0122,0.0123,0.0123,0.2349
2022-06-13,BANKNIFTY,33405.85,34483.8,33431.4,34554.95,0.0162,0.0163,0.0163,0.312
2022-06-13,FINNIFTY,15356.4,15847.3,15383.05,15892.8,0.0156,0.0162,0.0162,0.31
2022-06-13,MIDCPNIFTY,6418.6,6638.75,6431.7,6655.0,0.0165,0.0177,0.0177,0.3377
2022-06-13,NIFTY,15774.4,16201.8,15766.25,16219.35,0.0123,0.0124,0.0124,0.2374
2022-06-14,BANKNIFTY,33311.35,33405.85,33377.05,33431.4,0.0162,0.0163,0.0163,0.3112
2022-06-14,FINNIFTY,15292.15,15356.4,15331.4,15383.05,0.0156,0.0162,0.0162,0.3093
2022-06-14,MIDCPNIFTY,6410.1,6418.6,6422.35,6431.7,0.0165,0.0176,0.0176,0.3368
2022-06-14,NIFTY,15732.1,15774.4,15737.45,15766.25,0.0122,0.0124,0.0124,0.2368
2022-06-15,BANKNIFTY,33339.0,33311.35,33398.15,33377.05,0.0162,0.0163,0.0163,0.3105
2022-06-15,FINNIFTY,15333.3,15292.15,15391.05,15331.4,0.0156,0.0162,0.0162,0.3086
2022-06-15,MIDCPNIFTY,6456.5,6410.1,6467.95,6422.35,0.0164,0.0176,0.0176,0.3361
2022-06-15,NIFTY,15692.15,15732.1,15708.65,15737.45,0.0122,0.0124,0.0124,0.2362
2022-06-16,BANKNIFTY,32617.1,33339.0,32633.75,33398.15,0.0162,0.0163,0.0163,0.3113
2022-06-16,FINNIFTY,15002.0,15333.3,15026.7,15391.05,0.0156,0.0162,0.0162,0.3095
2022-06-16,MIDCPNIFTY,6283.45,6456.5,6081.3,6467.95,0.0165,0.0181,0.0181,0.3455
2022-06-16,NIFTY,15360.6,15692.15,15348.55,15708.65,0.0123,0.0124,0.0124,0.2377
2022-06-17,BANKNIFTY,32743.05,32617.1,32789.25,32633.75,0.0161,0.0163,0.0163,0.3106
2022-06-17,FINNIFTY,15059.3,15002.0,15080.05,15026.7,0.0156,0.0162,0.0162,0.3087
2022-06-17,MIDCPNIFTY,6236.1,6283.45,6085.15,6081.3,0.0165,0.018,0.018,0.3446
2022-06-17,NIFTY,15293.5,15360.6,15319.25,15348.55,0.0122,0.0124,0.0124,0.2371
2022-06-20,BANKNIFTY,32684.8,32743.05,32716.35,32789.25,0.0161,0.0162,0.0162,0.3098
2022-06-20,FINNIFTY,15203.95,15059.3,15168.65,15080.05,0.0155,0.0161,0.0161,0.3081
2022-06-20,MIDCPNIFTY,6116.65,6236.1,6123.4,6085.15,0.0165,0.018,0.018,0.3439
2022-06-20,NIFTY,15350.15,15293.5,15347.65,15319.25,0.0122,0.0124,0.0124,0.2365
2022-06-21,BANKNIFTY,33191.75,32684.8,33238.9,32716.35,0.0161,0.0162,0.0162,0.3098
2022-06-21,FINNIFTY,15436.35,15203.95,15454.4,15168.65,0.0155,0.0161,0.0161,0.3083
2022-06-21,MIDCPNIFTY,6292.8,6116.65,6298.85,6123.4,0.0166,0.0181,0.0181,0.3451
2022-06-21,NIFTY,15638.8,15350.15,15638.4,15347.65,0.0123,0.0124,0.0124,0.2373
2022-06-22,BANKNIFTY,32845.3,33191.75,32837.95,33238.9,0.0161,0.0162,0.0162,0.3094
2022-06-22,FINNIFTY,15271.45,15436.35,15271.0,15454.4,0.0155,0.0161,0.0161,0.308
2022-06-22,MIDCPNIFTY,6183.55,6292.8,6188.65,6298.85,0.0166,0.0181,0.0181,0.3451
2022-06-22,NIFTY,15413.3,15638.8,15403.4,15638.4,0.0123,0.0124,0.0124,0.2376
2022-06-23,BANKNIFTY,33135.0,32845.3,33187.05,32837.95,0.0161,0.0162,0.0162,0.309
2022-06-23,FINNIFTY,15391.65,15271.45,15427.95,15271.0,0.0155,0.0161,0.0161,0.3075
2022-06-23,MIDCPNIFTY,6278.9,6183.55,6283.2,6188.65,0.0166,0.018,0.018,0.3448
2022-06-23,NIFTY,15556.65,15413.3,15572.95,15403.4,0.0123,0.0124,0.0124,0.2374
2022-06-24,BANKNIFTY,33627.45,33135.0,33654.2,33187.05,0.016,0.0162,0.0162,0.3088
2022-06-24,FINNIFTY,15595.5,15391.65,15601.8,15427.95,0.0155,0.0161,0.0161,0.3071
2022-06-24,MIDCPNIFTY,6366.35,6278.9,6369.85,6283.2,0.0166,0.018,0.018,0.3445
2022-06-24,NIFTY,15699.25,15556.65,15712.3,15572.95,0.0122,0.0124,0.0124,0.2372
2022-06-27,BANKNIFTY,33811.25,33627.45,33862.75,33654.2,0.016,0.0161,0.0161,0.3081
2022-06-27,FINNIFTY,15651.0,15595.5,15686.9,15601.8,0.0155,0.016,0.016,0.3064
2022-06-27,MIDCPNIFTY,6441.1,6366.35,6442.0,6369.85,0.0165,0.018,0.018,0.3439
2022-06-27,NIFTY,15832.05,15699.25,15835.55,15712.3,0.0122,0.0124,0.0124,0.2368
2022-06-28,BANKNIFTY,33642.45,33811.25,33678.75,33862.75,0.016,0.0161,0.0161,0.3074
2022-06-28,FINNIFTY,15559.05,15651.0,15617.9,15702.15,0.0154,0.016,0.016,0.3058
2022-06-28,MIDCPNIFTY,6453.85,6441.1,6452.95,6350.05,0.0165,0.018,0.018,0.3438
2022-06-28,NIFTY,15850.2,15832.05,15847.7,15835.55,0.0122,0.0124,0.0124,0.2362
2022-06-29,BANKNIFTY,33269.9,33642.45,33273.05,33678.75,0.016,0.0161,0.0161,0.3071
2022-06-29,FINNIFTY,15409.35,15559.05,15462.45,15617.9,0.0154,0.016,0.016,0.3053
2022-06-29,MIDCPNIFTY,6427.5,6453.85,6451.5,6452.95,0.0165,0.0179,0.0179,0.3429
2022-06-29,NIFTY,15799.1,15850.2,15779.9,15847.7,0.0122,0.0123,0.0123,0.2357
2022-06-30,BANKNIFTY,33425.1,33269.9,33396.95,33362.25,0.0159,0.016,0.016,0.3063
2022-06-30,FINNIFTY,15474.4,15409.35,15455.85,15462.45,0.0154,0.0159,0.0159,0.3045
2022-06-30,MIDCPNIFTY,6361.2,6427.5,6384.1,6451.5,0.0164,0.0179,0.0179,0.3423
2022-06-30,NIFTY,15780.25,15799.1,15744.35,15780.85,0.0121,0.0123,0.0123,0.2351
2022-07-01,BANKNIFTY,33539.45,33425.1,33638.65,33396.95,0.0159,0.016,0.016,0.3057
2022-07-01,FINNIFTY,15620.75,15474.4,15660.55,15455.85,0.0153,0.0159,0.0159,0.3043
2022-07-01,MIDCPNIFTY,6382.9,6361.2,6405.0,6384.1,0.0164,0.0179,0.0179,0.3415
2022-07-01,NIFTY,15752.05,15780.25,15754.25,15744.35,0.0121,0.0123,0.0123,0.2345
2022-07-04,BANKNIFTY,33940.9,33539.45,34012.6,33638.65,0.0159,0.016,0.016,0.3053
2022-07-04,FINNIFTY,15766.5,15620.75,15792.55,15660.55,0.0153,0.0159,0.0159,0.3037
2022-07-04,MIDCPNIFTY,6423.0,6382.9,6442.6,6405.0,0.0164,0.0178,0.0178,0.3408
2022-07-04,NIFTY,15835.35,15752.05,15836.95,15754.25,0.0121,0.0123,0.0123,0.234
2022-07-05,BANKNIFTY,33815.9,33940.9,33827.15,34012.6,0.0158,0.0159,0.0159,0.3046
2022-07-05,FINNIFTY,15729.15,15766.5,15744.35,15792.55,0.0153,0.0159,0.0159,0.303
2022-07-05,MIDCPNIFTY,6393.45,6423.0,6412.05,6442.6,0.0163,0.0178,0.0178,0.34
2022-07-05,NIFTY,15810.85,15835.35,15776.05,15836.95,0.0121,0.0122,0.0122,0.2335
2022-07-06,BANKNIFTY,34324.25,33815.9,34370.1,33827.15,0.0158,0.0159,0.0159,0.3046
2022-07-06,FINNIFTY,15980.25,15729.15,16013.9,15744.35,0.0153,0.0159,0.0159,0.3031
2022-07-06,MIDCPNIFTY,6531.85,6393.45,6549.95,6412.05,0.0164,0.0178,0.0178,0.3403
2022-07-06,NIFTY,15989.8,15810.85,15990.45,15776.05,0.0121,0.0122,0.0122,0.2336
2022-07-07,BANKNIFTY,34920.3,34324.25,34981.8,34370.1,0.0158,0.016,0.016,0.3048
2022-07-07,FINNIFTY,16179.0,15980.25,16190.8,16013.9,0.0153,0.0158,0.0158,0.3027
2022-07-07,MIDCPNIFTY,6605.1,6531.85,6600.0,6549.95,0.0163,0.0178,0.0178,0.3396
2022-07-07,NIFTY,16132.9,15989.8,16148.15,15990.45,0.012,0.0122,0.0122,0.2334
2022-07-08,BANKNIFTY,35124.05,34920.3,35173.7,34981.8,0.0158,0.0159,0.0159,0.3041
2022-07-08,FINNIFTY,16260.2,16179.0,16264.85,16190.8,0.0152,0.0158,0.0158,0.302
2022-07-08,MIDCPNIFTY,6613.7,6605.1,6600.0,6600.0,0.0163,0.0177,0.0177,0.3388
2022-07-08,NIFTY,16220.6,16132.9,16225.2,16148.15,0.012,0.0122,0.0122,0.2329
2022-07-11,BANKNIFTY,35469.65,35124.05,35487.9,35173.7,0.0158,0.0159,0.0159,0.3036
2022-07-11,FINNIFTY,16365.6,16260.2,16385.2,16264.85,0.0152,0.0158,0.0158,0.3014
2022-07-11,MIDCPNIFTY,6612.05,6613.7,6625.85,6600.0,0.0163,0.0177,0.0177,0.338
2022-07-11,NIFTY,16216.0,16220.6,16203.5,16225.2,0.012,0.0122,0.0122,0.2323
2022-07-12,BANKNIFTY,35132.25,35469.65,35166.65,35487.9,0.0157,0.0159,0.0159,0.3031
2022-07-12,FINNIFTY,16200.6,16365.6,16235.3,16385.2,0.0152,0.0158,0.0158,0.3009
2022-07-12,MIDCPNIFTY,6573.25,6612.05,6586.0,6625.85,0.0162,0.0177,0.0177,0.3372
2022-07-12,NIFTY,16058.3,16216.0,16044.25,16203.5,0.012,0.0122,0.0122,0.2322
2022-07-13,BANKNIFTY,34827.8,35132.25,34923.1,35166.65,0.0157,0.0158,0.0158,0.3025
2022-07-13,FINNIFTY,16043.85,16200.6,16128.25,16235.3,0.0152,0.0157,0.0157,0.3003
2022-07-13,MIDCPNIFTY,6625.45,6573.25,6637.4,6586.0,0.0162,0.0176,0.0176,0.3365
2022-07-13,NIFTY,15966.65,16058.3,15979.9,16044.25,0.012,0.0121,0.0121,0.2316
2022-07-14,BANKNIFTY,34651.2,34827.8,34720.95,34923.1,0.0157,0.0158,0.0158,0.3018
2022-07-14,FINNIFTY,15998.75,16043.85,16021.0,16128.25,0.0151,0.0157,0.0157,0.2997
2022-07-14,MIDCPNIFTY,6604.4,6625.45,6679.9,6637.4,0.0161,0.0176,0.0176,0.3358
2022-07-14,NIFTY,15938.65,15966.65,15932.55,15979.9,0.0119,0.0121,0.0121,0.2311
2022-07-15,BANKNIFTY,34682.65,34651.2,34782.3,34720.95,0.0156,0.0158,0.0158,0.3011
2022-07-15,FINNIFTY,16112.75,15998.75,16142.5,16021.0,0.0151,0.0157,0.0157,0.2991
2022-07-15,MIDCPNIFTY,6678.25,6604.4,6699.0,6679.9,0.0161,0.0175,0.0175,0.335
2022-07-15,NIFTY,16049.2,15938.65,16068.3,15932.55,0.0119,0.0121,0.0121,0.2308
2022-07-18,BANKNIFTY,35358.7,34682.65,35428.55,34782.3,0.0157,0.0158,0.0158,0.3014
2022-07-18,FINNIFTY,16341.45,16112.75,16370.75,16142.5,0.0151,0.0156,0.0156,0.299
2022-07-18,MIDCPNIFTY,6773.55,6678.25,6781.1,6699.0,0.0161,0.0175,0.0175,0.3346
2022-07-18,NIFTY,16278.5,16049.2,16300.25,16068.3,0.0119,0.0121,0.0121,0.231
2022-07-19,BANKNIFTY,35720.35,35358.7,35742.6,35428.55,0.0156,0.0157,0.0157,0.3008
2022-07-19,FINNIFTY,16436.2,16341.45,16451.0,16370.75,0.0151,0.0156,0.0156,0.2983
2022-07-19,MIDCPNIFTY,6802.5,6773.55,6830.0,6781.1,0.0161,0.0175,0.0175,0.3339
2022-07-19,NIFTY,16340.55,16278.5,16346.95,16300.25,0.0119,0.0121,0.0121,0.2305
2022-07-20,BANKNIFTY,35972.1,35720.35,35966.75,35742.6,0.0156,0.0157,0.0157,0.3002
2022-07-20,FINNIFTY,16530.1,16436.2,16532.0,16451.0,0.015,0.0156,0.0156,0.2976
2022-07-20,MIDCPNIFTY,6852.4,6802.5,6858.15,6830.0,0.016,0.0174,0.0174,0.3331
2022-07-20,NIFTY,16520.85,16340.55,16519.6,16346.95,0.0119,0.0121,0.0121,0.2304
2022-07-21,BANKNIFTY,36201.0,35972.1,36191.2,35966.75,0.0156,0.0157,0.0157,0.2996
2022-07-21,FINNIFTY,16600.5,16530.1,16596.05,16532.0,0.015,0.0155,0.0155,0.2969
2022-07-21,MIDCPNIFTY,6927.0,6852.4,6931.85,6858.15,0.016,0.0174,0.0174,0.3325
2022-07-21,NIFTY,16605.25,16520.85,16597.5,16519.6,0.0119,0.012,0.012,0.2299
2022-07-22,BANKNIFTY,36738.95,36201.0,36719.1,36191.2,0.0156,0.0157,0.0157,0.2995
2022-07-22,FINNIFTY,16858.55,16600.5,16828.2,16596.05,0.015,0.0155,0.0155,0.2968
2022-07-22,MIDCPNIFTY,6942.55,6927.0,6946.5,6931.85,0.016,0.0174,0.0174,0.3317
2022-07-22,NIFTY,16719.45,16605.25,16722.6,16597.5,0.0118,0.012,0.012,0.2295
2022-07-25,BANKNIFTY,36726.4,36738.95,36713.5,36719.1,0.0155,0.0156,0.0156,0.2987
2022-07-25,FINNIFTY,16837.55,16858.55,16840.2,16828.2,0.0149,0.0155,0.0155,0.296
2022-07-25,MIDCPNIFTY,6935.1,6942.55,6936.1,6946.5,0.0159,0.0173,0.0173,0.3309
2022-07-25,NIFTY,16631.0,16719.45,16632.1,16722.6,0.0118,0.012,0.012,0.229
2022-07-26,BANKNIFTY,36408.5,36726.4,36379.05,36713.5,0.0155,0.0156,0.0156,0.2982
2022-07-26,FINNIFTY,16734.1,16837.55,16774.1,16852.3,0.0149,0.0155,0.0155,0.2954
2022-07-26,MIDCPNIFTY,6821.2,6935.1,6994.55,6971.6,0.0159,0.0173,0.0173,0.3301
2022-07-26,NIFTY,16483.85,16631.0,16491.3,16632.1,0.0118,0.012,0.012,0.2288
2022-07-27,BANKNIFTY,36783.75,36408.5,36756.1,36379.05,0.0155,0.0156,0.0156,0.2978
2022-07-27,FINNIFTY,16880.3,16734.1,16910.95,16774.1,0.0149,0.0154,0.0154,0.2948
2022-07-27,MIDCPNIFTY,6885.0,6821.2,6919.3,6994.55,0.0159,0.0173,0.0173,0.3296
2022-07-27,NIFTY,16641.8,16483.85,16653.3,16491.3,0.0118,0.012,0.012,0.2286
2022-07-28,BANKNIFTY,37378.15,36783.75,37422.45,36831.45,0.0155,0.0156,0.0156,0.2978
2022-07-28,FINNIFTY,17280.0,16880.3,17319.7,16910.95,0.0149,0.0155,0.0155,0.2959
2022-07-28,MIDCPNIFTY,6948.6,6885.0,6982.2,6919.3,0.0159,0.0172,0.0172,0.329
2022-07-28,NIFTY,16929.6,16641.8,16955.2,16678.7,0.0118,0.012,0.012,0.2291
2022-07-29,BANKNIFTY,37491.4,37378.15,37567.15,37422.45,0.0154,0.0156,0.0156,0.2971
2022-07-29,FINNIFTY,17437.8,17280.0,17483.6,17319.7,0.0149,0.0155,0.0155,0.2954
2022-07-29,MIDCPNIFTY,7055.6,6948.6,7088.6,6982.2,0.0159,0.0172,0.0172,0.3288
2022-07-29,NIFTY,17158.25,16929.6,17201.85,16955.2,0.0118,0.012,0.012,0.2293
2022-08-01,BANKNIFTY,37903.2,37491.4,37939.4,37567.15,0.0154,0.0155,0.0155,0.2967
2022-08-01,FINNIFTY,17584.2,17437.8,17624.9,17483.6,0.0149,0.0154,0.0154,0.2949
2022-08-01,MIDCPNIFTY,7193.2,7055.6,7223.0,7088.6,0.0159,0.0172,0.0172,0.329
2022-08-01,NIFTY,17340.05,17158.25,17378.3,17201.85,0.0118,0.012,0.012,0.2292
2022-08-02,BANKNIFTY,38024.0,37903.2,38023.9,37939.4,0.0154,0.0155,0.0155,0.296
2022-08-02,FINNIFTY,17538.8,17584.2,17568.65,17624.9,0.0149,0.0154,0.0154,0.2941
2022-08-02,MIDCPNIFTY,7211.0,7193.2,7210.0,7223.0,0.0159,0.0172,0.0172,0.3281
2022-08-02,NIFTY,17345.45,17340.05,17346.3,17378.3,0.0118,0.012,0.012,0.2286
2022-08-03,BANKNIFTY,37989.25,38024.0,38031.8,38023.9,0.0154,0.0155,0.0155,0.2952
2022-08-03,FINNIFTY,17551.7,17538.8,17576.7,17568.65,0.0148,0.0154,0.0154,0.2934
2022-08-03,MIDCPNIFTY,7135.9,7211.0,7163.65,7210.0,0.0159,0.0171,0.0171,0.3274
2022-08-03,NIFTY,17388.15,17345.45,17407.15,17346.3,0.0118,0.0119,0.0119,0.2281
2022-08-04,BANKNIFTY,37755.55,37989.25,37771.5,38031.8,0.0153,0.0154,0.0154,0.2946
2022-08-04,FINNIFTY,17472.05,17551.7,17480.3,17576.7,0.0148,0.0153,0.0153,0.2928
2022-08-04,MIDCPNIFTY,7182.2,7135.9,7209.2,7163.65,0.0158,0.0171,0.0171,0.3267
2022-08-04,NIFTY,17382.0,17388.15,17387.85,17407.15,0.0117,0.0119,0.0119,0.2275
2022-08-05,BANKNIFTY,37920.6,37755.55,37959.45,37771.5,0.0153,0.0154,0.0154,0.294
2022-08-05,FINNIFTY,17534.55,17472.05,17558.05,17480.3,0.0148,0.0153,0.0153,0.2921
2022-08-05,MIDCPNIFTY,7173.4,7182.2,7200.5,7209.2,0.0158,0.0171,0.0171,0.3259
2022-08-05,NIFTY,17397.5,17382.0,17416.15,17387.85,0.0117,0.0119,0.0119,0.227
2022-08-08,BANKNIFTY,38237.4,37920.6,38287.75,37959.45,0.0153,0.0154,0.0154,0.2935
2022-08-08,FINNIFTY,17697.6,17534.55,17745.4,17558.05,0.0147,0.0153,0.0153,0.2917
2022-08-08,MIDCPNIFTY,7231.1,7173.4,7255.2,7200.5,0.0157,0.017,0.017,0.3253
2022-08-08,NIFTY,17525.1,17397.5,17557.75,17416.15,0.0117,0.0119,0.0119,0.2267
2022-08-10,BANKNIFTY,38287.85,38237.4,38356.7,38287.75,0.0152,0.0153,0.0153,0.2927
2022-08-10,FINNIFTY,17699.1,17697.6,17741.0,17745.4,0.0147,0.0152,0.0152,0.291
2022-08-10,MIDCPNIFTY,7219.1,7231.1,7241.0,7255.2,0.0157,0.017,0.017,0.3245
2022-08-10,NIFTY,17534.75,17525.1,17558.25,17557.75,0.0117,0.0118,0.0118,0.2261
2022-08-11,BANKNIFTY,38879.85,38287.85,38943.65,38356.7,0.0152,0.0153,0.0153,0.2927
2022-08-11,FINNIFTY,17977.4,17699.1,17999.65,17741.0,0.0147,0.0152,0.0152,0.2909
2022-08-11,MIDCPNIFTY,7286.95,7219.1,7307.95,7241.0,0.0157,0.017,0.017,0.3239
2022-08-11,NIFTY,17659.0,17534.75,17684.95,17558.25,0.0116,0.0118,0.0118,0.2257
2022-08-12,BANKNIFTY,39042.3,38879.85,39077.7,38943.65,0.0152,0.0153,0.0153,0.292
2022-08-12,FINNIFTY,18055.15,17977.4,18054.9,17999.65,0.0147,0.0152,0.0152,0.2902
2022-08-12,MIDCPNIFTY,7313.45,7286.95,7333.5,7307.95,0.0156,0.0169,0.0169,0.3231
2022-08-12,NIFTY,17698.15,17659.0,17713.05,17684.95,0.0116,0.0118,0.0118,0.2252
2022-08-16,BANKNIFTY,39239.65,39042.3,39308.65,39077.7,0.0152,0.0153,0.0153,0.2914
2022-08-16,FINNIFTY,18191.35,18055.15,18190.8,18054.9,0.0146,0.0152,0.0152,0.2897
2022-08-16,MIDCPNIFTY,7385.9,7313.45,7401.65,7333.5,0.0156,0.0169,0.0169,0.3225
2022-08-16,NIFTY,17825.25,17698.15,17850.65,17713.05,0.0116,0.0118,0.0118,0.2249
2022-08-17,BANKNIFTY,39461.7,39239.65,39513.45,39308.65,0.0151,0.0152,0.0152,0.2908
2022-08-17,FINNIFTY,18348.25,18191.35,18365.4,18190.8,0.0146,0.0151,0.0151,0.2892
2022-08-17,MIDCPNIFTY,7455.2,7385.9,7469.9,7401.65,0.0156,0.0169,0.0169,0.322
2022-08-17,NIFTY,17944.25,17825.25,17974.1,17850.65,0.0116,0.0118,0.0118,0.2245
2022-08-18,BANKNIFTY,39656.15,39461.7,39713.45,39513.45,0.0151,0.0152,0.0152,0.2901
2022-08-18,FINNIFTY,18406.05,18348.25,18403.2,18365.4,0.0146,0.0151,0.0151,0.2885
2022-08-18,MIDCPNIFTY,7480.9,7455.2,7494.55,7469.9,0.0156,0.0168,0.0168,0.3212
2022-08-18,NIFTY,17956.5,17944.25,17980.35,17974.1,0.0116,0.0117,0.0117,0.2239
2022-08-19,BANKNIFTY,38985.95,39656.15,39002.35,39713.45,0.0151,0.0152,0.0152,0.2904
2022-08-19,FINNIFTY,18114.9,18406.05,18112.8,18403.2,0.0146,0.0151,0.0151,0.2886
2022-08-19,MIDCPNIFTY,7392.9,7480.9,7405.3,7494.55,0.0155,0.0168,0.0168,0.3208
2022-08-19,NIFTY,17758.45,17956.5,17759.5,17980.35,0.0115,0.0117,0.0117,0.224
2022-08-22,BANKNIFTY,38297.75,38985.95,38332.85,39002.35,0.0151,0.0152,0.0152,0.2906
2022-08-22,FINNIFTY,17763.4,18114.9,17752.65,18112.8,0.0146,0.0151,0.0151,0.2892
2022-08-22,MIDCPNIFTY,7241.85,7392.9,7250.7,7405.3,0.0156,0.0168,0.0168,0.3213
2022-08-22,NIFTY,17490.7,17758.45,17492.25,17759.5,0.0116,0.0117,0.0117,0.2244
2022-08-23,BANKNIFTY,38697.65,38297.75,38776.05,38332.85,0.0151,0.0152,0.0152,0.2903
2022-08-23,FINNIFTY,17897.35,17763.4,17920.25,17752.65,0.0146,0.0151,0.0151,0.2887
2022-08-23,MIDCPNIFTY,7334.55,7241.85,7342.4,7250.7,0.0156,0.0168,0.0168,0.3209
2022-08-23,NIFTY,17577.5,17490.7,17585.55,17492.25,0.0115,0.0117,0.0117,0.2239
2022-08-24,BANKNIFTY,39038.5,38697.65,39075.4,38776.05,0.0151,0.0152,0.0152,0.2898
2022-08-24,FINNIFTY,17987.0,17897.35,18015.85,17920.25,0.0146,0.0151,0.0151,0.2881
2022-08-24,MIDCPNIFTY,7355.65,7334.55,7416.95,7342.4,0.0155,0.0168,0.0168,0.3204
2022-08-24,NIFTY,17604.95,17577.5,17617.25,17585.55,0.0115,0.0117,0.0117,0.2234
2022-08-25,BANKNIFTY,38950.75,39038.5,39100.65,39257.15,0.015,0.0151,0.0151,0.2891
2022-08-25,FINNIFTY,17916.35,17987.0,17958.35,18015.85,0.0145,0.015,0.015,0.2874
2022-08-25,MIDCPNIFTY,7335.95,7355.65,7341.55,7416.95,0.0155,0.0167,0.0167,0.3199
2022-08-25,NIFTY,17522.45,17604.95,17588.4,17699.25,0.0115,0.0117,0.0117,0.223
2022-08-26,BANKNIFTY,38987.15,38950.75,39221.85,39100.65,0.015,0.0151,0.0151,0.2884
2022-08-26,FINNIFTY,17933.9,17916.35,17979.8,17958.35,0.0145,0.015,0.015,0.2867
2022-08-26,MIDCPNIFTY,7366.55,7335.95,7371.05,7341.55,0.0155,0.0167,0.0167,0.3191
2022-08-26,NIFTY,17558.9,17522.45,17653.75,17588.4,0.0115,0.0116,0.0116,0.2225
2022-08-29,BANKNIFTY,38276.7,38987.15,38441.75,39221.85,0.015,0.0151,0.0151,0.289
2022-08-29,FINNIFTY,17631.7,17933.9,17617.05,17979.8,0.0145,0.015,0.015,0.2873
2022-08-29,MIDCPNIFTY,7267.75,7366.55,7268.9,7371.05,0.0154,0.0167,0.0167,0.3189
2022-08-29,NIFTY,17312.9,17558.9,17370.25,17653.75,0.0115,0.0117,0.0117,0.223
2022-08-30,BANKNIFTY,39536.75,38276.7,39707.6,38441.75,0.0151,0.0153,0.0153,0.2916
2022-08-30,FINNIFTY,18235.05,17631.7,18257.6,17742.7,0.0147,0.0151,0.0151,0.2892
2022-08-30,MIDCPNIFTY,7406.8,7267.75,7438.65,7300.05,0.0155,0.0167,0.0167,0.3191
2022-08-30,NIFTY,17759.3,17312.9,17827.5,17370.25,0.0116,0.0118,0.0118,0.2252
2022-09-01,BANKNIFTY,39301.25,39536.75,39466.75,39707.6,0.0151,0.0152,0.0152,0.2909
2022-09-01,FINNIFTY,18056.0,18235.05,18099.9,18257.6,0.0146,0.0151,0.0151,0.2887
2022-09-01,MIDCPNIFTY,7427.0,7406.8,7456.7,7438.65,0.0154,0.0167,0.0167,0.3183
2022-09-01,NIFTY,17542.8,17759.3,17592.4,17827.5,0.0116,0.0118,0.0118,0.2253
2022-09-02,BANKNIFTY,39421.0,39301.25,39542.25,39466.75,0.0151,0.0152,0.0152,0.2902
2022-09-02,FINNIFTY,18147.25,18056.0,18186.75,18099.9,0.0146,0.0151,0.0151,0.288
2022-09-02,MIDCPNIFTY,7426.85,7427.0,7455.4,7456.7,0.0154,0.0166,0.0166,0.3175
2022-09-02,NIFTY,17539.45,17542.8,17562.75,17592.4,0.0116,0.0118,0.0118,0.2248
2022-09-05,BANKNIFTY,39805.75,39421.0,39920.85,39542.25,0.0151,0.0152,0.0152,0.2898
2022-09-05,FINNIFTY,18264.9,18147.25,18305.4,18186.75,0.0146,0.015,0.015,0.2874
2022-09-05,MIDCPNIFTY,7467.5,7426.85,7492.8,7455.4,0.0154,0.0166,0.0166,0.3168
2022-09-05,NIFTY,17665.8,17539.45,17710.0,17562.75,0.0116,0.0118,0.0118,0.2245
2022-09-06,BANKNIFTY,39666.5,39805.75,39812.25,39920.85,0.015,0.0151,0.0151,0.2891
2022-09-06,FINNIFTY,18197.9,18264.9,18263.3,18305.4,0.0145,0.015,0.015,0.2867
2022-09-06,MIDCPNIFTY,7480.65,7467.5,7504.85,7492.8,0.0153,0.0165,0.0165,0.316
2022-09-06,NIFTY,17655.6,17665.8,17682.95,17710.0,0.0115,0.0117,0.0117,0.224
2022-09-07,BANKNIFTY,39455.9,39666.5,39592.6,39812.25,0.015,0.0151,0.0151,0.2885
2022-09-07,FINNIFTY,18140.5,18197.9,18194.0,18263.3,0.0145,0.015,0.015,0.2861
2022-09-07,MIDCPNIFTY,7534.55,7480.65,7557.75,7504.85,0.0153,0.0165,0.0165,0.3154
2022-09-07,NIFTY,17624.4,17655.6,17651.05,17682.95,0.0115,0.0117,0.0117,0.2234
2022-09-08,BANKNIFTY,40208.95,39455.9,40312.4,39592.6,0.015,0.0151,0.0151,0.2888
2022-09-08,FINNIFTY,18409.45,18140.5,18432.3,18194.0,0.0145,0.015,0.015,0.2859
2022-09-08,MIDCPNIFTY,7551.05,7534.55,7573.2,7557.75,0.0152,0.0165,0.0165,0.3146
2022-09-08,NIFTY,17798.75,17624.4,17824.35,17651.05,0.0115,0.0117,0.0117,0.2232
2022-09-09,BANKNIFTY,40415.7,40208.95,40504.5,40312.4,0.015,0.0151,0.0151,0.2881
2022-09-09,FINNIFTY,18383.95,18409.45,18435.55,18432.3,0.0145,0.0149,0.0149,0.2852
2022-09-09,MIDCPNIFTY,7585.7,7551.05,7606.8,7573.2,0.0152,0.0164,0.0164,0.3139
2022-09-09,NIFTY,17833.35,17798.75,17866.45,17824.35,0.0115,0.0117,0.0117,0.2227
2022-09-12,BANKNIFTY,40574.0,40415.7,40673.7,40504.5,0.0149,0.015,0.015,0.2874
2022-09-12,FINNIFTY,18437.6,18383.95,18493.7,18435.55,0.0144,0.0149,0.0149,0.2845
2022-09-12,MIDCPNIFTY,7669.15,7585.7,7686.95,7606.8,0.0152,0.0164,0.0164,0.3134
2022-09-12,NIFTY,17936.35,17833.35,17964.35,17866.45,0.0114,0.0116,0.0116,0.2223
2022-09-13,BANKNIFTY,40873.1,40574.0,40941.4,40673.7,0.0149,0.015,0.015,0.2869
2022-09-13,FINNIFTY,18605.35,18437.6,18636.55,18493.7,0.0144,0.0149,0.0149,0.284
2022-09-13,MIDCPNIFTY,7668.6,7669.15,7685.3,7686.95,0.0152,0.0164,0.0164,0.3126
2022-09-13,NIFTY,18070.05,17936.35,18105.5,17964.35,0.0114,0.0116,0.0116,0.222
2022-09-14,BANKNIFTY,41405.4,40873.1,41445.15,40941.4,0.0149,0.015,0.015,0.2866
2022-09-14,FINNIFTY,18745.6,18605.35,18735.2,18636.55,0.0144,0.0148,0.0148,0.2834
2022-09-14,MIDCPNIFTY,7619.0,7668.6,7634.45,7685.3,0.0151,0.0163,0.0163,0.312
2022-09-14,NIFTY,18003.75,18070.05,18020.4,18105.5,0.0114,0.0116,0.0116,0.2215
2022-09-15,BANKNIFTY,41209.2,41405.4,41302.6,41445.15,0.0149,0.015,0.015,0.2859
2022-09-15,FINNIFTY,18654.9,18745.6,18682.05,18735.2,0.0144,0.0148,0.0148,0.2827
2022-09-15,MIDCPNIFTY,7648.15,7619.0,7662.55,7634.45,0.0151,0.0163,0.0163,0.3112
2022-09-15,NIFTY,17877.4,18003.75,17891.8,18020.4,0.0114,0.0116,0.0116,0.2212
2022-09-16,BANKNIFTY,40776.8,41209.2,40837.6,41302.6,0.0149,0.015,0.015,0.2856
2022-09-16,FINNIFTY,18372.05,18654.9,18404.4,18682.05,0.0144,0.0148,0.0148,0.2827
2022-09-16,MIDCPNIFTY,7405.7,7648.15,7418.55,7662.55,0.0152,0.0164,0.0164,0.3135
2022-09-16,NIFTY,17530.85,17877.4,17566.15,17891.8,0.0114,0.0116,0.0116,0.222
2022-09-19,BANKNIFTY,40904.4,40776.8,40931.2,40837.6,0.0148,0.0149,0.0149,0.2849
2022-09-19,FINNIFTY,18492.6,18372.05,18517.75,18404.4,0.0143,0.0148,0.0148,0.2821
2022-09-19,MIDCPNIFTY,7388.75,7405.7,7398.15,7418.55,0.0152,0.0164,0.0164,0.3127
2022-09-19,NIFTY,17622.25,17530.85,17628.0,17566.15,0.0114,0.0116,0.0116,0.2215
2022-09-20,BANKNIFTY,41468.3,40904.4,41494.8,40931.2,0.0148,0.0149,0.0149,0.2848
2022-09-20,FINNIFTY,18750.75,18492.6,18751.6,18517.75,0.0143,0.0148,0.0148,0.2819
2022-09-20,MIDCPNIFTY,7497.3,7388.75,7505.7,7398.15,0.0152,0.0164,0.0164,0.3126
2022-09-20,NIFTY,17816.25,17622.25,17825.65,17628.0,0.0114,0.0116,0.0116,0.2215
2022-09-21,BANKNIFTY,41203.45,41468.3,41244.95,41494.8,0.0148,0.0149,0.0149,0.2842
2022-09-21,FINNIFTY,18662.15,18750.75,18634.95,18751.6,0.0143,0.0147,0.0147,0.2813
2022-09-21,MIDCPNIFTY,7456.75,7497.3,7463.95,7505.7,0.0151,0.0163,0.0163,0.3119
2022-09-21,NIFTY,17718.35,17816.25,17731.45,17825.65,0.0114,0.0116,0.0116,0.221
2022-09-22,BANKNIFTY,40630.6,41203.45,40697.35,41244.95,0.0148,0.0149,0.0149,0.2841
2022-09-22,FINNIFTY,18403.7,18662.15,18414.8,18634.95,0.0143,0.0147,0.0147,0.2811
2022-09-22,MIDCPNIFTY,7492.6,7456.75,7498.65,7463.95,0.0151,0.0163,0.0163,0.3112
2022-09-22,NIFTY,17629.8,17718.35,17647.6,17731.45,0.0114,0.0115,0.0115,0.2206
2022-09-23,BANKNIFTY,39546.25,40630.6,39642.75,40697.35,0.0149,0.0149,0.0149,0.2856
2022-09-23,FINNIFTY,17947.25,18403.7,17984.5,18414.8,0.0144,0.0148,0.0148,0.2822
2022-09-23,MIDCPNIFTY,7303.2,7492.6,7307.95,7498.65,0.0152,0.0163,0.0163,0.3123
2022-09-23,NIFTY,17327.35,17629.8,17335.85,17647.6,0.0114,0.0116,0.0116,0.2213
2022-09-26,BANKNIFTY,38616.25,39546.25,38678.85,39642.75,0.0149,0.015,0.015,0.2868
2022-09-26,FINNIFTY,17565.3,17947.25,17568.2,17984.5,0.0144,0.0148,0.0148,0.2833
2022-09-26,MIDCPNIFTY,7082.4,7303.2,7083.55,7307.95,0.0153,0.0165,0.0165,0.3144
2022-09-26,NIFTY,17016.3,17327.35,17028.75,17335.85,0.0114,0.0116,0.0116,0.2221
2022-09-27,BANKNIFTY,38359.15,38616.25,38466.1,38678.85,0.0149,0.015,0.015,0.2862
2022-09-27,FINNIFTY,17424.05,17565.3,17570.1,17658.35,0.0144,0.0148,0.0148,0.2826
2022-09-27,MIDCPNIFTY,7072.0,7082.4,7104.2,7115.6,0.0153,0.0164,0.0164,0.3136
2022-09-27,NIFTY,17007.4,17016.3,17018.65,17028.75,0.0114,0.0116,0.0116,0.2215
2022-09-28,BANKNIFTY,37759.85,38359.15,37809.9,38466.1,0.0149,0.015,0.015,0.2864
2022-09-28,FINNIFTY,17210.05,17424.05,17280.95,17570.1,0.0144,0.0148,0.0148,0.2828
2022-09-28,MIDCPNIFTY,7042.2,7072.0,7073.35,7104.2,0.0152,0.0164,0.0164,0.3129
2022-09-28,NIFTY,16858.6,17007.4,16858.7,17018.65,0.0114,0.0116,0.0116,0.2213
2022-09-29,BANKNIFTY,37647.75,37759.85,37861.3,37968.1,0.0149,0.015,0.015,0.2857
2022-09-29,FINNIFTY,17123.0,17210.05,17203.65,17280.95,0.0144,0.0148,0.0148,0.2822
2022-09-29,MIDCPNIFTY,7068.65,7042.2,7098.85,7073.35,0.0152,0.0163,0.0163,0.3121
2022-09-29,NIFTY,16818.1,16858.6,16833.3,16886.95,0.0114,0.0116,0.0116,0.2208
2022-09-30,BANKNIFTY,38631.95,37647.75,38807.35,37861.3,0.0149,0.015,0.015,0.287
2022-09-30,FINNIFTY,17506.65,17123.0,17575.3,17203.65,0.0144,0.0148,0.0148,0.2829
2022-09-30,MIDCPNIFTY,7205.1,7068.65,7235.8,7098.85,0.0152,0.0164,0.0164,0.3124
2022-09-30,NIFTY,17094.35,16818.1,17103.2,16833.3,0.0114,0.0116,0.0116,0.2213
2022-10-03,BANKNIFTY,38029.65,38631.95,38159.15,38807.35,0.0149,0.015,0.015,0.2871
2022-10-03,FINNIFTY,17270.2,17506.65,17316.15,17575.3,0.0144,0.0148,0.0148,0.2829
2022-10-03,MIDCPNIFTY,7095.7,7205.1,7122.15,7235.8,0.0152,0.0163,0.0163,0.3124
2022-10-03,NIFTY,16887.35,17094.35,16895.65,17103.2,0.0114,0.0116,0.0116,0.2214
2022-10-04,BANKNIFTY,39110.05,38029.65,39267.95,38159.15,0.015,0.0151,0.0151,0.289
2022-10-04,FINNIFTY,17741.05,17270.2,17816.05,17316.15,0.0145,0.0149,0.0149,0.2848
2022-10-04,MIDCPNIFTY,7323.35,7095.7,7349.35,7122.15,0.0153,0.0165,0.0165,0.3145
2022-10-04,NIFTY,17274.3,16887.35,17293.0,16895.65,0.0115,0.0117,0.0117,0.223
2022-10-06,BANKNIFTY,39282.85,39110.05,39378.25,39267.95,0.015,0.0151,0.0151,0.2883
2022-10-06,FINNIFTY,17749.05,17741.05,17798.65,17816.05,0.0145,0.0149,0.0149,0.2841
2022-10-06,MIDCPNIFTY,7435.25,7323.35,7459.2,7349.35,0.0153,0.0165,0.0165,0.3143
2022-10-06,NIFTY,17331.8,17274.3,17325.45,17293.0,0.0115,0.0116,0.0116,0.2225
2022-10-07,BANKNIFTY,39178.05,39282.85,39291.05,39378.25,0.015,0.0151,0.0151,0.2876
2022-10-07,FINNIFTY,17707.0,17749.05,17759.2,17798.65,0.0144,0.0148,0.0148,0.2834
2022-10-07,MIDCPNIFTY,7408.2,7435.25,7430.85,7459.2,0.0153,0.0164,0.0164,0.3136
2022-10-07,NIFTY,17314.65,17331.8,17328.85,17325.45,0.0114,0.0116,0.0116,0.2219
2022-10-10,BANKNIFTY,39093.1,39178.05,39216.6,39291.05,0.0149,0.015,0.015,0.2869
2022-10-10,FINNIFTY,17626.5,17707.0,17682.35,17759.2,0.0144,0.0148,0.0148,0.2828
2022-10-10,MIDCPNIFTY,7331.75,7408.2,7350.5,7430.85,0.0153,0.0164,0.0164,0.3131
2022-10-10,NIFTY,17241.0,17314.65,17227.45,17328.85,0.0114,0.0116,0.0116,0.2215
2022-10-11,BANKNIFTY,38712.45,39093.1,38810.15,39216.6,0.0149,0.015,0.015,0.2865
2022-10-11,FINNIFTY,17455.2,17626.5,17519.35,17682.35,0.0144,0.0148,0.0148,0.2823
2022-10-11,MIDCPNIFTY,7217.55,7331.75,7234.9,7350.5,0.0153,0.0164,0.0164,0.3131
2022-10-11,NIFTY,16983.55,17241.0,16978.2,17227.45,0.0114,0.0116,0.0116,0.2219
2022-10-12,BANKNIFTY,39118.55,38712.45,39214.7,38810.15,0.0149,0.015,0.015,0.2862
2022-10-12,FINNIFTY,17603.85,17455.2,17637.6,17519.35,0.0143,0.0147,0.0147,0.2818
2022-10-12,MIDCPNIFTY,7271.35,7217.55,7287.65,7234.9,0.0153,0.0164,0.0164,0.3124
2022-10-12,NIFTY,17123.6,16983.55,17114.8,16978.2,0.0114,0.0116,0.0116,0.2216
2022-10-13,BANKNIFTY,38624.0,39118.55,38738.65,39214.7,0.0149,0.015,0.015,0.2859
2022-10-13,FINNIFTY,17389.45,17603.85,17435.65,17637.6,0.0143,0.0147,0.0147,0.2815
2022-10-13,MIDCPNIFTY,7203.95,7271.35,7218.9,7287.65,0.0152,0.0163,0.0163,0.3119
2022-10-13,NIFTY,17014.35,17123.6,17010.85,17114.8,0.0114,0.0116,0.0116,0.2212
2022-10-14,BANKNIFTY,39305.6,38624.0,39395.35,38738.65,0.0149,0.015,0.015,0.2861
2022-10-14,FINNIFTY,17705.5,17389.45,17723.05,17435.65,0.0144,0.0147,0.0147,0.2817
2022-10-14,MIDCPNIFTY,7191.85,7203.95,7205.55,7218.9,0.0152,0.0163,0.0163,0.3111
2022-10-14,NIFTY,17185.7,17014.35,17195.5,17010.85,0.0114,0.0116,0.0116,0.2211
2022-10-17,BANKNIFTY,39920.45,39305.6,39975.85,39395.35,0.0149,0.015,0.015,0.2861
2022-10-17,FINNIFTY,17908.9,17705.5,17924.3,17723.05,0.0143,0.0147,0.0147,0.2814
2022-10-17,MIDCPNIFTY,7238.65,7191.85,7248.7,7205.55,0.0152,0.0163,0.0163,0.3105
2022-10-17,NIFTY,17311.8,17185.7,17300.3,17195.5,0.0114,0.0116,0.0116,0.2207
2022-10-18,BANKNIFTY,40318.75,39920.45,40380.1,39975.85,0.0149,0.015,0.015,0.2857
2022-10-18,FINNIFTY,18021.3,17908.9,18037.55,17924.3,0.0143,0.0147,0.0147,0.2808
2022-10-18,MIDCPNIFTY,7344.65,7238.65,7353.6,7248.7,0.0152,0.0162,0.0162,0.3103
2022-10-18,NIFTY,17486.95,17311.8,17502.0,17300.3,0.0114,0.0116,0.0116,0.2207
2022-10-19,BANKNIFTY,40373.2,40318.75,40401.75,40380.1,0.0148,0.0149,0.0149,0.285
2022-10-19,FINNIFTY,18093.75,18021.3,18100.55,18037.55,0.0143,0.0147,0.0147,0.2801
2022-10-19,MIDCPNIFTY,7370.65,7344.65,7378.35,7353.6,0.0151,0.0162,0.0162,0.3096
2022-10-19,NIFTY,17512.25,17486.95,17494.65,17502.0,0.0113,0.0115,0.0115,0.2201
2022-10-20,BANKNIFTY,40099.55,40373.2,40205.35,40401.75,0.0148,0.0149,0.0149,0.2843
2022-10-20,FINNIFTY,18057.25,18093.75,18078.8,18100.55,0.0142,0.0146,0.0146,0.2794
2022-10-20,MIDCPNIFTY,7318.7,7370.65,7325.1,7378.35,0.0151,0.0162,0.0162,0.3089
2022-10-20,NIFTY,17563.95,17512.25,17540.7,17494.65,0.0113,0.0115,0.0115,0.2196
2022-10-21,BANKNIFTY,40784.05,40099.55,40788.3,40205.35,0.0148,0.0149,0.0149,0.2843
2022-10-21,FINNIFTY,18194.1,18057.25,18220.65,18078.8,0.0142,0.0146,0.0146,0.2789
2022-10-21,MIDCPNIFTY,7251.4,7318.7,7256.5,7325.1,0.0151,0.0161,0.0161,0.3084
2022-10-21,NIFTY,17576.3,17563.95,17564.45,17540.7,0.0113,0.0115,0.0115,0.2191
2022-10-24,BANKNIFTY,41304.9,40784.05,41270.0,40788.3,0.0148,0.0149,0.0149,0.284
2022-10-24,FINNIFTY,18424.75,18194.1,18412.75,18220.65,0.0142,0.0146,0.0146,0.2786
2022-10-24,MIDCPNIFTY,7279.95,7251.4,7281.25,7256.5,0.015,0.0161,0.0161,0.3077
2022-10-24,NIFTY,17730.75,17576.3,17732.55,17564.45,0.0113,0.0115,0.0115,0.2189
2022-10-25,BANKNIFTY,41122.75,41304.9,41111.15,41270.0,0.0148,0.0148,0.0148,0.2834
2022-10-25,FINNIFTY,18280.9,18424.75,18351.6,18467.6,0.0142,0.0146,0.0146,0.278
2022-10-25,MIDCPNIFTY,7286.7,7279.95,7332.3,7326.7,0.015,0.0161,0.0161,0.3069
2022-10-25,NIFTY,17656.35,17730.75,17654.95,17732.55,0.0113,0.0114,0.0114,0.2184
2022-10-27,BANKNIFTY,41299.3,41122.75,41483.15,41281.65,0.0147,0.0148,0.0148,0.2827
2022-10-27,FINNIFTY,18334.05,18280.9,18397.8,18351.6,0.0142,0.0145,0.0145,0.2774
2022-10-27,MIDCPNIFTY,7334.75,7286.7,7448.0,7332.3,0.015,0.0161,0.0161,0.3069
2022-10-27,NIFTY,17736.95,17656.35,17789.2,17688.65,0.0112,0.0114,0.0114,0.218
2022-10-28,BANKNIFTY,40990.85,41299.3,41149.45,41483.15,0.0147,0.0148,0.0148,0.2822
2022-10-28,FINNIFTY,18284.3,18334.05,18354.8,18397.8,0.0141,0.0145,0.0145,0.2767
2022-10-28,MIDCPNIFTY,7287.1,7334.75,7328.95,7448.0,0.0149,0.0161,0.0161,0.3069
2022-10-28,NIFTY,17786.8,17736.95,17830.2,17789.2,0.0112,0.0114,0.0114,0.2175
2022-10-31,BANKNIFTY,41307.9,40990.85,41466.8,41149.45,0.0147,0.0147,0.0147,0.2817
2022-10-31,FINNIFTY,18538.3,18284.3,18587.3,18354.8,0.0141,0.0145,0.0145,0.2765
2022-10-31,MIDCPNIFTY,7416.1,7287.1,7454.0,7328.95,0.015,0.0161,0.0161,0.307
2022-10-31,NIFTY,18012.2,17786.8,18051.05,17830.2,0.0112,0.0114,0.0114,0.2176
2022-11-01,BANKNIFTY,41289.55,41307.9,41477.3,41466.8,0.0146,0.0147,0.0147,0.281
2022-11-01,FINNIFTY,18606.4,18538.3,18657.4,18587.3,0.0141,0.0144,0.0144,0.2759
2022-11-01,MIDCPNIFTY,7495.05,7416.1,7532.15,7454.0,0.0149,0.016,0.016,0.3065
2022-11-01,NIFTY,18145.4,18012.2,18211.2,18051.05,0.0112,0.0114,0.0114,0.2174
2022-11-02,BANKNIFTY,41146.65,41289.55,41312.7,41477.3,0.0146,0.0147,0.0147,0.2804
2022-11-02,FINNIFTY,18577.15,18606.4,18607.7,18657.4,0.014,0.0144,0.0144,0.2752
2022-11-02,MIDCPNIFTY,7489.05,7495.05,7524.55,7532.15,0.0149,0.016,0.016,0.3058
2022-11-02,NIFTY,18082.85,18145.4,18146.75,18211.2,0.0112,0.0114,0.0114,0.2169
2022-11-03,BANKNIFTY,41298.35,41146.65,41458.65,41312.7,0.0146,0.0146,0.0146,0.2797
2022-11-03,FINNIFTY,18582.25,18577.15,18642.95,18607.7,0.014,0.0144,0.0144,0.2745
2022-11-03,MIDCPNIFTY,7487.65,7489.05,7521.7,7524.55,0.0149,0.016,0.016,0.305
2022-11-03,NIFTY,18052.7,18082.85,18118.8,18146.75,0.0111,0.0113,0.0113,0.2164
2022-11-04,BANKNIFTY,41258.45,41298.35,41419.0,41458.65,0.0145,0.0146,0.0146,0.279
2022-11-04,FINNIFTY,18599.7,18582.25,18669.4,18642.95,0.014,0.0143,0.0143,0.2738
2022-11-04,MIDCPNIFTY,7445.95,7487.65,7478.55,7521.7,0.0148,0.0159,0.0159,0.3043
2022-11-04,NIFTY,18117.15,18052.7,18194.0,18118.8,0.0111,0.0113,0.0113,0.2159
2022-11-07,BANKNIFTY,41686.7,41258.45,41845.25,41419.0,0.0145,0.0146,0.0146,0.2786
2022-11-07,FINNIFTY,18739.25,18599.7,18797.45,18669.4,0.014,0.0143,0.0143,0.2733
2022-11-07,MIDCPNIFTY,7515.8,7445.95,7544.7,7478.55,0.0148,0.0159,0.0159,0.3038
2022-11-07,NIFTY,18202.8,18117.15,18264.15,18194.0,0.0111,0.0113,0.0113,0.2154
2022-11-09,BANKNIFTY,41783.2,41686.7,41926.4,41845.25,0.0145,0.0145,0.0145,0.278
2022-11-09,FINNIFTY,18689.35,18739.25,18755.3,18797.45,0.0139,0.0143,0.0143,0.2726
2022-11-09,MIDCPNIFTY,7427.8,7515.8,7453.85,7544.7,0.0148,0.0159,0.0159,0.3035
2022-11-09,NIFTY,18157.0,18202.8,18216.8,18264.15,0.0111,0.0112,0.0112,0.2149
2022-11-10,BANKNIFTY,41603.75,41783.2,41731.05,41926.4,0.0145,0.0145,0.0145,0.2773
2022-11-10,FINNIFTY,18604.6,18689.35,18689.25,18755.3,0.0139,0.0142,0.0142,0.272
2022-11-10,MIDCPNIFTY,7341.05,7427.8,7365.55,7453.85,0.0148,0.0159,0.0159,0.3032
2022-11-10,NIFTY,18028.2,18157.0,18092.65,18216.8,0.0111,0.0112,0.0112,0.2146
2022-11-11,BANKNIFTY,42137.05,41603.75,42293.3,41731.05,0.0144,0.0145,0.0145,0.2772
2022-11-11,FINNIFTY,19007.9,18604.6,19096.65,18689.25,0.0139,0.0143,0.0143,0.2729
2022-11-11,MIDCPNIFTY,7331.6,7341.05,7354.8,7365.55,0.0147,0.0158,0.0158,0.3024
2022-11-11,NIFTY,18349.7,18028.2,18424.0,18092.65,0.0111,0.0113,0.0113,0.2154
2022-11-14,BANKNIFTY,42076.75,42137.05,42202.65,42293.3,0.0144,0.0145,0.0145,0.2766
2022-11-14,FINNIFTY,18970.85,19007.9,19032.25,19096.65,0.0139,0.0142,0.0142,0.2722
2022-11-14,MIDCPNIFTY,7324.45,7331.6,7343.75,7354.8,0.0147,0.0158,0.0158,0.3017
2022-11-14,NIFTY,18329.15,18349.7,18379.2,18424.0,0.0111,0.0112,0.0112,0.2149
2022-11-15,BANKNIFTY,42372.7,42076.75,42483.7,42202.65,0.0144,0.0144,0.0144,0.276
2022-11-15,FINNIFTY,19083.6,18970.85,19114.15,19032.25,0.0139,0.0142,0.0142,0.2716
2022-11-15,MIDCPNIFTY,7320.95,7324.45,7338.95,7343.75,0.0147,0.0158,0.0158,0.3009
2022-11-15,NIFTY,18403.4,18329.15,18462.05,18379.2,0.011,0.0112,0.0112,0.2145
2022-11-16,BANKNIFTY,42535.3,42372.7,42579.9,42483.7,0.0144,0.0144,0.0144,0.2753
2022-11-16,FINNIFTY,19148.35,19083.6,19174.0,19114.15,0.0138,0.0142,0.0142,0.271
2022-11-16,MIDCPNIFTY,7255.5,7320.95,7272.1,7338.95,0.0146,0.0157,0.0157,0.3004
2022-11-16,NIFTY,18409.65,18403.4,18451.85,18462.05,0.011,0.0112,0.0112,0.2139
2022-11-17,BANKNIFTY,42458.05,42535.3,42531.55,42579.9,0.0143,0.0144,0.0144,0.2746
2022-11-17,FINNIFTY,19077.0,19148.35,19137.05,19174.0,0.0138,0.0141,0.0141,0.2703
2022-11-17,MIDCPNIFTY,7234.75,7255.5,7250.0,7272.1,0.0146,0.0157,0.0157,0.2997
2022-11-17,NIFTY,18343.9,18409.65,18378.4,18451.85,0.011,0.0112,0.0112,0.2135
2022-11-18,BANKNIFTY,42437.45,42458.05,42505.2,42531.55,0.0143,0.0143,0.0143,0.274
2022-11-18,FINNIFTY,19070.95,19077.0,19132.75,19137.05,0.0138,0.0141,0.0141,0.2696
2022-11-18,MIDCPNIFTY,7184.05,7234.75,7197.95,7250.0,0.0146,0.0157,0.0157,0.2991
2022-11-18,NIFTY,18307.65,18343.9,18355.9,18378.4,0.011,0.0111,0.0111,0.2129
2022-11-21,BANKNIFTY,42346.55,42437.45,42366.0,42505.2,0.0142,0.0143,0.0143,0.2733
2022-11-21,FINNIFTY,18949.6,19070.95,19003.35,19132.75,0.0137,0.0141,0.0141,0.2691
2022-11-21,MIDCPNIFTY,7173.15,7184.05,7183.25,7197.95,0.0145,0.0156,0.0156,0.2984
2022-11-21,NIFTY,18159.95,18307.65,18192.2,18355.9,0.011,0.0111,0.0111,0.2127
2022-11-22,BANKNIFTY,42457.05,42346.55,42478.75,42366.0,0.0142,0.0143,0.0143,0.2727
2022-11-22,FINNIFTY,18973.2,18949.6,19046.3,19003.35,0.0137,0.0141,0.0141,0.2685
2022-11-22,MIDCPNIFTY,7230.15,7173.15,7239.1,7183.25,0.0145,0.0156,0.0156,0.2978
2022-11-22,NIFTY,18244.2,18159.95,18281.0,18192.2,0.0109,0.0111,0.0111,0.2123
2022-11-23,BANKNIFTY,42729.1,42457.05,42746.65,42478.75,0.0142,0.0142,0.0142,0.2721
2022-11-23,FINNIFTY,19069.1,18973.2,19093.65,19046.3,0.0137,0.014,0.014,0.2678
2022-11-23,MIDCPNIFTY,7250.9,7230.15,7258.6,7239.1,0.0145,0.0155,0.0155,0.2971
2022-11-23,NIFTY,18267.25,18244.2,18286.75,18281.0,0.0109,0.0111,0.0111,0.2118
2022-11-24,BANKNIFTY,43075.4,42729.1,43284.25,42973.1,0.0142,0.0142,0.0142,0.2716
2022-11-24,FINNIFTY,19277.0,19069.1,19278.25,19093.65,0.0137,0.014,0.014,0.2674
2022-11-24,MIDCPNIFTY,7279.9,7250.9,7286.35,7258.6,0.0145,0.0155,0.0155,0.2964
2022-11-24,NIFTY,18484.1,18267.25,18626.15,18396.85,0.0109,0.0111,0.0111,0.2119
2022-11-25,BANKNIFTY,42983.95,43075.4,43291.85,43284.25,0.0141,0.0142,0.0142,0.2709
2022-11-25,FINNIFTY,19216.9,19277.0,19237.4,19278.25,0.0136,0.014,0.014,0.2668
2022-11-25,MIDCPNIFTY,7337.05,7279.9,7342.25,7286.35,0.0144,0.0155,0.0155,0.2958
2022-11-25,NIFTY,18512.75,18484.1,18646.1,18626.15,0.0109,0.0111,0.0111,0.2114
2022-11-28,BANKNIFTY,43020.45,42983.95,43275.15,43291.85,0.0141,0.0141,0.0141,0.2702
2022-11-28,FINNIFTY,19200.2,19216.9,19199.6,19237.4,0.0136,0.0139,0.0139,0.2661
2022-11-28,MIDCPNIFTY,7376.05,7337.05,7377.4,7342.25,0.0144,0.0154,0.0154,0.2951
2022-11-28,NIFTY,18562.75,18512.75,18694.1,18646.1,0.0109,0.011,0.011,0.2109
2022-11-29,BANKNIFTY,43053.45,43020.45,43293.75,43275.15,0.0141,0.0141,0.0141,0.2696
2022-11-29,FINNIFTY,19231.45,19200.2,19364.7,19351.95,0.0136,0.0139,0.0139,0.2655
2022-11-29,MIDCPNIFTY,7304.2,7376.05,7340.5,7414.05,0.0144,0.0154,0.0154,0.2947
2022-11-29,NIFTY,18618.05,18562.75,18733.6,18694.1,0.0108,0.011,0.011,0.2104
2022-11-30,BANKNIFTY,43231.0,43053.45,43452.1,43293.75,0.014,0.0141,0.0141,0.2689
2022-11-30,FINNIFTY,19358.85,19231.45,19472.95,19364.7,0.0135,0.0139,0.0139,0.2649
2022-11-30,MIDCPNIFTY,7396.5,7304.2,7431.95,7340.5,0.0144,0.0154,0.0154,0.2945
2022-11-30,NIFTY,18758.35,18618.05,18874.5,18733.6,0.0108,0.011,0.011,0.2101
2022-12-01,BANKNIFTY,43260.65,43231.0,43475.15,43452.1,0.014,0.014,0.014,0.2683
2022-12-01,FINNIFTY,19369.05,19358.85,19499.7,19472.95,0.0135,0.0138,0.0138,0.2642
2022-12-01,MIDCPNIFTY,7448.35,7396.5,7482.65,7431.95,0.0143,0.0154,0.0154,0.2939
2022-12-01,NIFTY,18812.5,18758.35,18948.3,18874.5,0.0108,0.011,0.011,0.2096
2022-12-02,BANKNIFTY,43103.75,43260.65,43336.0,43475.15,0.014,0.014,0.014,0.2676
2022-12-02,FINNIFTY,19249.55,19369.05,19377.9,19499.7,0.0135,0.0138,0.0138,0.2637
2022-12-02,MIDCPNIFTY,7491.1,7448.35,7524.35,7482.65,0.0143,0.0153,0.0153,0.2932
2022-12-02,NIFTY,18696.1,18812.5,18812.55,18948.3,0.0108,0.011,0.011,0.2093
2022-12-05,BANKNIFTY,43332.95,43103.75,43538.9,43336.0,0.0139,0.014,0.014,0.267
2022-12-05,FINNIFTY,19297.3,19249.55,19411.8,19377.9,0.0135,0.0138,0.0138,0.2631
2022-12-05,MIDCPNIFTY,7483.9,7491.1,7513.1,7524.35,0.0143,0.0153,0.0153,0.2925
2022-12-05,NIFTY,18701.05,18696.1,18817.75,18812.55,0.0107,0.0109,0.0109,0.2088
2022-12-06,BANKNIFTY,43138.55,43332.95,43457.8,43538.9,0.0139,0.0139,0.0139,0.2664
2022-12-06,FINNIFTY,19242.3,19297.3,19403.55,19411.8,0.0134,0.0137,0.0137,0.2624
2022-12-06,MIDCPNIFTY,7457.05,7483.9,7484.95,7513.1,0.0142,0.0153,0.0153,0.2918
2022-12-06,NIFTY,18642.75,18701.05,18771.35,18817.75,0.0107,0.0109,0.0109,0.2083
2022-12-07,BANKNIFTY,43098.7,43138.55,43331.6,43457.8,0.0139,0.0139,0.0139,0.2657
2022-12-07,FINNIFTY,19180.45,19242.3,19321.75,19403.55,0.0134,0.0137,0.0137,0.2618
2022-12-07,MIDCPNIFTY,7411.05,7457.05,7438.0,7484.95,0.0142,0.0152,0.0152,0.2912
2022-12-07,NIFTY,18560.5,18642.75,18670.25,18771.35,0.0107,0.0109,0.0109,0.2079
2022-12-08,BANKNIFTY,43596.85,43098.7,43752.5,43331.6,0.0138,0.0139,0.0139,0.2654
2022-12-08,FINNIFTY,19292.4,19180.45,19396.6,19321.75,0.0134,0.0137,0.0137,0.2612
2022-12-08,MIDCPNIFTY,7432.55,7411.05,7458.25,7438.0,0.0142,0.0152,0.0152,0.2905
2022-12-08,NIFTY,18609.35,18560.5,18720.15,18670.25,0.0107,0.0109,0.0109,0.2074
2022-12-09,BANKNIFTY,43633.45,43596.85,43773.1,43752.5,0.0138,0.0139,0.0139,0.2647
2022-12-09,FINNIFTY,19290.35,19292.4,19399.65,19396.6,0.0133,0.0136,0.0136,0.2606
2022-12-09,MIDCPNIFTY,7394.9,7432.55,7419.1,7458.25,0.0141,0.0152,0.0152,0.2898
2022-12-09,NIFTY,18496.6,18609.35,18583.65,18720.15,0.0107,0.0108,0.0108,0.2071
2022-12-12,BANKNIFTY,43708.75,43633.45,43876.1,43773.1,0.0138,0.0138,0.0138,0.2641
2022-12-12,FINNIFTY,19313.8,19290.35,19430.45,19399.65,0.0133,0.0136,0.0136,0.2599
2022-12-12,MIDCPNIFTY,7415.8,7394.9,7436.0,7419.1,0.0141,0.0151,0.0151,0.2891
2022-12-12,NIFTY,18497.15,18496.6,18605.2,18583.65,0.0106,0.0108,0.0108,0.2066
2022-12-13,BANKNIFTY,43946.55,43708.75,44071.0,43876.1,0.0138,0.0138,0.0138,0.2635
2022-12-13,FINNIFTY,19409.85,19313.8,19505.7,19430.45,0.0133,0.0136,0.0136,0.2593
2022-12-13,MIDCPNIFTY,7415.4,7415.8,7434.25,7436.0,0.0141,0.0151,0.0151,0.2884
2022-12-13,NIFTY,18608.0,18497.15,18703.85,18605.2,0.0106,0.0108,0.0108,0.2062
2022-12-14,BANKNIFTY,44049.1,43946.55,44166.2,44071.0,0.0137,0.0138,0.0138,0.2629
2022-12-14,FINNIFTY,19466.0,19409.85,19534.65,19505.7,0.0132,0.0135,0.0135,0.2587
2022-12-14,MIDCPNIFTY,7491.2,7415.4,7508.9,7434.25,0.0141,0.0151,0.0151,0.288
2022-12-14,NIFTY,18660.3,18608.0,18748.9,18703.85,0.0106,0.0108,0.0108,0.2057
2022-12-15,BANKNIFTY,43498.2,44049.1,43576.45,44166.2,0.0137,0.0138,0.0138,0.2628
2022-12-15,FINNIFTY,19216.0,19466.0,19269.6,19534.65,0.0132,0.0135,0.0135,0.2587
2022-12-15,MIDCPNIFTY,7420.85,7491.2,7437.1,7508.9,0.014,0.0151,0.0151,0.2876
2022-12-15,NIFTY,18414.9,18660.3,18467.0,18748.9,0.0106,0.0108,0.0108,0.2062
2022-12-16,BANKNIFTY,43219.5,43498.2,43286.8,43576.45,0.0137,0.0137,0.0137,0.2623
2022-12-16,FINNIFTY,19111.95,19216.0,19167.7,19269.6,0.0132,0.0135,0.0135,0.2582
2022-12-16,MIDCPNIFTY,7298.4,7420.85,7313.15,7437.1,0.0141,0.0151,0.0151,0.2878
2022-12-16,NIFTY,18269.0,18414.9,18328.65,18467.0,0.0106,0.0108,0.0108,0.206
2022-12-19,BANKNIFTY,43413.75,43219.5,43534.8,43286.8,0.0137,0.0137,0.0137,0.2618
2022-12-19,FINNIFTY,19277.7,19111.95,19337.2,19167.7,0.0132,0.0135,0.0135,0.2578
2022-12-19,MIDCPNIFTY,7344.35,7298.4,7355.25,7313.15,0.014,0.015,0.015,0.2872
2022-12-19,NIFTY,18420.45,18269.0,18499.3,18328.65,0.0106,0.0108,0.0108,0.2058
2022-12-20,BANKNIFTY,43359.5,43413.75,43439.5,43534.8,0.0136,0.0137,0.0137,0.2611
2022-12-20,FINNIFTY,19222.3,19277.7,19260.85,19337.2,0.0132,0.0135,0.0135,0.2572
2022-12-20,MIDCPNIFTY,7325.3,7344.35,7334.85,7355.25,0.014,0.015,0.015,0.2865
2022-12-20,NIFTY,18385.3,18420.45,18423.95,18499.3,0.0106,0.0108,0.0108,0.2054
2022-12-21,BANKNIFTY,42617.95,43359.5,42765.35,43439.5,0.0136,0.0137,0.0137,0.2614
2022-12-21,FINNIFTY,18925.2,19222.3,19007.35,19260.85,0.0132,0.0135,0.0135,0.2572
2022-12-21,MIDCPNIFTY,7214.9,7325.3,7222.95,7334.85,0.014,0.015,0.015,0.2865
2022-12-21,NIFTY,18199.1,18385.3,18275.9,18423.95,0.0106,0.0107,0.0107,0.2052
2022-12-22,BANKNIFTY,42408.8,42617.95,42471.2,42765.35,0.0136,0.0137,0.0137,0.2609
2022-12-22,FINNIFTY,18858.6,18925.2,18899.95,19007.35,0.0131,0.0134,0.0134,0.2566
2022-12-22,MIDCPNIFTY,7160.95,7214.9,7167.65,7222.95,0.014,0.015,0.015,0.286
2022-12-22,NIFTY,18127.35,18199.1,18170.35,18275.9,0.0105,0.0107,0.0107,0.2048
2022-12-23,BANKNIFTY,41668.05,42408.8,41735.45,42471.2,0.0136,0.0137,0.0137,0.2613
2022-12-23,FINNIFTY,18595.6,18858.6,18639.6,18899.95,0.0131,0.0134,0.0134,0.2567
2022-12-23,MIDCPNIFTY,6929.5,7160.95,6934.7,7167.65,0.0141,0.0151,0.0151,0.2887
2022-12-23,NIFTY,17806.8,18127.35,17863.9,18170.35,0.0106,0.0108,0.0108,0.2056
2022-12-26,BANKNIFTY,42630.15,41668.05,42653.9,41735.45,0.0137,0.0137,0.0137,0.2623
2022-12-26,FINNIFTY,18928.65,18595.6,18946.8,18639.6,0.0132,0.0135,0.0135,0.257
2022-12-26,MIDCPNIFTY,7082.55,6929.5,7083.9,6934.7,0.0142,0.0151,0.0151,0.2894
2022-12-26,NIFTY,18014.6,17806.8,18027.3,17863.9,0.0106,0.0108,0.0108,0.2054
2022-12-27,BANKNIFTY,42859.5,42630.15,42852.8,42653.9,0.0137,0.0137,0.0137,0.2617
2022-12-27,FINNIFTY,19011.2,18928.65,19110.0,18981.85,0.0131,0.0134,0.0134,0.2565
2022-12-27,MIDCPNIFTY,7158.25,7082.55,7205.95,7131.0,0.0142,0.0151,0.0151,0.2891
2022-12-27,NIFTY,18132.3,18014.6,18138.0,18027.3,0.0106,0.0107,0.0107,0.2051
2022-12-28,BANKNIFTY,42827.7,42859.5,42835.85,42852.8,0.0136,0.0137,0.0137,0.261
2022-12-28,FINNIFTY,18982.85,19011.2,19071.15,19110.0,0.0131,0.0134,0.0134,0.2559
2022-12-28,MIDCPNIFTY,7173.2,7158.25,7219.55,7205.95,0.0141,0.0151,0.0151,0.2883
2022-12-28,NIFTY,18122.5,18132.3,18122.35,18138.0,0.0105,0.0107,0.0107,0.2046
2022-12-29,BANKNIFTY,43252.35,42827.7,43376.65,43022.05,0.0136,0.0136,0.0136,0.2606
2022-12-29,FINNIFTY,19090.6,18982.85,19178.5,19071.15,0.0131,0.0134,0.0134,0.2553
2022-12-29,MIDCPNIFTY,7148.5,7173.2,7193.4,7219.55,0.0141,0.0151,0.0151,0.2877
2022-12-29,NIFTY,18191.0,18122.5,18292.25,18238.65,0.0105,0.0107,0.0107,0.2041
2022-12-30,BANKNIFTY,42986.45,43252.35,43165.9,43376.65,0.0136,0.0136,0.0136,0.2601
2022-12-30,FINNIFTY,18981.2,19090.6,19068.0,19178.5,0.0131,0.0133,0.0133,0.2548
2022-12-30,MIDCPNIFTY,7180.95,7148.5,7224.85,7193.4,0.0141,0.015,0.015,0.287
2022-12-30,NIFTY,18105.3,18191.0,18206.85,18292.25,0.0105,0.0107,0.0107,0.2037
2023-01-02,BANKNIFTY,43203.1,42986.45,43393.8,43165.9,0.0136,0.0136,0.0136,0.2595
2023-01-02,FINNIFTY,19074.45,18981.2,19168.85,19068.0,0.013,0.0133,0.0133,0.2543
2023-01-02,MIDCPNIFTY,7212.65,7180.95,7251.45,7224.85,0.014,0.015,0.015,0.2863
2023-01-02,NIFTY,18197.45,18105.3,18275.85,18206.85,0.0105,0.0106,0.0106,0.2033
2023-01-03,BANKNIFTY,43425.25,43203.1,43609.3,43393.8,0.0135,0.0136,0.0136,0.2589
2023-01-03,FINNIFTY,19196.05,19074.45,19293.6,19168.85,0.013,0.0133,0.0133,0.2538
2023-01-03,MIDCPNIFTY,7212.2,7212.65,7249.55,7251.45,0.014,0.0149,0.0149,0.2856
2023-01-03,NIFTY,18232.55,18197.45,18317.3,18275.85,0.0105,0.0106,0.0106,0.2028
2023-01-04,BANKNIFTY,42958.8,43425.25,43136.15,43609.3,0.0135,0.0135,0.0135,0.2587
2023-01-04,FINNIFTY,19007.0,19196.05,19103.45,19293.6,0.013,0.0133,0.0133,0.2535
2023-01-04,MIDCPNIFTY,7120.45,7212.2,7140.0,7249.55,0.014,0.015,0.015,0.2856
2023-01-04,NIFTY,18042.95,18232.55,18103.05,18317.3,0.0105,0.0106,0.0106,0.2029
2023-01-05,BANKNIFTY,42608.7,42958.8,42770.9,43136.15,0.0135,0.0135,0.0135,0.2583
2023-01-05,FINNIFTY,18782.2,19007.0,18887.1,19103.45,0.013,0.0133,0.0133,0.2533
2023-01-05,MIDCPNIFTY,7164.05,7120.45,7178.8,7140.0,0.014,0.0149,0.0149,0.285
2023-01-05,NIFTY,17992.15,18042.95,18066.0,18103.05,0.0104,0.0106,0.0106,0.2024
2023-01-06,BANKNIFTY,42188.8,42608.7,42358.5,42770.9,0.0135,0.0135,0.0135,0.258
2023-01-06,FINNIFTY,18603.75,18782.2,18704.85,18887.1,0.013,0.0132,0.0132,0.2531
2023-01-06,MIDCPNIFTY,7120.5,7164.05,7153.15,7178.8,0.0139,0.0149,0.0149,0.2843
2023-01-06,NIFTY,17859.45,17992.15,17943.2,18066.0,0.0104,0.0106,0.0106,0.2021
2023-01-09,BANKNIFTY,42582.75,42188.8,42767.35,42358.5,0.0135,0.0135,0.0135,0.2577
2023-01-09,FINNIFTY,18731.55,18603.75,18837.7,18704.85,0.0129,0.0132,0.0132,0.2526
2023-01-09,MIDCPNIFTY,7167.0,7120.5,7189.95,7153.15,0.0139,0.0149,0.0149,0.2837
2023-01-09,NIFTY,18101.2,17859.45,18173.2,17943.2,0.0104,0.0106,0.0106,0.2023
2023-01-10,BANKNIFTY,42014.75,42582.75,42216.7,42767.35,0.0135,0.0135,0.0135,0.2576
2023-01-10,FINNIFTY,18474.05,18731.55,18599.45,18837.7,0.0129,0.0132,0.0132,0.2526
2023-01-10,MIDCPNIFTY,7131.85,7167.0,7159.2,7189.95,0.0139,0.0148,0.0148,0.2831
2023-01-10,NIFTY,17914.15,18101.2,17986.25,18173.2,0.0104,0.0106,0.0106,0.2023
2023-01-11,BANKNIFTY,42232.7,42014.75,42393.35,42216.7,0.0134,0.0135,0.0135,0.2571
2023-01-11,FINNIFTY,18566.6,18474.05,18654.15,18599.45,0.0129,0.0132,0.0132,0.252
2023-01-11,MIDCPNIFTY,7106.8,7131.85,7132.75,7159.2,0.0138,0.0148,0.0148,0.2824
2023-01-11,NIFTY,17895.7,17914.15,17962.95,17986.25,0.0104,0.0106,0.0106,0.2018
2023-01-12,BANKNIFTY,42082.25,42232.7,42212.95,42393.35,0.0134,0.0134,0.0134,0.2565
2023-01-12,FINNIFTY,18540.05,18566.6,18621.15,18654.15,0.0129,0.0132,0.0132,0.2513
2023-01-12,MIDCPNIFTY,7074.9,7106.8,7099.45,7132.75,0.0138,0.0147,0.0147,0.2818
2023-01-12,NIFTY,17858.2,17895.7,17918.65,17962.95,0.0104,0.0105,0.0105,0.2013
2023-01-13,BANKNIFTY,42371.25,42082.25,42500.35,42212.95,0.0134,0.0134,0.0134,0.256
2023-01-13,FINNIFTY,18646.2,18540.05,18741.95,18621.15,0.0129,0.0131,0.0131,0.2509
2023-01-13,MIDCPNIFTY,7054.4,7074.9,7077.65,7099.45,0.0138,0.0147,0.0147,0.2811
2023-01-13,NIFTY,17956.6,17858.2,18025.25,17918.65,0.0104,0.0105,0.0105,0.201
2023-01-16,BANKNIFTY,42167.55,42371.25,42301.25,42500.35,0.0134,0.0134,0.0134,0.2554
2023-01-16,FINNIFTY,18506.25,18646.2,18633.55,18741.95,0.0128,0.0131,0.0131,0.2504
2023-01-16,MIDCPNIFTY,7000.85,7054.4,7020.05,7077.65,0.0138,0.0147,0.0147,0.2806
2023-01-16,NIFTY,17894.85,17956.6,17941.75,18025.25,0.0103,0.0105,0.0105,0.2006
2023-01-17,BANKNIFTY,42235.05,42167.55,42341.3,42301.25,0.0133,0.0133,0.0133,0.2548
2023-01-17,FINNIFTY,18604.25,18506.25,18702.45,18633.55,0.0128,0.0131,0.0131,0.2498
2023-01-17,MIDCPNIFTY,6993.65,7000.85,7011.6,7020.05,0.0137,0.0147,0.0147,0.2799
2023-01-17,NIFTY,18053.3,17894.85,18088.8,17941.75,0.0103,0.0105,0.0105,0.2004
2023-01-18,BANKNIFTY,42458.0,42235.05,42523.2,42341.3,0.0133,0.0133,0.0133,0.2542
2023-01-18,FINNIFTY,18753.5,18604.25,18790.05,18702.45,0.0128,0.013,0.013,0.2492
2023-01-18,MIDCPNIFTY,7039.8,6993.65,7056.55,7011.6,0.0137,0.0146,0.0146,0.2793
2023-01-18,NIFTY,18165.35,18053.3,18199.15,18088.8,0.0103,0.0105,0.0105,0.2
2023-01-19,BANKNIFTY,42328.85,42458.0,42350.0,42523.2,0.0133,0.0133,0.0133,0.2536
2023-01-19,FINNIFTY,18739.7,18753.5,18784.25,18790.05,0.0128,0.013,0.013,0.2486
2023-01-19,MIDCPNIFTY,7043.3,7039.8,7058.8,7056.55,0.0137,0.0146,0.0146,0.2786
2023-01-19,NIFTY,18107.85,18165.35,18113.15,18199.15,0.0103,0.0104,0.0104,0.1996
2023-01-20,BANKNIFTY,42506.8,42328.85,42541.95,42350.0,0.0132,0.0132,0.0132,0.2531
2023-01-20,FINNIFTY,18772.4,18739.7,18816.55,18784.25,0.0127,0.013,0.013,0.248
2023-01-20,MIDCPNIFTY,6974.75,7043.3,6988.85,7058.8,0.0136,0.0146,0.0146,0.2783
2023-01-20,NIFTY,18027.65,18107.85,18055.8,18113.15,0.0103,0.0104,0.0104,0.1992
2023-01-23,BANKNIFTY,42821.25,42506.8,42861.95,42541.95,0.0132,0.0132,0.0132,0.2527
2023-01-23,FINNIFTY,18887.5,18772.4,18923.15,18816.55,0.0127,0.013,0.013,0.2475
2023-01-23,MIDCPNIFTY,7052.45,6974.75,7062.85,6988.85,0.0136,0.0145,0.0145,0.2779
2023-01-23,NIFTY,18118.55,18027.65,18148.15,18055.8,0.0103,0.0104,0.0104,0.1988
2023-01-24,BANKNIFTY,42733.45,42821.25,42762.25,42861.95,0.0132,0.0132,0.0132,0.252
2023-01-24,FINNIFTY,18890.0,18887.5,18948.1,18923.15,0.0127,0.0129,0.0129,0.2469
2023-01-24,MIDCPNIFTY,7022.4,7052.45,7031.5,7062.85,0.0136,0.0145,0.0145,0.2773
2023-01-24,NIFTY,18118.3,18118.55,18128.25,18148.15,0.0102,0.0104,0.0104,0.1983
2023-01-25,BANKNIFTY,41647.65,42733.45,41864.45,42936.8,0.0133,0.0133,0.0133,0.2537
2023-01-25,FINNIFTY,18488.55,18890.0,18514.7,18948.1,0.0127,0.013,0.013,0.2482
2023-01-25,MIDCPNIFTY,6932.75,7022.4,6940.5,7031.5,0.0136,0.0145,0.0145,0.2772
2023-01-25,NIFTY,17891.95,18118.3,17985.9,18212.85,0.0102,0.0104,0.0104,0.1985
2023-01-27,BANKNIFTY,40345.3,41647.65,40661.75,41864.45,0.0134,0.0134,0.0134,0.2564
2023-01-27,FINNIFTY,18030.85,18488.55,18048.95,18514.7,0.0128,0.0131,0.0131,0.25
2023-01-27,MIDCPNIFTY,6807.6,6932.75,6812.65,6940.5,0.0136,0.0145,0.0145,0.2776
2023-01-27,NIFTY,17604.35,17891.95,17687.15,17985.9,0.0103,0.0104,0.0104,0.1993
2023-01-30,BANKNIFTY,40387.45,40345.3,40704.45,40661.75,0.0134,0.0134,0.0134,0.2558
2023-01-30,FINNIFTY,18091.25,18030.85,18091.8,18048.95,0.0128,0.0131,0.0131,0.2494
2023-01-30,MIDCPNIFTY,6819.35,6807.6,6820.65,6812.65,0.0136,0.0145,0.0145,0.2769
2023-01-30,NIFTY,17648.95,17604.35,17741.75,17687.15,0.0103,0.0104,0.0104,0.1989
2023-01-31,BANKNIFTY,40655.05,40387.45,41063.15,40704.45,0.0134,0.0134,0.0134,0.2553
2023-01-31,FINNIFTY,18095.0,18091.25,18319.65,18202.75,0.0128,0.013,0.013,0.2489
2023-01-31,MIDCPNIFTY,6932.7,6819.35,6968.75,6856.15,0.0136,0.0145,0.0145,0.2771
2023-01-31,NIFTY,17662.15,17648.95,17798.65,17741.75,0.0102,0.0104,0.0104,0.1984
2023-02-01,BANKNIFTY,40513.0,40655.05,40727.5,41063.15,0.0133,0.0133,0.0133,0.2547
2023-02-01,FINNIFTY,18084.8,18095.0,18148.2,18319.65,0.0127,0.013,0.013,0.2486
2023-02-01,MIDCPNIFTY,6934.15,6932.7,6968.8,6968.75,0.0136,0.0145,0.0145,0.2764
2023-02-01,NIFTY,17616.3,17662.15,17677.25,17798.65,0.0102,0.0104,0.0104,0.1981
2023-02-02,BANKNIFTY,40669.3,40513.0,40937.8,40727.5,0.0133,0.0133,0.0133,0.2542
2023-02-02,FINNIFTY,18022.15,18084.8,18132.45,18148.2,0.0127,0.013,0.013,0.248
2023-02-02,MIDCPNIFTY,6937.45,6934.15,6970.85,6968.8,0.0135,0.0144,0.0144,0.2757
2023-02-02,NIFTY,17610.4,17616.3,17685.25,17677.25,0.0102,0.0103,0.0103,0.1976
2023-02-03,BANKNIFTY,41499.7,40669.3,41638.25,40937.8,0.0133,0.0133,0.0133,0.2549
2023-02-03,FINNIFTY,18447.65,18022.15,18529.6,18132.45,0.0128,0.013,0.013,0.2491
2023-02-03,MIDCPNIFTY,6952.7,6937.45,6878.5,6970.85,0.0135,0.0144,0.0144,0.2756
2023-02-03,NIFTY,17854.05,17610.4,17902.15,17685.25,0.0102,0.0104,0.0104,0.1978
2023-02-06,BANKNIFTY,41374.65,41499.7,41506.9,41638.25,0.0133,0.0133,0.0133,0.2543
2023-02-06,FINNIFTY,18371.6,18447.65,18466.7,18529.6,0.0127,0.013,0.013,0.2485
2023-02-06,MIDCPNIFTY,6993.65,6952.7,7022.2,6878.5,0.0135,0.0145,0.0145,0.2763
2023-02-06,NIFTY,17764.6,17854.05,17805.95,17902.15,0.0102,0.0103,0.0103,0.1975
2023-02-07,BANKNIFTY,41490.95,41374.65,41641.8,41506.9,0.0133,0.0133,0.0133,0.2537
2023-02-07,FINNIFTY,18395.65,18371.6,18497.85,18466.7,0.0127,0.013,0.013,0.2479
2023-02-07,MIDCPNIFTY,6982.9,6993.65,7010.15,7022.2,0.0134,0.0144,0.0144,0.2757
2023-02-07,NIFTY,17721.5,17764.6,17782.65,17805.95,0.0102,0.0103,0.0103,0.197
2023-02-08,BANKNIFTY,41537.65,41490.95,41674.7,41641.8,0.0132,0.0132,0.0132,0.2531
2023-02-08,FINNIFTY,18485.95,18395.65,18536.3,18497.85,0.0127,0.0129,0.0129,0.2473
2023-02-08,MIDCPNIFTY,7037.3,6982.9,7063.9,7010.15,0.0134,0.0144,0.0144,0.2752
2023-02-08,NIFTY,17871.7,17721.5,17909.25,17782.65,0.0101,0.0103,0.0103,0.1967
2023-02-09,BANKNIFTY,41554.3,41537.65,41716.8,41674.7,0.0132,0.0132,0.0132,0.2525
2023-02-09,FINNIFTY,18511.8,18485.95,18601.1,18536.3,0.0127,0.0129,0.0129,0.2467
2023-02-09,MIDCPNIFTY,7058.9,7037.3,7084.55,7063.9,0.0134,0.0144,0.0144,0.2745
2023-02-09,NIFTY,17893.45,17871.7,17945.85,17909.25,0.0101,0.0103,0.0103,0.1962
2023-02-10,BANKNIFTY,41559.4,41554.3,41648.75,41716.8,0.0132,0.0132,0.0132,0.2518
2023-02-10,FINNIFTY,18516.2,18511.8,18574.15,18601.1,0.0126,0.0129,0.0129,0.2461
2023-02-10,MIDCPNIFTY,7087.6,7058.9,7111.95,7084.55,0.0134,0.0143,0.0143,0.2739
2023-02-10,NIFTY,17856.5,17893.45,17877.1,17945.85,0.0101,0.0102,0.0102,0.1958
2023-02-13,BANKNIFTY,41282.2,41559.4,41381.9,41648.75,0.0132,0.0131,0.0132,0.2514
2023-02-13,FINNIFTY,18428.95,18516.2,18497.45,18574.15,0.0126,0.0129,0.0129,0.2456
2023-02-13,MIDCPNIFTY,6981.0,7087.6,7000.9,7111.95,0.0134,0.0143,0.0143,0.274
2023-02-13,NIFTY,17770.9,17856.5,17801.85,17877.1,0.0101,0.0102,0.0102,0.1954
2023-02-14,BANKNIFTY,41648.35,41282.2,41702.45,41381.9,0.0131,0.0131,0.0131,0.251
2023-02-14,FINNIFTY,18595.7,18428.95,18629.65,18497.45,0.0126,0.0128,0.0128,0.2451
2023-02-14,MIDCPNIFTY,6971.5,6981.0,6989.95,7000.9,0.0133,0.0143,0.0143,0.2733
2023-02-14,NIFTY,17929.85,17770.9,17945.15,17801.85,0.0101,0.0102,0.0102,0.1952
2023-02-15,BANKNIFTY,41731.05,41648.35,41791.3,41702.45,0.0131,0.0131,0.0131,0.2504
2023-02-15,FINNIFTY,18636.95,18595.7,18658.1,18629.65,0.0126,0.0128,0.0128,0.2445
2023-02-15,MIDCPNIFTY,7004.1,6971.5,7021.35,6989.95,0.0133,0.0143,0.0143,0.2727
2023-02-15,NIFTY,18015.85,17929.85,18035.15,17945.15,0.0101,0.0102,0.0102,0.1949
2023-02-16,BANKNIFTY,41631.35,41731.05,41735.75,41791.3,0.0131,0.0131,0.0131,0.2498
2023-02-16,FINNIFTY,18587.8,18636.95,18637.35,18658.1,0.0125,0.0128,0.0128,0.2439
2023-02-16,MIDCPNIFTY,7058.25,7004.1,7074.3,7021.35,0.0133,0.0142,0.0142,0.2722
2023-02-16,NIFTY,18035.85,18015.85,18062.85,18035.15,0.01,0.0102,0.0102,0.1944
2023-02-17,BANKNIFTY,41131.75,41631.35,41205.55,41735.75,0.0131,0.0131,0.0131,0.2497
2023-02-17,FINNIFTY,18434.1,18587.8,18478.5,18637.35,0.0125,0.0128,0.0128,0.2436
2023-02-17,MIDCPNIFTY,6992.85,7058.25,7007.45,7074.3,0.0133,0.0142,0.0142,0.2718
2023-02-17,NIFTY,17944.2,18035.85,17951.0,18062.85,0.01,0.0102,0.0102,0.1941
2023-02-20,BANKNIFTY,40701.7,41131.75,40796.05,41205.55,0.0131,0.013,0.0131,0.2495
2023-02-20,FINNIFTY,18252.55,18434.1,18315.0,18478.5,0.0125,0.0127,0.0127,0.2433
2023-02-20,MIDCPNIFTY,6999.1,6992.85,7009.8,7007.45,0.0132,0.0142,0.0142,0.2712
2023-02-20,NIFTY,17844.6,17944.2,17862.65,17951.0,0.01,0.0101,0.0101,0.1937
2023-02-21,BANKNIFTY,40673.6,40701.7,40711.2,40796.05,0.013,0.013,0.013,0.2489
2023-02-21,FINNIFTY,18262.45,18252.55,18289.05,18315.0,0.0125,0.0127,0.0127,0.2427
2023-02-21,MIDCPNIFTY,6963.7,6999.1,6973.0,7009.8,0.0132,0.0142,0.0142,0.2706
2023-02-21,NIFTY,17826.7,17844.6,17840.1,17862.65,0.01,0.0101,0.0101,0.1932
2023-02-22,BANKNIFTY,39995.9,40673.6,40038.4,40711.2,0.013,0.013,0.013,0.2493
2023-02-22,FINNIFTY,17941.25,18262.45,17946.65,18289.05,0.0125,0.0127,0.0127,0.2434
2023-02-22,MIDCPNIFTY,6873.1,6963.7,6881.0,6973.0,0.0132,0.0142,0.0142,0.2705
2023-02-22,NIFTY,17554.3,17826.7,17566.9,17840.1,0.01,0.0101,0.0101,0.1939
2023-02-23,BANKNIFTY,40001.55,39995.9,40302.75,40285.65,0.013,0.013,0.013,0.2487
2023-02-23,FINNIFTY,17912.1,17941.25,17925.8,17946.65,0.0125,0.0127,0.0127,0.2428
2023-02-23,MIDCPNIFTY,6839.8,6873.1,6846.35,6881.0,0.0132,0.0141,0.0141,0.2699
2023-02-23,NIFTY,17511.25,17554.3,17623.0,17662.05,0.01,0.0101,0.0101,0.1934
2023-02-24,BANKNIFTY,39909.4,40001.55,40172.0,40302.75,0.013,0.013,0.013,0.248
2023-02-24,FINNIFTY,17864.1,17912.1,17874.2,17925.8,0.0124,0.0127,0.0127,0.2422
2023-02-24,MIDCPNIFTY,6822.7,6839.8,6827.95,6846.35,0.0131,0.0141,0.0141,0.2693
2023-02-24,NIFTY,17465.8,17511.25,17559.25,17623.0,0.01,0.0101,0.0101,0.193
2023-02-27,BANKNIFTY,40307.1,39909.4,40547.7,40172.0,0.013,0.0129,0.013,0.2478
2023-02-27,FINNIFTY,18001.4,17864.1,18012.2,17874.2,0.0124,0.0127,0.0127,0.2419
2023-02-27,MIDCPNIFTY,6756.95,6822.7,6758.25,6827.95,0.0131,0.0141,0.0141,0.2689
2023-02-27,NIFTY,17392.7,17465.8,17497.95,17559.25,0.0099,0.0101,0.0101,0.1926
2023-02-28,BANKNIFTY,40269.05,40307.1,40487.55,40547.7,0.0129,0.0129,0.0129,0.2472
2023-02-28,FINNIFTY,17989.65,18001.4,18120.65,18127.3,0.0124,0.0126,0.0126,0.2413
2023-02-28,MIDCPNIFTY,6789.85,6756.95,6826.4,6794.55,0.0131,0.014,0.014,0.2683
2023-02-28,NIFTY,17303.95,17392.7,17403.4,17497.95,0.0099,0.0101,0.0101,0.1922
2023-03-01,BANKNIFTY,40698.15,40269.05,40910.45,40487.55,0.0129,0.0129,0.0129,0.247
2023-03-01,FINNIFTY,18100.3,17989.65,18194.75,18120.65,0.0124,0.0126,0.0126,0.2407
2023-03-01,MIDCPNIFTY,6872.7,6789.85,6908.35,6826.4,0.0131,0.014,0.014,0.2682
2023-03-01,NIFTY,17450.9,17303.95,17532.7,17403.4,0.0099,0.01,0.01,0.192
2023-03-02,BANKNIFTY,40389.8,40698.15,40627.8,40910.45,0.0129,0.0129,0.0129,0.2466
2023-03-02,FINNIFTY,17946.95,18100.3,18043.15,18194.75,0.0123,0.0126,0.0126,0.2404
2023-03-02,MIDCPNIFTY,6864.35,6872.7,6898.8,6908.35,0.0131,0.014,0.014,0.2675
2023-03-02,NIFTY,17321.9,17450.9,17399.4,17532.7,0.0099,0.01,0.01,0.1918
2023-03-03,BANKNIFTY,41251.35,40389.8,41423.3,40627.8,0.013,0.0129,0.013,0.2476
2023-03-03,FINNIFTY,18264.5,17946.95,18355.0,18043.15,0.0124,0.0126,0.0126,0.2409
2023-03-03,MIDCPNIFTY,6915.3,6864.35,6948.9,6898.8,0.013,0.014,0.014,0.267
2023-03-03,NIFTY,17594.35,17321.9,17671.55,17399.4,0.0099,0.0101,0.0101,0.1925
2023-03-06,BANKNIFTY,41350.4,41251.35,41517.8,41423.3,0.0129,0.0129,0.0129,0.247
2023-03-06,FINNIFTY,18369.55,18264.5,18443.95,18355.0,0.0124,0.0126,0.0126,0.2404
2023-03-06,MIDCPNIFTY,6954.35,6915.3,6984.15,6948.9,0.013,0.0139,0.0139,0.2664
2023-03-06,NIFTY,17711.45,17594.35,17774.95,17671.55,0.0099,0.0101,0.0101,0.1921
2023-03-08,BANKNIFTY,41577.1,41350.4,41706.3,41517.8,0.0129,0.0129,0.0129,0.2465
2023-03-08,FINNIFTY,18393.2,18369.55,18432.15,18443.95,0.0123,0.0126,0.0126,0.2398
2023-03-08,MIDCPNIFTY,6996.45,6954.35,7023.85,6984.15,0.013,0.0139,0.0139,0.2659
2023-03-08,NIFTY,17754.4,17711.45,17794.55,17774.95,0.0099,0.01,0.01,0.1917
2023-03-09,BANKNIFTY,41256.75,41577.1,41408.95,41706.3,0.0129,0.0128,0.0129,0.2461
2023-03-09,FINNIFTY,18255.5,18393.2,18312.6,18432.15,0.0123,0.0125,0.0125,0.2393
2023-03-09,MIDCPNIFTY,6935.8,6996.45,6961.7,7023.85,0.013,0.0139,0.0139,0.2655
2023-03-09,NIFTY,17589.6,17754.4,17645.1,17794.55,0.0099,0.01,0.01,0.1915
2023-03-10,BANKNIFTY,40485.45,41256.75,40614.5,41408.95,0.0129,0.0129,0.0129,0.2468
2023-03-10,FINNIFTY,17927.75,18255.5,17989.5,18312.6,0.0123,0.0126,0.0126,0.2399
2023-03-10,MIDCPNIFTY,6904.25,6935.8,6992.1,6961.7,0.0129,0.0139,0.0139,0.2649
2023-03-10,NIFTY,17412.9,17589.6,17452.55,17645.1,0.0099,0.01,0.01,0.1916
2023-03-13,BANKNIFTY,39564.7,40485.45,39705.6,40614.5,0.013,0.0129,0.013,0.2481
2023-03-13,FINNIFTY,17635.0,17927.75,17690.95,17989.5,0.0124,0.0126,0.0126,0.2404
2023-03-13,MIDCPNIFTY,6768.55,6904.25,6788.5,6992.1,0.013,0.014,0.014,0.2672
2023-03-13,NIFTY,17154.3,17412.9,17205.8,17452.55,0.0099,0.0101,0.0101,0.1921
2023-03-14,BANKNIFTY,39411.4,39564.7,39643.4,39705.6,0.013,0.0129,0.013,0.2476
2023-03-14,FINNIFTY,17545.75,17635.0,17666.05,17690.95,0.0123,0.0126,0.0126,0.2398
2023-03-14,MIDCPNIFTY,6738.65,6768.55,6757.2,6788.5,0.013,0.014,0.014,0.2666
2023-03-14,NIFTY,17043.3,17154.3,17125.75,17205.8,0.0099,0.01,0.01,0.1917
2023-03-15,BANKNIFTY,39051.5,39411.4,39220.9,39643.4,0.0129,0.0129,0.0129,0.2472
2023-03-15,FINNIFTY,17410.75,17545.75,17461.8,17666.05,0.0123,0.0125,0.0125,0.2397
2023-03-15,MIDCPNIFTY,6719.75,6738.65,6737.0,6757.2,0.0129,0.0139,0.0139,0.266
2023-03-15,NIFTY,16972.15,17043.3,17037.35,17125.75,0.0099,0.01,0.01,0.1914
2023-03-16,BANKNIFTY,39132.6,39051.5,39396.2,39220.9,0.0129,0.0129,0.0129,0.2466
2023-03-16,FINNIFTY,17463.9,17410.75,17544.85,17461.8,0.0123,0.0125,0.0125,0.2392
2023-03-16,MIDCPNIFTY,6780.15,6719.75,6796.25,6737.0,0.0129,0.0139,0.0139,0.2656
2023-03-16,NIFTY,16985.6,16972.15,17047.3,17037.35,0.0099,0.01,0.01,0.1909
2023-03-17,BANKNIFTY,39598.1,39132.6,39740.4,39396.2,0.0129,0.0129,0.0129,0.2465
2023-03-17,FINNIFTY,17671.4,17463.9,17735.6,17544.85,0.0123,0.0125,0.0125,0.2391
2023-03-17,MIDCPNIFTY,6820.35,6780.15,6835.2,6796.25,0.0129,0.0139,0.0139,0.265
2023-03-17,NIFTY,17100.05,16985.6,17178.15,17047.3,0.0099,0.01,0.01,0.1907
2023-03-20,BANKNIFTY,39361.95,39598.1,39482.35,39740.4,0.0129,0.0128,0.0129,0.2461
2023-03-20,FINNIFTY,17549.75,17671.4,17597.95,17735.6,0.0123,0.0125,0.0125,0.2387
2023-03-20,MIDCPNIFTY,6755.05,6820.35,6765.8,6835.2,0.0129,0.0139,0.0139,0.2647
2023-03-20,NIFTY,16988.4,17100.05,17028.9,17178.15,0.0098,0.01,0.01,0.1906
2023-03-21,BANKNIFTY,39894.7,39361.95,40046.85,39482.35,0.0129,0.0128,0.0129,0.2461
2023-03-21,FINNIFTY,17806.8,17549.75,17845.2,17597.95,0.0123,0.0125,0.0125,0.2389
2023-03-21,MIDCPNIFTY,6784.7,6755.05,6794.15,6765.8,0.0128,0.0138,0.0138,0.2641
2023-03-21,NIFTY,17107.5,16988.4,17160.15,17028.9,0.0098,0.01,0.01,0.1904
2023-03-22,BANKNIFTY,39999.05,39894.7,40119.3,40046.85,0.0129,0.0128,0.0129,0.2455
2023-03-22,FINNIFTY,17863.45,17806.8,17864.35,17845.2,0.0122,0.0125,0.0125,0.2383
2023-03-22,MIDCPNIFTY,6797.85,6784.7,6805.95,6794.15,0.0128,0.0138,0.0138,0.2635
2023-03-22,NIFTY,17151.9,17107.5,17185.0,17160.15,0.0098,0.0099,0.0099,0.1899
2023-03-23,BANKNIFTY,39616.9,39999.05,39703.8,40119.3,0.0128,0.0128,0.0128,0.2452
2023-03-23,FINNIFTY,17746.55,17863.45,17749.9,17864.35,0.0122,0.0124,0.0124,0.2378
2023-03-23,MIDCPNIFTY,6763.4,6797.85,6770.1,6805.95,0.0128,0.0138,0.0138,0.2629
2023-03-23,NIFTY,17076.9,17151.9,17087.5,17185.0,0.0098,0.0099,0.0099,0.1896
2023-03-24,BANKNIFTY,39395.35,39616.9,39423.8,39703.8,0.0128,0.0128,0.0128,0.2448
2023-03-24,FINNIFTY,17623.4,17746.55,17610.85,17749.9,0.0122,0.0124,0.0124,0.2375
2023-03-24,MIDCPNIFTY,6677.4,6763.4,6682.7,6770.1,0.0128,0.0138,0.0138,0.2628
2023-03-24,NIFTY,16945.05,17076.9,16955.05,17087.5,0.0098,0.0099,0.0099,0.1894
2023-03-27,BANKNIFTY,39431.3,39395.35,39486.4,39423.8,0.0128,0.0127,0.0128,0.2441
2023-03-27,FINNIFTY,17616.05,17623.4,17603.25,17610.85,0.0122,0.0124,0.0124,0.2369
2023-03-27,MIDCPNIFTY,6651.9,6677.4,6653.25,6682.7,0.0128,0.0137,0.0137,0.2623
2023-03-27,NIFTY,16985.7,16945.05,17037.4,16955.05,0.0098,0.0099,0.0099,0.189
2023-03-28,BANKNIFTY,39567.9,39431.3,39588.85,39486.4,0.0127,0.0127,0.0127,0.2436
2023-03-28,FINNIFTY,17664.45,17616.05,17805.0,17746.65,0.0121,0.0124,0.0124,0.2363
2023-03-28,MIDCPNIFTY,6622.35,6651.9,6659.3,6690.3,0.0127,0.0137,0.0137,0.2617
2023-03-28,NIFTY,16951.7,16985.7,16970.6,17037.4,0.0097,0.0099,0.0099,0.1887
2023-03-29,BANKNIFTY,39910.15,39567.9,40221.6,39853.8,0.0127,0.0127,0.0127,0.2432
2023-03-29,FINNIFTY,17793.85,17664.45,17931.05,17805.0,0.0121,0.0123,0.0123,0.2359
2023-03-29,MIDCPNIFTY,6739.5,6622.35,6775.95,6659.3,0.0128,0.0137,0.0137,0.2621
2023-03-29,NIFTY,17080.7,16951.7,17213.1,17072.8,0.0097,0.0099,0.0099,0.1885
2023-03-31,BANKNIFTY,40608.65,39910.15,40833.55,40221.6,0.0128,0.0127,0.0128,0.2438
2023-03-31,FINNIFTY,18058.7,17793.85,18156.4,17931.05,0.0121,0.0123,0.0123,0.2359
2023-03-31,MIDCPNIFTY,6816.35,6739.5,6850.7,6775.95,0.0128,0.0137,0.0137,0.2618
2023-03-31,NIFTY,17359.75,17080.7,17442.65,17213.1,0.0098,0.0099,0.0099,0.1889
2023-04-03,BANKNIFTY,40813.05,40608.65,41013.9,40833.55,0.0127,0.0127,0.0127,0.2432
2023-04-03,FINNIFTY,18164.75,18058.7,18236.0,18156.4,0.0121,0.0123,0.0123,0.2354
2023-04-03,MIDCPNIFTY,6817.35,6816.35,6847.25,6850.7,0.0127,0.0137,0.0137,0.2612
2023-04-03,NIFTY,17398.05,17359.75,17474.0,17442.65,0.0097,0.0099,0.0099,0.1884
2023-04-05,BANKNIFTY,40999.15,40813.05,41142.3,41013.9,0.0127,0.0127,0.0127,0.2427
2023-04-05,FINNIFTY,18372.15,18164.75,18426.75,18236.0,0.0121,0.0123,0.0123,0.2352
2023-04-05,MIDCPNIFTY,6783.25,6817.35,6810.1,6847.25,0.0127,0.0136,0.0136,0.2606
2023-04-05,NIFTY,17557.05,17398.05,17622.0,17474.0,0.0097,0.0099,0.0099,0.1883
2023-04-06,BANKNIFTY,41041.0,40999.15,41169.65,41142.3,0.0127,0.0126,0.0127,0.2421
2023-04-06,FINNIFTY,18462.15,18372.15,18509.55,18426.75,0.0121,0.0123,0.0123,0.2347
2023-04-06,MIDCPNIFTY,6839.15,6783.25,6864.8,6810.1,0.0127,0.0136,0.0136,0.2602
2023-04-06,NIFTY,17599.15,17557.05,17644.2,17622.0,0.0097,0.0098,0.0098,0.1878
2023-04-10,BANKNIFTY,40834.65,41041.0,40978.2,41169.65,0.0126,0.0126,0.0126,0.2416
2023-04-10,FINNIFTY,18390.7,18462.15,18427.8,18509.55,0.0121,0.0123,0.0123,0.2342
2023-04-10,MIDCPNIFTY,6862.85,6839.15,6882.9,6864.8,0.0126,0.0136,0.0136,0.2596
2023-04-10,NIFTY,17624.05,17599.15,17681.5,17644.2,0.0097,0.0098,0.0098,0.1874
2023-04-11,BANKNIFTY,41366.5,40834.65,41487.2,40978.2,0.0126,0.0126,0.0126,0.2416
2023-04-11,FINNIFTY,18588.55,18390.7,18600.9,18427.8,0.0121,0.0122,0.0122,0.234
2023-04-11,MIDCPNIFTY,6885.8,6862.85,6999.4,6882.9,0.0126,0.0136,0.0136,0.2599
2023-04-11,NIFTY,17722.3,17624.05,17788.2,17681.5,0.0097,0.0098,0.0098,0.1871
2023-04-12,BANKNIFTY,41557.95,41366.5,41637.75,41487.2,0.0126,0.0126,0.0126,0.2411
2023-04-12,FINNIFTY,18702.05,18588.55,18716.2,18600.9,0.012,0.0122,0.0122,0.2335
2023-04-12,MIDCPNIFTY,6936.4,6885.8,6953.9,6999.4,0.0126,0.0136,0.0136,0.2594
2023-04-12,NIFTY,17812.4,17722.3,17858.25,17788.2,0.0097,0.0098,0.0098,0.1867
2023-04-13,BANKNIFTY,42132.55,41557.95,42189.65,41637.75,0.0126,0.0126,0.0126,0.2412
2023-04-13,FINNIFTY,18854.3,18702.05,18879.55,18716.2,0.012,0.0122,0.0122,0.2332
2023-04-13,MIDCPNIFTY,6994.95,6936.4,7011.2,6953.9,0.0126,0.0136,0.0136,0.259
2023-04-13,NIFTY,17828.0,17812.4,17879.65,17858.25,0.0096,0.0097,0.0097,0.1863
2023-04-17,BANKNIFTY,42262.55,42132.55,42343.65,42189.65,0.0126,0.0125,0.0126,0.2406
2023-04-17,FINNIFTY,18827.25,18854.3,18854.2,18879.55,0.012,0.0122,0.0122,0.2327
2023-04-17,MIDCPNIFTY,7014.8,6994.95,7025.7,7011.2,0.0125,0.0135,0.0135,0.2584
2023-04-17,NIFTY,17706.85,17828.0,17760.1,17879.65,0.0096,0.0097,0.0097,0.186
2023-04-18,BANKNIFTY,42265.2,42262.55,42335.5,42343.65,0.0126,0.0125,0.0126,0.24
2023-04-18,FINNIFTY,18764.6,18827.25,18802.45,18854.2,0.012,0.0121,0.0121,0.2321
2023-04-18,MIDCPNIFTY,7082.6,7014.8,7092.25,7025.7,0.0125,0.0135,0.0135,0.258
2023-04-18,NIFTY,17660.15,17706.85,17712.35,17760.1,0.0096,0.0097,0.0097,0.1856
2023-04-19,BANKNIFTY,42154.0,42265.2,42178.4,42335.5,0.0125,0.0125,0.0125,0.2395
2023-04-19,FINNIFTY,18768.65,18764.6,18774.9,18802.45,0.0119,0.0121,0.0121,0.2315
2023-04-19,MIDCPNIFTY,7083.6,7082.6,7091.85,7092.25,0.0125,0.0135,0.0135,0.2574
2023-04-19,NIFTY,17618.75,17660.15,17649.65,17712.35,0.0096,0.0097,0.0097,0.1852
2023-04-20,BANKNIFTY,42269.5,42154.0,42276.45,42178.4,0.0125,0.0125,0.0125,0.2389
2023-04-20,FINNIFTY,18790.3,18768.65,18802.1,18774.9,0.0119,0.0121,0.0121,0.231
2023-04-20,MIDCPNIFTY,7100.4,7083.6,7107.25,7091.85,0.0125,0.0134,0.0134,0.2568
2023-04-20,NIFTY,17624.45,17618.75,17655.8,17649.65,0.0096,0.0097,0.0097,0.1847
2023-04-21,BANKNIFTY,42118.0,42269.5,42145.95,42276.45,0.0125,0.0124,0.0125,0.2384
2023-04-21,FINNIFTY,18753.75,18790.3,18767.0,18802.1,0.0119,0.0121,0.0121,0.2304
2023-04-21,MIDCPNIFTY,7065.75,7100.4,7071.25,7107.25,0.0124,0.0134,0.0134,0.2562
2023-04-21,NIFTY,17624.05,17624.45,17657.3,17655.8,0.0095,0.0096,0.0096,0.1842
2023-04-24,BANKNIFTY,42635.75,42118.0,42652.35,42145.95,0.0125,0.0124,0.0125,0.2383
2023-04-24,FINNIFTY,18992.95,18753.75,19002.9,18767.0,0.0119,0.0121,0.0121,0.2305
2023-04-24,MIDCPNIFTY,7116.15,7065.75,7117.55,7071.25,0.0124,0.0134,0.0134,0.2557
2023-04-24,NIFTY,17743.4,17624.05,17763.9,17657.3,0.0095,0.0096,0.0096,0.184
2023-04-25,BANKNIFTY,42678.5,42635.75,42696.8,42652.35,0.0124,0.0124,0.0124,0.2377
2023-04-25,FINNIFTY,18961.85,18992.95,18993.75,19024.0,0.0118,0.012,0.012,0.2299
2023-04-25,MIDCPNIFTY,7152.55,7116.15,7202.25,7166.95,0.0124,0.0134,0.0134,0.2552
2023-04-25,NIFTY,17769.25,17743.4,17782.3,17763.9,0.0095,0.0096,0.0096,0.1835
2023-04-26,BANKNIFTY,42829.9,42678.5,42823.15,42696.8,0.0124,0.0124,0.0124,0.2372
2023-04-26,FINNIFTY,19003.0,18961.85,19024.6,18993.75,0.0118,0.012,0.012,0.2293
2023-04-26,MIDCPNIFTY,7163.35,7152.55,7213.05,7202.25,0.0124,0.0133,0.0133,0.2545
2023-04-26,NIFTY,17813.6,17769.25,17814.9,17782.3,0.0095,0.0096,0.0096,0.1831
2023-04-27,BANKNIFTY,43000.85,42829.9,43012.25,42895.65,0.0124,0.0123,0.0124,0.2367
2023-04-27,FINNIFTY,19097.15,19003.0,19125.35,19024.6,0.0118,0.012,0.012,0.2289
2023-04-27,MIDCPNIFTY,7180.3,7163.35,7228.7,7213.05,0.0123,0.0133,0.0133,0.2539
2023-04-27,NIFTY,17915.05,17813.6,17991.75,17892.05,0.0095,0.0096,0.0096,0.1828
2023-04-28,BANKNIFTY,43233.9,43000.85,43217.4,43012.25,0.0124,0.0123,0.0124,0.2362
2023-04-28,FINNIFTY,19162.55,19097.15,19175.65,19125.35,0.0118,0.012,0.012,0.2283
2023-04-28,MIDCPNIFTY,7232.55,7180.3,7279.95,7228.7,0.0123,0.0133,0.0133,0.2535
2023-04-28,NIFTY,18065.0,17915.05,18111.15,17991.75,0.0095,0.0096,0.0096,0.1825
2023-05-02,BANKNIFTY,43352.1,43233.9,43367.25,43217.4,0.0123,0.0123,0.0123,0.2356
2023-05-02,FINNIFTY,19208.05,19162.55,19217.35,19175.65,0.0117,0.0119,0.0119,0.2278
2023-05-02,MIDCPNIFTY,7327.7,7232.55,7369.0,7279.95,0.0123,0.0133,0.0133,0.2534
2023-05-02,NIFTY,18147.65,18065.0,18213.15,18111.15,0.0094,0.0095,0.0095,0.1822
2023-05-03,BANKNIFTY,43312.7,43352.1,43311.6,43367.25,0.0123,0.0122,0.0123,0.235
2023-05-03,FINNIFTY,19182.25,19208.05,19195.6,19217.35,0.0117,0.0119,0.0119,0.2272
2023-05-03,MIDCPNIFTY,7339.55,7327.7,7379.55,7369.0,0.0123,0.0132,0.0132,0.2527
2023-05-03,NIFTY,18089.85,18147.65,18149.95,18213.15,0.0094,0.0095,0.0095,0.1818
2023-05-04,BANKNIFTY,43685.45,43312.7,43657.8,43311.6,0.0123,0.0122,0.0123,0.2347
2023-05-04,FINNIFTY,19479.35,19182.25,19467.1,19195.6,0.0117,0.0119,0.0119,0.2274
2023-05-04,MIDCPNIFTY,7384.35,7339.55,7423.2,7379.55,0.0123,0.0132,0.0132,0.2522
2023-05-04,NIFTY,18255.8,18089.85,18294.65,18149.95,0.0094,0.0095,0.0095,0.1817
2023-05-05,BANKNIFTY,42661.2,43685.45,42712.2,43657.8,0.0124,0.0123,0.0124,0.2363
2023-05-05,FINNIFTY,19023.85,19479.35,19023.7,19467.1,0.0118,0.012,0.012,0.229
2023-05-05,MIDCPNIFTY,7323.4,7384.35,7360.5,7423.2,0.0123,0.0132,0.0132,0.2519
2023-05-05,NIFTY,18069.0,18255.8,18129.7,18294.65,0.0094,0.0095,0.0095,0.1817
2023-05-08,BANKNIFTY,43284.0,42661.2,43315.95,42712.2,0.0124,0.0123,0.0124,0.2365
2023-05-08,FINNIFTY,19303.95,19023.85,19295.9,19023.7,0.0118,0.012,0.012,0.2292
2023-05-08,MIDCPNIFTY,7435.15,7323.4,7468.45,7360.5,0.0123,0.0132,0.0132,0.252
2023-05-08,NIFTY,18264.4,18069.0,18310.4,18129.7,0.0094,0.0095,0.0095,0.1817
2023-05-09,BANKNIFTY,43198.15,43284.0,43202.2,43315.95,0.0124,0.0123,0.0124,0.236
2023-05-09,FINNIFTY,19274.7,19303.95,19269.1,19295.9,0.0118,0.012,0.012,0.2287
2023-05-09,MIDCPNIFTY,7438.4,7435.15,7470.35,7468.45,0.0122,0.0132,0.0132,0.2514
2023-05-09,NIFTY,18265.95,18264.4,18306.4,18310.4,0.0094,0.0095,0.0095,0.1812
2023-05-10,BANKNIFTY,43331.05,43198.15,43314.95,43202.2,0.0123,0.0122,0.0123,0.2354
2023-05-10,FINNIFTY,19337.15,19274.7,19336.75,19269.1,0.0118,0.0119,0.0119,0.2281
2023-05-10,MIDCPNIFTY,7449.6,7438.4,7480.2,7470.35,0.0122,0.0131,0.0131,0.2508
2023-05-10,NIFTY,18315.1,18265.95,18345.5,18306.4,0.0094,0.0095,0.0095,0.1808
2023-05-11,BANKNIFTY,43475.3,43331.05,43461.75,43314.95,0.0123,0.0122,0.0123,0.2349
2023-05-11,FINNIFTY,19401.5,19337.15,19407.35,19336.75,0.0118,0.0119,0.0119,0.2276
2023-05-11,MIDCPNIFTY,7463.5,7449.6,7492.7,7480.2,0.0122,0.0131,0.0131,0.2501
2023-05-11,NIFTY,18297.0,18315.1,18353.4,18345.5,0.0094,0.0094,0.0094,0.1804
2023-05-12,BANKNIFTY,43793.55,43475.3,43757.15,43461.75,0.0123,0.0122,0.0123,0.2345
2023-05-12,FINNIFTY,19507.15,19401.5,19502.55,19407.35,0.0117,0.0119,0.0119,0.2271
2023-05-12,MIDCPNIFTY,7432.6,7463.5,7460.2,7492.7,0.0122,0.0131,0.0131,0.2496
2023-05-12,NIFTY,18314.8,18297.0,18333.4,18353.4,0.0093,0.0094,0.0094,0.1799
2023-05-15,BANKNIFTY,44072.1,43793.55,43999.8,43757.15,0.0123,0.0122,0.0123,0.2341
2023-05-15,FINNIFTY,19583.2,19507.15,19589.05,19502.55,0.0117,0.0119,0.0119,0.2267
2023-05-15,MIDCPNIFTY,7489.45,7432.6,7512.9,7460.2,0.0121,0.013,0.013,0.2491
2023-05-15,NIFTY,18398.85,18314.8,18417.55,18333.4,0.0093,0.0094,0.0094,0.1796
2023-05-16,BANKNIFTY,43903.7,44072.1,43903.15,43999.8,0.0122,0.0121,0.0122,0.2335
2023-05-16,FINNIFTY,19439.0,19583.2,19471.25,19589.05,0.0117,0.0118,0.0118,0.2262
2023-05-16,MIDCPNIFTY,7527.05,7489.45,7549.1,7512.9,0.0121,0.013,0.013,0.2486
2023-05-16,NIFTY,18286.5,18398.85,18328.4,18417.55,0.0093,0.0094,0.0094,0.1792
2023-05-17,BANKNIFTY,43698.7,43903.7,43721.15,43903.15,0.0122,0.0121,0.0122,0.233
2023-05-17,FINNIFTY,19301.35,19439.0,19332.25,19471.25,0.0117,0.0118,0.0118,0.2259
2023-05-17,MIDCPNIFTY,7534.6,7527.05,7555.15,7549.1,0.0121,0.013,0.013,0.248
2023-05-17,NIFTY,18181.75,18286.5,18224.5,18328.4,0.0093,0.0094,0.0094,0.179
2023-05-18,BANKNIFTY,43752.3,43698.7,43775.45,43721.15,0.0122,0.0121,0.0122,0.2324
2023-05-18,FINNIFTY,19363.75,19301.35,19385.4,19332.25,0.0116,0.0118,0.0118,0.2253
2023-05-18,MIDCPNIFTY,7476.55,7534.6,7495.45,7555.15,0.0121,0.013,0.013,0.2476
2023-05-18,NIFTY,18129.95,18181.75,18175.45,18224.5,0.0093,0.0093,0.0093,0.1785
2023-05-19,BANKNIFTY,43969.4,43752.3,43967.15,43775.45,0.0121,0.0121,0.0121,0.232
2023-05-19,FINNIFTY,19420.2,19363.75,19432.95,19385.4,0.0116,0.0118,0.0118,0.2248
2023-05-19,MIDCPNIFTY,7479.65,7476.55,7497.05,7495.45,0.012,0.0129,0.0129,0.247
2023-05-19,NIFTY,18203.4,18129.95,18225.4,18175.45,0.0092,0.0093,0.0093,0.1781
2023-05-22,BANKNIFTY,43885.1,43969.4,43922.85,43967.15,0.0121,0.012,0.0121,0.2314
2023-05-22,FINNIFTY,19386.2,19420.2,19413.25,19432.95,0.0116,0.0117,0.0117,0.2242
2023-05-22,MIDCPNIFTY,7542.1,7479.65,7555.25,7497.05,0.012,0.0129,0.0129,0.2466
2023-05-22,NIFTY,18314.4,18203.4,18331.35,18225.4,0.0092,0.0093,0.0093,0.1779
2023-05-23,BANKNIFTY,43954.45,43885.1,43981.5,43922.85,0.0121,0.012,0.0121,0.2308
2023-05-23,FINNIFTY,19397.8,19386.2,19424.75,19413.25,0.0116,0.0117,0.0117,0.2237
2023-05-23,MIDCPNIFTY,7606.85,7542.1,7618.6,7555.25,0.012,0.0129,0.0129,0.2462
2023-05-23,NIFTY,18348.0,18314.4,18365.8,18331.35,0.0092,0.0093,0.0093,0.1774
2023-05-24,BANKNIFTY,43677.85,43954.45,43719.2,43981.5,0.0121,0.012,0.0121,0.2304
2023-05-24,FINNIFTY,19243.0,19397.8,19254.05,19424.75,0.0115,0.0117,0.0117,0.2234
2023-05-24,MIDCPNIFTY,7593.0,7606.85,7603.25,7618.6,0.012,0.0129,0.0129,0.2456
2023-05-24,NIFTY,18285.4,18348.0,18295.9,18365.8,0.0092,0.0093,0.0093,0.1771
2023-05-25,BANKNIFTY,43681.4,43677.85,43736.35,43814.9,0.012,0.0119,0.012,0.2298
2023-05-25,FINNIFTY,19239.3,19243.0,19256.5,19254.05,0.0115,0.0117,0.0117,0.2229
2023-05-25,MIDCPNIFTY,7657.85,7593.0,7666.7,7603.25,0.012,0.0128,0.0128,0.2453
2023-05-25,NIFTY,18321.15,18285.4,18420.25,18384.8,0.0092,0.0092,0.0092,0.1766
2023-05-26,BANKNIFTY,44018.0,43681.4,44068.3,43736.35,0.012,0.0119,0.012,0.2295
2023-05-26,FINNIFTY,19370.5,19239.3,19376.8,19256.5,0.0115,0.0116,0.0116,0.2225
2023-05-26,MIDCPNIFTY,7740.45,7657.85,7747.9,7666.7,0.0119,0.0128,0.0128,0.2451
2023-05-26,NIFTY,18499.35,18321.15,18573.3,18420.25,0.0092,0.0092,0.0092,0.1765
2023-05-29,BANKNIFTY,44311.9,44018.0,44368.3,44068.3,0.012,0.0119,0.012,0.2291
2023-05-29,FINNIFTY,19532.7,19370.5,19536.25,19376.8,0.0115,0.0116,0.0116,0.2222
2023-05-29,MIDCPNIFTY,7759.6,7740.45,7762.6,7747.9,0.0119,0.0128,0.0128,0.2445
2023-05-29,NIFTY,18598.65,18499.35,18673.7,18573.3,0.0092,0.0092,0.0092,0.1763
2023-05-30,BANKNIFTY,44436.35,44311.9,44466.35,44368.3,0.012,0.0119,0.012,0.2285
2023-05-30,FINNIFTY,19606.05,19532.7,19649.45,19589.15,0.0115,0.0116,0.0116,0.2217
2023-05-30,MIDCPNIFTY,7778.0,7759.6,7773.75,7762.6,0.0119,0.0128,0.0128,0.2438
2023-05-30,NIFTY,18633.85,18598.65,18713.0,18673.7,0.0091,0.0092,0.0092,0.1758
2023-05-31,BANKNIFTY,44128.15,44436.35,44241.65,44466.35,0.0119,0.0119,0.0119,0.2282
2023-05-31,FINNIFTY,19445.75,19606.05,19539.7,19649.45,0.0114,0.0116,0.0116,0.2212
2023-05-31,MIDCPNIFTY,7804.7,7778.0,7845.3,7819.95,0.0119,0.0127,0.0127,0.2433
2023-05-31,NIFTY,18534.4,18633.85,18629.55,18713.0,0.0091,0.0092,0.0092,0.1755
2023-06-01,BANKNIFTY,43790.2,44128.15,43948.25,44241.65,0.0119,0.0118,0.0119,0.2278
2023-06-01,FINNIFTY,19322.7,19445.75,19423.3,19539.7,0.0114,0.0116,0.0116,0.2208
2023-06-01,MIDCPNIFTY,7819.25,7804.7,7834.0,7845.3,0.0118,0.0127,0.0127,0.2427
2023-06-01,NIFTY,18487.75,18534.4,18570.0,18629.55,0.0091,0.0092,0.0092,0.1751
2023-06-02,BANKNIFTY,43937.85,43790.2,44110.6,43948.25,0.0119,0.0118,0.0119,0.2273
2023-06-02,FINNIFTY,19368.2,19322.7,19482.65,19423.3,0.0114,0.0115,0.0115,0.2203
2023-06-02,MIDCPNIFTY,7872.5,7819.25,7893.0,7834.0,0.0118,0.0127,0.0127,0.2423
2023-06-02,NIFTY,18534.1,18487.75,18635.95,18570.0,0.0091,0.0091,0.0091,0.1747
2023-06-05,BANKNIFTY,44101.65,43937.85,44286.15,44110.6,0.0119,0.0118,0.0119,0.2268
2023-06-05,FINNIFTY,19438.5,19368.2,19529.0,19482.65,0.0114,0.0115,0.0115,0.2198
2023-06-05,MIDCPNIFTY,7855.45,7872.5,7881.55,7893.0,0.0118,0.0127,0.0127,0.2417
2023-06-05,NIFTY,18593.85,18534.1,18696.65,18635.95,0.0091,0.0091,0.0091,0.1744
2023-06-06,BANKNIFTY,44164.55,44101.65,44309.05,44286.15,0.0118,0.0118,0.0118,0.2262
2023-06-06,FINNIFTY,19479.65,19438.5,19544.35,19529.0,0.0113,0.0115,0.0115,0.2193
2023-06-06,MIDCPNIFTY,7858.4,7855.45,7857.3,7881.55,0.0118,0.0126,0.0126,0.2411
2023-06-06,NIFTY,18599.0,18593.85,18672.95,18696.65,0.009,0.0091,0.0091,0.1739
2023-06-07,BANKNIFTY,44275.3,44164.55,44394.4,44309.05,0.0118,0.0117,0.0118,0.2257
2023-06-07,FINNIFTY,19538.1,19479.65,19583.3,19544.35,0.0113,0.0114,0.0114,0.2187
2023-06-07,MIDCPNIFTY,7921.7,7858.4,7925.55,7857.3,0.0117,0.0126,0.0126,0.2408
2023-06-07,NIFTY,18726.4,18599.0,18798.4,18672.95,0.009,0.0091,0.0091,0.1737
2023-06-08,BANKNIFTY,43995.25,44275.3,44147.4,44394.4,0.0118,0.0117,0.0118,0.2253
2023-06-08,FINNIFTY,19436.35,19538.1,19493.9,19583.3,0.0113,0.0114,0.0114,0.2183
2023-06-08,MIDCPNIFTY,7844.85,7921.7,7873.05,7925.55,0.0117,0.0126,0.0126,0.2404
2023-06-08,NIFTY,18634.55,18726.4,18709.95,18798.4,0.009,0.0091,0.0091,0.1734
2023-06-09,BANKNIFTY,43989.0,43995.25,44117.95,44147.4,0.0118,0.0117,0.0118,0.2247
2023-06-09,FINNIFTY,19411.8,19436.35,19465.0,19493.9,0.0113,0.0114,0.0114,0.2177
2023-06-09,MIDCPNIFTY,7832.25,7844.85,7840.1,7873.05,0.0117,0.0126,0.0126,0.2398
2023-06-09,NIFTY,18563.4,18634.55,18631.55,18709.95,0.009,0.0091,0.0091,0.1731
2023-06-12,BANKNIFTY,43944.2,43989.0,44097.55,44117.95,0.0117,0.0116,0.0117,0.2242
2023-06-12,FINNIFTY,19399.75,19411.8,19457.4,19465.0,0.0112,0.0114,0.0114,0.2172
2023-06-12,MIDCPNIFTY,7890.6,7832.25,7904.5,7840.1,0.0117,0.0125,0.0125,0.2395
2023-06-12,NIFTY,18601.5,18563.4,18683.0,18631.55,0.009,0.009,0.009,0.1727
2023-06-13,BANKNIFTY,44079.85,43944.2,44216.65,44097.55,0.0117,0.0116,0.0117,0.2236
2023-06-13,FINNIFTY,19469.0,19399.75,19517.7,19457.4,0.0112,0.0113,0.0113,0.2167
2023-06-13,MIDCPNIFTY,7997.3,7890.6,8021.3,7904.5,0.0117,0.0125,0.0125,0.2397
2023-06-13,NIFTY,18716.15,18601.5,18776.85,18683.0,0.009,0.009,0.009,0.1724
2023-06-14,BANKNIFTY,43988.0,44079.85,44144.2,44216.65,0.0117,0.0116,0.0117,0.2231
2023-06-14,FINNIFTY,19418.3,19469.0,19466.75,19517.7,0.0112,0.0113,0.0113,0.2162
2023-06-14,MIDCPNIFTY,8002.0,7997.3,8010.05,8021.3,0.0117,0.0125,0.0125,0.2391
2023-06-14,NIFTY,18755.9,18716.15,18818.25,18776.85,0.0089,0.009,0.009,0.172
2023-06-15,BANKNIFTY,43443.6,43988.0,43570.05,44144.2,0.0117,0.0116,0.0117,0.2232
2023-06-15,FINNIFTY,19228.65,19418.3,19275.3,19466.75,0.0112,0.0113,0.0113,0.216
2023-06-15,MIDCPNIFTY,7998.6,8002.0,8010.1,8010.05,0.0116,0.0125,0.0125,0.2385
2023-06-15,NIFTY,18688.1,18755.9,18745.45,18818.25,0.0089,0.009,0.009,0.1716
2023-06-16,BANKNIFTY,43938.15,43443.6,44042.6,43570.05,0.0117,0.0116,0.0117,0.2231
2023-06-16,FINNIFTY,19456.9,19228.65,19512.65,19275.3,0.0112,0.0113,0.0113,0.2161
2023-06-16,MIDCPNIFTY,8071.85,7998.6,8081.35,8010.1,0.0116,0.0125,0.0125,0.2382
2023-06-16,NIFTY,18826.0,18688.1,18899.15,18745.45,0.0089,0.009,0.009,0.1716
2023-06-19,BANKNIFTY,43633.75,43938.15,43788.1,44042.6,0.0117,0.0116,0.0117,0.2228
2023-06-19,FINNIFTY,19425.9,19456.9,19475.15,19512.65,0.0112,0.0113,0.0113,0.2156
2023-06-19,MIDCPNIFTY,8082.45,8071.85,8101.0,8081.35,0.0116,0.0124,0.0124,0.2376
2023-06-19,NIFTY,18755.45,18826.0,18840.2,18899.15,0.0089,0.009,0.009,0.1712
2023-06-20,BANKNIFTY,43766.5,43633.75,43864.75,43788.1,0.0116,0.0115,0.0116,0.2223
2023-06-20,FINNIFTY,19502.9,19425.9,19513.35,19475.15,0.0111,0.0113,0.0113,0.2151
2023-06-20,MIDCPNIFTY,8142.8,8082.45,8158.45,8101.0,0.0116,0.0124,0.0124,0.2372
2023-06-20,NIFTY,18816.7,18755.45,18864.7,18840.2,0.0089,0.0089,0.0089,0.1708
2023-06-21,BANKNIFTY,43859.2,43766.5,43940.05,43864.75,0.0116,0.0115,0.0116,0.2217
2023-06-21,FINNIFTY,19635.95,19502.9,19648.15,19513.35,0.0111,0.0112,0.0112,0.2147
2023-06-21,MIDCPNIFTY,8179.6,8142.8,8175.25,8158.45,0.0116,0.0124,0.0124,0.2367
2023-06-21,NIFTY,18856.85,18816.7,18896.75,18864.7,0.0089,0.0089,0.0089,0.1704
2023-06-22,BANKNIFTY,43724.85,43859.2,43774.0,43940.05,0.0116,0.0115,0.0116,0.2212
2023-06-22,FINNIFTY,19594.35,19635.95,19618.45,19648.15,0.0111,0.0112,0.0112,0.2142
2023-06-22,MIDCPNIFTY,8080.4,8179.6,8083.15,8175.25,0.0116,0.0124,0.0124,0.2366
2023-06-22,NIFTY,18771.25,18856.85,18830.05,18896.75,0.0088,0.0089,0.0089,0.17
2023-06-23,BANKNIFTY,43622.9,43724.85,43671.65,43774.0,0.0116,0.0115,0.0116,0.2207
2023-06-23,FINNIFTY,19515.05,19594.35,19539.0,19618.45,0.0111,0.0112,0.0112,0.2137
2023-06-23,MIDCPNIFTY,8001.4,8080.4,8010.8,8083.15,0.0116,0.0124,0.0124,0.2363
2023-06-23,NIFTY,18665.5,18771.25,18705.9,18830.05,0.0088,0.0089,0.0089,0.1698
2023-06-26,BANKNIFTY,43641.05,43622.9,43686.95,43671.65,0.0115,0.0114,0.0115,0.2201
2023-06-26,FINNIFTY,19521.75,19515.05,19535.0,19539.0,0.011,0.0112,0.0112,0.2132
2023-06-26,MIDCPNIFTY,8070.05,8001.4,8074.3,8010.8,0.0115,0.0123,0.0123,0.2359
2023-06-26,NIFTY,18691.2,18665.5,18717.2,18705.9,0.0088,0.0089,0.0089,0.1694
2023-06-27,BANKNIFTY,44121.5,43641.05,44089.45,43686.95,0.0115,0.0114,0.0115,0.2201
2023-06-27,FINNIFTY,19788.5,19521.75,19753.55,19600.4,0.011,0.0111,0.0111,0.2129
2023-06-27,MIDCPNIFTY,8098.4,8070.05,8132.2,8116.95,0.0115,0.0123,0.0123,0.2354
2023-06-27,NIFTY,18817.4,18691.2,18811.2,18717.2,0.0088,0.0089,0.0089,0.1691
2023-06-28,BANKNIFTY,44327.8,44121.5,44447.45,44214.7,0.0115,0.0114,0.0115,0.2196
2023-06-28,FINNIFTY,19895.15,19788.5,19910.6,19753.55,0.011,0.0111,0.0111,0.2127
2023-06-28,MIDCPNIFTY,8155.9,8098.4,8166.5,8132.2,0.0115,0.0123,0.0123,0.2349
2023-06-28,NIFTY,18972.1,18817.4,19072.45,18919.3,0.0088,0.0088,0.0088,0.169
2023-06-30,BANKNIFTY,44747.35,44327.8,44850.5,44447.45,0.0115,0.0114,0.0115,0.2194
2023-06-30,FINNIFTY,20057.7,19895.15,20072.7,19910.6,0.011,0.0111,0.0111,0.2124
2023-06-30,MIDCPNIFTY,8229.8,8155.9,8248.05,8166.5,0.0115,0.0123,0.0123,0.2346
2023-06-30,NIFTY,19189.05,18972.1,19261.25,19072.45,0.0088,0.0089,0.0089,0.1691
2023-07-03,BANKNIFTY,45158.1,44747.35,45274.1,44850.5,0.0115,0.0114,0.0115,0.2192
2023-07-03,FINNIFTY,20253.75,20057.7,20296.5,20072.7,0.011,0.0111,0.0111,0.2124
2023-07-03,MIDCPNIFTY,8229.55,8229.8,8239.65,8248.05,0.0115,0.0123,0.0123,0.2341
2023-07-03,NIFTY,19322.55,19189.05,19404.95,19261.25,0.0088,0.0088,0.0088,0.169
2023-07-04,BANKNIFTY,45301.45,45158.1,45364.5,45274.1,0.0114,0.0114,0.0114,0.2187
2023-07-04,FINNIFTY,20413.4,20253.75,20399.1,20296.5,0.011,0.0111,0.0111,0.212
2023-07-04,MIDCPNIFTY,8210.55,8229.55,8214.65,8239.65,0.0114,0.0122,0.0122,0.2335
2023-07-04,NIFTY,19389.0,19322.55,19458.4,19404.95,0.0088,0.0088,0.0088,0.1686
2023-07-05,BANKNIFTY,45151.8,45301.45,45237.3,45364.5,0.0114,0.0113,0.0114,0.2182
2023-07-05,FINNIFTY,20246.2,20413.4,20261.5,20399.1,0.011,0.0111,0.0111,0.2117
2023-07-05,MIDCPNIFTY,8273.3,8210.55,8274.95,8214.65,0.0114,0.0122,0.0122,0.2331
2023-07-05,NIFTY,19398.5,19389.0,19466.85,19458.4,0.0088,0.0088,0.0088,0.1682
2023-07-06,BANKNIFTY,45339.9,45151.8,45411.2,45237.3,0.0114,0.0113,0.0114,0.2178
2023-07-06,FINNIFTY,20270.15,20246.2,20294.85,20261.5,0.011,0.0111,0.0111,0.2111
2023-07-06,MIDCPNIFTY,8349.1,8273.3,8349.1,8274.95,0.0114,0.0122,0.0122,0.2329
2023-07-06,NIFTY,19497.3,19398.5,19536.1,19466.85,0.0087,0.0088,0.0088,0.1678
2023-07-07,BANKNIFTY,44925.0,45339.9,45029.6,45411.2,0.0114,0.0113,0.0114,0.2176
2023-07-07,FINNIFTY,20086.9,20270.15,20110.7,20294.85,0.0109,0.011,0.011,0.211
2023-07-07,MIDCPNIFTY,8247.0,8349.1,8258.6,8349.1,0.0114,0.0122,0.0122,0.2328
2023-07-07,NIFTY,19331.8,19497.3,19398.5,19536.1,0.0087,0.0088,0.0088,0.1677
2023-07-10,BANKNIFTY,44860.85,44925.0,44944.95,45029.6,0.0114,0.0113,0.0114,0.217
2023-07-10,FINNIFTY,20057.3,20086.9,20094.65,20110.7,0.0109,0.011,0.011,0.2104
2023-07-10,MIDCPNIFTY,8201.95,8247.0,8216.05,8258.6,0.0114,0.0122,0.0122,0.2323
2023-07-10,NIFTY,19355.9,19331.8,19409.55,19398.5,0.0087,0.0088,0.0088,0.1673
2023-07-11,BANKNIFTY,44745.05,44860.85,44871.45,44944.95,0.0113,0.0112,0.0113,0.2165
2023-07-11,FINNIFTY,19969.35,20057.3,20037.05,20094.65,0.0109,0.011,0.011,0.2099
2023-07-11,MIDCPNIFTY,8271.25,8201.95,8287.95,8216.05,0.0114,0.0121,0.0121,0.232
2023-07-11,NIFTY,19439.4,19355.9,19500.85,19409.55,0.0087,0.0087,0.0087,0.167
2023-07-12,BANKNIFTY,44639.45,44745.05,44803.3,44871.45,0.0113,0.0112,0.0113,0.216
2023-07-12,FINNIFTY,19924.1,19969.35,19998.0,20037.05,0.0109,0.011,0.011,0.2094
2023-07-12,MIDCPNIFTY,8310.75,8271.25,8330.25,8287.95,0.0113,0.0121,0.0121,0.2315
2023-07-12,NIFTY,19384.3,19439.4,19461.3,19500.85,0.0087,0.0087,0.0087,0.1666
2023-07-13,BANKNIFTY,44665.05,44639.45,44776.4,44803.3,0.0113,0.0112,0.0113,0.2155
2023-07-13,FINNIFTY,20021.5,19924.1,20088.25,19998.0,0.0108,0.0109,0.0109,0.209
2023-07-13,MIDCPNIFTY,8221.15,8310.75,8237.0,8330.25,0.0113,0.0121,0.0121,0.2314
2023-07-13,NIFTY,19413.75,19384.3,19474.8,19461.3,0.0087,0.0087,0.0087,0.1662
2023-07-14,BANKNIFTY,44819.3,44665.05,44902.65,44776.4,0.0113,0.0112,0.0113,0.215
2023-07-14,FINNIFTY,20050.5,20021.5,20102.0,20088.25,0.0108,0.0109,0.0109,0.2085
2023-07-14,MIDCPNIFTY,8346.5,8221.15,8352.85,8237.0,0.0114,0.0121,0.0121,0.2316
2023-07-14,NIFTY,19564.5,19413.75,19598.85,19474.8,0.0087,0.0087,0.0087,0.166
2023-07-17,BANKNIFTY,45449.75,44819.3,45504.9,44902.65,0.0113,0.0112,0.0113,0.2153
2023-07-17,FINNIFTY,20301.25,20050.5,20318.5,20102.0,0.0108,0.0109,0.0109,0.2085
2023-07-17,MIDCPNIFTY,8345.75,8346.5,8359.5,8352.85,0.0113,0.0121,0.0121,0.231
2023-07-17,NIFTY,19711.45,19564.5,19721.2,19598.85,0.0087,0.0087,0.0087,0.1658
2023-07-18,BANKNIFTY,45410.85,45449.75,45484.5,45504.9,0.0112,0.0111,0.0112,0.2147
2023-07-18,FINNIFTY,20262.55,20301.25,20297.3,20318.5,0.0108,0.0109,0.0109,0.2079
2023-07-18,MIDCPNIFTY,8355.45,8345.75,8359.95,8359.5,0.0113,0.0121,0.0121,0.2305
2023-07-18,NIFTY,19749.25,19711.45,19770.55,19721.2,0.0086,0.0087,0.0087,0.1654
2023-07-19,BANKNIFTY,45669.3,45410.85,45717.55,45484.5,0.0112,0.0111,0.0112,0.2143
2023-07-19,FINNIFTY,20377.3,20262.55,20380.85,20297.3,0.0108,0.0109,0.0109,0.2075
2023-07-19,MIDCPNIFTY,8438.1,8355.45,8426.6,8359.95,0.0113,0.012,0.012,0.2301
2023-07-19,NIFTY,19833.15,19749.25,19847.1,19770.55,0.0086,0.0086,0.0086,0.165
2023-07-20,BANKNIFTY,46186.9,45669.3,46151.4,45717.55,0.0112,0.0111,0.0112,0.2143
2023-07-20,FINNIFTY,20584.35,20377.3,20572.25,20380.85,0.0108,0.0109,0.0109,0.2074
2023-07-20,MIDCPNIFTY,8441.5,8438.1,8427.85,8426.6,0.0113,0.012,0.012,0.2296
2023-07-20,NIFTY,19979.15,19833.15,19970.2,19847.1,0.0086,0.0086,0.0086,0.1648
2023-07-21,BANKNIFTY,46075.2,46186.9,46108.05,46151.4,0.0112,0.0111,0.0112,0.2138
2023-07-21,FINNIFTY,20534.3,20584.35,20572.7,20572.25,0.0108,0.0108,0.0108,0.2068
2023-07-21,MIDCPNIFTY,8444.75,8441.5,8441.05,8427.85,0.0112,0.012,0.012,0.229
2023-07-21,NIFTY,19745.0,19979.15,19776.4,19970.2,0.0086,0.0086,0.0086,0.165
2023-07-24,BANKNIFTY,45923.05,46075.2,45980.05,46108.05,0.0112,0.0111,0.0112,0.2133
2023-07-24,FINNIFTY,20502.75,20534.3,20515.35,20572.7,0.0107,0.0108,0.0108,0.2064
2023-07-24,MIDCPNIFTY,8398.0,8444.75,8411.55,8441.05,0.0112,0.012,0.012,0.2285
2023-07-24,NIFTY,19672.35,19745.0,19692.7,19776.4,0.0086,0.0086,0.0086,0.1646
2023-07-25,BANKNIFTY,45845.0,45923.05,45924.2,45980.05,0.0111,0.011,0.0111,0.2128
2023-07-25,FINNIFTY,20530.1,20502.75,20637.55,20613.55,0.0107,0.0108,0.0108,0.2058
2023-07-25,MIDCPNIFTY,8426.85,8398.0,8442.45,8411.55,0.0112,0.0119,0.0119,0.228
2023-07-25,NIFTY,19680.6,19672.35,19691.15,19692.7,0.0086,0.0086,0.0086,0.1642
2023-07-26,BANKNIFTY,46062.35,45845.0,46047.0,45924.2,0.0111,0.011,0.0111,0.2124
2023-07-26,FINNIFTY,20540.8,20530.1,20623.15,20637.55,0.0107,0.0107,0.0107,0.2053
2023-07-26,MIDCPNIFTY,8447.65,8426.85,8389.75,8364.75,0.0112,0.0119,0.0119,0.2274
2023-07-26,NIFTY,19778.3,19680.6,19774.0,19691.15,0.0086,0.0086,0.0086,0.1639
2023-07-27,BANKNIFTY,45679.3,46062.35,45986.45,46235.1,0.0111,0.011,0.0111,0.2121
2023-07-27,FINNIFTY,20381.1,20540.8,20525.3,20623.15,0.0107,0.0107,0.0107,0.2049
2023-07-27,MIDCPNIFTY,8454.45,8447.65,8402.3,8389.75,0.0111,0.0119,0.0119,0.2269
2023-07-27,NIFTY,19659.9,19778.3,19811.4,19889.95,0.0086,0.0086,0.0086,0.1636
2023-07-28,BANKNIFTY,45468.1,45679.3,45698.6,45986.45,0.0111,0.011,0.0111,0.2117
2023-07-28,FINNIFTY,20298.05,20381.1,20401.0,20525.3,0.0106,0.0107,0.0107,0.2046
2023-07-28,MIDCPNIFTY,8479.3,8454.45,8431.75,8402.3,0.0111,0.0118,0.0118,0.2263
2023-07-28,NIFTY,19646.05,19659.9,19751.8,19811.4,0.0085,0.0085,0.0085,0.1632
2023-07-31,BANKNIFTY,45651.1,45468.1,45860.95,45698.6,0.0111,0.0109,0.0111,0.2112
2023-07-31,FINNIFTY,20342.05,20298.05,20451.6,20401.0,0.0106,0.0107,0.0107,0.2041
2023-07-31,MIDCPNIFTY,8608.1,8479.3,8566.9,8431.75,0.0111,0.0119,0.0119,0.2268
2023-07-31,NIFTY,19753.8,19646.05,19843.95,19751.8,0.0085,0.0085,0.0085,0.163
2023-08-01,BANKNIFTY,45592.5,45651.1,45747.95,45860.95,0.011,0.0109,0.011,0.2107
2023-08-01,FINNIFTY,20327.25,20342.05,20419.55,20451.6,0.0106,0.0107,0.0107,0.2036
2023-08-01,MIDCPNIFTY,8589.15,8608.1,8553.9,8566.9,0.0111,0.0118,0.0118,0.2262
2023-08-01,NIFTY,19733.55,19753.8,19812.55,19843.95,0.0085,0.0085,0.0085,0.1626
2023-08-02,BANKNIFTY,44995.7,45592.5,45123.5,45747.95,0.011,0.0109,0.011,0.2109
2023-08-02,FINNIFTY,20066.95,20327.25,20134.9,20419.55,0.0106,0.0107,0.0107,0.204
2023-08-02,MIDCPNIFTY,8489.05,8589.15,8479.65,8553.9,0.0111,0.0118,0.0118,0.226
2023-08-02,NIFTY,19526.55,19733.55,19596.55,19812.55,0.0085,0.0085,0.0085,0.1628
2023-08-03,BANKNIFTY,44513.45,44995.7,44722.0,45123.5,0.011,0.0109,0.011,0.2109
2023-08-03,FINNIFTY,19832.45,20066.95,19962.1,20134.9,0.0106,0.0107,0.0107,0.2038
2023-08-03,MIDCPNIFTY,8501.0,8489.05,8516.5,8479.65,0.0111,0.0118,0.0118,0.2255
2023-08-03,NIFTY,19381.65,19526.55,19468.15,19596.55,0.0085,0.0085,0.0085,0.1627
2023-08-04,BANKNIFTY,44879.5,44513.45,45001.6,44722.0,0.011,0.0109,0.011,0.2107
2023-08-04,FINNIFTY,19988.55,19832.45,20082.05,19962.1,0.0106,0.0106,0.0106,0.2034
2023-08-04,MIDCPNIFTY,8571.7,8501.0,8585.35,8516.5,0.0111,0.0118,0.0118,0.2252
2023-08-04,NIFTY,19517.0,19381.65,19576.25,19468.15,0.0085,0.0085,0.0085,0.1625
2023-08-07,BANKNIFTY,44837.5,44879.5,44964.35,45001.6,0.011,0.0109,0.011,0.2102
2023-08-07,FINNIFTY,20022.6,19988.55,20113.2,20082.05,0.0106,0.0106,0.0106,0.2029
2023-08-07,MIDCPNIFTY,8564.25,8571.7,8578.25,8585.35,0.0111,0.0118,0.0118,0.2246
2023-08-07,NIFTY,19597.3,19517.0,19661.05,19576.25,0.0085,0.0085,0.0085,0.1622
2023-08-08,BANKNIFTY,44964.45,44837.5,45057.0,44964.35,0.011,0.0108,0.011,0.2097
2023-08-08,FINNIFTY,20087.45,20022.6,20154.15,20113.2,0.0105,0.0106,0.0106,0.2024
2023-08-08,MIDCPNIFTY,8566.45,8564.25,8561.55,8578.25,0.011,0.0117,0.0117,0.2241
2023-08-08,NIFTY,19570.85,19597.3,19611.25,19661.05,0.0085,0.0085,0.0085,0.1618
2023-08-09,BANKNIFTY,44880.7,44964.45,45030.45,45057.0,0.0109,0.0108,0.0109,0.2092
2023-08-09,FINNIFTY,20044.4,20087.45,20131.3,20154.15,0.0105,0.0106,0.0106,0.2019
2023-08-09,MIDCPNIFTY,8617.75,8566.45,8593.35,8561.55,0.011,0.0117,0.0117,0.2236
2023-08-09,NIFTY,19632.55,19570.85,19689.6,19611.25,0.0085,0.0084,0.0085,0.1615
2023-08-10,BANKNIFTY,44541.8,44880.7,44771.45,45030.45,0.0109,0.0108,0.0109,0.2089
2023-08-10,FINNIFTY,19890.9,20044.4,20013.7,20131.3,0.0105,0.0106,0.0106,0.2016
2023-08-10,MIDCPNIFTY,8600.15,8617.75,8604.2,8593.35,0.011,0.0117,0.0117,0.223
2023-08-10,NIFTY,19543.1,19632.55,19596.8,19689.6,0.0084,0.0084,0.0084,0.1612
2023-08-11,BANKNIFTY,44199.1,44541.8,44464.35,44771.45,0.0109,0.0108,0.0109,0.2086
2023-08-11,FINNIFTY,19718.65,19890.9,19833.75,20013.7,0.0105,0.0105,0.0105,0.2015
2023-08-11,MIDCPNIFTY,8576.15,8600.15,8580.9,8604.2,0.011,0.0116,0.0116,0.2225
2023-08-11,NIFTY,19428.3,19543.1,19504.35,19596.8,0.0084,0.0084,0.0084,0.161
2023-08-14,BANKNIFTY,44090.95,44199.1,44234.05,44464.35,0.0109,0.0108,0.0109,0.2081
2023-08-14,FINNIFTY,19652.5,19718.65,19728.7,19833.75,0.0105,0.0105,0.0105,0.2011
2023-08-14,MIDCPNIFTY,8581.95,8576.15,8582.95,8580.9,0.0109,0.0116,0.0116,0.2219
2023-08-14,NIFTY,19434.55,19428.3,19478.35,19504.35,0.0084,0.0084,0.0084,0.1606
2023-08-16,BANKNIFTY,43946.4,44090.95,44074.4,44234.05,0.0109,0.0107,0.0109,0.2077
2023-08-16,FINNIFTY,19586.1,19652.5,19640.0,19728.7,0.0105,0.0105,0.0105,0.2007
2023-08-16,MIDCPNIFTY,8577.75,8581.95,8572.4,8582.95,0.0109,0.0116,0.0116,0.2214
2023-08-16,NIFTY,19465.0,19434.55,19484.55,19478.35,0.0084,0.0084,0.0084,0.1602
2023-08-17,BANKNIFTY,43891.35,43946.4,44047.4,44074.4,0.0108,0.0107,0.0108,0.2071
2023-08-17,FINNIFTY,19548.0,19586.1,19613.4,19640.0,0.0104,0.0105,0.0105,0.2002
2023-08-17,MIDCPNIFTY,8601.4,8577.75,8588.95,8572.4,0.0109,0.0116,0.0116,0.2208
2023-08-17,NIFTY,19365.25,19465.0,19393.9,19484.55,0.0084,0.0084,0.0084,0.16
2023-08-18,BANKNIFTY,43851.05,43891.35,43964.7,44047.4,0.0108,0.0107,0.0108,0.2066
2023-08-18,FINNIFTY,19481.25,19548.0,19525.1,19613.4,0.0104,0.0105,0.0105,0.1998
2023-08-18,MIDCPNIFTY,8570.35,8601.4,8564.9,8588.95,0.0108,0.0115,0.0115,0.2203
2023-08-18,NIFTY,19310.15,19365.25,19331.5,19393.9,0.0084,0.0083,0.0084,0.1596
2023-08-21,BANKNIFTY,44002.0,43851.05,44114.3,43964.7,0.0108,0.0107,0.0108,0.2062
2023-08-21,FINNIFTY,19571.5,19481.25,19620.65,19525.1,0.0104,0.0104,0.0104,0.1994
2023-08-21,MIDCPNIFTY,8627.75,8570.35,8626.85,8564.9,0.0108,0.0115,0.0115,0.22
2023-08-21,NIFTY,19393.6,19310.15,19399.55,19331.5,0.0083,0.0083,0.0083,0.1593
2023-08-22,BANKNIFTY,43993.25,44002.0,44088.05,44114.3,0.0108,0.0106,0.0108,0.2056
2023-08-22,FINNIFTY,19551.75,19571.5,19589.75,19620.65,0.0104,0.0104,0.0104,0.1989
2023-08-22,MIDCPNIFTY,8715.55,8627.75,8706.05,8626.85,0.0108,0.0115,0.0115,0.2198
2023-08-22,NIFTY,19396.45,19393.6,19386.3,19399.55,0.0083,0.0083,0.0083,0.1589
2023-08-23,BANKNIFTY,44479.05,43993.25,44519.45,44088.05,0.0108,0.0106,0.0108,0.2057
2023-08-23,FINNIFTY,19731.95,19551.75,19740.0,19589.75,0.0104,0.0104,0.0104,0.1987
2023-08-23,MIDCPNIFTY,8784.4,8715.55,8785.05,8706.05,0.0108,0.0115,0.0115,0.2196
2023-08-23,NIFTY,19444.0,19396.45,19430.9,19386.3,0.0083,0.0083,0.0083,0.1586
2023-08-24,BANKNIFTY,44496.2,44479.05,44559.1,44519.45,0.0107,0.0106,0.0107,0.2052
2023-08-24,FINNIFTY,19717.85,19731.95,19740.95,19740.0,0.0103,0.0104,0.0104,0.1982
2023-08-24,MIDCPNIFTY,8810.7,8784.4,8803.3,8785.05,0.0108,0.0115,0.0115,0.219
2023-08-24,NIFTY,19386.7,19444.0,19395.6,19430.9,0.0083,0.0083,0.0083,0.1582
2023-08-25,BANKNIFTY,44231.45,44496.2,44222.85,44559.1,0.0107,0.0106,0.0107,0.2048
2023-08-25,FINNIFTY,19651.55,19717.85,19644.9,19740.95,0.0103,0.0104,0.0104,0.1978
2023-08-25,MIDCPNIFTY,8723.7,8810.7,8714.7,8803.3,0.0108,0.0115,0.0115,0.2189
2023-08-25,NIFTY,19265.8,19386.7,19250.3,19395.6,0.0083,0.0083,0.0083,0.158
2023-08-28,BANKNIFTY,44494.65,44231.45,44486.65,44222.85,0.0107,0.0106,0.0107,0.2044
2023-08-28,FINNIFTY,19759.65,19651.55,19756.95,19644.9,0.0103,0.0103,0.0103,0.1974
2023-08-28,MIDCPNIFTY,8752.7,8723.7,8791.0,8725.0,0.0108,0.0114,0.0114,0.2186
2023-08-28,NIFTY,19306.05,19265.8,19321.3,19250.3,0.0083,0.0082,0.0083,0.1577
2023-08-29,BANKNIFTY,44495.25,44494.65,44500.5,44486.65,0.0107,0.0105,0.0107,0.2039
2023-08-29,FINNIFTY,19799.95,19759.65,19896.65,19859.15,0.0103,0.0103,0.0103,0.197
2023-08-29,MIDCPNIFTY,8794.7,8752.7,8828.4,8791.0,0.0107,0.0114,0.0114,0.2181
2023-08-29,NIFTY,19342.65,19306.05,19337.1,19321.3,0.0082,0.0082,0.0082,0.1573
2023-08-30,BANKNIFTY,44232.6,44495.25,44232.2,44500.5,0.0107,0.0105,0.0107,0.2036
2023-08-30,FINNIFTY,19701.35,19799.95,19815.95,19896.65,0.0102,0.0103,0.0103,0.1965
2023-08-30,MIDCPNIFTY,8877.9,8794.7,8897.05,8828.4,0.0107,0.0114,0.0114,0.2178
2023-08-30,NIFTY,19347.45,19342.65,19342.5,19337.1,0.0082,0.0082,0.0082,0.1569
2023-08-31,BANKNIFTY,43989.15,44232.6,44289.85,44501.4,0.0106,0.0105,0.0106,0.2032
2023-08-31,FINNIFTY,19597.65,19701.35,19745.7,19815.95,0.0102,0.0103,0.0103,0.1961
2023-08-31,MIDCPNIFTY,8887.2,8877.9,8909.85,8897.05,0.0107,0.0114,0.0114,0.2173
2023-08-31,NIFTY,19253.8,19347.45,19414.25,19445.3,0.0082,0.0082,0.0082,0.1566
2023-09-01,BANKNIFTY,44436.1,43989.15,44601.5,44289.85,0.0106,0.0105,0.0106,0.2032
2023-09-01,FINNIFTY,19764.35,19597.65,19868.95,19745.7,0.0102,0.0102,0.0102,0.1958
2023-09-01,MIDCPNIFTY,8925.55,8887.2,8941.05,8909.85,0.0107,0.0113,0.0113,0.2168
2023-09-01,NIFTY,19435.3,19253.8,19512.1,19414.25,0.0082,0.0082,0.0082,0.1568
2023-09-04,BANKNIFTY,44578.3,44436.1,44781.5,44601.5,0.0106,0.0105,0.0106,0.2027
2023-09-04,FINNIFTY,19787.6,19764.35,19910.4,19868.95,0.0102,0.0102,0.0102,0.1953
2023-09-04,MIDCPNIFTY,8954.2,8925.55,8970.8,8941.05,0.0107,0.0113,0.0113,0.2163
2023-09-04,NIFTY,19528.8,19435.3,19608.8,19512.1,0.0082,0.0082,0.0082,0.1565
2023-09-05,BANKNIFTY,44532.15,44578.3,44766.05,44781.5,0.0106,0.0104,0.0106,0.2022
2023-09-05,FINNIFTY,19754.75,19787.6,19879.25,19910.4,0.0102,0.0102,0.0102,0.1949
2023-09-05,MIDCPNIFTY,9049.3,8954.2,9055.2,8970.8,0.0107,0.0113,0.0113,0.2161
2023-09-05,NIFTY,19574.9,19528.8,19653.55,19608.8,0.0082,0.0081,0.0082,0.1561
2023-09-06,BANKNIFTY,44409.1,44532.15,44644.05,44766.05,0.0106,0.0104,0.0106,0.2017
2023-09-06,FINNIFTY,19759.0,19754.75,19893.65,19879.25,0.0101,0.0102,0.0102,0.1944
2023-09-06,MIDCPNIFTY,9068.25,9049.3,9072.1,9055.2,0.0106,0.0113,0.0113,0.2156
2023-09-06,NIFTY,19611.05,19574.9,19658.85,19653.55,0.0082,0.0081,0.0082,0.1558
2023-09-07,BANKNIFTY,44878.35,44409.1,45045.15,44644.05,0.0106,0.0104,0.0106,0.2017
2023-09-07,FINNIFTY,19960.7,19759.0,20043.7,19893.65,0.0101,0.0102,0.0102,0.1941
2023-09-07,MIDCPNIFTY,9066.7,9068.25,9077.25,9072.1,0.0106,0.0113,0.0113,0.2151
2023-09-07,NIFTY,19727.05,19611.05,19768.7,19658.85,0.0081,0.0081,0.0081,0.1556
2023-09-08,BANKNIFTY,45156.4,44878.35,45319.65,45045.15,0.0105,0.0104,0.0105,0.2014
2023-09-08,FINNIFTY,20138.1,19960.7,20189.9,20043.7,0.0101,0.0101,0.0101,0.1939
2023-09-08,MIDCPNIFTY,9140.2,9066.7,9137.95,9077.25,0.0106,0.0112,0.0112,0.2147
2023-09-08,NIFTY,19819.95,19727.05,19872.45,19768.7,0.0081,0.0081,0.0081,0.1553
2023-09-11,BANKNIFTY,45570.7,45156.4,45697.85,45319.65,0.0105,0.0104,0.0105,0.2013
2023-09-11,FINNIFTY,20305.3,20138.1,20348.15,20189.9,0.0101,0.0101,0.0101,0.1937
2023-09-11,MIDCPNIFTY,9199.65,9140.2,9197.5,9137.95,0.0106,0.0112,0.0112,0.2144
2023-09-11,NIFTY,19996.35,19819.95,20036.7,19872.45,0.0081,0.0081,0.0081,0.1554
2023-09-12,BANKNIFTY,45511.35,45570.7,45627.95,45697.85,0.0105,0.0104,0.0105,0.2008
2023-09-12,FINNIFTY,20303.85,20305.3,20329.85,20348.15,0.0101,0.0101,0.0101,0.1932
2023-09-12,MIDCPNIFTY,8971.0,9199.65,8958.15,9197.5,0.0107,0.0113,0.0113,0.2168
2023-09-12,NIFTY,19993.2,19996.35,20046.3,20036.7,0.0081,0.0081,0.0081,0.155
2023-09-13,BANKNIFTY,45909.45,45511.35,46001.85,45627.95,0.0105,0.0104,0.0105,0.2006
2023-09-13,FINNIFTY,20386.75,20303.85,20431.8,20329.85,0.0101,0.0101,0.0101,0.1929
2023-09-13,MIDCPNIFTY,9020.9,8971.0,9034.15,8958.15,0.0107,0.0113,0.0113,0.2165
2023-09-13,NIFTY,20070.0,19993.2,20125.15,20046.3,0.0081,0.0081,0.0081,0.1547
2023-09-14,BANKNIFTY,46000.85,45909.45,46113.65,46001.85,0.0105,0.0103,0.0105,0.2001
2023-09-14,FINNIFTY,20408.2,20386.75,20454.95,20431.8,0.0101,0.0101,0.0101,0.1924
2023-09-14,MIDCPNIFTY,9128.5,9020.9,9134.2,9034.15,0.0107,0.0113,0.0113,0.2165
2023-09-14,NIFTY,20103.1,20070.0,20172.0,20125.15,0.0081,0.008,0.0081,0.1543
2023-09-15,BANKNIFTY,46231.5,46000.85,46288.05,46113.65,0.0105,0.0103,0.0105,0.1997
2023-09-15,FINNIFTY,20531.35,20408.2,20534.95,20454.95,0.01,0.01,0.01,0.192
2023-09-15,MIDCPNIFTY,9182.65,9128.5,9178.75,9134.2,0.0107,0.0113,0.0113,0.2161
2023-09-15,NIFTY,20192.35,20103.1,20249.6,20172.0,0.0081,0.008,0.0081,0.1541
2023-09-18,BANKNIFTY,45979.85,46231.5,46072.45,46288.05,0.0104,0.0103,0.0104,0.1994
2023-09-18,FINNIFTY,20408.25,20531.35,20441.8,20534.95,0.01,0.01,0.01,0.1916
2023-09-18,MIDCPNIFTY,9148.45,9182.65,9125.05,9178.75,0.0106,0.0113,0.0113,0.2157
2023-09-18,NIFTY,20133.3,20192.35,20178.85,20249.6,0.008,0.008,0.008,0.1537
2023-09-20,BANKNIFTY,45384.6,45979.85,45557.45,46072.45,0.0105,0.0103,0.0105,0.1996
2023-09-20,FINNIFTY,20104.5,20408.25,20146.2,20441.8,0.0101,0.0101,0.0101,0.1921
2023-09-20,MIDCPNIFTY,9150.9,9148.45,9147.35,9125.05,0.0106,0.0113,0.0113,0.2152
2023-09-20,NIFTY,19901.4,20133.3,19972.05,20178.85,0.0081,0.008,0.0081,0.1541
2023-09-21,BANKNIFTY,44623.85,45384.6,44759.25,45557.45,0.0105,0.0103,0.0105,0.2005
2023-09-21,FINNIFTY,19814.95,20104.5,19853.65,20146.2,0.0101,0.0101,0.0101,0.1927
2023-09-21,MIDCPNIFTY,9076.35,9150.9,9067.75,9147.35,0.0106,0.0113,0.0113,0.2149
2023-09-21,NIFTY,19742.35,19901.4,19778.7,19972.05,0.0081,0.008,0.0081,0.1541
2023-09-22,BANKNIFTY,44612.05,44623.85,44677.6,44759.25,0.0105,0.0103,0.0105,0.1999
2023-09-22,FINNIFTY,19732.95,19814.95,19744.85,19853.65,0.0101,0.0101,0.0101,0.1923
2023-09-22,MIDCPNIFTY,9058.65,9076.35,9059.15,9067.75,0.0106,0.0112,0.0112,0.2144
2023-09-22,NIFTY,19674.25,19742.35,19708.25,19778.7,0.0081,0.008,0.0081,0.1538
2023-09-25,BANKNIFTY,44766.1,44612.05,44812.65,44677.6,0.0104,0.0103,0.0104,0.1995
2023-09-25,FINNIFTY,19842.6,19732.95,19864.5,19744.85,0.01,0.0101,0.0101,0.192
2023-09-25,MIDCPNIFTY,9188.1,9058.65,9152.0,9012.5,0.0106,0.0112,0.0112,0.2149
2023-09-25,NIFTY,19674.55,19674.25,19700.5,19708.25,0.008,0.008,0.008,0.1534
2023-09-26,BANKNIFTY,44624.2,44766.1,44667.3,44812.65,0.0104,0.0103,0.0104,0.199
2023-09-26,FINNIFTY,19797.85,19842.6,19982.7,20008.85,0.01,0.01,0.01,0.1915
2023-09-26,MIDCPNIFTY,9149.1,9188.1,9129.25,9152.0,0.0106,0.0112,0.0112,0.2144
2023-09-26,NIFTY,19664.7,19674.55,19677.05,19700.5,0.008,0.008,0.008,0.1531
2023-09-27,BANKNIFTY,44588.3,44624.2,44605.25,44667.3,0.0104,0.0102,0.0104,0.1986
2023-09-27,FINNIFTY,19772.55,19797.85,19942.95,19982.7,0.01,0.01,0.01,0.1911
2023-09-27,MIDCPNIFTY,9189.2,9149.1,9175.8,9129.25,0.0106,0.0112,0.0112,0.2139
2023-09-27,NIFTY,19716.45,19664.7,19719.05,19677.05,0.008,0.008,0.008,0.1527
2023-09-28,BANKNIFTY,44300.95,44588.3,44605.55,44920.0,0.0104,0.0102,0.0104,0.1982
2023-09-28,FINNIFTY,19675.55,19772.55,19847.4,19942.95,0.01,0.01,0.01,0.1907
2023-09-28,MIDCPNIFTY,9014.7,9189.2,8959.15,9175.8,0.0106,0.0113,0.0113,0.2158
2023-09-28,NIFTY,19523.55,19716.45,19637.1,19828.9,0.008,0.008,0.008,0.1529
2023-09-29,BANKNIFTY,44584.55,44300.95,44847.85,44605.55,0.0104,0.0102,0.0104,0.1979
2023-09-29,FINNIFTY,19811.1,19675.55,19964.35,19847.4,0.01,0.01,0.01,0.1904
2023-09-29,MIDCPNIFTY,9105.35,9014.7,9078.15,8959.15,0.0106,0.0113,0.0113,0.216
2023-09-29,NIFTY,19638.3,19523.55,19709.0,19637.1,0.008,0.008,0.008,0.1527
2023-10-03,BANKNIFTY,44399.05,44584.55,44621.45,44847.85,0.0103,0.0102,0.0103,0.1975
2023-10-03,FINNIFTY,19733.7,19811.1,19862.1,19964.35,0.0099,0.0099,0.0099,0.19
2023-10-03,MIDCPNIFTY,9101.35,9105.35,9073.75,9078.15,0.0106,0.0113,0.0113,0.2155
2023-10-03,NIFTY,19528.75,19638.3,19571.5,19709.0,0.008,0.008,0.008,0.1525
2023-10-04,BANKNIFTY,43964.05,44399.05,44214.15,44621.45,0.0103,0.0102,0.0103,0.1975
2023-10-04,FINNIFTY,19578.05,19733.7,19715.5,19862.1,0.0099,0.0099,0.0099,0.1898
2023-10-04,MIDCPNIFTY,9014.9,9101.35,8974.5,9073.75,0.0106,0.0113,0.0113,0.2155
2023-10-04,NIFTY,19436.1,19528.75,19469.25,19571.5,0.008,0.0079,0.008,0.1523
2023-10-05,BANKNIFTY,44213.35,43964.05,44411.7,44214.15,0.0103,0.0102,0.0103,0.1971
2023-10-05,FINNIFTY,19678.6,19578.05,19800.65,19715.5,0.0099,0.0099,0.0099,0.1895
2023-10-05,MIDCPNIFTY,9037.55,9014.9,8990.7,8974.5,0.0106,0.0112,0.0112,0.2149
2023-10-05,NIFTY,19545.75,19436.1,19568.0,19469.25,0.008,0.0079,0.008,0.1521
2023-10-06,BANKNIFTY,44360.6,44213.35,44510.2,44411.7,0.0103,0.0101,0.0103,0.1967
2023-10-06,FINNIFTY,19818.2,19678.6,19941.65,19800.65,0.0099,0.0099,0.0099,0.1892
2023-10-06,MIDCPNIFTY,9127.3,9037.55,9051.95,8990.7,0.0106,0.0112,0.0112,0.2146
2023-10-06,NIFTY,19653.5,19545.75,19678.5,19568.0,0.008,0.0079,0.008,0.1519
2023-10-09,BANKNIFTY,43886.5,44360.6,44010.45,44510.2,0.0103,0.0101,0.0103,0.1967
2023-10-09,FINNIFTY,19594.65,19818.2,19674.8,19941.65,0.0099,0.0099,0.0099,0.1896
2023-10-09,MIDCPNIFTY,9023.85,9127.3,8970.1,9051.95,0.0106,0.0112,0.0112,0.2144
2023-10-09,NIFTY,19512.35,19653.5,19539.15,19678.5,0.0079,0.0079,0.0079,0.1518
2023-10-10,BANKNIFTY,44360.15,43886.5,44530.3,44010.45,0.0103,0.0102,0.0103,0.1968
2023-10-10,FINNIFTY,19834.85,19594.65,19945.3,19674.8,0.0099,0.0099,0.0099,0.1901
2023-10-10,MIDCPNIFTY,9126.3,9023.85,9086.55,8970.1,0.0106,0.0112,0.0112,0.2146
2023-10-10,NIFTY,19689.85,19512.35,19738.1,19539.15,0.008,0.0079,0.008,0.1519
2023-10-11,BANKNIFTY,44516.9,44360.15,44685.55,44530.3,0.0103,0.0101,0.0103,0.1964
2023-10-11,FINNIFTY,19929.75,19834.85,20013.7,19945.3,0.0099,0.0099,0.0099,0.1896
2023-10-11,MIDCPNIFTY,9144.7,9126.3,9114.25,9086.55,0.0105,0.0112,0.0112,0.2141
2023-10-11,NIFTY,19811.35,19689.85,19850.1,19738.1,0.0079,0.0079,0.0079,0.1518
2023-10-12,BANKNIFTY,44599.2,44516.9,44747.95,44685.55,0.0103,0.0101,0.0103,0.1959
2023-10-12,FINNIFTY,19945.7,19929.75,20032.1,20013.7,0.0099,0.0099,0.0099,0.1892
2023-10-12,MIDCPNIFTY,9154.25,9144.7,9139.4,9114.25,0.0105,0.0112,0.0112,0.2136
2023-10-12,NIFTY,19794.0,19811.35,19843.5,19850.1,0.0079,0.0079,0.0079,0.1514
2023-10-13,BANKNIFTY,44287.95,44599.2,44394.05,44747.95,0.0102,0.0101,0.0102,0.1956
2023-10-13,FINNIFTY,19827.35,19945.7,19876.15,20032.1,0.0099,0.0099,0.0099,0.189
2023-10-13,MIDCPNIFTY,9140.9,9154.25,9112.3,9139.4,0.0105,0.0112,0.0112,0.2131
2023-10-13,NIFTY,19751.05,19794.0,19742.05,19843.5,0.0079,0.0079,0.0079,0.151
2023-10-16,BANKNIFTY,44225.9,44287.95,44343.05,44394.05,0.0102,0.0101,0.0102,0.1951
2023-10-16,FINNIFTY,19814.5,19827.35,19888.35,19876.15,0.0098,0.0099,0.0099,0.1885
2023-10-16,MIDCPNIFTY,9156.95,9140.9,9136.65,9112.3,0.0105,0.0111,0.0111,0.2126
2023-10-16,NIFTY,19731.75,19751.05,19740.4,19742.05,0.0079,0.0079,0.0079,0.1507
2023-10-17,BANKNIFTY,44409.5,44225.9,44493.7,44343.05,0.0102,0.01,0.0102,0.1947
2023-10-17,FINNIFTY,19943.2,19814.5,19979.2,19888.35,0.0098,0.0098,0.0098,0.1881
2023-10-17,MIDCPNIFTY,9176.65,9156.95,9167.75,9136.65,0.0104,0.0111,0.0111,0.2121
2023-10-17,NIFTY,19811.5,19731.75,19811.1,19740.4,0.0079,0.0079,0.0079,0.1504
2023-10-18,BANKNIFTY,43888.7,44409.5,44053.4,44493.7,0.0102,0.01,0.0102,0.1949
2023-10-18,FINNIFTY,19687.2,19943.2,19784.9,19979.2,0.0098,0.0098,0.0098,0.1881
2023-10-18,MIDCPNIFTY,9084.4,9176.65,9062.25,9167.75,0.0104,0.0111,0.0111,0.2121
2023-10-18,NIFTY,19671.1,19811.5,19683.35,19811.1,0.0079,0.0078,0.0079,0.1503
2023-10-19,BANKNIFTY,43754.5,43888.7,43845.15,44053.4,0.0102,0.01,0.0102,0.1945
2023-10-19,FINNIFTY,19610.15,19687.2,19685.35,19784.9,0.0098,0.0098,0.0098,0.1878
2023-10-19,MIDCPNIFTY,9065.5,9084.4,9044.65,9062.25,0.0104,0.0111,0.0111,0.2116
2023-10-19,NIFTY,19624.7,19671.1,19618.75,19683.35,0.0078,0.0078,0.0078,0.15
2023-10-20,BANKNIFTY,43723.05,43754.5,43738.75,43845.15,0.0102,0.01,0.0102,0.194
2023-10-20,FINNIFTY,19606.25,19610.15,19646.05,19685.35,0.0098,0.0098,0.0098,0.1873
2023-10-20,MIDCPNIFTY,8944.55,9065.5,8905.6,9044.65,0.0104,0.0111,0.0111,0.2121
2023-10-20,NIFTY,19542.65,19624.7,19527.85,19618.75,0.0078,0.0078,0.0078,0.1497
2023-10-23,BANKNIFTY,43151.2,43723.05,43141.6,43738.75,0.0102,0.01,0.0102,0.1943
2023-10-23,FINNIFTY,19404.8,19606.25,19434.55,19646.05,0.0098,0.0098,0.0098,0.1874
2023-10-23,MIDCPNIFTY,8847.3,8944.55,8790.15,8905.6,0.0104,0.0111,0.0111,0.2123
2023-10-23,NIFTY,19281.75,19542.65,19269.2,19527.85,0.0079,0.0079,0.0079,0.1504
2023-10-25,BANKNIFTY,42832.0,43151.2,42811.55,43141.6,0.0102,0.01,0.0102,0.1941
2023-10-25,FINNIFTY,19224.1,19404.8,19232.6,19434.55,0.0098,0.0098,0.0098,0.1875
2023-10-25,MIDCPNIFTY,8787.0,8847.3,8785.45,8790.15,0.0104,0.0111,0.0111,0.2118
2023-10-25,NIFTY,19122.15,19281.75,19128.0,19269.2,0.0079,0.0079,0.0079,0.1505
2023-10-26,BANKNIFTY,42280.15,42832.0,42601.5,43102.15,0.0102,0.01,0.0102,0.1944
2023-10-26,FINNIFTY,18922.7,19224.1,18962.4,19232.6,0.0098,0.0098,0.0098,0.188
2023-10-26,MIDCPNIFTY,8631.45,8787.0,8648.25,8785.45,0.0105,0.0111,0.0111,0.2123
2023-10-26,NIFTY,18857.25,19122.15,18972.6,19224.95,0.0079,0.0079,0.0079,0.1513
2023-10-27,BANKNIFTY,42782.0,42280.15,43043.4,42601.5,0.0102,0.01,0.0102,0.1945
2023-10-27,FINNIFTY,19129.15,18922.7,19147.4,18962.4,0.0098,0.0098,0.0098,0.188
2023-10-27,MIDCPNIFTY,8738.0,8631.45,8748.35,8648.25,0.0105,0.0111,0.0111,0.2124
2023-10-27,NIFTY,19047.25,18857.25,19131.35,18972.6,0.0079,0.0079,0.0079,0.1515
2023-10-30,BANKNIFTY,43039.15,42782.0,43295.7,43043.4,0.0102,0.01,0.0102,0.1942
2023-10-30,FINNIFTY,19241.4,19129.15,19263.7,19147.4,0.0098,0.0098,0.0098,0.1877
2023-10-30,MIDCPNIFTY,8718.25,8738.0,8702.55,8705.0,0.0105,0.0111,0.0111,0.2118
2023-10-30,NIFTY,19140.9,19047.25,19220.9,19131.35,0.0079,0.0079,0.0079,0.1513
2023-10-31,BANKNIFTY,42845.95,43039.15,43076.85,43295.7,0.0101,0.01,0.0101,0.1938
2023-10-31,FINNIFTY,19204.6,19241.4,19340.5,19384.55,0.0098,0.0098,0.0098,0.1873
2023-10-31,MIDCPNIFTY,8743.65,8718.25,8722.5,8702.55,0.0104,0.0111,0.0111,0.2113
2023-10-31,NIFTY,19079.6,19140.9,19158.2,19220.9,0.0079,0.0079,0.0079,0.151
2023-11-01,BANKNIFTY,42700.95,42845.95,42928.1,43076.85,0.0101,0.01,0.0101,0.1934
2023-11-01,FINNIFTY,19144.6,19204.6,19240.35,19340.5,0.0098,0.0098,0.0098,0.1869
2023-11-01,MIDCPNIFTY,8728.35,8743.65,8701.2,8722.5,0.0104,0.011,0.011,0.2108
2023-11-01,NIFTY,18989.15,19079.6,19060.25,19158.2,0.0079,0.0079,0.0079,0.1507
2023-11-02,BANKNIFTY,43017.2,42700.95,43320.55,42928.1,0.0101,0.01,0.0101,0.1932
2023-11-02,FINNIFTY,19271.95,19144.6,19422.45,19240.35,0.0098,0.0098,0.0098,0.1869
2023-11-02,MIDCPNIFTY,8833.05,8728.35,8825.95,8701.2,0.0104,0.0111,0.0111,0.2112
2023-11-02,NIFTY,19133.25,18989.15,19238.85,19060.25,0.0079,0.0079,0.0079,0.1507
2023-11-03,BANKNIFTY,43318.25,43017.2,43509.1,43320.55,0.0101,0.0099,0.0101,0.1929
2023-11-03,FINNIFTY,19367.4,19271.95,19460.7,19422.45,0.0097,0.0098,0.0098,0.1864
2023-11-03,MIDCPNIFTY,8896.65,8833.05,8878.6,8825.95,0.0104,0.011,0.011,0.2108
2023-11-03,NIFTY,19230.6,19133.25,19303.6,19238.85,0.0079,0.0078,0.0079,0.1505
2023-11-06,BANKNIFTY,43619.4,43318.25,43839.8,43509.1,0.0101,0.0099,0.0101,0.1927
2023-11-06,FINNIFTY,19537.55,19367.4,19633.0,19460.7,0.0097,0.0098,0.0098,0.1864
2023-11-06,MIDCPNIFTY,8963.75,8896.65,8959.4,8878.6,0.0104,0.011,0.011,0.2106
2023-11-06,NIFTY,19411.75,19230.6,19486.5,19303.6,0.0079,0.0079,0.0079,0.1506
2023-11-07,BANKNIFTY,43737.9,43619.4,43926.85,43839.8,0.0101,0.0099,0.0101,0.1922
2023-11-07,FINNIFTY,19560.6,19537.55,19636.65,19633.0,0.0097,0.0097,0.0097,0.1859
2023-11-07,MIDCPNIFTY,8984.6,8963.75,8978.35,8959.4,0.0104,0.011,0.011,0.2101
2023-11-07,NIFTY,19406.7,19411.75,19476.9,19486.5,0.0079,0.0078,0.0079,0.1503
2023-11-08,BANKNIFTY,43658.65,43737.9,43836.2,43926.85,0.01,0.0099,0.01,0.1917
2023-11-08,FINNIFTY,19510.9,19560.6,19586.7,19636.65,0.0097,0.0097,0.0097,0.1854
2023-11-08,MIDCPNIFTY,9074.65,8984.6,9066.15,8978.35,0.0104,0.011,0.011,0.21
2023-11-08,NIFTY,19443.5,19406.7,19490.85,19476.9,0.0078,0.0078,0.0078,0.1499
2023-11-09,BANKNIFTY,43683.6,43658.65,43916.6,43836.2,0.01,0.0099,0.01,0.1913
2023-11-09,FINNIFTY,19491.95,19510.9,19589.65,19586.7,0.0097,0.0097,0.0097,0.185
2023-11-09,MIDCPNIFTY,9123.25,9074.65,9113.15,9066.15,0.0103,0.011,0.011,0.2096
2023-11-09,NIFTY,19395.3,19443.5,19484.6,19490.85,0.0078,0.0078,0.0078,0.1496
2023-11-10,BANKNIFTY,43820.1,43683.6,43952.4,43916.6,0.01,0.0098,0.01,0.1908
2023-11-10,FINNIFTY,19571.05,19491.95,19646.45,19589.65,0.0097,0.0097,0.0097,0.1846
2023-11-10,MIDCPNIFTY,9197.25,9123.25,9190.05,9113.15,0.0103,0.011,0.011,0.2094
2023-11-10,NIFTY,19425.35,19395.3,19482.65,19484.6,0.0078,0.0078,0.0078,0.1492
2023-11-13,BANKNIFTY,43891.25,43996.65,44013.7,44051.9,0.0099,0.0098,0.0099,0.19
2023-11-13,FINNIFTY,19542.15,19657.25,19620.05,19698.2,0.0096,0.0096,0.0096,0.1838
2023-11-13,MIDCPNIFTY,9245.45,9250.35,9203.55,9220.55,0.0103,0.0109,0.0109,0.2084
2023-11-13,NIFTY,19443.55,19525.55,19497.15,19538.1,0.0078,0.0077,0.0078,0.1487
2023-11-15,BANKNIFTY,44201.7,43891.25,44387.25,44013.7,0.0099,0.0098,0.0099,0.1897
2023-11-15,FINNIFTY,19722.85,19542.15,19788.9,19620.05,0.0096,0.0096,0.0096,0.1837
2023-11-15,MIDCPNIFTY,9347.1,9245.45,9337.5,9203.55,0.0103,0.0109,0.0109,0.2088
2023-11-15,NIFTY,19675.45,19443.55,19723.3,19497.15,0.0078,0.0078,0.0078,0.1492
2023-11-16,BANKNIFTY,44161.55,44201.7,44293.9,44387.25,0.0099,0.0098,0.0099,0.1893
2023-11-16,FINNIFTY,19732.25,19722.85,19778.35,19788.9,0.0096,0.0096,0.0096,0.1832
2023-11-16,MIDCPNIFTY,9452.95,9347.1,9434.7,9337.5,0.0103,0.0109,0.0109,0.2087
2023-11-16,NIFTY,19765.2,19675.45,19829.7,19723.3,0.0078,0.0078,0.0078,0.149
2023-11-17,BANKNIFTY,43583.95,44161.55,43715.45,44293.9,0.0099,0.0098,0.0099,0.1896
2023-11-17,FINNIFTY,19554.3,19732.25,19620.75,19778.35,0.0096,0.0096,0.0096,0.1832
2023-11-17,MIDCPNIFTY,9457.4,9452.95,9457.05,9434.7,0.0103,0.0109,0.0109,0.2082
2023-11-17,NIFTY,19731.8,19765.2,19806.5,19829.7,0.0078,0.0077,0.0078,0.1486
2023-11-20,BANKNIFTY,43584.95,43583.95,43742.15,43715.45,0.0099,0.0098,0.0099,0.1892
2023-11-20,FINNIFTY,19518.6,19554.3,19573.9,19620.75,0.0096,0.0096,0.0096,0.1827
2023-11-20,MIDCPNIFTY,9463.6,9457.4,9463.4,9457.05,0.0102,0.0109,0.0109,0.2077
2023-11-20,NIFTY,19694.0,19731.8,19751.2,19806.5,0.0078,0.0077,0.0078,0.1483
2023-11-21,BANKNIFTY,43689.15,43584.95,43791.85,43742.15,0.0099,0.0097,0.0099,0.1887
2023-11-21,FINNIFTY,19612.1,19518.6,19653.4,19573.9,0.0095,0.0095,0.0095,0.1824
2023-11-21,MIDCPNIFTY,9479.5,9463.6,9485.65,9463.4,0.0102,0.0108,0.0108,0.2072
2023-11-21,NIFTY,19783.4,19694.0,19841.3,19751.2,0.0077,0.0077,0.0077,0.148
2023-11-22,BANKNIFTY,43449.6,43689.15,43587.95,43791.85,0.0099,0.0097,0.0099,0.1884
2023-11-22,FINNIFTY,19566.3,19612.1,19600.85,19653.4,0.0095,0.0095,0.0095,0.182
2023-11-22,MIDCPNIFTY,9492.2,9479.5,9499.65,9485.65,0.0102,0.0108,0.0108,0.2067
2023-11-22,NIFTY,19811.85,19783.4,19884.1,19841.3,0.0077,0.0077,0.0077,0.1477
2023-11-23,BANKNIFTY,43577.5,43449.6,43690.15,43587.95,0.0098,0.0097,0.0098,0.188
2023-11-23,FINNIFTY,19587.25,19566.3,19634.15,19600.85,0.0095,0.0095,0.0095,0.1815
2023-11-23,MIDCPNIFTY,9505.45,9492.2,9510.4,9499.65,0.0102,0.0108,0.0108,0.2062
2023-11-23,NIFTY,19802.0,19811.85,19868.75,19884.1,0.0077,0.0077,0.0077,0.1473
2023-11-24,BANKNIFTY,43769.1,43577.5,43805.55,43690.15,0.0098,0.0097,0.0098,0.1876
2023-11-24,FINNIFTY,19652.0,19587.25,19648.2,19634.15,0.0095,0.0095,0.0095,0.1811
2023-11-24,MIDCPNIFTY,9495.25,9505.45,9476.8,9497.4,0.0101,0.0108,0.0108,0.2057
2023-11-24,NIFTY,19794.7,19802.0,19826.95,19868.75,0.0077,0.0077,0.0077,0.1469
2023-11-28,BANKNIFTY,43880.95,43769.1,43984.3,43805.55,0.0098,0.0097,0.0098,0.1872
2023-11-28,FINNIFTY,19702.65,19652.0,19918.55,19820.15,0.0095,0.0095,0.0095,0.1807
2023-11-28,MIDCPNIFTY,9549.0,9495.25,9550.65,9476.8,0.0101,0.0108,0.0108,0.2054
2023-11-28,NIFTY,19889.7,19794.7,19936.7,19826.95,0.0077,0.0076,0.0077,0.1467
2023-11-29,BANKNIFTY,44566.45,43880.95,44662.65,43984.3,0.0098,0.0097,0.0098,0.1879
2023-11-29,FINNIFTY,20000.35,19702.65,20160.15,19918.55,0.0095,0.0095,0.0095,0.1814
2023-11-29,MIDCPNIFTY,9624.45,9549.0,9640.35,9550.65,0.0101,0.0107,0.0107,0.2053
2023-11-29,NIFTY,20096.6,19889.7,20131.45,19936.7,0.0077,0.0077,0.0077,0.147
2023-11-30,BANKNIFTY,44481.75,44566.45,44732.3,44907.0,0.0098,0.0097,0.0098,0.1874
2023-11-30,FINNIFTY,20054.65,20000.35,20193.3,20160.15,0.0095,0.0094,0.0095,0.1809
2023-11-30,MIDCPNIFTY,9684.0,9624.45,9682.4,9640.35,0.0101,0.0107,0.0107,0.2049
2023-11-30,NIFTY,20133.15,20096.6,20270.6,20252.6,0.0077,0.0076,0.0077,0.1466
2023-12-01,BANKNIFTY,44814.2,44481.75,45071.2,44732.3,0.0098,0.0097,0.0098,0.1872
2023-12-01,FINNIFTY,20211.0,20054.65,20327.2,20193.3,0.0095,0.0094,0.0095,0.1808
2023-12-01,MIDCPNIFTY,9767.6,9684.0,9776.2,9682.4,0.0101,0.0107,0.0107,0.2048
2023-12-01,NIFTY,20267.9,20133.15,20375.15,20270.6,0.0077,0.0076,0.0077,0.1466
2023-12-04,BANKNIFTY,46431.4,44814.2,46659.55,45071.2,0.0101,0.0099,0.0101,0.1928
2023-12-04,FINNIFTY,20862.9,20211.0,20984.5,20327.2,0.0097,0.0097,0.0097,0.1854
2023-12-04,MIDCPNIFTY,9884.05,9767.6,9927.95,9776.2,0.0101,0.0107,0.0107,0.2053
2023-12-04,NIFTY,20686.8,20267.9,20798.9,20375.15,0.0078,0.0077,0.0078,0.1488
2023-12-05,BANKNIFTY,47012.25,46431.4,47152.4,46659.55,0.0101,0.0099,0.0101,0.193
2023-12-05,FINNIFTY,21055.8,20862.9,21110.75,20984.5,0.0097,0.0097,0.0097,0.1853
2023-12-05,MIDCPNIFTY,9921.35,9884.05,9942.95,9927.95,0.0101,0.0107,0.0107,0.2048
2023-12-05,NIFTY,20855.1,20686.8,20942.6,20798.9,0.0078,0.0077,0.0078,0.1488
2023-12-06,BANKNIFTY,46834.55,47012.25,46926.2,47152.4,0.0101,0.0099,0.0101,0.1926
2023-12-06,FINNIFTY,21026.75,21055.8,21082.35,21110.75,0.0097,0.0096,0.0097,0.1849
2023-12-06,MIDCPNIFTY,9927.9,9921.35,9972.95,9942.95,0.0101,0.0107,0.0107,0.2044
2023-12-06,NIFTY,20937.7,20855.1,21039.3,20942.6,0.0078,0.0077,0.0078,0.1485
2023-12-07,BANKNIFTY,46841.4,46834.55,47047.15,46926.2,0.0101,0.0099,0.0101,0.1921
2023-12-07,FINNIFTY,21023.45,21026.75,21103.6,21082.35,0.0097,0.0096,0.0097,0.1844
2023-12-07,MIDCPNIFTY,9974.9,9927.9,10028.05,9972.95,0.01,0.0107,0.0107,0.204
2023-12-07,NIFTY,20901.15,20937.7,21030.8,21039.3,0.0078,0.0077,0.0078,0.1482
2023-12-08,BANKNIFTY,47262.0,46841.4,47499.8,47047.15,0.0101,0.0099,0.0101,0.192
2023-12-08,FINNIFTY,21213.85,21023.45,21308.2,21103.6,0.0096,0.0096,0.0096,0.1843
2023-12-08,MIDCPNIFTY,9974.75,9974.9,10002.75,10028.05,0.01,0.0107,0.0107,0.2035
2023-12-08,NIFTY,20969.4,20901.15,21075.0,21030.8,0.0077,0.0077,0.0077,0.1479
2023-12-11,BANKNIFTY,47314.25,47262.0,47491.85,47499.8,0.01,0.0099,0.01,0.1915
2023-12-11,FINNIFTY,21214.7,21213.85,21279.4,21308.2,0.0096,0.0096,0.0096,0.1839
2023-12-11,MIDCPNIFTY,10016.55,9974.75,10053.15,10002.75,0.01,0.0106,0.0106,0.2031
2023-12-11,NIFTY,20997.1,20969.4,21084.45,21075.0,0.0077,0.0077,0.0077,0.1475
2023-12-12,BANKNIFTY,47097.55,47314.25,47308.45,47491.85,0.01,0.0099,0.01,0.1912
2023-12-12,FINNIFTY,21173.25,21214.7,21269.0,21279.4,0.0096,0.0096,0.0096,0.1834
2023-12-12,MIDCPNIFTY,9978.5,10016.55,10000.3,10053.15,0.01,0.0106,0.0106,0.2027
2023-12-12,NIFTY,20906.4,20997.1,21022.95,21084.45,0.0077,0.0077,0.0077,0.1473
2023-12-13,BANKNIFTY,47092.25,47097.55,47396.25,47308.45,0.01,0.0098,0.01,0.1907
2023-12-13,FINNIFTY,21171.2,21173.25,21260.0,21269.0,0.0096,0.0095,0.0096,0.183
2023-12-13,MIDCPNIFTY,10092.2,9978.5,10126.0,10000.3,0.01,0.0106,0.0106,0.2029
2023-12-13,NIFTY,20926.35,20906.4,21033.95,21022.95,0.0077,0.0076,0.0077,0.1469
2023-12-14,BANKNIFTY,47732.3,47092.25,48029.6,47396.25,0.01,0.0099,0.01,0.1911
2023-12-14,FINNIFTY,21461.25,21171.2,21561.25,21260.0,0.0096,0.0096,0.0096,0.1834
2023-12-14,MIDCPNIFTY,10261.25,10092.2,10317.6,10126.0,0.01,0.0107,0.0107,0.204
2023-12-14,NIFTY,21182.7,20926.35,21327.65,21033.95,0.0077,0.0077,0.0077,0.1475
2023-12-15,BANKNIFTY,48143.55,47732.3,48271.45,48029.6,0.01,0.0098,0.01,0.1909
2023-12-15,FINNIFTY,21529.75,21461.25,21591.7,21561.25,0.0096,0.0095,0.0096,0.183
2023-12-15,MIDCPNIFTY,10307.2,10261.25,10351.4,10317.6,0.01,0.0107,0.0107,0.2035
2023-12-15,NIFTY,21456.65,21182.7,21557.1,21327.65,0.0078,0.0077,0.0078,0.1481
2023-12-18,BANKNIFTY,47867.7,48143.55,47947.35,48271.45,0.01,0.0098,0.01,0.1906
2023-12-18,FINNIFTY,21444.9,21529.75,21469.75,21591.7,0.0096,0.0095,0.0096,0.1827
2023-12-18,MIDCPNIFTY,10296.2,10307.2,10301.0,10351.4,0.01,0.0106,0.0106,0.2031
2023-12-18,NIFTY,21418.65,21456.65,21477.25,21557.1,0.0077,0.0077,0.0077,0.1478
2023-12-19,BANKNIFTY,47870.9,47867.7,48009.8,47947.35,0.01,0.0098,0.01,0.1902
2023-12-19,FINNIFTY,21434.45,21444.9,21493.1,21469.75,0.0095,0.0095,0.0095,0.1822
2023-12-19,MIDCPNIFTY,10269.7,10296.2,10282.15,10301.0,0.01,0.0106,0.0106,0.2026
2023-12-19,NIFTY,21453.1,21418.65,21527.75,21477.25,0.0077,0.0077,0.0077,0.1474
2023-12-20,BANKNIFTY,47445.3,47870.9,47480.55,48009.8,0.0099,0.0098,0.0099,0.1901
2023-12-20,FINNIFTY,21201.25,21434.45,21253.85,21493.1,0.0095,0.0095,0.0095,0.1823
2023-12-20,MIDCPNIFTY,10020.6,10269.7,10017.45,10282.15,0.0101,0.0107,0.0107,0.2052
2023-12-20,NIFTY,21150.15,21453.1,21217.05,21527.75,0.0078,0.0077,0.0078,0.1483
2023-12-21,BANKNIFTY,47840.15,47445.3,48105.0,47480.55,0.0099,0.0098,0.0099,0.1899
2023-12-21,FINNIFTY,21326.0,21201.25,21398.7,21253.85,0.0095,0.0095,0.0095,0.1821
2023-12-21,MIDCPNIFTY,10169.5,10020.6,10191.9,10017.45,0.0101,0.0108,0.0108,0.206
2023-12-21,NIFTY,21255.05,21150.15,21350.4,21217.05,0.0078,0.0077,0.0078,0.1481
2023-12-22,BANKNIFTY,47491.85,47840.15,47575.6,48105.0,0.0099,0.0098,0.0099,0.1897
2023-12-22,FINNIFTY,21197.15,21326.0,21235.05,21398.7,0.0095,0.0095,0.0095,0.1818
2023-12-22,MIDCPNIFTY,10252.35,10169.5,10299.55,10218.1,0.0101,0.0108,0.0108,0.2057
2023-12-22,NIFTY,21349.4,21255.05,21402.35,21350.4,0.0077,0.0077,0.0077,0.1478
2023-12-26,BANKNIFTY,47724.85,47491.85,47825.45,47575.6,0.0099,0.0098,0.0099,0.1893
2023-12-26,FINNIFTY,21261.65,21197.15,21464.0,21424.5,0.0095,0.0095,0.0095,0.1814
2023-12-26,MIDCPNIFTY,10287.2,10252.35,10318.9,10299.55,0.0101,0.0107,0.0107,0.2052
2023-12-26,NIFTY,21441.35,21349.4,21472.3,21402.35,0.0077,0.0077,0.0077,0.1476
2023-12-27,BANKNIFTY,48282.2,47724.85,48359.95,47825.45,0.0099,0.0098,0.0099,0.1895
2023-12-27,FINNIFTY,21465.7,21261.65,21664.55,21464.0,0.0095,0.0095,0.0095,0.1814
2023-12-27,MIDCPNIFTY,10296.4,10287.2,10370.7,10318.9,0.0101,0.0107,0.0107,0.2048
2023-12-27,NIFTY,21654.75,21441.35,21681.8,21472.3,0.0077,0.0077,0.0077,0.1478
2023-12-28,BANKNIFTY,48508.55,48282.2,48822.2,48675.45,0.0099,0.0098,0.0099,0.1891
2023-12-28,FINNIFTY,21534.1,21465.7,21709.85,21664.55,0.0095,0.0094,0.0095,0.181
2023-12-28,MIDCPNIFTY,10380.0,10296.4,10436.7,10370.7,0.01,0.0107,0.0107,0.2045
2023-12-28,NIFTY,21778.7,21654.75,21942.3,21854.1,0.0077,0.0077,0.0077,0.1476
2023-12-29,BANKNIFTY,48292.25,48508.55,48628.8,48822.2,0.0099,0.0098,0.0099,0.1888
2023-12-29,FINNIFTY,21487.45,21534.1,21657.0,21709.85,0.0095,0.0094,0.0095,0.1806
2023-12-29,MIDCPNIFTY,10397.55,10380.0,10444.55,10436.7,0.01,0.0107,0.0107,0.204
2023-12-29,NIFTY,21731.4,21778.7,21885.95,21942.3,0.0077,0.0077,0.0077,0.1473
2024-01-01,BANKNIFTY,48234.3,48292.25,48535.7,48628.8,0.0099,0.0098,0.0099,0.1883
2024-01-01,FINNIFTY,21457.1,21487.45,21610.05,21657.0,0.0094,0.0094,0.0094,0.1801
2024-01-01,MIDCPNIFTY,10415.05,10397.55,10470.45,10444.55,0.01,0.0107,0.0107,0.2035
2024-01-01,NIFTY,21741.9,21731.4,21888.9,21885.95,0.0077,0.0076,0.0077,0.1469
2024-01-02,BANKNIFTY,47761.65,48234.3,47946.65,48535.7,0.0099,0.0098,0.0099,0.1883
2024-01-02,FINNIFTY,21346.15,21457.1,21469.75,21610.05,0.0094,0.0094,0.0094,0.1798
2024-01-02,MIDCPNIFTY,10358.75,10415.05,10383.45,10470.45,0.01,0.0106,0.0106,0.2033
2024-01-02,NIFTY,21665.8,21741.9,21756.75,21888.9,0.0077,0.0076,0.0077,0.1466
2024-01-03,BANKNIFTY,47704.95,47761.65,47931.95,47946.65,0.0098,0.0097,0.0098,0.1878
2024-01-03,FINNIFTY,21256.55,21346.15,21369.95,21469.75,0.0094,0.0094,0.0094,0.1794
2024-01-03,MIDCPNIFTY,10379.25,10358.75,10402.85,10383.45,0.01,0.0106,0.0106,0.2028
2024-01-03,NIFTY,21517.35,21665.8,21600.0,21756.75,0.0077,0.0076,0.0077,0.1466
2024-01-04,BANKNIFTY,48195.85,47704.95,48501.75,47931.95,0.0098,0.0098,0.0098,0.1879
2024-01-04,FINNIFTY,21516.6,21256.55,21641.4,21369.95,0.0094,0.0094,0.0094,0.1797
2024-01-04,MIDCPNIFTY,10552.8,10379.25,10588.45,10402.85,0.01,0.0107,0.0107,0.2037
2024-01-04,NIFTY,21658.6,21517.35,21785.95,21600.0,0.0077,0.0076,0.0077,0.1465
2024-01-05,BANKNIFTY,48159.0,48195.85,48388.45,48501.75,0.0098,0.0097,0.0098,0.1874
2024-01-05,FINNIFTY,21514.2,21516.6,21612.1,21641.4,0.0094,0.0094,0.0094,0.1793
2024-01-05,MIDCPNIFTY,10562.85,10552.8,10570.1,10588.45,0.01,0.0106,0.0106,0.2032
2024-01-05,NIFTY,21710.8,21658.6,21793.85,21785.95,0.0076,0.0076,0.0076,0.1461
2024-01-08,BANKNIFTY,47450.25,48159.0,47621.85,48388.45,0.0098,0.0098,0.0098,0.188
2024-01-08,FINNIFTY,21292.45,21514.2,21367.3,21612.1,0.0094,0.0094,0.0094,0.1794
2024-01-08,MIDCPNIFTY,10441.8,10562.85,10409.75,10570.1,0.01,0.0107,0.0107,0.2038
2024-01-08,NIFTY,21513.0,21710.8,21579.55,21793.85,0.0077,0.0076,0.0077,0.1463
2024-01-09,BANKNIFTY,47242.65,47450.25,47391.5,47621.85,0.0098,0.0098,0.0098,0.1876
2024-01-09,FINNIFTY,21197.25,21292.45,21281.0,21367.3,0.0094,0.0094,0.0094,0.179
2024-01-09,MIDCPNIFTY,10422.45,10441.8,10393.45,10409.75,0.01,0.0106,0.0106,0.2033
2024-01-09,NIFTY,21544.85,21513.0,21616.85,21579.55,0.0076,0.0076,0.0076,0.1459
2024-01-10,BANKNIFTY,47360.85,47242.65,47606.85,47391.5,0.0098,0.0097,0.0098,0.1872
2024-01-10,FINNIFTY,21224.3,21197.25,21333.1,21281.0,0.0093,0.0093,0.0093,0.1786
2024-01-10,MIDCPNIFTY,10432.9,10422.45,10440.0,10393.45,0.0099,0.0106,0.0106,0.2028
2024-01-10,NIFTY,21618.7,21544.85,21709.1,21616.85,0.0076,0.0076,0.0076,0.1457
2024-01-11,BANKNIFTY,47438.35,47360.85,47573.7,47606.85,0.0098,0.0097,0.0098,0.1867
2024-01-11,FINNIFTY,21249.2,21224.3,21323.2,21333.1,0.0093,0.0093,0.0093,0.1782
2024-01-11,MIDCPNIFTY,10457.5,10432.9,10461.7,10440.0,0.0099,0.0106,0.0106,0.2023
2024-01-11,NIFTY,21647.2,21618.7,21678.45,21709.1,0.0076,0.0076,0.0076,0.1453
2024-01-12,BANKNIFTY,47709.8,47438.35,47840.15,47573.7,0.0098,0.0097,0.0098,0.1864
2024-01-12,FINNIFTY,21300.7,21249.2,21393.05,21323.2,0.0093,0.0093,0.0093,0.1778
2024-01-12,MIDCPNIFTY,10542.4,10457.5,10529.75,10461.7,0.0099,0.0106,0.0106,0.202
2024-01-12,NIFTY,21894.55,21647.2,21947.0,21678.45,0.0076,0.0076,0.0076,0.1458
2024-01-15,BANKNIFTY,48158.3,47709.8,48306.25,47840.15,0.0098,0.0097,0.0098,0.1864
2024-01-15,FINNIFTY,21461.35,21300.7,21537.15,21393.05,0.0093,0.0093,0.0093,0.1776
2024-01-15,MIDCPNIFTY,10646.95,10542.4,10636.15,10529.75,0.0099,0.0106,0.0106,0.202
2024-01-15,NIFTY,22097.45,21894.55,22133.3,21947.0,0.0076,0.0076,0.0076,0.1459
2024-01-16,BANKNIFTY,48125.1,48158.3,48224.95,48306.25,0.0097,0.0097,0.0097,0.1859
2024-01-16,FINNIFTY,21447.15,21461.35,21503.7,21537.15,0.0093,0.0093,0.0093,0.1772
2024-01-16,MIDCPNIFTY,10560.95,10646.95,10533.05,10636.15,0.0099,0.0106,0.0106,0.2019
2024-01-16,NIFTY,22032.3,22097.45,22029.5,22133.3,0.0076,0.0076,0.0076,0.1456
2024-01-17,BANKNIFTY,46064.45,48125.1,46159.25,48224.95,0.0102,0.0101,0.0102,0.1947
2024-01-17,FINNIFTY,20528.9,21447.15,20585.5,21503.7,0.0098,0.0097,0.0098,0.1863
2024-01-17,MIDCPNIFTY,10431.0,10560.95,10365.35,10533.05,0.0099,0.0106,0.0106,0.2026
2024-01-17,NIFTY,21571.95,22032.3,21589.55,22029.5,0.0077,0.0077,0.0077,0.148
2024-01-18,BANKNIFTY,45713.55,46064.45,45869.25,46159.25,0.0102,0.0101,0.0102,0.1944
2024-01-18,FINNIFTY,20324.05,20528.9,20417.15,20585.5,0.0098,0.0097,0.0098,0.1864
2024-01-18,MIDCPNIFTY,10449.9,10431.0,10449.3,10365.35,0.0099,0.0106,0.0106,0.2024
2024-01-18,NIFTY,21462.25,21571.95,21527.45,21589.55,0.0077,0.0077,0.0077,0.1478
2024-01-19,BANKNIFTY,45701.15,45713.55,45797.2,45869.25,0.0102,0.0101,0.0102,0.194
2024-01-19,FINNIFTY,20425.35,20324.05,20493.05,20417.15,0.0097,0.0097,0.0097,0.186
2024-01-19,MIDCPNIFTY,10605.4,10449.9,10607.05,10449.3,0.0099,0.0106,0.0106,0.2029
2024-01-19,NIFTY,21622.4,21462.25,21672.15,21527.45,0.0077,0.0077,0.0077,0.1478
2024-01-23,BANKNIFTY,45015.05,46058.2,44913.05,46136.05,0.0102,0.0102,0.0102,0.1957
2024-01-23,FINNIFTY,20137.05,20542.05,20141.75,20593.9,0.0098,0.0098,0.0098,0.1872
2024-01-23,MIDCPNIFTY,10353.85,10622.0,10344.8,10600.4,0.01,0.0107,0.0107,0.2045
2024-01-23,NIFTY,21238.8,21571.8,21194.25,21604.1,0.0078,0.0078,0.0078,0.1486
2024-01-24,BANKNIFTY,45082.4,45015.05,45152.85,44913.05,0.0102,0.0102,0.0102,0.1953
2024-01-24,FINNIFTY,20206.4,20137.05,20267.15,20141.75,0.0098,0.0098,0.0098,0.1869
2024-01-24,MIDCPNIFTY,10568.25,10353.85,10591.05,10344.8,0.0101,0.0108,0.0108,0.2065
2024-01-24,NIFTY,21453.95,21238.8,21477.6,21194.25,0.0078,0.0078,0.0078,0.1493
2024-01-25,BANKNIFTY,44866.15,45082.4,45291.65,45562.15,0.0102,0.0102,0.0102,0.1949
2024-01-25,FINNIFTY,20099.4,20206.4,20140.6,20267.15,0.0098,0.0098,0.0098,0.1866
2024-01-25,MIDCPNIFTY,10415.95,10568.25,10459.6,10591.05,0.0101,0.0108,0.0108,0.2066
2024-01-25,NIFTY,21352.6,21453.95,21488.55,21612.35,0.0078,0.0078,0.0078,0.1491
2024-01-29,BANKNIFTY,45442.35,44866.15,45735.05,45291.65,0.0102,0.0102,0.0102,0.1951
2024-01-29,FINNIFTY,20413.35,20099.4,20450.75,20140.6,0.0098,0.0098,0.0098,0.1873
2024-01-29,MIDCPNIFTY,10678.15,10415.95,10669.25,10452.4,0.0103,0.0109,0.0109,0.208
2024-01-29,NIFTY,21737.6,21352.6,21855.25,21488.55,0.0079,0.0079,0.0079,0.1505
2024-01-30,BANKNIFTY,45367.75,45442.35,45671.25,45735.05,0.0102,0.0102,0.0102,0.1947
2024-01-30,FINNIFTY,20285.5,20413.35,20407.2,20561.15,0.0098,0.0098,0.0098,0.1871
2024-01-30,MIDCPNIFTY,10602.6,10678.15,10594.3,10669.25,0.0102,0.0109,0.0109,0.2077
2024-01-30,NIFTY,21522.1,21737.6,21630.5,21855.25,0.0079,0.0079,0.0079,0.1508
2024-01-31,BANKNIFTY,45996.8,45367.75,46324.25,45671.25,0.0102,0.0102,0.0102,0.1951
2024-01-31,FINNIFTY,20497.5,20285.5,20606.2,20407.2,0.0098,0.0098,0.0098,0.1871
2024-01-31,MIDCPNIFTY,10701.95,10602.6,10695.45,10594.3,0.0102,0.0109,0.0109,0.2076
2024-01-31,NIFTY,21725.7,21522.1,21808.6,21630.5,0.0079,0.0079,0.0079,0.1508
2024-02-01,BANKNIFTY,46188.65,45996.8,46437.15,46324.25,0.0102,0.0102,0.0102,0.1947
2024-02-01,FINNIFTY,20516.65,20497.5,20615.15,20606.2,0.0098,0.0098,0.0098,0.1866
2024-02-01,MIDCPNIFTY,10631.55,10701.95,10631.0,10695.45,0.0102,0.0108,0.0108,0.2072
2024-02-01,NIFTY,21697.45,21725.7,21751.45,21808.6,0.0079,0.0079,0.0079,0.1504
2024-02-02,BANKNIFTY,45970.95,46188.65,46236.65,46437.15,0.0102,0.0101,0.0102,0.1943
2024-02-02,FINNIFTY,20434.05,20516.65,20531.15,20615.15,0.0097,0.0097,0.0097,0.1862
2024-02-02,MIDCPNIFTY,10728.75,10631.55,10731.35,10631.0,0.0102,0.0108,0.0108,0.2071
2024-02-02,NIFTY,21853.8,21697.45,21951.4,21751.45,0.0079,0.0079,0.0079,0.1506
2024-02-05,BANKNIFTY,45825.55,45970.95,46040.4,46236.65,0.0101,0.0101,0.0101,0.1938
2024-02-05,FINNIFTY,20315.85,20434.05,20378.85,20531.15,0.0097,0.0097,0.0097,0.186
2024-02-05,MIDCPNIFTY,10741.35,10728.75,10715.8,10731.35,0.0102,0.0108,0.0108,0.2066
2024-02-05,NIFTY,21771.7,21853.8,21803.45,21951.4,0.0078,0.0079,0.0079,0.1505
2024-02-06,BANKNIFTY,45690.8,45825.55,45971.0,46040.4,0.0101,0.0101,0.0101,0.1934
2024-02-06,FINNIFTY,20365.5,20315.85,20465.55,20378.85,0.0097,0.0097,0.0097,0.1856
2024-02-06,MIDCPNIFTY,10802.0,10741.35,10813.8,10715.8,0.0102,0.0108,0.0108,0.2064
2024-02-06,NIFTY,21929.4,21771.7,21979.55,21803.45,0.0078,0.0079,0.0079,0.1505
2024-02-07,BANKNIFTY,45818.5,45690.8,46131.9,45971.0,0.0101,0.0101,0.0101,0.1929
2024-02-07,FINNIFTY,20443.65,20365.5,20553.45,20465.55,0.0097,0.0097,0.0097,0.1853
2024-02-07,MIDCPNIFTY,10854.75,10802.0,10861.65,10813.8,0.0102,0.0108,0.0108,0.206
2024-02-07,NIFTY,21930.5,21929.4,22003.7,21979.55,0.0078,0.0079,0.0079,0.1501
2024-02-08,BANKNIFTY,45012.0,45818.5,45212.45,46131.9,0.0102,0.0102,0.0102,0.194
2024-02-08,FINNIFTY,20064.7,20443.65,20158.65,20553.45,0.0097,0.0098,0.0098,0.1867
2024-02-08,MIDCPNIFTY,10846.0,10854.75,10836.05,10861.65,0.0101,0.0108,0.0108,0.2055
2024-02-08,NIFTY,21717.95,21930.5,21814.6,22003.7,0.0078,0.0079,0.0079,0.1502
2024-02-09,BANKNIFTY,45634.55,45012.0,45899.55,45212.45,0.0102,0.0102,0.0102,0.1946
2024-02-09,FINNIFTY,20203.3,20064.7,20297.55,20158.65,0.0097,0.0098,0.0098,0.1864
2024-02-09,MIDCPNIFTY,10746.75,10846.0,10755.65,10836.05,0.0101,0.0107,0.0107,0.2052
2024-02-09,NIFTY,21782.5,21717.95,21842.6,21814.6,0.0078,0.0078,0.0078,0.1498
2024-02-12,BANKNIFTY,44882.25,45634.55,45090.85,45899.55,0.0102,0.0102,0.0102,0.1955
2024-02-12,FINNIFTY,19918.5,20203.3,19996.8,20297.55,0.0098,0.0098,0.0098,0.1871
2024-02-12,MIDCPNIFTY,10671.05,10746.75,10640.2,10755.65,0.0101,0.0107,0.0107,0.2052
2024-02-12,NIFTY,21616.05,21782.5,21697.85,21842.6,0.0078,0.0078,0.0078,0.1497
2024-02-13,BANKNIFTY,45502.4,44882.25,45732.5,45090.85,0.0102,0.0103,0.0103,0.196
2024-02-13,FINNIFTY,20190.5,19918.5,20264.85,19996.8,0.0098,0.0098,0.0098,0.1875
2024-02-13,MIDCPNIFTY,10679.15,10671.05,10684.05,10640.2,0.0101,0.0107,0.0107,0.2048
2024-02-13,NIFTY,21743.25,21616.05,21823.75,21697.85,0.0078,0.0078,0.0078,0.1496
2024-02-14,BANKNIFTY,45908.3,45502.4,46089.95,45732.5,0.0102,0.0102,0.0102,0.1958
2024-02-14,FINNIFTY,20325.55,20190.5,20391.05,20264.85,0.0098,0.0098,0.0098,0.1872
2024-02-14,MIDCPNIFTY,10763.9,10679.15,10783.9,10684.05,0.0101,0.0107,0.0107,0.2047
2024-02-14,NIFTY,21840.05,21743.25,21916.85,21823.75,0.0078,0.0078,0.0078,0.1493
2024-02-15,BANKNIFTY,46218.9,45908.3,46385.05,46089.95,0.0102,0.0102,0.0102,0.1955
2024-02-15,FINNIFTY,20416.15,20325.55,20472.4,20391.05,0.0098,0.0098,0.0098,0.1868
2024-02-15,MIDCPNIFTY,10901.0,10763.9,10909.7,10783.9,0.0101,0.0107,0.0107,0.2048
2024-02-15,NIFTY,21910.75,21840.05,22005.05,21916.85,0.0078,0.0078,0.0078,0.149
2024-02-16,BANKNIFTY,46384.85,46218.9,46503.4,46385.05,0.0102,0.0102,0.0102,0.195
2024-02-16,FINNIFTY,20472.75,20416.15,20512.65,20472.4,0.0097,0.0098,0.0098,0.1863
2024-02-16,MIDCPNIFTY,11021.3,10901.0,11028.0,10909.7,0.0101,0.0107,0.0107,0.2048
2024-02-16,NIFTY,22040.7,21910.75,22097.8,22005.05,0.0078,0.0078,0.0078,0.1488
2024-02-19,BANKNIFTY,46535.5,46384.85,46638.9,46503.4,0.0102,0.0102,0.0102,0.1946
2024-02-19,FINNIFTY,20548.9,20472.75,20574.45,20512.65,0.0097,0.0097,0.0097,0.1859
2024-02-19,MIDCPNIFTY,11021.2,11021.3,11026.95,11028.0,0.0101,0.0107,0.0107,0.2042
2024-02-19,NIFTY,22122.25,22040.7,22171.4,22097.8,0.0078,0.0078,0.0078,0.1484
2024-02-20,BANKNIFTY,47094.2,46535.5,47188.0,46638.9,0.0102,0.0102,0.0102,0.1947
2024-02-20,FINNIFTY,20800.85,20548.9,20822.9,20574.45,0.0097,0.0097,0.0097,0.1862
2024-02-20,MIDCPNIFTY,10981.05,11021.2,10993.75,11026.95,0.0101,0.0107,0.0107,0.2038
2024-02-20,NIFTY,22196.95,22122.25,22217.2,22171.4,0.0077,0.0078,0.0078,0.1481
2024-02-21,BANKNIFTY,47019.7,47094.2,47024.85,47188.0,0.0102,0.0102,0.0102,0.1943
2024-02-21,FINNIFTY,20686.75,20800.85,20676.4,20822.9,0.0097,0.0097,0.0097,0.1859
2024-02-21,MIDCPNIFTY,10863.95,10981.05,10862.65,10993.75,0.0101,0.0107,0.0107,0.2039
2024-02-21,NIFTY,22055.05,22196.95,22070.15,22217.2,0.0077,0.0077,0.0077,0.148
2024-02-22,BANKNIFTY,46919.8,47019.7,46980.3,47024.85,0.0101,0.0101,0.0101,0.1938
2024-02-22,FINNIFTY,20665.9,20686.75,20678.1,20676.4,0.0097,0.0097,0.0097,0.1855
2024-02-22,MIDCPNIFTY,10980.1,10863.95,10994.65,10862.65,0.0101,0.0107,0.0107,0.2041
2024-02-22,NIFTY,22217.45,22055.05,22243.25,22070.15,0.0077,0.0077,0.0077,0.148
2024-02-23,BANKNIFTY,46811.75,46919.8,46842.65,46980.3,0.0101,0.0101,0.0101,0.1934
2024-02-23,FINNIFTY,20677.1,20665.9,20692.45,20678.1,0.0097,0.0097,0.0097,0.185
2024-02-23,MIDCPNIFTY,11066.55,10980.1,11062.8,10994.65,0.01,0.0107,0.0107,0.2037
2024-02-23,NIFTY,22212.7,22217.45,22228.85,22243.25,0.0077,0.0077,0.0077,0.1476
2024-02-26,BANKNIFTY,46576.5,46811.75,46607.7,46842.65,0.0101,0.0101,0.0101,0.193
2024-02-26,FINNIFTY,20619.7,20677.1,20621.4,20692.45,0.0096,0.0097,0.0097,0.1846
2024-02-26,MIDCPNIFTY,11004.35,11066.55,11025.55,11076.05,0.01,0.0106,0.0106,0.2033
2024-02-26,NIFTY,22122.05,22212.7,22141.65,22228.85,0.0077,0.0077,0.0077,0.1474
2024-02-27,BANKNIFTY,46588.05,46576.5,46587.2,46607.7,0.0101,0.0101,0.0101,0.1925
2024-02-27,FINNIFTY,20552.9,20619.7,20682.0,20749.8,0.0096,0.0096,0.0096,0.1842
2024-02-27,MIDCPNIFTY,11005.45,11004.35,11049.9,11025.55,0.01,0.0106,0.0106,0.2028
2024-02-27,NIFTY,22198.35,22122.05,22203.05,22141.65,0.0077,0.0077,0.0077,0.147
2024-02-28,BANKNIFTY,45963.15,46588.05,45852.25,46587.2,0.0101,0.0101,0.0101,0.1932
2024-02-28,FINNIFTY,20340.4,20552.9,20442.15,20682.0,0.0096,0.0097,0.0097,0.1844
2024-02-28,MIDCPNIFTY,10751.15,11005.45,10765.25,11049.9,0.0101,0.0107,0.0107,0.2054
2024-02-28,NIFTY,21951.15,22198.35,21921.35,22203.05,0.0077,0.0077,0.0077,0.1477
2024-02-29,BANKNIFTY,46120.9,45963.15,46546.7,46222.95,0.0101,0.0101,0.0101,0.193
2024-02-29,FINNIFTY,20407.9,20340.4,20564.2,20442.15,0.0096,0.0096,0.0096,0.1841
2024-02-29,MIDCPNIFTY,10826.55,10751.15,10842.95,10765.25,0.0101,0.0107,0.0107,0.2051
2024-02-29,NIFTY,21982.8,21951.15,22160.5,22075.7,0.0077,0.0077,0.0077,0.1474
2024-03-01,BANKNIFTY,47286.9,46120.9,47578.0,46546.7,0.0102,0.0102,0.0102,0.1948
2024-03-01,FINNIFTY,20842.7,20407.9,20953.9,20564.2,0.0097,0.0097,0.0097,0.1854
2024-03-01,MIDCPNIFTY,10908.9,10826.55,10927.6,10842.95,0.0101,0.0107,0.0107,0.2048
2024-03-01,NIFTY,22338.75,21982.8,22443.2,22160.5,0.0077,0.0077,0.0077,0.148
2024-03-04,BANKNIFTY,47456.1,47297.5,47691.25,47659.8,0.0101,0.0101,0.0101,0.1938
2024-03-04,FINNIFTY,20927.25,20848.25,21029.1,20990.6,0.0096,0.0097,0.0097,0.1845
2024-03-04,MIDCPNIFTY,10992.15,10966.95,11004.4,10976.55,0.0101,0.0107,0.0107,0.2039
2024-03-04,NIFTY,22405.6,22378.4,22497.95,22502.0,0.0077,0.0077,0.0077,0.1473
2024-03-05,BANKNIFTY,47581.0,47456.1,47909.05,47691.25,0.0101,0.0101,0.0101,0.1934
2024-03-05,FINNIFTY,20854.5,20927.25,20973.5,21029.1,0.0096,0.0096,0.0096,0.1841
2024-03-05,MIDCPNIFTY,10913.2,10992.15,10933.1,11004.4,0.01,0.0107,0.0107,0.2036
2024-03-05,NIFTY,22356.3,22405.6,22433.25,22497.95,0.0077,0.0077,0.0077,0.147
2024-03-06,BANKNIFTY,47965.4,47581.0,48117.45,47909.05,0.0101,0.0101,0.0101,0.1931
2024-03-06,FINNIFTY,20986.15,20854.5,21063.75,20973.5,0.0096,0.0096,0.0096,0.1837
2024-03-06,MIDCPNIFTY,10882.55,10913.2,10884.85,10933.1,0.01,0.0106,0.0106,0.2032
2024-03-06,NIFTY,22474.05,22356.3,22593.05,22433.25,0.0077,0.0077,0.0077,0.147
2024-03-07,BANKNIFTY,47835.8,47965.4,47958.3,48117.45,0.0101,0.0101,0.0101,0.1927
2024-03-07,FINNIFTY,21005.85,20986.15,21049.25,21063.75,0.0096,0.0096,0.0096,0.1833
2024-03-07,MIDCPNIFTY,10890.4,10882.55,10870.25,10884.85,0.01,0.0106,0.0106,0.2027
2024-03-07,NIFTY,22493.55,22474.05,22552.35,22593.05,0.0077,0.0077,0.0077,0.1466
2024-03-11,BANKNIFTY,47327.85,47835.8,47489.85,47958.3,0.0101,0.0101,0.0101,0.1927
2024-03-11,FINNIFTY,20862.55,21005.85,20898.65,21049.25,0.0096,0.0096,0.0096,0.1831
2024-03-11,MIDCPNIFTY,10851.45,10890.4,10823.1,10870.25,0.01,0.0106,0.0106,0.2023
2024-03-11,NIFTY,22332.65,22493.55,22421.35,22552.35,0.0077,0.0077,0.0077,0.1465
2024-03-12,BANKNIFTY,47282.4,47327.85,47527.25,47489.85,0.0101,0.0101,0.0101,0.1922
2024-03-12,FINNIFTY,20897.5,20862.55,20963.75,20898.65,0.0095,0.0096,0.0096,0.1826
2024-03-12,MIDCPNIFTY,10715.35,10851.45,10705.15,10823.1,0.01,0.0106,0.0106,0.2023
2024-03-12,NIFTY,22335.7,22332.65,22447.05,22421.35,0.0076,0.0076,0.0076,0.1461
2024-03-13,BANKNIFTY,46981.3,47282.4,47081.35,47527.25,0.01,0.0101,0.0101,0.192
2024-03-13,FINNIFTY,20758.2,20897.5,20795.3,20963.75,0.0095,0.0096,0.0096,0.1825
2024-03-13,MIDCPNIFTY,10378.5,10715.35,10386.35,10705.15,0.0102,0.0108,0.0108,0.2059
2024-03-13,NIFTY,21997.7,22335.7,22103.25,22447.05,0.0077,0.0077,0.0077,0.1472
2024-03-14,BANKNIFTY,46789.95,46981.3,46996.15,47081.35,0.01,0.01,0.01,0.1916
2024-03-14,FINNIFTY,20725.9,20758.2,20799.05,20795.3,0.0095,0.0095,0.0095,0.1821
2024-03-14,MIDCPNIFTY,10516.55,10378.5,10496.7,10386.35,0.0102,0.0108,0.0108,0.2059
2024-03-14,NIFTY,22146.65,21997.7,22264.55,22103.25,0.0077,0.0077,0.0077,0.1472
2024-03-15,BANKNIFTY,46594.1,46789.95,46694.7,46996.15,0.01,0.01,0.01,0.1913
2024-03-15,FINNIFTY,20644.3,20725.9,20677.75,20799.05,0.0095,0.0095,0.0095,0.1818
2024-03-15,MIDCPNIFTY,10486.45,10516.55,10464.25,10496.7,0.0102,0.0108,0.0108,0.2054
2024-03-15,NIFTY,22023.35,22146.65,22133.2,22264.55,0.0077,0.0077,0.0077,0.147
2024-03-18,BANKNIFTY,46575.9,46594.1,46741.6,46694.7,0.01,0.01,0.01,0.1908
2024-03-18,FINNIFTY,20626.65,20644.3,20673.5,20677.75,0.0095,0.0095,0.0095,0.1813
2024-03-18,MIDCPNIFTY,10320.35,10486.45,10318.35,10464.25,0.0102,0.0108,0.0108,0.2058
2024-03-18,NIFTY,22055.7,22023.35,22135.45,22133.2,0.0077,0.0077,0.0077,0.1467
2024-03-19,BANKNIFTY,46384.8,46575.9,46449.05,46741.6,0.01,0.01,0.01,0.1905
2024-03-19,FINNIFTY,20601.95,20626.65,20611.4,20673.5,0.0094,0.0095,0.0095,0.1809
2024-03-19,MIDCPNIFTY,10154.55,10320.35,10158.9,10318.35,0.0103,0.0108,0.0108,0.2063
2024-03-19,NIFTY,21817.45,22055.7,21886.5,22135.45,0.0077,0.0077,0.0077,0.1471
2024-03-20,BANKNIFTY,46310.9,46384.8,46449.05,46449.05,0.0099,0.0099,0.0099,0.19
2024-03-20,FINNIFTY,20544.25,20601.95,20591.75,20611.4,0.0094,0.0094,0.0094,0.1805
2024-03-20,MIDCPNIFTY,10146.45,10154.55,10151.35,10158.9,0.0103,0.0108,0.0108,0.2058
2024-03-20,NIFTY,21839.1,21817.45,21910.05,21886.5,0.0077,0.0077,0.0077,0.1467
2024-03-21,BANKNIFTY,46684.9,46310.9,46794.65,46449.05,0.0099,0.0099,0.0099,0.1898
2024-03-21,FINNIFTY,20714.8,20544.25,20758.3,20591.75,0.0094,0.0094,0.0094,0.1803
2024-03-21,MIDCPNIFTY,10425.05,10146.45,10437.3,10151.35,0.0104,0.0109,0.0109,0.2087
2024-03-21,NIFTY,22011.95,21839.1,22102.5,21910.05,0.0077,0.0077,0.0077,0.1468
2024-03-22,BANKNIFTY,46863.75,46684.9,46929.0,46794.65,0.0099,0.0099,0.0099,0.1894
2024-03-22,FINNIFTY,20783.55,20714.8,20805.2,20758.3,0.0094,0.0094,0.0094,0.1799
2024-03-22,MIDCPNIFTY,10402.1,10425.05,10442.45,10442.35,0.0104,0.0109,0.0109,0.2082
2024-03-22,NIFTY,22096.75,22011.95,22165.45,22102.5,0.0077,0.0077,0.0077,0.1465
2024-03-26,BANKNIFTY,46600.2,46863.75,46717.55,46929.0,0.0099,0.0099,0.0099,0.189
2024-03-26,FINNIFTY,20705.95,20783.55,20923.65,20964.35,0.0094,0.0094,0.0094,0.1795
2024-03-26,MIDCPNIFTY,10498.75,10402.1,10540.9,10442.45,0.0104,0.0109,0.0109,0.208
2024-03-26,NIFTY,22004.7,22096.75,22088.55,22165.45,0.0076,0.0077,0.0077,0.1462
2024-03-27,BANKNIFTY,46785.95,46600.2,47224.25,47135.0,0.0099,0.0099,0.0099,0.1886
2024-03-27,FINNIFTY,20792.4,20705.95,20978.25,20923.65,0.0094,0.0094,0.0094,0.1791
2024-03-27,MIDCPNIFTY,10494.85,10498.75,10528.95,10540.9,0.0104,0.0109,0.0109,0.2075
2024-03-27,NIFTY,22123.65,22004.7,22167.05,22088.55,0.0076,0.0076,0.0076,0.1459
2024-03-28,BANKNIFTY,47124.6,46785.95,47545.15,47224.25,0.0099,0.0099,0.0099,0.1883
2024-03-28,FINNIFTY,20989.1,20792.4,21154.05,20978.25,0.0094,0.0094,0.0094,0.179
2024-03-28,MIDCPNIFTY,10525.3,10494.85,10549.6,10528.95,0.0103,0.0108,0.0108,0.207
2024-03-28,NIFTY,22326.9,22123.65,22488.2,22331.8,0.0076,0.0076,0.0076,0.146
2024-04-01,BANKNIFTY,47578.25,47124.6,47913.7,47545.15,0.0099,0.0098,0.0099,0.1883
2024-04-01,FINNIFTY,21198.4,20989.1,21348.5,21154.05,0.0094,0.0094,0.0094,0.179
2024-04-01,MIDCPNIFTY,10689.45,10525.3,10718.2,10549.6,0.0104,0.0109,0.0109,0.2076
2024-04-01,NIFTY,22462.0,22326.9,22602.6,22488.2,0.0076,0.0076,0.0076,0.1458
2024-04-02,BANKNIFTY,47545.45,47578.25,47892.9,47913.7,0.0098,0.0098,0.0098,0.1878
2024-04-02,FINNIFTY,21150.95,21198.4,21301.5,21348.5,0.0093,0.0093,0.0093,0.1785
2024-04-02,MIDCPNIFTY,10777.2,10689.45,10809.1,10718.2,0.0103,0.0109,0.0109,0.2074
2024-04-02,NIFTY,22453.3,22462.0,22577.5,22602.6,0.0076,0.0076,0.0076,0.1455
2024-04-03,BANKNIFTY,47624.25,47545.45,47912.3,47892.9,0.0098,0.0098,0.0098,0.1874
2024-04-03,FINNIFTY,21197.25,21150.95,21316.85,21301.5,0.0093,0.0093,0.0093,0.1781
2024-04-03,MIDCPNIFTY,10814.6,10777.2,10834.75,10809.1,0.0103,0.0108,0.0108,0.2069
2024-04-03,NIFTY,22434.65,22453.3,22542.6,22577.5,0.0076,0.0076,0.0076,0.1451
2024-04-04,BANKNIFTY,48060.8,47624.25,48199.1,47912.3,0.0098,0.0098,0.0098,0.1873
2024-04-04,FINNIFTY,21373.5,21197.25,21449.95,21316.85,0.0093,0.0093,0.0093,0.178
2024-04-04,MIDCPNIFTY,10818.75,10814.6,10834.2,10834.75,0.0103,0.0108,0.0108,0.2064
2024-04-04,NIFTY,22514.65,22434.65,22612.25,22542.6,0.0076,0.0076,0.0076,0.1448
2024-04-05,BANKNIFTY,48493.05,48060.8,48658.1,48199.1,0.0098,0.0098,0.0098,0.1872
2024-04-05,FINNIFTY,21556.65,21373.5,21613.6,21449.95,0.0093,0.0093,0.0093,0.1779
2024-04-05,MIDCPNIFTY,10864.95,10818.75,10867.45,10834.2,0.0103,0.0108,0.0108,0.2059
2024-04-05,NIFTY,22513.7,22514.65,22595.5,22612.25,0.0076,0.0076,0.0076,0.1444
2024-04-08,BANKNIFTY,48581.7,48493.05,48691.15,48658.1,0.0098,0.0098,0.0098,0.1868
2024-04-08,FINNIFTY,21604.5,21556.65,21661.9,21613.6,0.0093,0.0093,0.0093,0.1775
2024-04-08,MIDCPNIFTY,10866.5,10864.95,10877.95,10867.45,0.0103,0.0108,0.0108,0.2054
2024-04-08,NIFTY,22666.3,22513.7,22748.5,22595.5,0.0076,0.0076,0.0076,0.1444
2024-04-09,BANKNIFTY,48730.55,48581.7,48799.85,48691.15,0.0098,0.0097,0.0098,0.1864
2024-04-09,FINNIFTY,21682.2,21604.5,21715.7,21661.9,0.0093,0.0093,0.0093,0.1771
2024-04-09,MIDCPNIFTY,10873.9,10866.5,10878.25,10877.95,0.0102,0.0107,0.0107,0.2049
2024-04-09,NIFTY,22642.75,22666.3,22735.35,22748.5,0.0075,0.0075,0.0075,0.144
2024-04-10,BANKNIFTY,48986.6,48730.55,49019.05,48799.85,0.0097,0.0097,0.0097,0.186
2024-04-10,FINNIFTY,21717.7,21682.2,21755.85,21715.7,0.0092,0.0092,0.0092,0.1767
2024-04-10,MIDCPNIFTY,10979.2,10873.9,10979.0,10878.25,0.0102,0.0107,0.0107,0.2047
2024-04-10,NIFTY,22753.8,22642.75,22812.4,22735.35,0.0075,0.0075,0.0075,0.1438
2024-04-12,BANKNIFTY,48564.55,48986.6,48714.1,49019.05,0.0097,0.0097,0.0097,0.1859
2024-04-12,FINNIFTY,21521.8,21717.7,21589.65,21755.85,0.0092,0.0092,0.0092,0.1767
2024-04-12,MIDCPNIFTY,10939.3,10979.2,10927.65,10979.0,0.0102,0.0107,0.0107,0.2043
2024-04-12,NIFTY,22519.4,22753.8,22601.45,22812.4,0.0075,0.0075,0.0075,0.1441
2024-04-15,BANKNIFTY,47773.25,48564.55,47851.15,48714.1,0.0098,0.0098,0.0098,0.1868
2024-04-15,FINNIFTY,21146.0,21521.8,21190.8,21589.65,0.0093,0.0093,0.0093,0.1778
2024-04-15,MIDCPNIFTY,10801.1,10939.3,10793.25,10927.65,0.0102,0.0107,0.0107,0.2045
2024-04-15,NIFTY,22272.5,22519.4,22357.3,22601.45,0.0076,0.0075,0.0076,0.1445
2024-04-16,BANKNIFTY,47484.8,47773.25,47660.95,47851.15,0.0098,0.0097,0.0098,0.1865
2024-04-16,FINNIFTY,21099.25,21146.0,21183.15,21190.8,0.0093,0.0093,0.0093,0.1774
2024-04-16,MIDCPNIFTY,10758.9,10801.1,10752.4,10793.25,0.0102,0.0107,0.0107,0.2041
2024-04-16,NIFTY,22147.9,22272.5,22200.75,22357.3,0.0076,0.0075,0.0076,0.1444
2024-04-18,BANKNIFTY,47069.45,47484.8,47175.05,47660.95,0.0098,0.0097,0.0098,0.1864
2024-04-18,FINNIFTY,20899.45,21099.25,20979.35,21183.15,0.0093,0.0093,0.0093,0.1774
2024-04-18,MIDCPNIFTY,10746.1,10758.9,10744.65,10752.4,0.0102,0.0107,0.0107,0.2035
2024-04-18,NIFTY,21995.85,22147.9,22055.2,22200.75,0.0076,0.0075,0.0076,0.1443
2024-04-19,BANKNIFTY,47574.15,47069.45,47575.6,47175.05,0.0098,0.0097,0.0098,0.1865
2024-04-19,FINNIFTY,21173.0,20899.45,21198.5,20979.35,0.0093,0.0093,0.0093,0.1778
2024-04-19,MIDCPNIFTY,10667.6,10746.1,10658.25,10744.65,0.0102,0.0106,0.0106,0.2033
2024-04-19,NIFTY,22147.0,21995.85,22128.7,22055.2,0.0075,0.0075,0.0075,0.1442
2024-04-22,BANKNIFTY,47924.9,47574.15,47989.1,47575.6,0.0098,0.0097,0.0098,0.1863
2024-04-22,FINNIFTY,21326.5,21173.0,21371.45,21198.5,0.0093,0.0093,0.0093,0.1777
2024-04-22,MIDCPNIFTY,10701.25,10667.6,10718.7,10658.25,0.0101,0.0106,0.0106,0.203
2024-04-22,NIFTY,22336.4,22147.0,22358.2,22128.7,0.0076,0.0075,0.0076,0.1443
2024-04-23,BANKNIFTY,47970.45,47924.9,47991.65,47989.1,0.0097,0.0097,0.0097,0.1858
2024-04-23,FINNIFTY,21334.2,21326.5,21356.0,21371.45,0.0093,0.0093,0.0093,0.1772
2024-04-23,MIDCPNIFTY,10781.65,10701.25,10797.4,10718.7,0.0101,0.0106,0.0106,0.2027
2024-04-23,NIFTY,22368.0,22336.4,22371.05,22358.2,0.0075,0.0075,0.0075,0.144
2024-04-24,BANKNIFTY,48189.0,47970.45,48350.3,48124.75,0.0097,0.0097,0.0097,0.1855
2024-04-24,FINNIFTY,21442.6,21334.2,21455.0,21356.0,0.0093,0.0092,0.0093,0.1769
2024-04-24,MIDCPNIFTY,10836.2,10781.65,10841.15,10797.4,0.0101,0.0106,0.0106,0.2023
2024-04-24,NIFTY,22402.4,22368.0,22414.7,22371.05,0.0075,0.0075,0.0075,0.1436
2024-04-24,NIFTYNXT50,63277.4,62798.55,63977.6,63277.0,0.0097,0.0097,0.0097,0.1855
2024-04-25,BANKNIFTY,48494.95,48189.0,48632.4,48350.3,0.0097,0.0097,0.0097,0.1852
2024-04-25,FINNIFTY,21545.35,21442.6,21557.35,21455.0,0.0092,0.0092,0.0092,0.1766
2024-04-25,MIDCPNIFTY,10882.6,10836.2,10894.25,10841.15,0.0101,0.0106,0.0106,0.2019
2024-04-25,NIFTY,22570.35,22402.4,22653.95,22509.75,0.0075,0.0075,0.0075,0.1436
2024-04-25,NIFTYNXT50,63704.45,63277.4,64178.15,63977.6,0.0097,0.0097,0.0097,0.185
2024-04-26,BANKNIFTY,48201.05,48494.95,48379.85,48632.4,0.0097,0.0097,0.0097,0.1849
2024-04-26,FINNIFTY,21354.05,21545.35,21362.9,21557.35,0.0092,0.0092,0.0092,0.1766
2024-04-26,MIDCPNIFTY,10973.75,10882.6,10980.25,10894.25,0.0101,0.0106,0.0106,0.2016
2024-04-26,NIFTY,22419.95,22570.35,22556.0,22653.95,0.0075,0.0075,0.0075,0.1436
2024-04-26,NIFTYNXT50,64134.55,63704.45,64613.8,64178.15,0.0097,0.0097,0.0097,0.1848
2024-04-29,BANKNIFTY,49424.05,48201.05,49549.75,48379.85,0.0098,0.0098,0.0098,0.1876
2024-04-29,FINNIFTY,21811.2,21354.05,21821.35,21362.9,0.0093,0.0093,0.0093,0.1784
2024-04-29,MIDCPNIFTY,11040.1,10973.75,11129.6,11008.4,0.0101,0.0106,0.0106,0.2017
2024-04-29,NIFTY,22643.4,22419.95,22750.55,22556.0,0.0075,0.0075,0.0075,0.1438
2024-04-29,NIFTYNXT50,64488.05,64134.55,64849.3,64613.8,0.0096,0.0097,0.0097,0.1844
2024-04-30,BANKNIFTY,49396.75,49424.05,49450.55,49549.75,0.0098,0.0098,0.0098,0.1871
2024-04-30,FINNIFTY,21841.15,21811.2,21844.25,21860.55,0.0093,0.0093,0.0093,0.178
2024-04-30,MIDCPNIFTY,11059.75,11040.1,11116.8,11129.6,0.01,0.0105,0.0105,0.2012
2024-04-30,NIFTY,22604.85,22643.4,22718.3,22750.55,0.0075,0.0075,0.0075,0.1435
2024-04-30,NIFTYNXT50,64900.5,64488.05,65291.3,64849.3,0.0096,0.0096,0.0096,0.1842
2024-05-02,BANKNIFTY,49231.05,49396.75,49388.35,49450.55,0.0098,0.0097,0.0098,0.1867
2024-05-02,FINNIFTY,21873.7,21841.15,21927.2,21844.25,0.0093,0.0093,0.0093,0.1776
2024-05-02,MIDCPNIFTY,11129.65,11059.75,11193.5,11116.8,0.01,0.0105,0.0105,0.2009
2024-05-02,NIFTY,22648.2,22604.85,22773.95,22718.3,0.0075,0.0075,0.0075,0.1432
2024-05-02,NIFTYNXT50,66008.85,64900.5,66215.5,65291.3,0.0097,0.0097,0.0097,0.1851
2024-05-03,BANKNIFTY,48923.55,49231.05,49094.75,49388.35,0.0098,0.0097,0.0098,0.1864
2024-05-03,FINNIFTY,21797.4,21873.7,21892.75,21927.2,0.0093,0.0093,0.0093,0.1772
2024-05-03,MIDCPNIFTY,11063.95,11129.65,11111.8,11193.5,0.01,0.0105,0.0105,0.2006
2024-05-03,NIFTY,22475.85,22648.2,22575.2,22773.95,0.0075,0.0075,0.0075,0.1432
2024-05-03,NIFTYNXT50,65770.5,66008.85,66067.8,66215.5,0.0097,0.0096,0.0097,0.1847
2024-05-06,BANKNIFTY,48895.3,48923.55,49045.65,49094.75,0.0097,0.0097,0.0097,0.1859
2024-05-06,FINNIFTY,21743.7,21797.4,21814.25,21892.75,0.0093,0.0092,0.0093,0.1768
2024-05-06,MIDCPNIFTY,11044.7,11063.95,11086.65,11111.8,0.01,0.0105,0.0105,0.2002
2024-05-06,NIFTY,22442.7,22475.85,22550.15,22575.2,0.0075,0.0074,0.0075,0.1428
2024-05-06,NIFTYNXT50,64937.4,65770.5,65389.25,66067.8,0.0097,0.0096,0.0097,0.185
2024-05-07,BANKNIFTY,48285.35,48895.3,48349.05,49045.65,0.0097,0.0097,0.0097,0.1862
2024-05-07,FINNIFTY,21543.5,21743.7,21575.85,21814.25,0.0093,0.0092,0.0093,0.1768
2024-05-07,MIDCPNIFTY,10843.2,11044.7,10862.9,11086.65,0.01,0.0105,0.0105,0.2015
2024-05-07,NIFTY,22302.5,22442.7,22381.8,22550.15,0.0075,0.0074,0.0075,0.1427
2024-05-07,NIFTYNXT50,63937.35,64937.4,64446.3,65389.25,0.0097,0.0097,0.0097,0.1857
2024-05-08,BANKNIFTY,48021.1,48285.35,48175.9,48349.05,0.0097,0.0097,0.0097,0.1859
2024-05-08,FINNIFTY,21428.35,21543.5,21479.4,21575.85,0.0092,0.0092,0.0092,0.1765
2024-05-08,MIDCPNIFTY,10925.8,10843.2,10967.2,10862.9,0.01,0.0105,0.0105,0.2014
2024-05-08,NIFTY,22302.5,22302.5,22393.85,22381.8,0.0075,0.0074,0.0075,0.1424
2024-05-08,NIFTYNXT50,64784.25,63937.35,65049.0,64446.3,0.0097,0.0097,0.0097,0.1861
2024-05-09,BANKNIFTY,47487.9,48021.1,47669.2,48175.9,0.0097,0.0097,0.0097,0.1861
2024-05-09,FINNIFTY,21093.5,21428.35,21163.4,21479.4,0.0093,0.0093,0.0093,0.1773
2024-05-09,MIDCPNIFTY,10753.5,10925.8,10768.65,10967.2,0.0101,0.0106,0.0106,0.2025
2024-05-09,NIFTY,21957.5,22302.5,22075.8,22393.85,0.0075,0.0075,0.0075,0.1436
2024-05-09,NIFTYNXT50,63411.1,64784.25,63847.95,65049.0,0.0098,0.0097,0.0098,0.1879
2024-05-10,BANKNIFTY,47421.1,47487.9,47607.25,47669.2,0.0097,0.0097,0.0097,0.1856
2024-05-10,FINNIFTY,21094.15,21093.5,21175.75,21163.4,0.0093,0.0092,0.0093,0.1769
2024-05-10,MIDCPNIFTY,10877.6,10753.5,10896.1,10768.65,0.0101,0.0106,0.0106,0.2026
2024-05-10,NIFTY,22055.2,21957.5,22140.6,22075.8,0.0075,0.0075,0.0075,0.1433
2024-05-10,NIFTYNXT50,63934.2,63411.1,64214.25,63847.95,0.0098,0.0097,0.0098,0.1877
2024-05-13,BANKNIFTY,47754.1,47421.1,48003.7,47607.25,0.0097,0.0097,0.0097,0.1854
2024-05-13,FINNIFTY,21249.8,21094.15,21357.4,21175.75,0.0092,0.0092,0.0092,0.1767
2024-05-13,MIDCPNIFTY,11096.2,10877.6,11084.2,10896.1,0.0101,0.0106,0.0106,0.2034
2024-05-13,NIFTY,22104.05,22055.2,22201.1,22140.6,0.0075,0.0074,0.0075,0.143
2024-05-13,NIFTYNXT50,64354.4,63934.2,64783.8,64214.25,0.0098,0.0097,0.0098,0.1875
2024-05-14,BANKNIFTY,47859.45,47754.1,48091.65,48003.7,0.0097,0.0096,0.0097,0.185
2024-05-14,FINNIFTY,21254.55,21249.8,21368.35,21357.4,0.0092,0.0092,0.0092,0.1763
2024-05-14,MIDCPNIFTY,11132.6,11096.2,11150.1,11084.2,0.0101,0.0106,0.0106,0.203
2024-05-14,NIFTY,22217.85,22104.05,22308.7,22201.1,0.0075,0.0074,0.0075,0.1428
2024-05-14,NIFTYNXT50,65304.8,64354.4,65360.45,64783.8,0.0098,0.0097,0.0098,0.1881
2024-05-15,BANKNIFTY,47687.45,47859.45,47908.55,48091.65,0.0097,0.0096,0.0097,0.1846
2024-05-15,FINNIFTY,21186.0,21254.55,21289.1,21368.35,0.0092,0.0092,0.0092,0.1759
2024-05-15,MIDCPNIFTY,11167.45,11132.6,11188.75,11150.1,0.0101,0.0106,0.0106,0.2026
2024-05-15,NIFTY,22200.55,22217.85,22287.05,22308.7,0.0075,0.0074,0.0075,0.1425
2024-05-15,NIFTYNXT50,65643.7,65304.8,65550.25,65360.45,0.0098,0.0097,0.0098,0.1877
2024-05-16,BANKNIFTY,47977.05,47687.45,48092.35,47908.55,0.0096,0.0096,0.0096,0.1843
2024-05-16,FINNIFTY,21416.1,21186.0,21461.15,21289.1,0.0092,0.0092,0.0092,0.176
2024-05-16,MIDCPNIFTY,11276.75,11167.45,11287.7,11188.75,0.0101,0.0106,0.0106,0.2024
2024-05-16,NIFTY,22403.85,22200.55,22452.35,22287.05,0.0075,0.0074,0.0075,0.1426
2024-05-16,NIFTYNXT50,66320.2,65643.7,66310.15,65550.25,0.0098,0.0097,0.0098,0.1878
2024-05-17,BANKNIFTY,48115.65,47977.05,48195.1,48092.35,0.0096,0.0096,0.0096,0.1839
2024-05-17,FINNIFTY,21478.3,21416.1,21509.3,21461.15,0.0092,0.0092,0.0092,0.1756
2024-05-17,MIDCPNIFTY,11301.2,11276.75,11302.9,11287.7,0.0101,0.0106,0.0106,0.2019
2024-05-17,NIFTY,22466.1,22403.85,22497.7,22452.35,0.0074,0.0074,0.0074,0.1423
2024-05-17,NIFTYNXT50,67105.05,66320.2,66890.8,66310.15,0.0098,0.0097,0.0098,0.188
2024-05-21,BANKNIFTY,48048.2,48199.5,48153.1,48288.1,0.0096,0.0095,0.0096,0.183
2024-05-21,FINNIFTY,21438.2,21502.15,21487.55,21529.0,0.0092,0.0091,0.0092,0.1748
2024-05-21,MIDCPNIFTY,11339.35,11336.85,11336.15,11321.95,0.01,0.0105,0.0105,0.2009
2024-05-21,NIFTY,22529.05,22502.0,22605.9,22543.9,0.0074,0.0074,0.0074,0.1416
2024-05-21,NIFTYNXT50,68241.75,67657.0,67989.7,67350.9,0.0098,0.0097,0.0098,0.1877
2024-05-22,BANKNIFTY,47781.95,48048.2,47974.1,48153.1,0.0096,0.0095,0.0096,0.1827
2024-05-22,FINNIFTY,21326.7,21438.2,21398.05,21487.55,0.0091,0.0091,0.0091,0.1745
2024-05-22,MIDCPNIFTY,11355.6,11339.35,11356.3,11336.15,0.01,0.0105,0.0105,0.2004
2024-05-22,NIFTY,22597.8,22529.05,22657.95,22605.9,0.0074,0.0074,0.0074,0.1414
2024-05-22,NIFTYNXT50,68328.25,68241.75,68255.7,67989.7,0.0098,0.0097,0.0098,0.1872
2024-05-23,BANKNIFTY,48768.6,47781.95,48838.65,47974.1,0.0096,0.0096,0.0096,0.1843
2024-05-23,FINNIFTY,21731.65,21326.7,21764.55,21398.05,0.0092,0.0092,0.0092,0.1759
2024-05-23,MIDCPNIFTY,11420.1,11355.6,11421.0,11356.3,0.01,0.0105,0.0105,0.2001
2024-05-23,NIFTY,22967.65,22597.8,23002.7,22657.95,0.0075,0.0074,0.0075,0.1427
2024-05-23,NIFTYNXT50,68819.8,68328.25,68747.25,68255.7,0.0098,0.0097,0.0098,0.187
2024-05-24,BANKNIFTY,48971.65,48768.6,49045.15,48838.65,0.0096,0.0096,0.0096,0.184
2024-05-24,FINNIFTY,21852.3,21731.65,21867.25,21764.55,0.0092,0.0091,0.0092,0.1757
2024-05-24,MIDCPNIFTY,11458.25,11420.1,11467.05,11421.0,0.01,0.0105,0.0105,0.1997
2024-05-24,NIFTY,22957.1,22967.65,23019.6,23002.7,0.0074,0.0074,0.0074,0.1423
2024-05-24,NIFTYNXT50,69033.25,68819.8,69030.05,68747.25,0.0098,0.0096,0.0098,0.1866
2024-05-27,BANKNIFTY,49281.8,48971.65,49297.5,49045.15,0.0096,0.0095,0.0096,0.1837
2024-05-27,FINNIFTY,21965.6,21852.3,21981.1,21867.25,0.0092,0.0091,0.0092,0.1754
2024-05-27,MIDCPNIFTY,11673.05,11458.25,11706.2,11474.35,0.01,0.0105,0.0105,0.201
2024-05-27,NIFTY,22932.45,22957.1,22981.5,23019.6,0.0074,0.0074,0.0074,0.142
2024-05-27,NIFTYNXT50,69136.3,69033.25,69121.3,69030.05,0.0097,0.0096,0.0097,0.1862
2024-05-28,BANKNIFTY,49142.15,49281.8,49182.8,49297.5,0.0096,0.0095,0.0096,0.1833
2024-05-28,FINNIFTY,21982.15,21965.6,22188.25,22118.75,0.0092,0.0091,0.0092,0.1749
2024-05-28,MIDCPNIFTY,11582.7,11673.05,11611.7,11706.2,0.01,0.0105,0.0105,0.2008
2024-05-28,NIFTY,22888.15,22932.45,22937.25,22981.5,0.0074,0.0074,0.0074,0.1417
2024-05-28,NIFTYNXT50,68545.6,69136.3,68442.35,69121.3,0.0097,0.0096,0.0097,0.186
2024-05-29,BANKNIFTY,48501.35,49142.15,49011.15,49530.25,0.0096,0.0095,0.0096,0.1837
2024-05-29,FINNIFTY,21620.45,21982.15,21838.65,22188.25,0.0092,0.0092,0.0092,0.1759
2024-05-29,MIDCPNIFTY,11525.8,11582.7,11572.65,11611.7,0.01,0.0105,0.0105,0.2003
2024-05-29,NIFTY,22704.7,22888.15,22743.8,22937.25,0.0074,0.0074,0.0074,0.1417
2024-05-29,NIFTYNXT50,68070.5,68545.6,68110.75,68442.35,0.0097,0.0096,0.0097,0.1858
2024-05-30,BANKNIFTY,48682.35,48501.35,49037.4,49011.15,0.0096,0.0095,0.0096,0.1833
2024-05-30,FINNIFTY,21597.3,21620.45,21762.5,21838.65,0.0092,0.0091,0.0092,0.1755
2024-05-30,MIDCPNIFTY,11338.55,11525.8,11384.9,11572.65,0.01,0.0105,0.0105,0.201
2024-05-30,NIFTY,22488.65,22704.7,22627.35,22863.0,0.0074,0.0074,0.0074,0.1419
2024-05-30,NIFTYNXT50,67358.2,68070.5,67555.15,68110.75,0.0097,0.0096,0.0097,0.1859
2024-05-31,BANKNIFTY,48983.95,48682.35,49352.35,49037.4,0.0096,0.0095,0.0096,0.183
2024-05-31,FINNIFTY,21718.3,21597.3,21896.85,21762.5,0.0092,0.0091,0.0092,0.1752
2024-05-31,MIDCPNIFTY,11358.1,11338.55,11414.65,11384.9,0.01,0.0105,0.0105,0.2006
2024-05-31,NIFTY,22530.7,22488.65,22700.7,22627.35,0.0074,0.0074,0.0074,0.1416
2024-05-31,NIFTYNXT50,67527.65,67358.2,67867.55,68077.45,0.0097,0.0096,0.0097,0.1855
2024-06-03,BANKNIFTY,50979.95,48983.95,51283.05,49352.35,0.01,0.0098,0.01,0.1904
2024-06-03,FINNIFTY,22596.4,21718.3,22780.85,21896.85,0.0096,0.0095,0.0096,0.1828
2024-06-03,MIDCPNIFTY,11723.55,11358.1,11795.15,11414.65,0.0102,0.0107,0.0107,0.2049
2024-06-03,NIFTY,23263.9,22530.7,23407.9,22700.7,0.0077,0.0077,0.0077,0.1477
2024-06-03,NIFTYNXT50,70620.25,67527.65,70952.75,67867.55,0.0102,0.01,0.0102,0.1946
2024-06-04,BANKNIFTY,46928.6,50979.95,47088.55,51283.05,0.0115,0.0115,0.0115,0.2204
2024-06-04,FINNIFTY,20819.5,22596.4,20946.8,22780.85,0.0112,0.0112,0.0112,0.214
2024-06-04,MIDCPNIFTY,10841.0,11723.55,10812.1,11795.15,0.0116,0.0123,0.0123,0.2358
2024-06-04,NIFTY,21884.5,23263.9,21908.15,23407.9,0.0088,0.009,0.009,0.1712
2024-06-04,NIFTYNXT50,64022.15,70620.25,64295.1,70952.75,0.0123,0.0122,0.0123,0.2351
2024-06-05,BANKNIFTY,49054.6,46928.6,49117.65,47088.55,0.0119,0.0119,0.0119,0.2278
2024-06-05,FINNIFTY,21682.6,20819.5,21713.3,20946.8,0.0115,0.0115,0.0115,0.2197
2024-06-05,MIDCPNIFTY,11455.8,10841.0,11448.5,10812.1,0.0122,0.013,0.013,0.2476
2024-06-05,NIFTY,22620.35,21884.5,22642.9,21908.15,0.0091,0.0092,0.0092,0.1765
2024-06-05,NIFTYNXT50,66835.4,64022.15,67016.65,64295.1,0.0126,0.0125,0.0126,0.2416
2024-06-06,BANKNIFTY,49291.9,49054.6,49435.75,49117.65,0.0119,0.0119,0.0119,0.2274
2024-06-06,FINNIFTY,21894.9,21682.6,21953.7,21713.3,0.0115,0.0115,0.0115,0.2195
2024-06-06,MIDCPNIFTY,11589.6,11455.8,11596.6,11448.5,0.0122,0.013,0.013,0.2476
2024-06-06,NIFTY,22821.4,22620.35,22899.5,22642.9,0.0091,0.0093,0.0093,0.1767
2024-06-06,NIFTYNXT50,68224.45,66835.4,68522.6,67016.65,0.0127,0.0126,0.0127,0.2426
2024-06-07,BANKNIFTY,49803.2,49291.9,49908.95,49435.75,0.0119,0.0118,0.0119,0.2272
2024-06-07,FINNIFTY,22165.8,21894.9,22221.35,21953.7,0.0115,0.0115,0.0115,0.2196
2024-06-07,MIDCPNIFTY,11756.25,11589.6,11770.6,11596.6,0.0122,0.013,0.013,0.2478
2024-06-07,NIFTY,23290.15,22821.4,23325.15,22899.5,0.0092,0.0093,0.0093,0.1781
2024-06-07,NIFTYNXT50,69222.25,68224.45,69449.95,68522.6,0.0127,0.0126,0.0127,0.2427
2024-06-10,BANKNIFTY,49780.9,49803.2,49732.2,49908.95,0.0119,0.0118,0.0119,0.2267
2024-06-10,FINNIFTY,22154.85,22165.8,22132.35,22221.35,0.0115,0.0114,0.0115,0.2191
2024-06-10,MIDCPNIFTY,11691.8,11756.25,11681.15,11770.6,0.0122,0.0129,0.0129,0.2474
2024-06-10,NIFTY,23259.2,23290.15,23247.15,23325.15,0.0092,0.0093,0.0093,0.1777
2024-06-10,NIFTYNXT50,69744.6,69222.25,69747.1,69449.95,0.0127,0.0126,0.0127,0.2424
2024-06-11,BANKNIFTY,49705.75,49780.9,49768.75,49732.2,0.0118,0.0118,0.0118,0.2261
2024-06-11,FINNIFTY,22125.45,22154.85,22181.3,22132.35,0.0114,0.0114,0.0114,0.2185
2024-06-11,MIDCPNIFTY,11769.6,11691.8,11765.05,11681.15,0.0122,0.0129,0.0129,0.2469
2024-06-11,NIFTY,23264.85,23259.2,23309.8,23247.15,0.0092,0.0093,0.0093,0.1773
2024-06-11,NIFTYNXT50,69678.7,69744.6,69889.4,69747.1,0.0127,0.0125,0.0127,0.2418
2024-06-12,BANKNIFTY,49895.1,49705.75,49914.95,49768.75,0.0118,0.0118,0.0118,0.2256
2024-06-12,FINNIFTY,22232.4,22125.45,22268.6,22181.3,0.0114,0.0114,0.0114,0.2181
2024-06-12,MIDCPNIFTY,11892.3,11769.6,11886.9,11765.05,0.0122,0.0129,0.0129,0.2467
2024-06-12,NIFTY,23322.95,23264.85,23355.1,23309.8,0.0091,0.0093,0.0093,0.1768
2024-06-12,NIFTYNXT50,70202.15,69678.7,70202.8,69889.4,0.0126,0.0125,0.0126,0.2414
2024-06-13,BANKNIFTY,49846.7,49895.1,49912.65,49914.95,0.0118,0.0117,0.0118,0.225
2024-06-13,FINNIFTY,22296.7,22232.4,22337.7,22268.6,0.0114,0.0114,0.0114,0.2176
2024-06-13,MIDCPNIFTY,11947.45,11892.3,11945.95,11886.9,0.0122,0.0129,0.0129,0.2462
2024-06-13,NIFTY,23398.9,23322.95,23399.25,23355.1,0.0091,0.0092,0.0092,0.1764
2024-06-13,NIFTYNXT50,70842.55,70202.15,70852.55,70202.8,0.0126,0.0125,0.0126,0.2411
2024-06-14,BANKNIFTY,50002.0,49846.7,50042.4,49912.65,0.0118,0.0117,0.0118,0.2245
2024-06-14,FINNIFTY,22411.95,22296.7,22431.95,22337.7,0.0114,0.0113,0.0114,0.2171
2024-06-14,MIDCPNIFTY,12053.2,11947.45,12044.95,11945.95,0.0121,0.0129,0.0129,0.2458
2024-06-14,NIFTY,23465.6,23398.9,23466.65,23399.25,0.0091,0.0092,0.0092,0.176
2024-06-14,NIFTYNXT50,71892.15,70842.55,71878.45,70852.55,0.0126,0.0125,0.0126,0.2413
2024-06-18,BANKNIFTY,50440.9,50002.0,50417.35,50042.4,0.0117,0.0117,0.0117,0.2243
2024-06-18,FINNIFTY,22585.35,22411.95,22580.4,22431.95,0.0113,0.0113,0.0113,0.2168
2024-06-18,MIDCPNIFTY,12115.65,12053.2,12113.45,12044.95,0.0121,0.0128,0.0128,0.2453
2024-06-18,NIFTY,23557.9,23465.6,23568.1,23466.65,0.0091,0.0092,0.0092,0.1757
2024-06-18,NIFTYNXT50,72345.7,71892.15,72356.35,71878.45,0.0126,0.0125,0.0126,0.2408
2024-06-19,BANKNIFTY,51398.05,50440.9,51353.4,50417.35,0.0118,0.0117,0.0118,0.2251
2024-06-19,FINNIFTY,22943.95,22585.35,22944.15,22580.4,0.0114,0.0113,0.0114,0.2173
2024-06-19,MIDCPNIFTY,12003.85,12115.65,12001.95,12113.45,0.0121,0.0128,0.0128,0.245
2024-06-19,NIFTY,23516.0,23557.9,23503.6,23568.1,0.0091,0.0092,0.0092,0.1753
2024-06-19,NIFTYNXT50,71536.7,72345.7,71506.0,72356.35,0.0126,0.0125,0.0126,0.2407
2024-06-20,BANKNIFTY,51783.25,51398.05,51755.1,51353.4,0.0118,0.0117,0.0118,0.2248
2024-06-20,FINNIFTY,23035.3,22943.95,23024.8,22944.15,0.0114,0.0113,0.0114,0.2169
2024-06-20,MIDCPNIFTY,12139.05,12003.85,12139.55,12001.95,0.0121,0.0128,0.0128,0.2449
2024-06-20,NIFTY,23567.0,23516.0,23582.5,23503.6,0.009,0.0092,0.0092,0.1749
2024-06-20,NIFTYNXT50,71632.2,71536.7,71626.9,71506.0,0.0126,0.0124,0.0126,0.2401
2024-06-21,BANKNIFTY,51661.45,51783.25,51613.35,51755.1,0.0117,0.0117,0.0117,0.2243
2024-06-21,FINNIFTY,22991.55,23035.3,22980.5,23024.8,0.0113,0.0113,0.0113,0.2163
2024-06-21,MIDCPNIFTY,12164.8,12139.05,12169.15,12139.55,0.0121,0.0128,0.0128,0.2443
2024-06-21,NIFTY,23501.1,23567.0,23487.3,23582.5,0.009,0.0091,0.0091,0.1745
2024-06-21,NIFTYNXT50,71111.8,71632.2,71066.05,71626.9,0.0125,0.0124,0.0125,0.2397
2024-06-24,BANKNIFTY,51703.95,51661.45,51751.05,51613.35,0.0117,0.0117,0.0117,0.2237
2024-06-24,FINNIFTY,23071.25,22991.55,23091.2,22980.5,0.0113,0.0113,0.0113,0.2158
2024-06-24,MIDCPNIFTY,12275.9,12164.8,12303.65,12163.35,0.0121,0.0128,0.0128,0.2442
2024-06-24,NIFTY,23537.85,23501.1,23543.2,23487.3,0.009,0.0091,0.0091,0.1741
2024-06-24,NIFTYNXT50,71642.25,71111.8,71571.0,71066.05,0.0125,0.0124,0.0125,0.2393
2024-06-25,BANKNIFTY,52606.0,51703.95,52626.85,51751.05,0.0117,0.0117,0.0117,0.2244
2024-06-25,FINNIFTY,23510.65,23071.25,23564.55,23176.9,0.0113,0.0113,0.0113,0.2168
2024-06-25,MIDCPNIFTY,12282.1,12275.9,12291.6,12303.65,0.012,0.0127,0.0127,0.2436
2024-06-25,NIFTY,23721.3,23537.85,23731.25,23543.2,0.009,0.0091,0.0091,0.174
2024-06-25,NIFTYNXT50,71360.85,71642.25,71621.1,71571.0,0.0125,0.0124,0.0125,0.2388
2024-06-26,BANKNIFTY,52870.5,52606.0,52877.1,52675.6,0.0117,0.0117,0.0117,0.2239
2024-06-26,FINNIFTY,23592.7,23510.65,23650.85,23564.55,0.0113,0.0113,0.0113,0.2163
2024-06-26,MIDCPNIFTY,12251.05,12282.1,12273.15,12291.6,0.012,0.0127,0.0127,0.243
2024-06-26,NIFTY,23868.8,23721.3,23867.95,23731.25,0.009,0.0091,0.0091,0.1738
2024-06-26,NIFTYNXT50,71235.8,71360.85,71480.7,71621.1,0.0125,0.0123,0.0125,0.2382
2024-06-27,BANKNIFTY,52811.3,52870.5,52905.6,52877.1,0.0117,0.0116,0.0117,0.2233
2024-06-27,FINNIFTY,23624.85,23592.7,23682.3,23650.85,0.0113,0.0112,0.0113,0.2158
2024-06-27,MIDCPNIFTY,12256.85,12251.05,12270.0,12273.15,0.012,0.0127,0.0127,0.2424
2024-06-27,NIFTY,24044.5,23868.8,24095.85,23972.5,0.009,0.0091,0.0091,0.1735
2024-06-27,NIFTYNXT50,71340.65,71235.8,71328.6,71480.7,0.0124,0.0123,0.0124,0.2376
2024-06-28,BANKNIFTY,52342.25,52811.3,52529.7,52905.6,0.0117,0.0116,0.0117,0.2231
2024-06-28,FINNIFTY,23420.3,23624.85,23541.4,23682.3,0.0113,0.0112,0.0113,0.2156
2024-06-28,MIDCPNIFTY,12250.8,12256.85,12239.4,12270.0,0.0119,0.0127,0.0127,0.2418
2024-06-28,NIFTY,24010.6,24044.5,24132.25,24095.85,0.009,0.0091,0.0091,0.173
2024-06-28,NIFTYNXT50,71523.45,71340.65,71646.25,71322.55,0.0124,0.0123,0.0124,0.237
2024-07-01,BANKNIFTY,52574.75,52342.25,52709.1,52529.7,0.0117,0.0116,0.0117,0.2226
2024-07-01,FINNIFTY,23631.05,23420.3,23711.1,23541.4,0.0113,0.0112,0.0113,0.2154
2024-07-01,MIDCPNIFTY,12277.1,12250.8,12308.65,12239.4,0.0119,0.0126,0.0126,0.2413
2024-07-01,NIFTY,24141.95,24010.6,24206.25,24132.25,0.0089,0.009,0.009,0.1727
2024-07-01,NIFTYNXT50,72197.25,71523.45,72227.2,71646.25,0.0124,0.0123,0.0124,0.2368
2024-07-02,BANKNIFTY,52168.1,52574.75,52368.5,52709.1,0.0116,0.0116,0.0116,0.2223
2024-07-02,FINNIFTY,23500.85,23631.05,23594.1,23711.1,0.0113,0.0112,0.0113,0.2149
2024-07-02,MIDCPNIFTY,12217.25,12277.1,12217.6,12308.65,0.0119,0.0126,0.0126,0.2409
2024-07-02,NIFTY,24123.85,24141.95,24203.15,24206.25,0.0089,0.009,0.009,0.1722
2024-07-02,NIFTYNXT50,71807.5,72197.25,71909.25,72227.2,0.0124,0.0122,0.0124,0.2363
2024-07-03,BANKNIFTY,53089.25,52168.1,53091.65,52368.5,0.0117,0.0116,0.0117,0.223
2024-07-03,FINNIFTY,23923.75,23500.85,23943.85,23594.1,0.0113,0.0112,0.0113,0.2158
2024-07-03,MIDCPNIFTY,12299.15,12217.25,12310.4,12217.6,0.0119,0.0126,0.0126,0.2405
2024-07-03,NIFTY,24286.5,24123.85,24350.4,24203.15,0.0089,0.009,0.009,0.172
2024-07-03,NIFTYNXT50,72584.95,71807.5,72669.0,71909.25,0.0124,0.0122,0.0124,0.2362
2024-07-04,BANKNIFTY,53103.7,53089.25,53166.2,53091.65,0.0116,0.0116,0.0116,0.2225
2024-07-04,FINNIFTY,23879.7,23923.75,23928.25,23943.85,0.0113,0.0112,0.0113,0.2152
2024-07-04,MIDCPNIFTY,12435.9,12299.15,12441.9,12310.4,0.0119,0.0126,0.0126,0.2404
2024-07-04,NIFTY,24302.15,24286.5,24359.45,24350.4,0.0089,0.009,0.009,0.1716
2024-07-04,NIFTYNXT50,72928.25,72584.95,72862.2,72669.0,0.0123,0.0122,0.0123,0.2357
2024-07-05,BANKNIFTY,52660.35,53103.7,52724.1,53166.2,0.0116,0.0115,0.0116,0.2222
2024-07-05,FINNIFTY,23641.75,23879.7,23700.15,23928.25,0.0113,0.0112,0.0113,0.2151
2024-07-05,MIDCPNIFTY,12520.35,12435.9,12520.7,12441.9,0.0118,0.0126,0.0126,0.2399
2024-07-05,NIFTY,24323.85,24302.15,24379.4,24359.45,0.0089,0.009,0.009,0.1711
2024-07-05,NIFTYNXT50,73426.55,72928.25,73450.85,72862.2,0.0123,0.0122,0.0123,0.2352
2024-07-08,BANKNIFTY,52425.8,52660.35,52560.5,52724.1,0.0116,0.0115,0.0116,0.2217
2024-07-08,FINNIFTY,23586.75,23641.75,23638.9,23700.15,0.0112,0.0111,0.0112,0.2146
2024-07-08,MIDCPNIFTY,12373.75,12520.35,12385.05,12520.7,0.0118,0.0125,0.0125,0.2398
2024-07-08,NIFTY,24320.55,24323.85,24375.6,24379.4,0.0088,0.0089,0.0089,0.1707
2024-07-08,NIFTYNXT50,73508.8,73426.55,73618.45,73450.85,0.0123,0.0122,0.0123,0.2347
2024-07-09,BANKNIFTY,52568.8,52425.8,52615.75,52560.5,0.0116,0.0115,0.0116,0.2212
2024-07-09,FINNIFTY,23662.6,23586.75,23715.5,23638.9,0.0112,0.0111,0.0112,0.2141
2024-07-09,MIDCPNIFTY,12410.85,12373.75,12440.1,12385.05,0.0118,0.0125,0.0125,0.2392
2024-07-09,NIFTY,24433.2,24320.55,24485.65,24375.6,0.0088,0.0089,0.0089,0.1704
2024-07-09,NIFTYNXT50,73863.6,73508.8,73857.35,73618.45,0.0123,0.0121,0.0123,0.2342
2024-07-10,BANKNIFTY,52189.3,52568.8,52318.6,52615.75,0.0116,0.0115,0.0116,0.2208
2024-07-10,FINNIFTY,23599.1,23662.6,23653.05,23715.5,0.0112,0.0111,0.0112,0.2136
2024-07-10,MIDCPNIFTY,12392.25,12410.85,12399.75,12440.1,0.0118,0.0125,0.0125,0.2387
2024-07-10,NIFTY,24324.45,24433.2,24355.05,24485.65,0.0088,0.0089,0.0089,0.1701
2024-07-10,NIFTYNXT50,73897.5,73863.6,73892.4,73857.35,0.0122,0.0121,0.0122,0.2336
2024-07-11,BANKNIFTY,52270.65,52189.3,52439.45,52318.6,0.0115,0.0114,0.0115,0.2203
2024-07-11,FINNIFTY,23599.45,23599.1,23663.0,23653.05,0.0112,0.0111,0.0112,0.2131
2024-07-11,MIDCPNIFTY,12424.15,12392.25,12417.95,12399.75,0.0118,0.0125,0.0125,0.2381
2024-07-11,NIFTY,24315.95,24324.45,24382.65,24355.05,0.0088,0.0089,0.0089,0.1697
2024-07-11,NIFTYNXT50,74059.2,73897.5,74035.1,73892.4,0.0122,0.0121,0.0122,0.233
2024-07-12,BANKNIFTY,52278.9,52270.65,52366.9,52439.45,0.0115,0.0114,0.0115,0.2197
2024-07-12,FINNIFTY,23604.4,23599.45,23634.2,23663.0,0.0111,0.011,0.0111,0.2125
2024-07-12,MIDCPNIFTY,12459.6,12424.15,12434.15,12417.95,0.0117,0.0124,0.0124,0.2375
2024-07-12,NIFTY,24502.15,24315.95,24521.6,24382.65,0.0088,0.0089,0.0089,0.1695
2024-07-12,NIFTYNXT50,73732.1,74059.2,73779.05,74035.1,0.0122,0.012,0.0122,0.2325
2024-07-15,BANKNIFTY,52455.9,52278.9,52630.15,52366.9,0.0115,0.0114,0.0115,0.2192
2024-07-15,FINNIFTY,23691.85,23604.4,23753.85,23634.2,0.0111,0.011,0.0111,0.2121
2024-07-15,MIDCPNIFTY,12525.15,12459.6,12505.55,12434.15,0.0117,0.0124,0.0124,0.237
2024-07-15,NIFTY,24586.7,24502.15,24621.7,24521.6,0.0088,0.0089,0.0089,0.1691
2024-07-15,NIFTYNXT50,74367.35,73732.1,74269.05,73779.05,0.0122,0.012,0.0122,0.2322
2024-07-16,BANKNIFTY,52396.8,52455.9,52529.05,52630.15,0.0114,0.0114,0.0114,0.2187
2024-07-16,FINNIFTY,23648.35,23691.85,23705.8,23753.85,0.0111,0.011,0.0111,0.2115
2024-07-16,MIDCPNIFTY,12546.0,12525.15,12541.35,12505.55,0.0117,0.0124,0.0124,0.2365
2024-07-16,NIFTY,24613.0,24586.7,24644.45,24621.7,0.0087,0.0088,0.0088,0.1687
2024-07-16,NIFTYNXT50,73921.7,74367.35,73997.9,74269.05,0.0121,0.012,0.0121,0.2318
2024-07-18,BANKNIFTY,52620.7,52396.8,52670.35,52529.05,0.0114,0.0113,0.0114,0.2182
2024-07-18,FINNIFTY,23783.5,23648.35,23802.15,23705.8,0.0111,0.011,0.0111,0.2112
2024-07-18,MIDCPNIFTY,12473.6,12546.0,12477.1,12541.35,0.0116,0.0124,0.0124,0.236
2024-07-18,NIFTY,24800.85,24613.0,24809.05,24644.45,0.0087,0.0088,0.0088,0.1685
2024-07-18,NIFTYNXT50,73112.5,73921.7,73264.65,73997.9,0.0121,0.012,0.0121,0.2317
2024-07-19,BANKNIFTY,52265.6,52620.7,52270.65,52670.35,0.0114,0.0113,0.0114,0.2179
2024-07-19,FINNIFTY,23596.35,23783.5,23605.55,23802.15,0.011,0.011,0.011,0.2109
2024-07-19,MIDCPNIFTY,12194.1,12473.6,12190.95,12477.1,0.0117,0.0124,0.0124,0.2375
2024-07-19,NIFTY,24530.9,24800.85,24529.1,24809.05,0.0087,0.0088,0.0088,0.1688
2024-07-19,NIFTYNXT50,71353.0,73112.5,71480.3,73264.65,0.0122,0.0121,0.0122,0.2334
2024-07-22,BANKNIFTY,52280.4,52265.6,52286.55,52270.65,0.0114,0.0113,0.0114,0.2173
2024-07-22,FINNIFTY,23626.8,23596.35,23651.5,23605.55,0.011,0.0109,0.011,0.2104
2024-07-22,MIDCPNIFTY,12412.8,12194.1,12395.25,12190.95,0.0118,0.0125,0.0125,0.2379
2024-07-22,NIFTY,24509.25,24530.9,24509.1,24529.1,0.0087,0.0088,0.0088,0.1684
2024-07-22,NIFTYNXT50,72265.95,71353.0,72373.55,71480.3,0.0122,0.0121,0.0122,0.2335
2024-07-23,BANKNIFTY,51778.3,52280.4,51818.2,52286.55,0.0114,0.0113,0.0114,0.2172
2024-07-23,FINNIFTY,23304.1,23626.8,23352.25,23651.5,0.011,0.0109,0.011,0.2107
2024-07-23,MIDCPNIFTY,12375.6,12412.8,12391.35,12395.25,0.0117,0.0124,0.0124,0.2373
2024-07-23,NIFTY,24479.05,24509.25,24463.1,24509.1,0.0087,0.0088,0.0088,0.168
2024-07-23,NIFTYNXT50,71632.2,72265.95,71734.55,72373.55,0.0122,0.0121,0.0122,0.2332
2024-07-24,BANKNIFTY,51317.0,51778.3,51401.1,51818.2,0.0114,0.0113,0.0114,0.217
2024-07-24,FINNIFTY,23165.1,23304.1,23209.55,23352.25,0.011,0.0109,0.011,0.2103
2024-07-24,MIDCPNIFTY,12459.55,12375.6,12475.85,12391.35,0.0117,0.0124,0.0124,0.2369
2024-07-24,NIFTY,24413.5,24479.05,24388.75,24463.1,0.0087,0.0088,0.0088,0.1676
2024-07-24,NIFTYNXT50,71844.65,71632.2,71951.2,71734.55,0.0122,0.012,0.0122,0.2326
2024-07-25,BANKNIFTY,50888.75,51317.0,50934.2,51401.1,0.0113,0.0113,0.0113,0.2167
2024-07-25,FINNIFTY,23049.5,23165.1,23055.55,23209.55,0.011,0.0109,0.011,0.2099
2024-07-25,MIDCPNIFTY,12418.0,12459.55,12422.35,12475.85,0.0117,0.0124,0.0124,0.2364
2024-07-25,NIFTY,24406.1,24413.5,24455.4,24492.2,0.0087,0.0088,0.0088,0.1672
2024-07-25,NIFTYNXT50,72210.25,71844.65,72215.2,71951.2,0.0122,0.012,0.0122,0.2322
2024-07-26,BANKNIFTY,51295.95,50888.75,51299.1,50934.2,0.0113,0.0112,0.0113,0.2165
2024-07-26,FINNIFTY,23316.7,23049.5,23308.95,23055.55,0.011,0.0109,0.011,0.2099
2024-07-26,MIDCPNIFTY,12687.0,12418.0,12688.5,12422.35,0.0118,0.0124,0.0124,0.2375
2024-07-26,NIFTY,24834.85,24406.1,24915.45,24455.4,0.0087,0.0088,0.0088,0.1687
2024-07-26,NIFTYNXT50,73400.65,72210.25,73588.9,72462.1,0.0122,0.012,0.0122,0.2326
2024-07-29,BANKNIFTY,51406.25,51295.95,51384.85,51299.1,0.0113,0.0112,0.0113,0.2159
2024-07-29,FINNIFTY,23315.3,23316.7,23293.05,23308.95,0.011,0.0109,0.011,0.2094
2024-07-29,MIDCPNIFTY,12806.9,12687.0,12852.4,12711.15,0.0118,0.0124,0.0124,0.2374
2024-07-29,NIFTY,24836.1,24834.85,24910.45,24915.45,0.0087,0.0088,0.0088,0.1682
2024-07-29,NIFTYNXT50,74288.3,73400.65,74364.0,73588.9,0.0122,0.012,0.0122,0.2326
2024-07-30,BANKNIFTY,51499.3,51406.25,51520.3,51384.85,0.0113,0.0112,0.0113,0.2154
2024-07-30,FINNIFTY,23338.0,23315.3,23480.2,23411.6,0.0109,0.0108,0.0109,0.2089
2024-07-30,MIDCPNIFTY,12869.6,12806.9,12913.65,12852.4,0.0117,0.0124,0.0124,0.2369
2024-07-30,NIFTY,24857.3,24836.1,24929.1,24910.45,0.0087,0.0088,0.0088,0.1678
2024-07-30,NIFTYNXT50,74215.85,74288.3,74410.5,74364.0,0.0121,0.012,0.0121,0.232
2024-07-31,BANKNIFTY,51553.4,51499.3,51815.05,51770.55,0.0112,0.0112,0.0112,0.2149
2024-07-31,FINNIFTY,23412.2,23338.0,23533.25,23480.2,0.0109,0.0108,0.0109,0.2084
2024-07-31,MIDCPNIFTY,12942.75,12869.6,12979.9,12913.65,0.0117,0.0124,0.0124,0.2364
2024-07-31,NIFTY,24951.15,24857.3,25013.15,24929.1,0.0087,0.0088,0.0088,0.1675
2024-07-31,NIFTYNXT50,74788.1,74215.85,75011.25,74410.5,0.0121,0.012,0.0121,0.2317
2024-08-01,BANKNIFTY,51564.0,51553.4,51753.4,51815.05,0.0112,0.0111,0.0112,0.2143
2024-08-01,FINNIFTY,23435.85,23412.2,23534.1,23533.25,0.0109,0.0108,0.0109,0.2079
2024-08-01,MIDCPNIFTY,12856.5,12942.75,12894.55,12979.9,0.0117,0.0124,0.0124,0.236
2024-08-01,NIFTY,25010.9,24951.15,25032.25,25013.15,0.0086,0.0087,0.0087,0.1671
2024-08-01,NIFTYNXT50,74294.65,74788.1,74375.1,75011.25,0.0121,0.012,0.0121,0.2313
2024-08-02,BANKNIFTY,51350.15,51564.0,51429.3,51753.4,0.0112,0.0111,0.0112,0.2139
2024-08-02,FINNIFTY,23365.9,23435.85,23398.0,23534.1,0.0109,0.0108,0.0109,0.2074
2024-08-02,MIDCPNIFTY,12625.05,12856.5,12627.8,12894.55,0.0117,0.0124,0.0124,0.2371
2024-08-02,NIFTY,24717.7,25010.9,24711.55,25032.25,0.0087,0.0088,0.0088,0.1675
2024-08-02,NIFTYNXT50,73328.15,74294.65,73603.5,74375.1,0.0121,0.012,0.0121,0.2314
2024-08-05,BANKNIFTY,50092.1,51350.15,50215.45,51429.3,0.0113,0.0112,0.0113,0.216
2024-08-05,FINNIFTY,22762.7,23365.9,22825.15,23398.0,0.011,0.0109,0.011,0.2099
2024-08-05,MIDCPNIFTY,12294.35,12625.05,12317.75,12627.8,0.0118,0.0125,0.0125,0.2389
2024-08-05,NIFTY,24055.6,24717.7,24102.95,24711.55,0.0089,0.0089,0.0089,0.1705
2024-08-05,NIFTYNXT50,70936.9,73328.15,71222.0,73603.5,0.0123,0.0122,0.0123,0.2351
2024-08-06,BANKNIFTY,49748.3,50092.1,49919.2,50215.45,0.0113,0.0112,0.0113,0.2156
2024-08-06,FINNIFTY,22520.1,22762.7,22619.35,22825.15,0.011,0.0109,0.011,0.2099
2024-08-06,MIDCPNIFTY,12248.4,12294.35,12277.85,12317.75,0.0118,0.0125,0.0125,0.2383
2024-08-06,NIFTY,23992.55,24055.6,24056.9,24102.95,0.0088,0.0089,0.0089,0.1701
2024-08-06,NIFTYNXT50,70282.45,70936.9,70486.35,71222.0,0.0123,0.0121,0.0123,0.2348
2024-08-07,BANKNIFTY,50119.0,49748.3,50340.7,49919.2,0.0113,0.0112,0.0113,0.2153
2024-08-07,FINNIFTY,22804.75,22520.1,22894.95,22619.35,0.011,0.0109,0.011,0.21
2024-08-07,MIDCPNIFTY,12566.15,12248.4,12605.6,12277.85,0.0119,0.0126,0.0126,0.2404
2024-08-07,NIFTY,24297.5,23992.55,24366.45,24056.9,0.0089,0.0089,0.0089,0.1705
2024-08-07,NIFTYNXT50,72401.25,70282.45,72614.0,70486.35,0.0124,0.0123,0.0124,0.2377
2024-08-08,BANKNIFTY,50156.7,50119.0,50205.9,50340.7,0.0112,0.0111,0.0112,0.2148
2024-08-08,FINNIFTY,22838.4,22804.75,22852.1,22894.95,0.011,0.0109,0.011,0.2095
2024-08-08,MIDCPNIFTY,12524.95,12566.15,12529.7,12605.6,0.0119,0.0126,0.0126,0.2399
2024-08-08,NIFTY,24117.0,24297.5,24136.55,24366.45,0.0089,0.0089,0.0089,0.1706
2024-08-08,NIFTYNXT50,71825.9,72401.25,72007.95,72614.0,0.0124,0.0123,0.0124,0.2373
2024-08-09,BANKNIFTY,50484.5,50156.7,50574.1,50205.9,0.0112,0.0111,0.0112,0.2144
2024-08-09,FINNIFTY,22983.3,22838.4,23029.7,22852.1,0.0109,0.0108,0.0109,0.2092
2024-08-09,MIDCPNIFTY,12598.95,12524.95,12635.9,12529.7,0.0119,0.0125,0.0125,0.2396
2024-08-09,NIFTY,24367.5,24117.0,24401.5,24136.55,0.0089,0.0089,0.0089,0.1708
2024-08-09,NIFTYNXT50,72718.85,71825.9,72804.9,72007.95,0.0124,0.0123,0.0124,0.2373
2024-08-12,BANKNIFTY,50577.95,50484.5,50721.0,50574.1,0.0112,0.0111,0.0112,0.2139
2024-08-12,FINNIFTY,23028.55,22983.3,23075.75,23029.7,0.0109,0.0108,0.0109,0.2087
2024-08-12,MIDCPNIFTY,12652.8,12598.95,12665.15,12635.9,0.0119,0.0125,0.0125,0.239
2024-08-12,NIFTY,24347.0,24367.5,24356.8,24401.5,0.0088,0.0089,0.0089,0.1704
2024-08-12,NIFTYNXT50,72434.25,72718.85,72535.2,72804.9,0.0124,0.0122,0.0124,0.2368
2024-08-13,BANKNIFTY,49831.85,50577.95,50052.0,50721.0,0.0112,0.0111,0.0112,0.2143
2024-08-13,FINNIFTY,22596.8,23028.55,22700.8,23075.75,0.011,0.0109,0.011,0.2097
2024-08-13,MIDCPNIFTY,12564.0,12652.8,12591.45,12665.15,0.0118,0.0125,0.0125,0.2385
2024-08-13,NIFTY,24139.0,24347.0,24161.0,24356.8,0.0088,0.0089,0.0089,0.1703
2024-08-13,NIFTYNXT50,71609.8,72434.25,71815.25,72535.2,0.0124,0.0122,0.0124,0.2367
2024-08-14,BANKNIFTY,49727.3,49831.85,49955.3,50052.0,0.0112,0.0111,0.0112,0.2138
2024-08-14,FINNIFTY,22591.7,22596.8,22694.3,22700.8,0.0109,0.0108,0.0109,0.2092
2024-08-14,MIDCPNIFTY,12520.1,12564.0,12543.95,12591.45,0.0118,0.0125,0.0125,0.238
2024-08-14,NIFTY,24143.75,24139.0,24174.65,24161.0,0.0088,0.0089,0.0089,0.1699
2024-08-14,NIFTYNXT50,71642.4,71609.8,71776.8,71815.25,0.0124,0.0122,0.0124,0.2361
2024-08-16,BANKNIFTY,50516.9,49727.3,50624.4,49955.3,0.0112,0.0111,0.0112,0.2143
2024-08-16,FINNIFTY,22976.2,22591.7,23018.8,22694.3,0.011,0.0108,0.011,0.2099
2024-08-16,MIDCPNIFTY,12724.85,12520.1,12744.0,12543.95,0.0118,0.0125,0.0125,0.2383
2024-08-16,NIFTY,24541.15,24143.75,24585.5,24174.65,0.0089,0.0089,0.0089,0.171
2024-08-16,NIFTYNXT50,72943.2,71642.4,73028.7,71776.8,0.0124,0.0122,0.0124,0.2368
2024-08-19,BANKNIFTY,50368.35,50516.9,50485.25,50624.4,0.0112,0.0111,0.0112,0.2138
2024-08-19,FINNIFTY,22922.7,22976.2,22975.35,23018.8,0.011,0.0108,0.011,0.2094
2024-08-19,MIDCPNIFTY,12728.6,12724.85,12757.45,12744.0,0.0118,0.0124,0.0124,0.2377
2024-08-19,NIFTY,24572.65,24541.15,24595.75,24585.5,0.0088,0.0089,0.0089,0.1705
2024-08-19,NIFTYNXT50,73370.75,72943.2,73469.05,73028.7,0.0124,0.0122,0.0124,0.2363
2024-08-20,BANKNIFTY,50803.15,50368.35,50892.2,50485.25,0.0112,0.0111,0.0112,0.2136
2024-08-20,FINNIFTY,23178.15,22922.7,23210.5,22975.35,0.011,0.0108,0.011,0.2094
2024-08-20,MIDCPNIFTY,12868.7,12728.6,12873.7,12757.45,0.0118,0.0124,0.0124,0.2375
2024-08-20,NIFTY,24698.85,24572.65,24711.25,24595.75,0.0088,0.0089,0.0089,0.1702
2024-08-20,NIFTYNXT50,73971.3,73370.75,74080.35,73469.05,0.0124,0.0122,0.0124,0.236
2024-08-21,BANKNIFTY,50685.55,50803.15,50806.95,50892.2,0.0112,0.011,0.0112,0.2131
2024-08-21,FINNIFTY,23143.65,23178.15,23200.75,23210.5,0.0109,0.0108,0.0109,0.2089
2024-08-21,MIDCPNIFTY,12938.15,12868.7,12938.15,12873.7,0.0118,0.0124,0.0124,0.237
2024-08-21,NIFTY,24770.2,24698.85,24798.15,24711.25,0.0088,0.0089,0.0089,0.1699
2024-08-21,NIFTYNXT50,74178.5,73971.3,74176.05,74080.35,0.0123,0.0122,0.0123,0.2354
2024-08-22,BANKNIFTY,50985.7,50685.55,51037.05,50806.95,0.0111,0.011,0.0111,0.2127
2024-08-22,FINNIFTY,23247.15,23143.65,23264.7,23200.75,0.0109,0.0108,0.0109,0.2084
2024-08-22,MIDCPNIFTY,13067.1,12938.15,13074.2,12938.15,0.0118,0.0124,0.0124,0.2368
2024-08-22,NIFTY,24811.5,24770.2,24840.45,24798.15,0.0088,0.0089,0.0089,0.1695
2024-08-22,NIFTYNXT50,74660.35,74178.5,74536.25,74176.05,0.0123,0.0121,0.0123,0.235
2024-08-23,BANKNIFTY,50933.45,50985.7,50966.35,51037.05,0.0111,0.011,0.0111,0.2122
2024-08-23,FINNIFTY,23232.15,23247.15,23252.55,23264.7,0.0109,0.0107,0.0109,0.2079
2024-08-23,MIDCPNIFTY,12961.55,13067.1,12961.65,13074.2,0.0118,0.0124,0.0124,0.2365
2024-08-23,NIFTY,24823.15,24811.5,24854.0,24840.45,0.0088,0.0088,0.0088,0.169
2024-08-23,NIFTYNXT50,74403.6,74660.35,74446.2,74536.25,0.0123,0.0121,0.0123,0.2344
2024-08-26,BANKNIFTY,51148.1,50933.45,51219.15,50966.35,0.0111,0.011,0.0111,0.2117
2024-08-26,FINNIFTY,23386.2,23232.15,23411.2,23252.55,0.0109,0.0107,0.0109,0.2076
2024-08-26,MIDCPNIFTY,13057.9,12961.55,13118.9,12981.4,0.0117,0.0124,0.0124,0.2363
2024-08-26,NIFTY,25010.6,24823.15,25043.3,24854.0,0.0088,0.0088,0.0088,0.1689
2024-08-26,NIFTYNXT50,74768.8,74403.6,74754.1,74446.2,0.0122,0.0121,0.0122,0.2339
2024-08-27,BANKNIFTY,51278.75,51148.1,51256.2,51219.15,0.0111,0.0109,0.0111,0.2112
2024-08-27,FINNIFTY,23578.8,23386.2,23674.65,23529.2,0.0109,0.0107,0.0109,0.2074
2024-08-27,MIDCPNIFTY,13082.15,13057.9,13122.3,13118.9,0.0117,0.0123,0.0123,0.2357
2024-08-27,NIFTY,25017.75,25010.6,25017.7,25043.3,0.0087,0.0088,0.0088,0.1685
2024-08-27,NIFTYNXT50,74848.95,74768.8,74883.35,74754.1,0.0122,0.0121,0.0122,0.2334
2024-08-28,BANKNIFTY,51143.85,51278.75,51428.8,51536.35,0.011,0.0109,0.011,0.2107
2024-08-28,FINNIFTY,23521.5,23578.8,23639.8,23674.65,0.0108,0.0107,0.0108,0.2069
2024-08-28,MIDCPNIFTY,13085.35,13082.15,13118.75,13122.3,0.0117,0.0123,0.0123,0.2352
2024-08-28,NIFTY,25052.35,25017.75,25048.35,25017.7,0.0087,0.0088,0.0088,0.1681
2024-08-28,NIFTYNXT50,75082.55,74848.95,75303.3,74883.35,0.0122,0.012,0.0122,0.2328
2024-08-29,BANKNIFTY,51152.75,51143.85,51490.75,51428.8,0.011,0.0109,0.011,0.2102
2024-08-29,FINNIFTY,23581.7,23521.5,23719.05,23639.8,0.0108,0.0107,0.0108,0.2064
2024-08-29,MIDCPNIFTY,13076.1,13085.35,13120.05,13118.75,0.0116,0.0123,0.0123,0.2346
2024-08-29,NIFTY,25151.95,25052.35,25265.2,25161.6,0.0087,0.0088,0.0088,0.1678
2024-08-29,NIFTYNXT50,74896.4,75082.55,75016.3,75303.3,0.0122,0.012,0.0122,0.2323
2024-08-30,BANKNIFTY,51351.0,51152.75,51663.1,51490.75,0.011,0.0109,0.011,0.2097
2024-08-30,FINNIFTY,23637.9,23581.7,23779.85,23719.05,0.0108,0.0106,0.0108,0.2059
2024-08-30,MIDCPNIFTY,13161.85,13076.1,13213.7,13120.05,0.0116,0.0123,0.0123,0.2342
2024-08-30,NIFTY,25235.9,25151.95,25376.9,25265.2,0.0087,0.0088,0.0088,0.1675
2024-08-30,NIFTYNXT50,75279.8,74896.4,75379.45,75086.55,0.0121,0.012,0.0121,0.2318
2024-09-02,BANKNIFTY,51439.55,51351.0,51650.7,51663.1,0.011,0.0108,0.011,0.2092
2024-09-02,FINNIFTY,23727.55,23637.9,23803.8,23779.85,0.0108,0.0106,0.0108,0.2054
2024-09-02,MIDCPNIFTY,13152.4,13161.85,13196.1,13213.7,0.0116,0.0122,0.0122,0.2336
2024-09-02,NIFTY,25278.7,25235.9,25340.45,25376.9,0.0087,0.0087,0.0087,0.1671
2024-09-02,NIFTYNXT50,75335.8,75279.8,75261.95,75379.45,0.0121,0.0119,0.0121,0.2312
2024-09-03,BANKNIFTY,51689.1,51439.55,51834.1,51650.7,0.0109,0.0108,0.0109,0.2088
2024-09-03,FINNIFTY,23922.2,23727.55,23960.4,23803.8,0.0107,0.0106,0.0107,0.2052
2024-09-03,MIDCPNIFTY,13212.0,13152.4,13259.95,13196.1,0.0116,0.0122,0.0122,0.2331
2024-09-03,NIFTY,25279.85,25278.7,25354.55,25340.45,0.0086,0.0087,0.0087,0.1666
2024-09-03,NIFTYNXT50,75413.65,75335.8,75542.8,75261.95,0.0121,0.0119,0.0121,0.2306
2024-09-04,BANKNIFTY,51400.25,51689.1,51607.6,51834.1,0.0109,0.0108,0.0109,0.2084
2024-09-04,FINNIFTY,23834.05,23922.2,23916.1,23960.4,0.0107,0.0106,0.0107,0.2048
2024-09-04,MIDCPNIFTY,13218.25,13212.0,13253.65,13259.95,0.0115,0.0122,0.0122,0.2325
2024-09-04,NIFTY,25198.7,25279.85,25247.8,25354.55,0.0086,0.0087,0.0087,0.1663
2024-09-04,NIFTYNXT50,75450.55,75413.65,75479.7,75542.8,0.012,0.0119,0.012,0.2301
2024-09-05,BANKNIFTY,51473.05,51400.25,51727.6,51607.6,0.0109,0.0108,0.0109,0.2079
2024-09-05,FINNIFTY,23859.5,23834.05,23974.1,23916.1,0.0107,0.0105,0.0107,0.2043
2024-09-05,MIDCPNIFTY,13277.4,13218.25,13324.35,13253.65,0.0115,0.0121,0.0121,0.2321
2024-09-05,NIFTY,25145.1,25198.7,25236.75,25247.8,0.0086,0.0087,0.0087,0.1659
2024-09-05,NIFTYNXT50,75485.95,75450.55,75606.05,75479.7,0.012,0.0119,0.012,0.2295
2024-09-06,BANKNIFTY,50576.85,51473.05,50781.4,51727.6,0.0109,0.0108,0.0109,0.2087
2024-09-06,FINNIFTY,23529.75,23859.5,23629.8,23974.1,0.0107,0.0106,0.0107,0.2046
2024-09-06,MIDCPNIFTY,13066.05,13277.4,13076.35,13324.35,0.0115,0.0122,0.0122,0.2329
2024-09-06,NIFTY,24852.15,25145.1,24906.0,25236.75,0.0086,0.0087,0.0087,0.1664
2024-09-06,NIFTYNXT50,74462.0,75485.95,74609.9,75606.05,0.012,0.0119,0.012,0.2297
2024-09-09,BANKNIFTY,51117.8,50576.85,51267.4,50781.4,0.0109,0.0108,0.0109,0.2087
2024-09-09,FINNIFTY,23722.15,23529.75,23788.95,23629.8,0.0107,0.0105,0.0107,0.2044
2024-09-09,MIDCPNIFTY,13007.45,13066.05,13055.45,13076.35,0.0115,0.0122,0.0122,0.2323
2024-09-09,NIFTY,24936.4,24852.15,24985.0,24906.0,0.0086,0.0087,0.0087,0.1661
2024-09-09,NIFTYNXT50,74572.9,74462.0,74561.75,74609.9,0.012,0.0118,0.012,0.2291
2024-09-10,BANKNIFTY,51272.3,51117.8,51371.2,51267.4,0.0109,0.0108,0.0109,0.2082
2024-09-10,FINNIFTY,23649.4,23722.15,23705.2,23788.95,0.0107,0.0105,0.0107,0.2039
2024-09-10,MIDCPNIFTY,13184.35,13007.45,13206.85,13055.45,0.0115,0.0122,0.0122,0.2322
2024-09-10,NIFTY,25041.1,24936.4,25083.0,24985.0,0.0086,0.0087,0.0087,0.1658
2024-09-10,NIFTYNXT50,74737.6,74572.9,74754.9,74561.75,0.012,0.0118,0.012,0.2285
2024-09-11,BANKNIFTY,51010.0,51272.3,51124.0,51371.2,0.0109,0.0108,0.0109,0.2078
2024-09-11,FINNIFTY,23582.5,23649.4,23618.8,23705.2,0.0106,0.0105,0.0106,0.2035
2024-09-11,MIDCPNIFTY,13116.7,13184.35,13116.9,13206.85,0.0115,0.0121,0.0121,0.2318
2024-09-11,NIFTY,24918.45,25041.1,24938.45,25083.0,0.0086,0.0087,0.0087,0.1655
2024-09-11,NIFTYNXT50,74355.25,74737.6,74388.75,74754.9,0.0119,0.0118,0.0119,0.2281
2024-09-12,BANKNIFTY,51772.4,51010.0,51759.2,51124.0,0.0109,0.0108,0.0109,0.2083
2024-09-12,FINNIFTY,23945.6,23582.5,23944.0,23618.8,0.0107,0.0105,0.0107,0.204
2024-09-12,MIDCPNIFTY,13275.25,13116.7,13290.85,13116.9,0.0115,0.0121,0.0121,0.2319
2024-09-12,NIFTY,25388.9,24918.45,25356.3,24938.45,0.0087,0.0087,0.0087,0.1666
2024-09-12,NIFTYNXT50,75446.35,74355.25,75349.25,74388.75,0.012,0.0118,0.012,0.2283
2024-09-13,BANKNIFTY,51938.05,51772.4,51929.4,51759.2,0.0109,0.0107,0.0109,0.2078
2024-09-13,FINNIFTY,23979.55,23945.6,23978.45,23944.0,0.0107,0.0105,0.0107,0.2035
2024-09-13,MIDCPNIFTY,13346.7,13275.25,13355.2,13290.85,0.0115,0.0121,0.0121,0.2315
2024-09-13,NIFTY,25356.5,25388.9,25372.6,25356.3,0.0086,0.0087,0.0087,0.1662
2024-09-13,NIFTYNXT50,75427.55,75446.35,75502.1,75349.25,0.0119,0.0118,0.0119,0.2278
2024-09-16,BANKNIFTY,52153.15,51938.05,52261.35,51929.4,0.0109,0.0107,0.0109,0.2073
2024-09-16,FINNIFTY,23989.85,23979.55,24037.1,23978.45,0.0106,0.0105,0.0106,0.203
2024-09-16,MIDCPNIFTY,13275.85,13346.7,13313.1,13355.2,0.0115,0.0121,0.0121,0.2309
2024-09-16,NIFTY,25383.75,25356.5,25442.75,25372.6,0.0086,0.0087,0.0087,0.1658
2024-09-16,NIFTYNXT50,75464.3,75427.55,75549.1,75502.1,0.0119,0.0117,0.0119,0.2272
2024-09-17,BANKNIFTY,52188.65,52153.15,52295.6,52261.35,0.0108,0.0107,0.0108,0.2068
2024-09-17,FINNIFTY,23991.55,23989.85,24038.4,24037.1,0.0106,0.0104,0.0106,0.2025
2024-09-17,MIDCPNIFTY,13283.35,13275.85,13304.75,13313.1,0.0114,0.0121,0.0121,0.2303
2024-09-17,NIFTY,25418.55,25383.75,25449.8,25442.75,0.0086,0.0087,0.0087,0.1654
2024-09-17,NIFTYNXT50,75260.2,75464.3,75285.75,75549.1,0.0119,0.0117,0.0119,0.2267
2024-09-18,BANKNIFTY,52750.4,52188.65,52757.1,52295.6,0.0108,0.0107,0.0108,0.2068
2024-09-18,FINNIFTY,24326.9,23991.55,24325.55,24038.4,0.0106,0.0104,0.0106,0.2028
2024-09-18,MIDCPNIFTY,13132.85,13283.35,13152.85,13304.75,0.0114,0.0121,0.0121,0.2303
2024-09-18,NIFTY,25377.55,25418.55,25396.1,25449.8,0.0086,0.0086,0.0086,0.165
2024-09-18,NIFTYNXT50,74936.15,75260.2,74807.15,75285.75,0.0118,0.0117,0.0118,0.2262
2024-09-19,BANKNIFTY,53037.6,52750.4,53177.55,52757.1,0.0108,0.0107,0.0108,0.2064
2024-09-19,FINNIFTY,24403.65,24326.9,24471.7,24325.55,0.0106,0.0104,0.0106,0.2024
2024-09-19,MIDCPNIFTY,13087.55,13132.85,13100.15,13152.85,0.0114,0.012,0.012,0.2298
2024-09-19,NIFTY,25415.8,25377.55,25489.1,25396.1,0.0085,0.0086,0.0086,0.1647
2024-09-19,NIFTYNXT50,74419.55,74936.15,74480.15,74807.15,0.0118,0.0117,0.0118,0.2258
2024-09-20,BANKNIFTY,53793.2,53037.6,53550.85,53177.55,0.0108,0.0107,0.0108,0.2068
2024-09-20,FINNIFTY,24789.2,24403.65,24697.2,24471.7,0.0106,0.0104,0.0106,0.203
2024-09-20,MIDCPNIFTY,13112.5,13087.55,13118.55,13100.15,0.0114,0.012,0.012,0.2292
2024-09-20,NIFTY,25790.95,25415.8,25767.75,25489.1,0.0086,0.0086,0.0086,0.1649
2024-09-20,NIFTYNXT50,75481.85,74419.55,75259.95,74480.15,0.0118,0.0117,0.0118,0.2261
2024-09-23,BANKNIFTY,54105.8,53793.2,54072.3,53550.85,0.0108,0.0107,0.0108,0.2064
2024-09-23,FINNIFTY,24953.1,24789.2,24939.2,24697.2,0.0106,0.0104,0.0106,0.2027
2024-09-23,MIDCPNIFTY,13200.6,13112.5,13217.6,13118.55,0.0114,0.012,0.012,0.2289
2024-09-23,NIFTY,25939.05,25790.95,25917.85,25767.75,0.0086,0.0086,0.0086,0.1647
2024-09-23,NIFTYNXT50,76707.5,75481.85,76492.5,75259.95,0.0119,0.0117,0.0119,0.2265
2024-09-24,BANKNIFTY,53968.6,54105.8,54026.3,54072.3,0.0108,0.0106,0.0108,0.2059
2024-09-24,FINNIFTY,24883.65,24953.1,25037.55,25081.8,0.0106,0.0104,0.0106,0.2022
2024-09-24,MIDCPNIFTY,13284.1,13200.6,13285.75,13217.6,0.0113,0.012,0.012,0.2284
2024-09-24,NIFTY,25940.4,25939.05,25944.7,25917.85,0.0086,0.0086,0.0086,0.1643
2024-09-24,NIFTYNXT50,76803.8,76707.5,76650.15,76492.5,0.0118,0.0117,0.0118,0.226
2024-09-25,BANKNIFTY,54101.65,53968.6,54335.4,54302.95,0.0108,0.0106,0.0108,0.2054
2024-09-25,FINNIFTY,24987.75,24883.65,25105.1,25037.55,0.0106,0.0104,0.0106,0.2018
2024-09-25,MIDCPNIFTY,13259.5,13284.1,13257.55,13285.75,0.0113,0.0119,0.0119,0.2278
2024-09-25,NIFTY,26004.15,25940.4,25998.2,25944.7,0.0085,0.0086,0.0086,0.1639
2024-09-25,NIFTYNXT50,76517.4,76803.8,76435.2,76650.15,0.0118,0.0116,0.0118,0.2255
2024-09-26,BANKNIFTY,54375.35,54101.65,54549.05,54335.4,0.0107,0.0106,0.0107,0.205
2024-09-26,FINNIFTY,25155.45,24987.75,25246.3,25105.1,0.0105,0.0104,0.0105,0.2015
2024-09-26,MIDCPNIFTY,13258.6,13259.5,13271.65,13257.55,0.0113,0.0119,0.0119,0.2273
2024-09-26,NIFTY,26216.05,26004.15,26308.85,26126.7,0.0085,0.0086,0.0086,0.1638
2024-09-26,NIFTYNXT50,77086.95,76517.4,76988.4,76435.2,0.0118,0.0116,0.0118,0.2251
2024-09-27,BANKNIFTY,53834.3,54375.35,54220.0,54549.05,0.0107,0.0106,0.0107,0.205
2024-09-27,FINNIFTY,24907.95,25155.45,25099.2,25246.3,0.0105,0.0103,0.0105,0.2014
2024-09-27,MIDCPNIFTY,13329.8,13258.6,13348.2,13271.65,0.0113,0.0119,0.0119,0.2268
2024-09-27,NIFTY,26178.95,26216.05,26345.15,26308.85,0.0085,0.0086,0.0086,0.1634
2024-09-27,NIFTYNXT50,77813.25,77086.95,77559.5,77063.6,0.0118,0.0116,0.0118,0.2249
2024-09-30,BANKNIFTY,52978.1,53834.3,53435.15,54220.0,0.0108,0.0106,0.0108,0.2056
2024-09-30,FINNIFTY,24480.3,24907.95,24673.1,25099.2,0.0106,0.0104,0.0106,0.2023
2024-09-30,MIDCPNIFTY,13223.35,13329.8,13285.55,13407.35,0.0113,0.0119,0.0119,0.2266
2024-09-30,NIFTY,25810.85,26178.95,25990.15,26345.15,0.0086,0.0086,0.0086,0.164
2024-09-30,NIFTYNXT50,77095.15,77813.25,77267.2,77559.5,0.0118,0.0116,0.0118,0.2247
2024-10-01,BANKNIFTY,52922.6,52978.1,53381.2,53435.15,0.0107,0.0106,0.0107,0.2051
2024-10-01,FINNIFTY,24477.45,24480.3,24681.25,24673.1,0.0106,0.0104,0.0106,0.2018
2024-10-01,MIDCPNIFTY,13295.9,13223.35,13374.2,13285.55,0.0112,0.0118,0.0118,0.2262
2024-10-01,NIFTY,25796.9,25810.85,25969.25,25990.15,0.0085,0.0086,0.0086,0.1636
2024-10-01,NIFTYNXT50,77284.45,77095.15,77465.6,77267.2,0.0117,0.0115,0.0117,0.2242
2024-10-03,BANKNIFTY,51845.2,52922.6,52384.75,53381.2,0.0108,0.0106,0.0108,0.2065
2024-10-03,FINNIFTY,23881.55,24477.45,24141.95,24681.25,0.0107,0.0104,0.0107,0.204
2024-10-03,MIDCPNIFTY,12976.25,13295.9,13046.15,13374.2,0.0113,0.0119,0.0119,0.2281
2024-10-03,NIFTY,25250.1,25796.9,25475.7,25969.25,0.0086,0.0086,0.0086,0.1652
2024-10-03,NIFTYNXT50,75448.3,77284.45,76329.9,77465.6,0.0118,0.0116,0.0118,0.226
2024-10-04,BANKNIFTY,51462.05,51845.2,51871.45,52384.75,0.0108,0.0106,0.0108,0.2062
2024-10-04,FINNIFTY,23621.8,23881.55,23805.35,24141.95,0.0107,0.0105,0.0107,0.204
2024-10-04,MIDCPNIFTY,12812.85,12976.25,12869.5,13046.15,0.0113,0.0119,0.0119,0.2283
2024-10-04,NIFTY,25014.6,25250.1,25173.85,25475.7,0.0086,0.0087,0.0087,0.1656
2024-10-04,NIFTYNXT50,74620.25,75448.3,75402.65,76329.9,0.0118,0.0116,0.0118,0.2259
2024-10-07,BANKNIFTY,50478.9,51462.05,51016.25,51871.45,0.0109,0.0107,0.0109,0.2073
2024-10-07,FINNIFTY,23221.1,23621.8,23452.15,23805.35,0.0107,0.0105,0.0107,0.2048
2024-10-07,MIDCPNIFTY,12654.75,12812.85,12723.0,12869.5,0.0113,0.0119,0.0119,0.2282
2024-10-07,NIFTY,24795.75,25014.6,24985.55,25173.85,0.0086,0.0087,0.0087,0.1655
2024-10-07,NIFTYNXT50,72884.3,74620.25,73277.6,75402.65,0.0119,0.0117,0.0119,0.2276
2024-10-08,BANKNIFTY,51021.0,50478.9,51392.5,51016.25,0.0109,0.0106,0.0109,0.2073
2024-10-08,FINNIFTY,23452.85,23221.1,23595.25,23452.15,0.0107,0.0105,0.0107,0.2047
2024-10-08,MIDCPNIFTY,12874.6,12654.75,12929.1,12723.0,0.0114,0.012,0.012,0.2287
2024-10-08,NIFTY,25013.15,24795.75,25131.65,24985.55,0.0086,0.0086,0.0086,0.1652
2024-10-08,NIFTYNXT50,74597.3,72884.3,74577.9,73277.6,0.012,0.0117,0.012,0.2291
2024-10-09,BANKNIFTY,51007.0,51021.0,51373.7,51392.5,0.0108,0.0106,0.0108,0.2068
2024-10-09,FINNIFTY,23546.0,23452.85,23696.95,23595.25,0.0107,0.0105,0.0107,0.2043
2024-10-09,MIDCPNIFTY,12974.35,12874.6,12997.55,12929.1,0.0114,0.0119,0.0119,0.2282
2024-10-09,NIFTY,24981.95,25013.15,25083.9,25131.65,0.0086,0.0086,0.0086,0.1649
2024-10-09,NIFTYNXT50,75407.8,74597.3,75133.75,74577.9,0.012,0.0117,0.012,0.229
2024-10-10,BANKNIFTY,51530.9,51007.0,51780.95,51373.7,0.0108,0.0106,0.0108,0.2067
2024-10-10,FINNIFTY,23764.65,23546.0,23875.55,23696.95,0.0107,0.0104,0.0107,0.2042
2024-10-10,MIDCPNIFTY,12917.45,12974.35,12954.6,12997.55,0.0113,0.0119,0.0119,0.2277
2024-10-10,NIFTY,24998.45,24981.95,25117.9,25083.9,0.0086,0.0086,0.0086,0.1644
2024-10-10,NIFTYNXT50,75278.1,75407.8,75303.25,75133.75,0.012,0.0117,0.012,0.2285
2024-10-11,BANKNIFTY,51172.3,51530.9,51386.4,51780.95,0.0108,0.0106,0.0108,0.2064
2024-10-11,FINNIFTY,23612.55,23764.65,23714.8,23875.55,0.0107,0.0104,0.0107,0.2038
2024-10-11,MIDCPNIFTY,12980.25,12917.45,13010.4,12954.6,0.0113,0.0119,0.0119,0.2272
2024-10-11,NIFTY,24964.25,24998.45,25049.55,25117.9,0.0086,0.0086,0.0086,0.1641
2024-10-11,NIFTYNXT50,75378.45,75278.1,75327.1,75303.25,0.0119,0.0117,0.0119,0.2279
2024-10-14,BANKNIFTY,51816.9,51172.3,52042.75,51386.4,0.0108,0.0106,0.0108,0.2066
2024-10-14,FINNIFTY,23857.55,23612.55,23976.3,23714.8,0.0107,0.0104,0.0107,0.2038
2024-10-14,MIDCPNIFTY,13098.2,12980.25,13115.55,13010.4,0.0113,0.0119,0.0119,0.2269
2024-10-14,NIFTY,25127.95,24964.25,25221.5,25049.55,0.0086,0.0086,0.0086,0.1639
2024-10-14,NIFTYNXT50,75651.7,75378.45,75709.3,75327.1,0.0119,0.0116,0.0119,0.2274
2024-10-15,BANKNIFTY,51906.0,51816.9,52106.85,52042.75,0.0108,0.0106,0.0108,0.2061
2024-10-15,FINNIFTY,23863.45,23857.55,23952.0,23976.3,0.0106,0.0104,0.0106,0.2033
2024-10-15,MIDCPNIFTY,13152.2,13098.2,13171.2,13115.55,0.0113,0.0119,0.0119,0.2264
2024-10-15,NIFTY,25057.35,25127.95,25118.35,25221.5,0.0086,0.0086,0.0086,0.1636
2024-10-15,NIFTYNXT50,75859.85,75651.7,75851.15,75709.3,0.0119,0.0116,0.0119,0.2269
2024-10-16,BANKNIFTY,51801.05,51906.0,52042.65,52106.85,0.0108,0.0105,0.0108,0.2056
2024-10-16,FINNIFTY,23882.35,23863.45,23982.0,23952.0,0.0106,0.0104,0.0106,0.2028
2024-10-16,MIDCPNIFTY,13154.7,13152.2,13180.45,13171.2,0.0113,0.0118,0.0118,0.2259
2024-10-16,NIFTY,24971.3,25057.35,25048.8,25118.35,0.0085,0.0085,0.0085,0.1633
2024-10-16,NIFTYNXT50,75698.15,75859.85,75766.3,75851.15,0.0118,0.0116,0.0118,0.2263
2024-10-17,BANKNIFTY,51288.8,51801.05,51491.7,52042.65,0.0108,0.0105,0.0108,0.2055
2024-10-17,FINNIFTY,23583.75,23882.35,23678.45,23982.0,0.0106,0.0104,0.0106,0.203
2024-10-17,MIDCPNIFTY,12992.1,13154.7,13008.45,13180.45,0.0113,0.0118,0.0118,0.226
2024-10-17,NIFTY,24749.85,24971.3,24843.8,25048.8,0.0085,0.0085,0.0085,0.1632
2024-10-17,NIFTYNXT50,74007.2,75698.15,74085.2,75766.3,0.0119,0.0117,0.0119,0.2278
2024-10-18,BANKNIFTY,52094.2,51288.8,52310.4,51491.7,0.0108,0.0106,0.0108,0.2061
2024-10-18,FINNIFTY,23938.1,23583.75,24034.15,23678.45,0.0107,0.0104,0.0107,0.2035
2024-10-18,MIDCPNIFTY,13033.8,12992.1,13067.2,13008.45,0.0112,0.0118,0.0118,0.2255
2024-10-18,NIFTY,24854.05,24749.85,24949.15,24843.8,0.0085,0.0085,0.0085,0.1629
2024-10-18,NIFTYNXT50,74288.1,74007.2,74190.15,74085.2,0.0119,0.0116,0.0119,0.2273
2024-10-21,BANKNIFTY,51962.7,52094.2,52040.25,52310.4,0.0108,0.0106,0.0108,0.2056
2024-10-21,FINNIFTY,23954.7,23938.1,23959.15,24034.15,0.0106,0.0104,0.0106,0.203
2024-10-21,MIDCPNIFTY,12694.1,13033.8,12725.05,13067.2,0.0114,0.0119,0.0119,0.2278
2024-10-21,NIFTY,24781.1,24854.05,24788.8,24949.15,0.0085,0.0085,0.0085,0.1627
2024-10-21,NIFTYNXT50,73285.35,74288.1,73265.5,74190.15,0.0119,0.0116,0.0119,0.2275
2024-10-22,BANKNIFTY,51257.15,51962.7,51434.8,52040.25,0.0108,0.0106,0.0108,0.2059
2024-10-22,FINNIFTY,23700.35,23954.7,23764.8,23959.15,0.0106,0.0104,0.0106,0.203
2024-10-22,MIDCPNIFTY,12442.25,12694.1,12449.3,12725.05,0.0114,0.012,0.012,0.2291
2024-10-22,NIFTY,24472.1,24781.1,24538.3,24788.8,0.0085,0.0085,0.0085,0.1629
2024-10-22,NIFTYNXT50,71158.65,73285.35,71114.35,73265.5,0.0121,0.0118,0.0121,0.2303
2024-10-23,BANKNIFTY,51239.0,51257.15,51352.65,51434.8,0.0108,0.0105,0.0108,0.2054
2024-10-23,FINNIFTY,23752.0,23700.35,23796.75,23764.8,0.0106,0.0104,0.0106,0.2025
2024-10-23,MIDCPNIFTY,12544.15,12442.25,12551.9,12449.3,0.0114,0.012,0.012,0.2288
2024-10-23,NIFTY,24435.5,24472.1,24482.65,24538.3,0.0085,0.0085,0.0085,0.1625
2024-10-23,NIFTYNXT50,70884.7,71158.65,71291.9,71114.35,0.012,0.0118,0.012,0.2298
2024-10-24,BANKNIFTY,51531.15,51239.0,51605.75,51352.65,0.0107,0.0105,0.0107,0.205
2024-10-24,FINNIFTY,23854.15,23752.0,23912.9,23796.75,0.0106,0.0103,0.0106,0.2021
2024-10-24,MIDCPNIFTY,12572.15,12544.15,12578.2,12551.9,0.0114,0.0119,0.0119,0.2283
2024-10-24,NIFTY,24399.4,24435.5,24452.0,24482.65,0.0085,0.0085,0.0085,0.1622
2024-10-24,NIFTYNXT50,70826.25,70884.7,71256.75,71291.9,0.012,0.0117,0.012,0.2293
2024-10-25,BANKNIFTY,50787.45,51531.15,50846.1,51605.75,0.0108,0.0105,0.0108,0.2055
2024-10-25,FINNIFTY,23732.7,23854.15,23763.6,23912.9,0.0106,0.0103,0.0106,0.2017
2024-10-25,MIDCPNIFTY,12321.2,12572.15,12325.05,12578.2,0.0114,0.012,0.012,0.2293
2024-10-25,NIFTY,24180.8,24399.4,24192.75,24452.0,0.0085,0.0085,0.0085,0.1624
2024-10-25,NIFTYNXT50,69716.5,70826.25,70278.25,71064.45,0.012,0.0117,0.012,0.2297
2024-10-28,BANKNIFTY,51259.3,50787.45,51327.35,50846.1,0.0107,0.0105,0.0107,0.2053
2024-10-28,FINNIFTY,23861.85,23732.7,23893.75,23763.6,0.0105,0.0103,0.0105,0.2013
2024-10-28,MIDCPNIFTY,12400.2,12321.2,12465.35,12371.5,0.0114,0.012,0.012,0.229
2024-10-28,NIFTY,24339.15,24180.8,24348.45,24192.75,0.0085,0.0085,0.0085,0.1622
2024-10-28,NIFTYNXT50,70030.55,69716.5,70986.6,70278.25,0.012,0.0117,0.012,0.2292
2024-10-29,BANKNIFTY,52320.7,51259.3,52294.05,51327.35,0.0108,0.0106,0.0108,0.2067
2024-10-29,FINNIFTY,24357.8,23861.85,24413.05,24020.9,0.0106,0.0103,0.0106,0.2027
2024-10-29,MIDCPNIFTY,12524.2,12400.2,12574.95,12465.35,0.0114,0.012,0.012,0.2287
2024-10-29,NIFTY,24466.85,24339.15,24477.7,24348.45,0.0085,0.0085,0.0085,0.1619
2024-10-29,NIFTYNXT50,70538.35,70030.55,70992.4,70986.6,0.012,0.0117,0.012,0.2288
2024-10-30,BANKNIFTY,51807.5,52320.7,52260.0,52628.3,0.0108,0.0106,0.0108,0.2066
2024-10-30,FINNIFTY,24037.4,24357.8,24231.0,24413.05,0.0106,0.0103,0.0106,0.203
2024-10-30,MIDCPNIFTY,12448.25,12524.2,12522.0,12574.95,0.0114,0.0119,0.0119,0.2282
2024-10-30,NIFTY,24340.85,24466.85,24371.05,24477.7,0.0085,0.0085,0.0085,0.1616
2024-10-30,NIFTYNXT50,70268.35,70538.35,70792.45,70992.4,0.012,0.0117,0.012,0.2283
2024-10-31,BANKNIFTY,51475.35,51807.5,51954.4,52260.0,0.0108,0.0106,0.0108,0.2063
2024-10-31,FINNIFTY,23886.55,24037.4,24096.0,24231.0,0.0106,0.0103,0.0106,0.2027
2024-10-31,MIDCPNIFTY,12343.15,12448.25,12401.05,12522.0,0.0114,0.0119,0.0119,0.228
2024-10-31,NIFTY,24205.35,24340.85,24388.3,24506.5,0.0084,0.0084,0.0084,0.1614
2024-10-31,NIFTYNXT50,69911.75,70268.35,70499.05,70792.45,0.0119,0.0117,0.0119,0.2278
2024-11-01,BANKNIFTY,51673.9,51475.35,51927.75,51954.4,0.0108,0.0105,0.0108,0.2058
2024-11-01,FINNIFTY,23947.6,23886.55,24066.65,24096.0,0.0106,0.0103,0.0106,0.2022
2024-11-01,MIDCPNIFTY,12402.15,12343.15,12399.0,12401.05,0.0114,0.0119,0.0119,0.2275
2024-11-01,NIFTY,24304.35,24205.35,24383.65,24388.3,0.0084,0.0084,0.0084,0.161
2024-11-01,NIFTYNXT50,70400.75,69911.75,70628.15,70499.05,0.0119,0.0116,0.0119,0.2275
2024-11-04,BANKNIFTY,51215.25,51673.9,51552.05,51927.75,0.0108,0.0105,0.0108,0.2056
2024-11-04,FINNIFTY,23660.25,23947.6,23798.75,24066.65,0.0106,0.0103,0.0106,0.2024
2024-11-04,MIDCPNIFTY,12299.65,12402.15,12330.35,12399.0,0.0113,0.0119,0.0119,0.227
2024-11-04,NIFTY,23995.35,24304.35,24114.65,24383.65,0.0085,0.0084,0.0085,0.1615
2024-11-04,NIFTYNXT50,69418.25,70400.75,69995.85,70628.15,0.0119,0.0116,0.0119,0.2277
2024-11-05,BANKNIFTY,52207.25,51215.25,52393.95,51552.05,0.0108,0.0106,0.0108,0.2068
2024-11-05,FINNIFTY,24128.9,23660.25,24186.55,23798.75,0.0107,0.0103,0.0107,0.2036
2024-11-05,MIDCPNIFTY,12371.85,12299.65,12419.75,12330.35,0.0113,0.0119,0.0119,0.2267
2024-11-05,NIFTY,24213.3,23995.35,24295.45,24114.65,0.0085,0.0084,0.0085,0.1616
2024-11-05,NIFTYNXT50,69797.45,69418.25,70232.45,69995.85,0.0119,0.0116,0.0119,0.2272
2024-11-06,BANKNIFTY,52317.4,52207.25,52650.35,52393.95,0.0108,0.0105,0.0108,0.2063
2024-11-06,FINNIFTY,24181.2,24128.9,24322.4,24186.55,0.0106,0.0103,0.0106,0.2031
2024-11-06,MIDCPNIFTY,12654.95,12371.85,12720.3,12419.75,0.0114,0.012,0.012,0.2284
2024-11-06,NIFTY,24484.05,24213.3,24587.1,24295.45,0.0085,0.0085,0.0085,0.1619
2024-11-06,NIFTYNXT50,71389.8,69797.45,71725.0,70232.45,0.012,0.0116,0.012,0.2287
2024-11-07,BANKNIFTY,51916.5,52317.4,52199.9,52650.35,0.0108,0.0105,0.0108,0.206
2024-11-07,FINNIFTY,23966.6,24181.2,24103.85,24322.4,0.0106,0.0103,0.0106,0.203
2024-11-07,MIDCPNIFTY,12594.4,12654.95,12633.2,12720.3,0.0114,0.0119,0.0119,0.228
2024-11-07,NIFTY,24199.35,24484.05,24300.5,24587.1,0.0085,0.0085,0.0085,0.1622
2024-11-07,NIFTYNXT50,70639.9,71389.8,71254.9,71725.0,0.012,0.0116,0.012,0.2286
2024-11-08,BANKNIFTY,51561.2,51916.5,51788.55,52199.9,0.0108,0.0105,0.0108,0.2057
2024-11-08,FINNIFTY,23834.55,23966.6,23945.15,24103.85,0.0106,0.0103,0.0106,0.2026
2024-11-08,MIDCPNIFTY,12520.6,12594.4,12516.25,12633.2,0.0114,0.0119,0.0119,0.2278
2024-11-08,NIFTY,24148.2,24199.35,24219.85,24300.5,0.0085,0.0085,0.0085,0.1619
2024-11-08,NIFTYNXT50,69774.2,70639.9,70422.25,71254.9,0.012,0.0116,0.012,0.2286
2024-11-11,BANKNIFTY,51876.75,51561.2,52082.2,51788.55,0.0107,0.0105,0.0107,0.2053
2024-11-11,FINNIFTY,23959.95,23834.55,24044.75,23945.15,0.0106,0.0103,0.0106,0.2022
2024-11-11,MIDCPNIFTY,12495.7,12520.6,12500.5,12516.25,0.0113,0.0119,0.0119,0.2272
2024-11-11,NIFTY,24141.3,24148.2,24226.3,24219.85,0.0085,0.0084,0.0085,0.1614
2024-11-11,NIFTYNXT50,69973.75,69774.2,70357.2,70422.25,0.0119,0.0116,0.0119,0.2281
2024-11-12,BANKNIFTY,51157.8,51876.75,51373.85,52082.2,0.0108,0.0105,0.0108,0.2057
2024-11-12,FINNIFTY,23563.65,23959.95,23671.75,24044.75,0.0106,0.0103,0.0106,0.203
2024-11-12,MIDCPNIFTY,12333.0,12495.7,12340.1,12500.5,0.0114,0.0119,0.0119,0.2273
2024-11-12,NIFTY,23883.45,24141.3,23959.6,24226.3,0.0085,0.0085,0.0085,0.1617
2024-11-12,NIFTYNXT50,68448.9,69973.75,69115.35,70357.2,0.012,0.0116,0.012,0.2294
2024-11-13,BANKNIFTY,50088.35,51157.8,50358.25,51373.85,0.0108,0.0106,0.0108,0.2072
2024-11-13,FINNIFTY,23138.4,23563.65,23251.0,23671.75,0.0107,0.0104,0.0107,0.2039
2024-11-13,MIDCPNIFTY,12071.1,12333.0,12096.5,12340.1,0.0114,0.012,0.012,0.2283
2024-11-13,NIFTY,23559.05,23883.45,23658.55,23959.6,0.0085,0.0085,0.0085,0.1623
2024-11-13,NIFTYNXT50,67101.45,68448.9,67670.6,69115.35,0.0121,0.0117,0.0121,0.2304
2024-11-14,BANKNIFTY,50179.55,50088.35,50296.95,50358.25,0.0108,0.0106,0.0108,0.2067
2024-11-14,FINNIFTY,23200.3,23138.4,23252.95,23251.0,0.0106,0.0103,0.0106,0.2035
2024-11-14,MIDCPNIFTY,12100.1,12071.1,12116.35,12096.5,0.0114,0.0119,0.0119,0.2278
2024-11-14,NIFTY,23532.7,23559.05,23601.7,23658.55,0.0085,0.0085,0.0085,0.1619
2024-11-14,NIFTYNXT50,67408.65,67101.45,67756.1,67670.6,0.012,0.0117,0.012,0.2299
2024-11-18,BANKNIFTY,50363.8,50179.55,50429.85,50296.95,0.0108,0.0105,0.0108,0.2062
2024-11-18,FINNIFTY,23257.7,23200.3,23283.75,23252.95,0.0106,0.0103,0.0106,0.203
2024-11-18,MIDCPNIFTY,12091.6,12100.1,12086.3,12116.35,0.0114,0.0119,0.0119,0.2272
2024-11-18,NIFTY,23453.8,23532.7,23513.95,23601.7,0.0085,0.0084,0.0085,0.1616
2024-11-18,NIFTYNXT50,67472.0,67408.65,67516.9,67756.1,0.012,0.0117,0.012,0.2294
2024-11-19,BANKNIFTY,50626.5,50363.8,50590.9,50429.85,0.0108,0.0105,0.0108,0.2058
2024-11-19,FINNIFTY,23403.05,23257.7,23389.85,23283.75,0.0106,0.0103,0.0106,0.2026
2024-11-19,MIDCPNIFTY,12171.65,12091.6,12150.85,12086.3,0.0113,0.0119,0.0119,0.2268
2024-11-19,NIFTY,23518.5,23453.8,23534.8,23513.95,0.0084,0.0084,0.0084,0.1613
2024-11-19,NIFTYNXT50,67775.5,67472.0,68296.3,67516.9,0.012,0.0117,0.012,0.2289
2024-11-21,BANKNIFTY,50372.9,50626.5,50407.4,50590.9,0.0108,0.0105,0.0108,0.2054
2024-11-21,FINNIFTY,23273.45,23403.05,23283.55,23389.85,0.0106,0.0103,0.0106,0.2023
2024-11-21,MIDCPNIFTY,12164.65,12171.65,12163.4,12150.85,0.0113,0.0118,0.0118,0.2262
2024-11-21,NIFTY,23349.9,23518.5,23348.7,23534.8,0.0084,0.0084,0.0084,0.1611
2024-11-21,NIFTYNXT50,66765.45,67775.5,67402.35,68296.3,0.012,0.0117,0.012,0.2292
2024-11-22,BANKNIFTY,51135.4,50372.9,51082.35,50407.4,0.0108,0.0105,0.0108,0.2059
2024-11-22,FINNIFTY,23623.75,23273.45,23583.35,23283.55,0.0106,0.0103,0.0106,0.2028
2024-11-22,MIDCPNIFTY,12306.85,12164.65,12317.3,12163.4,0.0113,0.0118,0.0118,0.2263
2024-11-22,NIFTY,23907.25,23349.9,23886.55,23348.7,0.0086,0.0086,0.0086,0.1639
2024-11-22,NIFTYNXT50,68016.85,66765.45,68291.3,67402.35,0.012,0.0117,0.012,0.23
2024-11-25,BANKNIFTY,52207.5,51135.4,52171.6,51082.35,0.0108,0.0106,0.0108,0.2073
2024-11-25,FINNIFTY,24058.7,23623.75,24063.2,23583.35,0.0107,0.0103,0.0107,0.2038
2024-11-25,MIDCPNIFTY,12576.4,12306.85,12662.85,12345.05,0.0114,0.012,0.012,0.2283
2024-11-25,NIFTY,24221.9,23907.25,24273.5,23886.55,0.0086,0.0086,0.0086,0.1644
2024-11-25,NIFTYNXT50,69342.7,68016.85,69570.75,68291.3,0.0121,0.0117,0.0121,0.2309
2024-11-26,BANKNIFTY,52191.5,52207.5,52218.7,52171.6,0.0108,0.0106,0.0108,0.2068
2024-11-26,FINNIFTY,24046.8,24058.7,24197.45,24205.05,0.0106,0.0103,0.0106,0.2033
2024-11-26,MIDCPNIFTY,12569.65,12576.4,12636.5,12662.85,0.0114,0.0119,0.0119,0.2278
2024-11-26,NIFTY,24194.5,24221.9,24217.1,24273.5,0.0086,0.0086,0.0086,0.164
2024-11-26,NIFTYNXT50,69522.25,69342.7,69636.4,69570.75,0.0121,0.0117,0.0121,0.2304
2024-11-27,BANKNIFTY,52301.8,52191.5,52617.45,52510.4,0.0108,0.0105,0.0108,0.2063
2024-11-27,FINNIFTY,24171.55,24046.8,24317.55,24197.45,0.0106,0.0103,0.0106,0.2029
2024-11-27,MIDCPNIFTY,12619.25,12569.65,12699.45,12636.5,0.0113,0.0119,0.0119,0.2273
2024-11-27,NIFTY,24274.9,24194.5,24299.55,24217.1,0.0086,0.0086,0.0086,0.1637
2024-11-27,NIFTYNXT50,70185.4,69522.25,70279.1,69636.4,0.012,0.0117,0.012,0.2301
2024-11-28,BANKNIFTY,51906.85,52301.8,52329.4,52617.45,0.0108,0.0105,0.0108,0.206
2024-11-28,FINNIFTY,23919.6,24171.55,24103.7,24317.55,0.0106,0.0103,0.0106,0.2029
2024-11-28,MIDCPNIFTY,12553.75,12619.25,12628.3,12699.45,0.0113,0.0119,0.0119,0.2269
2024-11-28,NIFTY,23914.15,24274.9,24115.25,24437.55,0.0086,0.0086,0.0086,0.1645
2024-11-28,NIFTYNXT50,70254.25,70185.4,70140.6,70279.1,0.012,0.0116,0.012,0.2296
2024-11-29,BANKNIFTY,52055.6,51906.85,52364.45,52329.4,0.0108,0.0105,0.0108,0.2055
2024-11-29,FINNIFTY,24010.15,23919.6,24155.75,24103.7,0.0106,0.0103,0.0106,0.2024
2024-11-29,MIDCPNIFTY,12619.5,12553.75,12706.6,12628.3,0.0113,0.0119,0.0119,0.2264
2024-11-29,NIFTY,24131.1,23914.15,24304.15,24115.25,0.0086,0.0086,0.0086,0.1645
2024-11-29,NIFTYNXT50,70726.85,70254.25,71010.25,70353.5,0.012,0.0116,0.012,0.2292
2024-12-02,BANKNIFTY,52109.0,52055.6,52395.15,52364.45,0.0107,0.0105,0.0107,0.205
2024-12-02,FINNIFTY,24072.65,24010.15,24218.9,24155.75,0.0106,0.0102,0.0106,0.2019
2024-12-02,MIDCPNIFTY,12726.3,12619.5,12802.1,12706.6,0.0113,0.0118,0.0118,0.2261
2024-12-02,NIFTY,24276.05,24131.1,24428.5,24304.15,0.0086,0.0086,0.0086,0.1643
2024-12-02,NIFTYNXT50,71164.35,70726.85,71458.25,71010.25,0.012,0.0116,0.012,0.2287
2024-12-03,BANKNIFTY,52695.75,52109.0,52868.85,52395.15,0.0107,0.0105,0.0107,0.2051
2024-12-03,FINNIFTY,24296.55,24072.65,24391.55,24218.9,0.0106,0.0102,0.0106,0.2018
2024-12-03,MIDCPNIFTY,12812.85,12726.3,12856.65,12802.1,0.0113,0.0118,0.0118,0.2256
2024-12-03,NIFTY,24457.15,24276.05,24547.0,24428.5,0.0086,0.0086,0.0086,0.1642
2024-12-03,NIFTYNXT50,71890.75,71164.35,71978.1,71458.25,0.012,0.0116,0.012,0.2286
2024-12-04,BANKNIFTY,53266.9,52695.75,53381.4,52868.85,0.0107,0.0105,0.0107,0.2051
2024-12-04,FINNIFTY,24562.6,24296.55,24629.0,24391.55,0.0106,0.0102,0.0106,0.2018
2024-12-04,MIDCPNIFTY,12927.5,12812.85,12959.3,12856.65,0.0113,0.0118,0.0118,0.2253
2024-12-04,NIFTY,24467.45,24457.15,24561.7,24547.0,0.0086,0.0085,0.0086,0.1638
2024-12-04,NIFTYNXT50,72244.85,71890.75,72204.2,71978.1,0.0119,0.0116,0.0119,0.2281
2024-12-05,BANKNIFTY,53603.55,53266.9,53674.65,53381.4,0.0107,0.0104,0.0107,0.2047
2024-12-05,FINNIFTY,24731.25,24562.6,24784.6,24629.0,0.0106,0.0102,0.0106,0.2016
2024-12-05,MIDCPNIFTY,12935.6,12927.5,12982.6,12959.3,0.0112,0.0118,0.0118,0.2248
2024-12-05,NIFTY,24708.4,24467.45,24764.35,24561.7,0.0086,0.0085,0.0086,0.1639
2024-12-05,NIFTYNXT50,72487.05,72244.85,72532.45,72204.2,0.0119,0.0115,0.0119,0.2276
2024-12-06,BANKNIFTY,53509.5,53603.55,53717.85,53674.65,0.0107,0.0104,0.0107,0.2042
2024-12-06,FINNIFTY,24703.7,24731.25,24810.9,24784.6,0.0105,0.0102,0.0105,0.2011
2024-12-06,MIDCPNIFTY,12959.55,12935.6,13017.0,12982.6,0.0112,0.0117,0.0117,0.2242
2024-12-06,NIFTY,24677.8,24708.4,24783.25,24764.35,0.0086,0.0085,0.0086,0.1635
2024-12-06,NIFTYNXT50,73040.4,72487.05,73077.35,72532.45,0.0119,0.0115,0.0119,0.2272
2024-12-09,BANKNIFTY,53407.75,53509.5,53531.0,53717.85,0.0107,0.0104,0.0107,0.2037
2024-12-09,FINNIFTY,24722.6,24703.7,24798.3,24810.9,0.0105,0.0102,0.0105,0.2006
2024-12-09,MIDCPNIFTY,12988.8,12959.55,13025.6,13017.0,0.0112,0.0117,0.0117,0.2237
2024-12-09,NIFTY,24619.0,24677.8,24694.6,24783.25,0.0085,0.0085,0.0085,0.1632
2024-12-09,NIFTYNXT50,72708.1,73040.4,72871.1,73077.35,0.0119,0.0115,0.0119,0.2268
2024-12-10,BANKNIFTY,53577.7,53407.75,53699.5,53531.0,0.0106,0.0104,0.0106,0.2033
2024-12-10,FINNIFTY,24802.95,24722.6,24877.55,24798.3,0.0105,0.0101,0.0105,0.2001
2024-12-10,MIDCPNIFTY,13085.4,12988.8,13117.6,13025.6,0.0112,0.0117,0.0117,0.2233
2024-12-10,NIFTY,24610.05,24619.0,24682.6,24694.6,0.0085,0.0085,0.0085,0.1628
2024-12-10,NIFTYNXT50,73096.45,72708.1,73213.45,72871.1,0.0118,0.0115,0.0118,0.2263
2024-12-11,BANKNIFTY,53391.35,53577.7,53558.6,53699.5,0.0106,0.0103,0.0106,0.2028
2024-12-11,FINNIFTY,24803.05,24802.95,24879.9,24877.55,0.0104,0.0101,0.0104,0.1996
2024-12-11,MIDCPNIFTY,13133.8,13085.4,13170.7,13117.6,0.0111,0.0117,0.0117,0.2228
2024-12-11,NIFTY,24641.8,24610.05,24734.9,24682.6,0.0085,0.0085,0.0085,0.1624
2024-12-11,NIFTYNXT50,73292.15,73096.45,73463.8,73213.45,0.0118,0.0114,0.0118,0.2258
2024-12-12,BANKNIFTY,53216.45,53391.35,53437.8,53558.6,0.0106,0.0103,0.0106,0.2024
2024-12-12,FINNIFTY,24726.95,24803.05,24840.65,24879.9,0.0104,0.0101,0.0104,0.1992
2024-12-12,MIDCPNIFTY,13071.25,13133.8,13104.85,13170.7,0.0111,0.0116,0.0116,0.2223
2024-12-12,NIFTY,24548.7,24641.8,24648.55,24734.9,0.0085,0.0084,0.0085,0.162
2024-12-12,NIFTYNXT50,73082.6,73292.15,73203.65,73463.8,0.0118,0.0114,0.0118,0.2252
2024-12-13,BANKNIFTY,53583.8,53216.45,53625.8,53437.8,0.0106,0.0103,0.0106,0.2021
2024-12-13,FINNIFTY,24880.4,24726.95,24937.1,24840.65,0.0104,0.0101,0.0104,0.1988
2024-12-13,MIDCPNIFTY,13134.5,13071.25,13176.15,13104.85,0.0111,0.0116,0.0116,0.2219
2024-12-13,NIFTY,24768.3,24548.7,24830.75,24648.55,0.0085,0.0084,0.0085,0.1621
2024-12-13,NIFTYNXT50,72965.95,73082.6,73129.05,73203.65,0.0118,0.0114,0.0118,0.2247
2024-12-16,BANKNIFTY,53581.35,53583.8,53697.2,53625.8,0.0105,0.0103,0.0105,0.2016
2024-12-16,FINNIFTY,24857.0,24880.4,24951.65,24937.1,0.0104,0.01,0.0104,0.1983
2024-12-16,MIDCPNIFTY,13207.4,13134.5,13247.4,13176.15,0.0111,0.0116,0.0116,0.2215
2024-12-16,NIFTY,24668.25,24768.3,24738.5,24830.75,0.0085,0.0084,0.0085,0.1618
2024-12-16,NIFTYNXT50,73155.6,72965.95,73274.6,73129.05,0.0117,0.0114,0.0117,0.2241
2024-12-17,BANKNIFTY,52834.8,53581.35,53015.75,53697.2,0.0106,0.0103,0.0106,0.2019
2024-12-17,FINNIFTY,24498.9,24857.0,24611.8,24951.65,0.0104,0.0101,0.0104,0.1988
2024-12-17,MIDCPNIFTY,13091.1,13207.4,13128.65,13247.4,0.0111,0.0116,0.0116,0.2213
2024-12-17,NIFTY,24336.0,24668.25,24417.65,24738.5,0.0085,0.0085,0.0085,0.1624
2024-12-17,NIFTYNXT50,72188.0,73155.6,72393.5,73274.6,0.0117,0.0114,0.0117,0.2243
2024-12-18,BANKNIFTY,52139.55,52834.8,52304.2,53015.75,0.0106,0.0103,0.0106,0.2022
2024-12-18,FINNIFTY,24198.35,24498.9,24286.5,24611.8,0.0104,0.0101,0.0104,0.199
2024-12-18,MIDCPNIFTY,13031.6,13091.1,13047.15,13128.65,0.011,0.0116,0.0116,0.2209
2024-12-18,NIFTY,24198.85,24336.0,24257.35,24417.65,0.0085,0.0084,0.0085,0.1622
2024-12-18,NIFTYNXT50,71250.0,72188.0,71444.55,72393.5,0.0117,0.0114,0.0117,0.2244
2024-12-19,BANKNIFTY,51575.7,52139.55,51749.7,52304.2,0.0106,0.0103,0.0106,0.2023
2024-12-19,FINNIFTY,23906.6,24198.35,23991.95,24286.5,0.0104,0.0101,0.0104,0.1992
2024-12-19,MIDCPNIFTY,13027.2,13031.6,13060.9,13047.15,0.011,0.0115,0.0115,0.2203
2024-12-19,NIFTY,23951.7,24198.85,24018.8,24257.35,0.0085,0.0085,0.0085,0.1624
2024-12-19,NIFTYNXT50,70625.7,71250.0,70694.2,71444.55,0.0117,0.0114,0.0117,0.2242
2024-12-20,BANKNIFTY,50759.2,51575.7,50769.95,51749.7,0.0106,0.0104,0.0106,0.2029
2024-12-20,FINNIFTY,23591.7,23906.6,23622.05,23991.95,0.0104,0.0101,0.0104,0.1995
2024-12-20,MIDCPNIFTY,12683.15,13027.2,12702.15,13060.9,0.0111,0.0117,0.0117,0.223
2024-12-20,NIFTY,23587.5,23951.7,23625.65,24018.8,0.0085,0.0085,0.0085,0.1633
2024-12-20,NIFTYNXT50,68702.65,70625.7,68926.2,70694.2,0.0119,0.0115,0.0119,0.2267
2024-12-23,BANKNIFTY,51317.6,50759.2,51303.15,50769.95,0.0106,0.0104,0.0106,0.2029
2024-12-23,FINNIFTY,23785.55,23591.7,23826.75,23622.05,0.0104,0.0101,0.0104,0.1993
2024-12-23,MIDCPNIFTY,12756.05,12683.15,12781.9,12702.15,0.0111,0.0116,0.0116,0.2226
2024-12-23,NIFTY,23753.45,23587.5,23769.75,23625.65,0.0085,0.0085,0.0085,0.1631
2024-12-23,NIFTYNXT50,68888.95,68702.65,68884.4,68926.2,0.0118,0.0115,0.0118,0.2262
2024-12-24,BANKNIFTY,51233.0,51317.6,51727.95,51759.55,0.0106,0.0103,0.0106,0.2024
2024-12-24,FINNIFTY,23737.6,23785.55,23818.45,23826.75,0.0104,0.0101,0.0104,0.1988
2024-12-24,MIDCPNIFTY,12757.15,12756.05,12779.55,12781.9,0.0111,0.0116,0.0116,0.222
2024-12-24,NIFTY,23727.65,23753.45,23770.6,23769.75,0.0085,0.0085,0.0085,0.1627
2024-12-24,NIFTYNXT50,68857.25,68888.95,69079.6,68884.4,0.0118,0.0114,0.0118,0.2256
2024-12-26,BANKNIFTY,51170.7,51233.0,51574.95,51727.95,0.0106,0.0103,0.0106,0.2019
2024-12-26,FINNIFTY,23743.8,23737.6,23803.5,23818.45,0.0104,0.0101,0.0104,0.1983
2024-12-26,MIDCPNIFTY,12791.65,12757.15,12803.65,12779.55,0.0111,0.0116,0.0116,0.2215
2024-12-26,NIFTY,23750.2,23727.65,23919.75,23929.25,0.0085,0.0085,0.0085,0.1623
2024-12-26,NIFTYNXT50,69165.85,68857.25,69348.2,69079.6,0.0118,0.0114,0.0118,0.2251
2024-12-27,BANKNIFTY,51311.3,51170.7,51724.3,51574.95,0.0105,0.0103,0.0105,0.2015
2024-12-27,FINNIFTY,23788.0,23743.8,23823.8,23803.5,0.0104,0.01,0.0104,0.1978
2024-12-27,MIDCPNIFTY,12768.9,12791.65,12787.65,12803.65,0.011,0.0116,0.0116,0.2209
2024-12-27,NIFTY,23813.4,23750.2,23992.65,23919.75,0.0085,0.0084,0.0085,0.162
2024-12-27,NIFTYNXT50,68557.15,69165.85,69125.95,69559.05,0.0118,0.0114,0.0118,0.2249
2024-12-30,BANKNIFTY,50952.75,51311.3,51404.35,51724.3,0.0105,0.0103,0.0105,0.2012
2024-12-30,FINNIFTY,23565.3,23788.0,23611.85,23823.8,0.0104,0.01,0.0104,0.1978
2024-12-30,MIDCPNIFTY,12987.9,12768.9,12968.7,12853.6,0.0111,0.0116,0.0116,0.2207
2024-12-30,NIFTY,23644.9,23813.4,23816.7,23992.65,0.0085,0.0084,0.0085,0.1618
2024-12-30,NIFTYNXT50,68063.8,68557.15,68727.45,69125.95,0.0118,0.0114,0.0118,0.2245
2024-12-31,BANKNIFTY,50860.2,50952.75,51286.15,51404.35,0.0105,0.0102,0.0105,0.2007
2024-12-31,FINNIFTY,23512.8,23565.3,23730.55,23772.1,0.0103,0.01,0.0103,0.1973
2024-12-31,MIDCPNIFTY,12907.3,12987.9,12929.7,12968.7,0.0111,0.0115,0.0115,0.2202
2024-12-31,NIFTY,23644.8,23644.9,23805.85,23816.7,0.0084,0.0084,0.0084,0.1614
2024-12-31,NIFTYNXT50,67988.35,68063.8,68344.95,68727.45,0.0117,0.0113,0.0117,0.224
2025-01-01,BANKNIFTY,51060.6,50860.2,51439.25,51286.15,0.0105,0.0102,0.0105,0.2003
2025-01-01,FINNIFTY,23619.95,23512.8,23795.45,23730.55,0.0103,0.01,0.0103,0.1969
2025-01-01,MIDCPNIFTY,12934.75,12907.3,12962.65,12929.7,0.011,0.0115,0.0115,0.2196
2025-01-01,NIFTY,23742.9,23644.8,23897.85,23805.85,0.0084,0.0084,0.0084,0.1611
2025-01-01,NIFTYNXT50,68247.95,67988.35,68649.85,68344.95,0.0117,0.0113,0.0117,0.2235
2025-01-02,BANKNIFTY,51605.55,51060.6,51860.2,51439.25,0.0105,0.0102,0.0105,0.2003
2025-01-02,FINNIFTY,24006.7,23619.95,24110.2,23795.45,0.0103,0.01,0.0103,0.1976
2025-01-02,MIDCPNIFTY,13095.15,12934.75,13152.9,12962.65,0.011,0.0115,0.0115,0.22
2025-01-02,NIFTY,24188.65,23742.9,24282.65,23897.85,0.0085,0.0085,0.0085,0.1627
2025-01-02,NIFTYNXT50,69103.6,68247.95,69447.6,68649.85,0.0117,0.0113,0.0117,0.2236
2025-01-03,BANKNIFTY,50988.8,51605.55,51259.2,51860.2,0.0105,0.0102,0.0105,0.2004
2025-01-03,FINNIFTY,23735.7,24006.7,23862.6,24110.2,0.0103,0.01,0.0103,0.1977
2025-01-03,MIDCPNIFTY,13009.85,13095.15,13053.8,13152.9,0.011,0.0115,0.0115,0.2197
2025-01-03,NIFTY,24004.75,24188.65,24092.4,24282.65,0.0085,0.0084,0.0085,0.1626
2025-01-03,NIFTYNXT50,69192.45,69103.6,69402.7,69447.6,0.0117,0.0113,0.0117,0.223
2025-01-06,BANKNIFTY,49922.0,50988.8,50163.1,51259.2,0.0106,0.0103,0.0106,0.202
2025-01-06,FINNIFTY,23317.85,23735.7,23434.55,23862.6,0.0104,0.0101,0.0104,0.1987
2025-01-06,MIDCPNIFTY,12696.6,13009.85,12731.9,13053.8,0.0111,0.0116,0.0116,0.2217
2025-01-06,NIFTY,23616.05,24004.75,23721.05,24092.4,0.0086,0.0085,0.0086,0.1637
2025-01-06,NIFTYNXT50,66996.8,69192.45,67305.2,69402.7,0.0119,0.0115,0.0119,0.2267
2025-01-07,BANKNIFTY,50202.15,49922.0,50415.3,50163.1,0.0106,0.0103,0.0106,0.2016
2025-01-07,FINNIFTY,23430.3,23317.85,23528.15,23434.55,0.0104,0.0101,0.0104,0.1983
2025-01-07,MIDCPNIFTY,12739.35,12696.6,12770.25,12731.9,0.0111,0.0116,0.0116,0.2212
2025-01-07,NIFTY,23707.9,23616.05,23795.05,23721.05,0.0086,0.0085,0.0086,0.1634
2025-01-07,NIFTYNXT50,66938.9,66996.8,67317.3,67305.2,0.0118,0.0114,0.0118,0.2261
2025-01-08,BANKNIFTY,49835.05,50202.15,50095.4,50415.3,0.0105,0.0103,0.0105,0.2013
2025-01-08,FINNIFTY,23236.05,23430.3,23366.65,23528.15,0.0104,0.01,0.0104,0.1981
2025-01-08,MIDCPNIFTY,12562.2,12739.35,12601.45,12770.25,0.0111,0.0116,0.0116,0.2214
2025-01-08,NIFTY,23688.95,23707.9,23781.35,23795.05,0.0085,0.0085,0.0085,0.163
2025-01-08,NIFTYNXT50,66402.6,66938.9,66716.2,67317.3,0.0118,0.0114,0.0118,0.2258
2025-01-09,BANKNIFTY,49503.5,49835.05,49787.25,50095.4,0.0105,0.0103,0.0105,0.201
2025-01-09,FINNIFTY,23026.15,23236.05,23162.25,23366.65,0.0104,0.01,0.0104,0.198
2025-01-09,MIDCPNIFTY,12481.2,12562.2,12505.25,12601.45,0.0111,0.0116,0.0116,0.2211
2025-01-09,NIFTY,23526.5,23688.95,23648.1,23781.35,0.0085,0.0084,0.0085,0.1628
2025-01-09,NIFTYNXT50,65557.2,66402.6,65886.55,66716.2,0.0118,0.0114,0.0118,0.2259
2025-01-10,BANKNIFTY,48734.15,49503.5,48886.4,49787.25,0.0106,0.0103,0.0106,0.2016
2025-01-10,FINNIFTY,22730.2,23026.15,22797.15,23162.25,0.0104,0.0101,0.0104,0.1983
2025-01-10,MIDCPNIFTY,12283.0,12481.2,12287.05,12505.25,0.0111,0.0116,0.0116,0.2218
2025-01-10,NIFTY,23431.5,23526.5,23500.65,23648.1,0.0085,0.0084,0.0085,0.1625
2025-01-10,NIFTYNXT50,64257.1,65557.2,64474.75,65886.55,0.0119,0.0115,0.0119,0.227
2025-01-13,BANKNIFTY,48041.25,48734.15,48266.25,48886.4,0.0106,0.0103,0.0106,0.2021
2025-01-13,FINNIFTY,22400.45,22730.2,22497.45,22797.15,0.0104,0.0101,0.0104,0.1988
2025-01-13,MIDCPNIFTY,11813.5,12283.0,11838.05,12287.05,0.0114,0.0119,0.0119,0.2269
2025-01-13,NIFTY,23085.95,23431.5,23162.1,23500.65,0.0085,0.0085,0.0085,0.1633
2025-01-13,NIFTYNXT50,61481.55,64257.1,61774.9,64474.75,0.0123,0.0119,0.0123,0.2341
2025-01-14,BANKNIFTY,48729.15,48041.25,48971.05,48266.25,0.0106,0.0104,0.0106,0.2025
2025-01-14,FINNIFTY,22722.15,22400.45,22856.9,22497.45,0.0104,0.0101,0.0104,0.1992
2025-01-14,MIDCPNIFTY,12029.7,11813.5,12061.8,11838.05,0.0115,0.0119,0.0119,0.2277
2025-01-14,NIFTY,23176.05,23085.95,23271.75,23162.1,0.0085,0.0085,0.0085,0.163
2025-01-14,NIFTYNXT50,63084.1,61481.55,63375.4,61774.9,0.0124,0.012,0.0124,0.2361
2025-01-15,BANKNIFTY,48751.7,48729.15,48892.55,48971.05,0.0106,0.0103,0.0106,0.202
2025-01-15,FINNIFTY,22680.1,22722.15,22753.45,22856.9,0.0104,0.0101,0.0104,0.1987
2025-01-15,MIDCPNIFTY,12129.0,12029.7,12133.1,12061.8,0.0115,0.0119,0.0119,0.2273
2025-01-15,NIFTY,23213.2,23176.05,23265.9,23271.75,0.0085,0.0084,0.0085,0.1626
2025-01-15,NIFTYNXT50,63639.55,63084.1,63830.65,63375.4,0.0123,0.012,0.0123,0.2358
2025-01-16,BANKNIFTY,49278.7,48751.7,49443.95,48892.55,0.0106,0.0103,0.0106,0.202
2025-01-16,FINNIFTY,22943.75,22680.1,23032.45,22753.45,0.0104,0.0101,0.0104,0.1988
2025-01-16,MIDCPNIFTY,12218.0,12129.0,12223.35,12133.1,0.0115,0.0119,0.0119,0.2269
2025-01-16,NIFTY,23311.8,23213.2,23377.55,23265.9,0.0085,0.0084,0.0085,0.1623
2025-01-16,NIFTYNXT50,64564.5,63639.55,64651.2,63830.65,0.0124,0.012,0.0124,0.236
2025-01-17,BANKNIFTY,48540.6,49278.7,48685.65,49443.95,0.0106,0.0104,0.0106,0.2025
2025-01-17,FINNIFTY,22608.2,22943.75,22683.95,23032.45,0.0104,0.0101,0.0104,0.1993
2025-01-17,MIDCPNIFTY,12249.85,12218.0,12245.15,12223.35,0.0114,0.0118,0.0118,0.2264
2025-01-17,NIFTY,23203.2,23311.8,23267.2,23377.55,0.0085,0.0084,0.0085,0.162
2025-01-17,NIFTYNXT50,65053.6,64564.5,65270.7,64651.2,0.0123,0.012,0.0123,0.2357
2025-01-20,BANKNIFTY,49350.8,48540.6,49512.9,48685.65,0.0106,0.0104,0.0106,0.2032
2025-01-20,FINNIFTY,22926.7,22608.2,23016.35,22683.95,0.0105,0.0102,0.0105,0.1997
2025-01-20,MIDCPNIFTY,12356.5,12249.85,12365.45,12245.15,0.0114,0.0118,0.0118,0.2262
2025-01-20,NIFTY,23344.75,23203.2,23400.2,23267.2,0.0085,0.0084,0.0085,0.1618
2025-01-20,NIFTYNXT50,65106.15,65053.6,65368.65,65270.7,0.0123,0.0119,0.0123,0.2351
2025-01-21,BANKNIFTY,48570.9,49350.8,48763.25,49512.9,0.0107,0.0104,0.0107,0.2039
2025-01-21,FINNIFTY,22548.9,22926.7,22644.25,23016.35,0.0105,0.0102,0.0105,0.2005
2025-01-21,MIDCPNIFTY,12013.35,12356.5,12006.8,12365.45,0.0116,0.012,0.012,0.2291
2025-01-21,NIFTY,23024.65,23344.75,23103.2,23400.2,0.0085,0.0084,0.0085,0.1625
2025-01-21,NIFTYNXT50,63406.15,65106.15,63596.5,65368.65,0.0124,0.0121,0.0124,0.2372
2025-01-22,BANKNIFTY,48724.4,48570.9,48887.65,48763.25,0.0106,0.0104,0.0106,0.2034
2025-01-22,FINNIFTY,22650.4,22548.9,22722.95,22644.25,0.0105,0.0102,0.0105,0.2001
2025-01-22,MIDCPNIFTY,11918.4,12013.35,11937.45,12006.8,0.0115,0.012,0.012,0.2287
2025-01-22,NIFTY,23155.35,23024.65,23198.95,23103.2,0.0085,0.0084,0.0085,0.1623
2025-01-22,NIFTYNXT50,62865.6,63406.15,63129.25,63596.5,0.0124,0.012,0.0124,0.2369
2025-01-23,BANKNIFTY,48589.0,48724.4,48696.0,48887.65,0.0106,0.0104,0.0106,0.2029
2025-01-23,FINNIFTY,22625.85,22650.4,22680.7,22722.95,0.0104,0.0102,0.0104,0.1996
2025-01-23,MIDCPNIFTY,12177.4,11918.4,12174.85,11937.45,0.0116,0.012,0.012,0.2296
2025-01-23,NIFTY,23205.35,23155.35,23263.7,23198.95,0.0085,0.0084,0.0085,0.1619
2025-01-23,NIFTYNXT50,63499.75,62865.6,63735.05,63129.25,0.0124,0.012,0.0124,0.2367
2025-01-24,BANKNIFTY,48367.8,48589.0,48375.2,48696.0,0.0106,0.0104,0.0106,0.2025
2025-01-24,FINNIFTY,22513.5,22625.85,22516.5,22680.7,0.0104,0.0102,0.0104,0.1992
2025-01-24,MIDCPNIFTY,12087.85,12177.4,12089.55,12174.85,0.0116,0.012,0.012,0.2293
2025-01-24,NIFTY,23092.2,23205.35,23113.9,23263.7,0.0085,0.0084,0.0085,0.1616
2025-01-24,NIFTYNXT50,62494.0,63499.75,62575.35,63735.05,0.0124,0.0121,0.0124,0.2371
2025-01-27,BANKNIFTY,48064.65,48367.8,48080.95,48375.2,0.0106,0.0104,0.0106,0.2022
2025-01-27,FINNIFTY,22383.1,22513.5,22382.25,22516.5,0.0104,0.0101,0.0104,0.1988
2025-01-27,MIDCPNIFTY,11722.2,12087.85,11742.0,12089.55,0.0118,0.0121,0.0121,0.2321
2025-01-27,NIFTY,22829.15,23092.2,22846.45,23113.9,0.0085,0.0084,0.0085,0.162
2025-01-27,NIFTYNXT50,60730.9,62494.0,60944.4,62575.35,0.0125,0.0122,0.0125,0.2396
2025-01-28,BANKNIFTY,48866.85,48064.65,48828.9,48080.95,0.0106,0.0104,0.0106,0.2029
2025-01-28,FINNIFTY,22805.9,22383.1,22794.7,22382.25,0.0105,0.0102,0.0105,0.2
2025-01-28,MIDCPNIFTY,11644.4,11722.2,11660.05,11742.0,0.0117,0.0121,0.0121,0.2317
2025-01-28,NIFTY,22957.25,22829.15,22977.7,22846.45,0.0085,0.0084,0.0085,0.1617
2025-01-28,NIFTYNXT50,60912.1,60730.9,61108.2,60944.4,0.0125,0.0121,0.0125,0.239
2025-01-29,BANKNIFTY,49165.95,48866.85,49082.15,48828.9,0.0106,0.0104,0.0106,0.2026
2025-01-29,FINNIFTY,23044.95,22805.9,22997.95,22794.7,0.0105,0.0102,0.0105,0.2
2025-01-29,MIDCPNIFTY,11871.7,11644.4,11864.95,11660.05,0.0118,0.0122,0.0122,0.2323
2025-01-29,NIFTY,23163.1,22957.25,23148.25,22977.7,0.0085,0.0084,0.0085,0.1618
2025-01-29,NIFTYNXT50,62142.15,60912.1,62125.2,61108.2,0.0126,0.0122,0.0126,0.24
2025-01-30,BANKNIFTY,49311.95,49165.95,49686.5,49435.5,0.0106,0.0103,0.0106,0.2021
2025-01-30,FINNIFTY,23133.7,23044.95,23306.65,23141.25,0.0104,0.0102,0.0104,0.1995
2025-01-30,MIDCPNIFTY,11795.15,11871.7,11846.3,11907.5,0.0118,0.0121,0.0121,0.2318
2025-01-30,NIFTY,23249.5,23163.1,23418.3,23279.35,0.0085,0.0084,0.0085,0.1614
2025-01-30,NIFTYNXT50,62193.15,62142.15,62648.35,62652.4,0.0125,0.0121,0.0125,0.2394
2025-01-31,BANKNIFTY,49587.2,49311.95,49862.0,49686.5,0.0106,0.0103,0.0106,0.2017
2025-01-31,FINNIFTY,23220.55,23133.7,23354.25,23306.65,0.0104,0.0102,0.0104,0.1991
2025-01-31,MIDCPNIFTY,11930.85,11795.15,11964.85,11846.3,0.0118,0.0121,0.0121,0.2316
2025-01-31,NIFTY,23508.4,23249.5,23620.2,23418.3,0.0085,0.0084,0.0085,0.1617
2025-01-31,NIFTYNXT50,63127.35,62193.15,63253.75,62648.35,0.0125,0.0121,0.0125,0.2396
2025-02-03,BANKNIFTY,49210.55,49506.95,49505.15,49768.6,0.0105,0.0103,0.0105,0.2009
2025-02-03,FINNIFTY,23132.45,23170.25,23262.8,23291.75,0.0104,0.0101,0.0104,0.1981
2025-02-03,MIDCPNIFTY,11822.6,11864.6,11848.3,11871.8,0.0117,0.0121,0.0121,0.2307
2025-02-03,NIFTY,23361.05,23482.15,23442.75,23555.55,0.0084,0.0083,0.0084,0.1611
2025-02-03,NIFTYNXT50,62634.2,63503.1,62674.8,63647.1,0.0125,0.0121,0.0125,0.2393
2025-02-04,BANKNIFTY,50157.95,49210.55,50315.55,49505.15,0.0106,0.0103,0.0106,0.2021
2025-02-04,FINNIFTY,23620.7,23132.45,23688.85,23262.8,0.0104,0.0102,0.0104,0.1996
2025-02-04,MIDCPNIFTY,12011.55,11822.6,12043.7,11848.3,0.0118,0.0121,0.0121,0.2312
2025-02-04,NIFTY,23739.25,23361.05,23785.4,23442.75,0.0085,0.0084,0.0085,0.1621
2025-02-04,NIFTYNXT50,63598.35,62634.2,63631.85,62674.8,0.0125,0.0121,0.0125,0.2396
2025-02-05,BANKNIFTY,50343.05,50157.95,50531.1,50315.55,0.0106,0.0103,0.0106,0.2016
2025-02-05,FINNIFTY,23664.4,23620.7,23744.8,23688.85,0.0104,0.0101,0.0104,0.1991
2025-02-05,MIDCPNIFTY,12092.9,12011.55,12133.2,12043.7,0.0117,0.0121,0.0121,0.2308
2025-02-05,NIFTY,23696.3,23739.25,23772.6,23785.4,0.0085,0.0084,0.0085,0.1618
2025-02-05,NIFTYNXT50,64012.8,63598.35,64073.7,63631.85,0.0125,0.0121,0.0125,0.2391
2025-02-06,BANKNIFTY,50382.1,50343.05,50608.7,50531.1,0.0105,0.0103,0.0105,0.2011
2025-02-06,FINNIFTY,23660.4,23664.4,23757.6,23744.8,0.0104,0.0101,0.0104,0.1986
2025-02-06,MIDCPNIFTY,11973.35,12092.9,12001.3,12133.2,0.0117,0.0121,0.0121,0.2307
2025-02-06,NIFTY,23603.35,23696.3,23688.9,23772.6,0.0085,0.0084,0.0085,0.1614
2025-02-06,NIFTYNXT50,63536.7,64012.8,63607.25,64073.7,0.0125,0.0121,0.0125,0.2388
2025-02-07,BANKNIFTY,50158.85,50382.1,50354.55,50608.7,0.0105,0.0103,0.0105,0.2007
2025-02-07,FINNIFTY,23539.75,23660.4,23638.75,23757.6,0.0104,0.0101,0.0104,0.1983
2025-02-07,MIDCPNIFTY,12011.5,11973.35,12030.75,12001.3,0.0117,0.012,0.012,0.2302
2025-02-07,NIFTY,23559.95,23603.35,23614.95,23688.9,0.0084,0.0083,0.0084,0.1611
2025-02-07,NIFTYNXT50,63552.2,63536.7,63563.0,63607.25,0.0125,0.0121,0.0125,0.2382
2025-02-10,BANKNIFTY,49981.0,50158.85,50234.15,50354.55,0.0105,0.0102,0.0105,0.2003
2025-02-10,FINNIFTY,23400.35,23539.75,23516.05,23638.75,0.0104,0.0101,0.0104,0.1979
2025-02-10,MIDCPNIFTY,11790.05,12011.5,11804.45,12030.75,0.0117,0.0121,0.0121,0.231
2025-02-10,NIFTY,23381.6,23559.95,23459.15,23614.95,0.0084,0.0083,0.0084,0.161
2025-02-10,NIFTYNXT50,62390.3,63552.2,62423.75,63563.0,0.0125,0.0121,0.0125,0.2389
2025-02-11,BANKNIFTY,49403.4,49981.0,49681.75,50234.15,0.0105,0.0102,0.0105,0.2004
2025-02-11,FINNIFTY,23089.6,23400.35,23200.0,23516.05,0.0104,0.0101,0.0104,0.1983
2025-02-11,MIDCPNIFTY,11471.45,11790.05,11496.25,11804.45,0.0119,0.0122,0.0122,0.2332
2025-02-11,NIFTY,23071.8,23381.6,23153.15,23459.15,0.0085,0.0084,0.0085,0.1616
2025-02-11,NIFTYNXT50,60827.8,62390.3,60882.4,62423.75,0.0126,0.0122,0.0126,0.2407
2025-02-12,BANKNIFTY,49479.45,49403.4,49716.5,49681.75,0.0105,0.0102,0.0105,0.1999
2025-02-12,FINNIFTY,23192.8,23089.6,23303.35,23200.0,0.0104,0.0101,0.0104,0.1979
2025-02-12,MIDCPNIFTY,11395.2,11471.45,11422.6,11496.25,0.0119,0.0122,0.0122,0.2328
2025-02-12,NIFTY,23045.25,23071.8,23123.85,23153.15,0.0084,0.0083,0.0084,0.1612
2025-02-12,NIFTYNXT50,60826.5,60827.8,60876.4,60882.4,0.0126,0.0122,0.0126,0.2401
2025-02-13,BANKNIFTY,49359.85,49479.45,49571.4,49716.5,0.0104,0.0102,0.0104,0.1994
2025-02-13,FINNIFTY,23272.4,23192.8,23352.2,23303.35,0.0103,0.01,0.0103,0.1974
2025-02-13,MIDCPNIFTY,11359.9,11395.2,11376.75,11422.6,0.0118,0.0122,0.0122,0.2323
2025-02-13,NIFTY,23031.4,23045.25,23107.75,23123.85,0.0084,0.0083,0.0084,0.1608
2025-02-13,NIFTYNXT50,60947.75,60826.5,60940.05,60876.4,0.0125,0.0122,0.0125,0.2395
2025-02-14,BANKNIFTY,49099.45,49359.85,49334.55,49571.4,0.0104,0.0102,0.0104,0.199
2025-02-14,FINNIFTY,23186.9,23272.4,23269.95,23352.2,0.0103,0.01,0.0103,0.197
2025-02-14,MIDCPNIFTY,11090.05,11359.9,11118.55,11376.75,0.0119,0.0122,0.0122,0.2338
2025-02-14,NIFTY,22929.25,23031.4,22995.65,23107.75,0.0084,0.0083,0.0084,0.1605
2025-02-14,NIFTYNXT50,59557.95,60947.75,59573.95,60940.05,0.0126,0.0122,0.0126,0.241
2025-02-17,BANKNIFTY,49258.9,49099.45,49462.15,49334.55,0.0104,0.0101,0.0104,0.1986
2025-02-17,FINNIFTY,23271.0,23186.9,23366.85,23269.95,0.0103,0.01,0.0103,0.1966
2025-02-17,MIDCPNIFTY,11172.7,11090.05,11210.45,11118.55,0.0119,0.0122,0.0122,0.2334
2025-02-17,NIFTY,22959.5,22929.25,23026.4,22995.65,0.0084,0.0083,0.0084,0.1601
2025-02-17,NIFTYNXT50,59446.55,59557.95,59542.75,59573.95,0.0126,0.0122,0.0126,0.2404
2025-02-18,BANKNIFTY,49087.3,49258.9,49208.05,49462.15,0.0104,0.0101,0.0104,0.1982
2025-02-18,FINNIFTY,23280.3,23271.0,23329.25,23366.85,0.0103,0.01,0.0103,0.1961
2025-02-18,MIDCPNIFTY,11136.65,11172.7,11154.95,11210.45,0.0119,0.0122,0.0122,0.2329
2025-02-18,NIFTY,22945.3,22959.5,22972.6,23026.4,0.0084,0.0083,0.0084,0.1597
2025-02-18,NIFTYNXT50,59449.4,59446.55,59457.9,59542.75,0.0125,0.0122,0.0125,0.2398
2025-02-19,BANKNIFTY,49570.1,49087.3,49630.55,49208.05,0.0104,0.0101,0.0104,0.1981
2025-02-19,FINNIFTY,23456.2,23280.3,23477.65,23329.25,0.0103,0.01,0.0103,0.1958
2025-02-19,MIDCPNIFTY,11270.25,11136.65,11296.15,11154.95,0.0119,0.0122,0.0122,0.233
2025-02-19,NIFTY,22932.9,22945.3,22964.5,22972.6,0.0083,0.0082,0.0083,0.1593
2025-02-19,NIFTYNXT50,60156.4,59449.4,60138.65,59457.9,0.0125,0.0122,0.0125,0.2397
2025-02-20,BANKNIFTY,49334.55,49570.1,49473.3,49630.55,0.0103,0.0101,0.0103,0.1977
2025-02-20,FINNIFTY,23281.4,23456.2,23329.3,23477.65,0.0102,0.0099,0.0102,0.1956
2025-02-20,MIDCPNIFTY,11391.45,11270.25,11406.5,11296.15,0.0119,0.0122,0.0122,0.2328
2025-02-20,NIFTY,22913.15,22932.9,22942.5,22964.5,0.0083,0.0082,0.0083,0.1589
2025-02-20,NIFTYNXT50,61039.1,60156.4,61004.4,60138.65,0.0126,0.0122,0.0126,0.2399
2025-02-21,BANKNIFTY,48981.2,49334.55,49031.4,49473.3,0.0103,0.0101,0.0103,0.1975
2025-02-21,FINNIFTY,23174.35,23281.4,23193.5,23329.3,0.0102,0.0099,0.0102,0.1952
2025-02-21,MIDCPNIFTY,11198.9,11391.45,11185.65,11406.5,0.0119,0.0122,0.0122,0.2337
2025-02-21,NIFTY,22795.9,22913.15,22822.6,22942.5,0.0083,0.0082,0.0083,0.1587
2025-02-21,NIFTYNXT50,60466.8,61039.1,60393.7,61004.4,0.0125,0.0122,0.0125,0.2396
2025-02-24,BANKNIFTY,48651.95,48981.2,48793.9,49031.4,0.0103,0.0101,0.0103,0.1972
2025-02-24,FINNIFTY,22995.2,23174.35,23050.45,23193.5,0.0102,0.0099,0.0102,0.195
2025-02-24,MIDCPNIFTY,11126.55,11198.9,11151.2,11185.65,0.0119,0.0122,0.0122,0.2331
2025-02-24,NIFTY,22553.35,22795.9,22612.65,22822.6,0.0083,0.0082,0.0083,0.1589
2025-02-24,NIFTYNXT50,59752.6,60466.8,59768.3,60393.7,0.0125,0.0122,0.0125,0.2396
2025-02-25,BANKNIFTY,48608.35,48651.95,48723.45,48793.9,0.0103,0.01,0.0103,0.1967
2025-02-25,FINNIFTY,23036.05,22995.2,23074.0,23050.45,0.0102,0.0099,0.0102,0.1945
2025-02-25,MIDCPNIFTY,11055.35,11126.55,11058.95,11151.2,0.0119,0.0122,0.0122,0.2328
2025-02-25,NIFTY,22547.55,22553.35,22582.15,22612.65,0.0083,0.0082,0.0083,0.1585
2025-02-25,NIFTYNXT50,59312.5,59752.6,59368.45,59768.3,0.0125,0.0121,0.0125,0.2392
2025-02-27,BANKNIFTY,48743.8,48608.35,49034.6,48992.75,0.0103,0.01,0.0103,0.1962
2025-02-27,FINNIFTY,23173.65,23036.05,23282.5,23153.85,0.0102,0.0099,0.0102,0.1942
2025-02-27,MIDCPNIFTY,10957.3,11055.35,11005.8,11088.1,0.0118,0.0122,0.0122,0.2325
2025-02-27,NIFTY,22545.05,22547.55,22683.65,22716.2,0.0083,0.0082,0.0083,0.1581
2025-02-27,NIFTYNXT50,58767.2,59312.5,58808.1,59406.75,0.0125,0.0121,0.0125,0.2389
2025-02-28,BANKNIFTY,48344.7,48743.8,48628.25,49034.6,0.0103,0.01,0.0103,0.196
2025-02-28,FINNIFTY,23028.95,23173.65,23149.0,23282.5,0.0101,0.0099,0.0101,0.1939
2025-02-28,MIDCPNIFTY,10770.75,10957.3,10784.1,11005.8,0.0119,0.0122,0.0122,0.2335
2025-02-28,NIFTY,22124.7,22545.05,22280.05,22683.65,0.0084,0.0083,0.0084,0.1598
2025-02-28,NIFTYNXT50,57063.05,58767.2,57130.5,58808.1,0.0126,0.0123,0.0126,0.2416
2025-03-03,BANKNIFTY,48114.3,48344.7,48396.0,48628.25,0.0102,0.01,0.0102,0.1957
2025-03-03,FINNIFTY,22953.0,23028.95,23077.2,23149.0,0.0101,0.0098,0.0101,0.1935
2025-03-03,MIDCPNIFTY,10866.1,10770.75,10906.65,10784.1,0.0119,0.0122,0.0122,0.2334
2025-03-03,NIFTY,22119.3,22124.7,22259.8,22280.05,0.0083,0.0082,0.0083,0.1594
2025-03-03,NIFTYNXT50,57646.8,57063.05,57697.4,57130.5,0.0126,0.0123,0.0126,0.2414
2025-03-04,BANKNIFTY,48245.2,48114.3,48472.25,48396.0,0.0102,0.01,0.0102,0.1952
2025-03-04,FINNIFTY,23028.45,22953.0,23117.4,23077.2,0.0101,0.0098,0.0101,0.193
2025-03-04,MIDCPNIFTY,10833.65,10866.1,10869.45,10906.65,0.0118,0.0122,0.0122,0.2329
2025-03-04,NIFTY,22082.65,22119.3,22191.05,22259.8,0.0083,0.0082,0.0083,0.159
2025-03-04,NIFTYNXT50,57966.85,57646.8,58113.0,57697.4,0.0126,0.0122,0.0126,0.2409
2025-03-05,BANKNIFTY,48489.95,48245.2,48714.7,48472.25,0.0102,0.0099,0.0102,0.1948
2025-03-05,FINNIFTY,23050.6,23028.45,23153.7,23117.4,0.0101,0.0098,0.0101,0.1926
2025-03-05,MIDCPNIFTY,11168.5,10833.65,11211.15,10869.45,0.012,0.0124,0.0124,0.236
2025-03-05,NIFTY,22337.3,22082.65,22441.35,22191.05,0.0083,0.0082,0.0083,0.1594
2025-03-05,NIFTYNXT50,59441.65,57966.85,59456.25,58113.0,0.0127,0.0123,0.0127,0.2427
2025-03-06,BANKNIFTY,48627.7,48489.95,48780.35,48714.7,0.0102,0.0099,0.0102,0.1944
2025-03-06,FINNIFTY,23163.0,23050.6,23223.45,23153.7,0.0101,0.0098,0.0101,0.1922
2025-03-06,MIDCPNIFTY,11190.65,11168.5,11220.55,11211.15,0.012,0.0123,0.0123,0.2354
2025-03-06,NIFTY,22544.7,22337.3,22620.95,22441.35,0.0083,0.0082,0.0083,0.1595
2025-03-06,NIFTYNXT50,60114.35,59441.65,60102.25,59456.25,0.0127,0.0123,0.0127,0.2426
2025-03-07,BANKNIFTY,48497.5,48627.7,48680.15,48780.35,0.0102,0.0099,0.0102,0.1939
2025-03-07,FINNIFTY,23136.2,23163.0,23222.1,23223.45,0.01,0.0097,0.01,0.1917
2025-03-07,MIDCPNIFTY,11117.9,11190.65,11140.35,11220.55,0.0119,0.0123,0.0123,0.2351
2025-03-07,NIFTY,22552.5,22544.7,22649.95,22620.95,0.0083,0.0082,0.0083,0.1591
2025-03-07,NIFTYNXT50,59852.55,60114.35,59827.55,60102.25,0.0127,0.0123,0.0127,0.242
2025-03-10,BANKNIFTY,48216.8,48497.5,48315.35,48680.15,0.0101,0.0099,0.0101,0.1936
2025-03-10,FINNIFTY,23056.85,23136.2,23091.0,23222.1,0.01,0.0097,0.01,0.1913
2025-03-10,MIDCPNIFTY,10956.05,11117.9,10953.05,11140.35,0.012,0.0123,0.0123,0.2356
2025-03-10,NIFTY,22460.3,22552.5,22515.65,22649.95,0.0083,0.0082,0.0083,0.1588
2025-03-10,NIFTYNXT50,58972.0,59852.55,58896.15,59827.55,0.0127,0.0123,0.0127,0.2423
2025-03-11,BANKNIFTY,47853.95,48216.8,47999.5,48315.35,0.0101,0.0099,0.0101,0.1934
2025-03-11,FINNIFTY,23203.35,23056.85,23252.7,23091.0,0.01,0.0097,0.01,0.191
2025-03-11,MIDCPNIFTY,11002.25,10956.05,11042.55,10953.05,0.0119,0.0123,0.0123,0.2352
2025-03-11,NIFTY,22497.9,22460.3,22564.3,22515.65,0.0083,0.0082,0.0083,0.1584
2025-03-11,NIFTYNXT50,59274.1,58972.0,59341.6,58896.15,0.0127,0.0123,0.0127,0.2417
2025-03-12,BANKNIFTY,48056.65,47853.95,48213.9,47999.5,0.0101,0.0099,0.0101,0.193
2025-03-12,FINNIFTY,23327.9,23203.35,23387.85,23252.7,0.01,0.0097,0.01,0.1907
2025-03-12,MIDCPNIFTY,10911.65,11002.25,10927.05,11042.55,0.0119,0.0123,0.0123,0.2351
2025-03-12,NIFTY,22470.5,22497.9,22530.35,22564.3,0.0083,0.0082,0.0083,0.158
2025-03-12,NIFTYNXT50,59277.55,59274.1,59287.2,59341.6,0.0126,0.0122,0.0126,0.2411
2025-03-13,BANKNIFTY,48060.4,48056.65,48160.2,48213.9,0.0101,0.0098,0.0101,0.1925
2025-03-13,FINNIFTY,23290.0,23327.9,23324.15,23387.85,0.01,0.0097,0.01,0.1902
2025-03-13,MIDCPNIFTY,10823.95,10911.65,10818.9,10927.05,0.0119,0.0123,0.0123,0.2349
2025-03-13,NIFTY,22397.2,22470.5,22444.25,22530.35,0.0083,0.0081,0.0083,0.1576
2025-03-13,NIFTYNXT50,58976.1,59277.55,58978.4,59287.2,0.0126,0.0122,0.0126,0.2406
2025-03-17,BANKNIFTY,48354.15,48060.4,48485.6,48160.2,0.0101,0.0098,0.0101,0.1922
2025-03-17,FINNIFTY,23529.25,23290.0,23576.7,23324.15,0.01,0.0097,0.01,0.1902
2025-03-17,MIDCPNIFTY,10893.15,10823.95,10910.65,10818.9,0.0119,0.0123,0.0123,0.2346
2025-03-17,NIFTY,22508.75,22397.2,22584.3,22444.25,0.0082,0.0081,0.0082,0.1574
2025-03-17,NIFTYNXT50,59406.6,58976.1,59531.4,58978.4,0.0126,0.0122,0.0126,0.2402
2025-03-18,BANKNIFTY,49314.5,48354.15,49422.4,48485.6,0.0101,0.0099,0.0101,0.1936
2025-03-18,FINNIFTY,23969.7,23529.25,24006.9,23576.7,0.01,0.0097,0.01,0.1914
2025-03-18,MIDCPNIFTY,11142.65,10893.15,11171.3,10910.65,0.012,0.0124,0.0124,0.2361
2025-03-18,NIFTY,22834.3,22508.75,22895.4,22584.3,0.0083,0.0082,0.0083,0.1582
2025-03-18,NIFTYNXT50,60971.4,59406.6,60999.05,59531.4,0.0127,0.0123,0.0127,0.2422
2025-03-19,BANKNIFTY,49702.6,49314.5,49808.15,49422.4,0.0101,0.0099,0.0101,0.1934
2025-03-19,FINNIFTY,24140.35,23969.7,24182.1,24006.9,0.01,0.0097,0.01,0.1912
2025-03-19,MIDCPNIFTY,11352.1,11142.65,11377.05,11171.3,0.012,0.0124,0.0124,0.2368
2025-03-19,NIFTY,22907.6,22834.3,22972.95,22895.4,0.0083,0.0082,0.0083,0.1579
2025-03-19,NIFTYNXT50,61953.45,60971.4,61955.2,60999.05,0.0127,0.0123,0.0127,0.2426
2025-03-20,BANKNIFTY,50062.85,49702.6,50097.1,49808.15,0.0101,0.0099,0.0101,0.1931
2025-03-20,FINNIFTY,24309.0,24140.35,24336.95,24182.1,0.01,0.0097,0.01,0.1909
2025-03-20,MIDCPNIFTY,11364.65,11352.1,11404.25,11377.05,0.012,0.0124,0.0124,0.2363
2025-03-20,NIFTY,23190.65,22907.6,23200.25,22972.95,0.0083,0.0082,0.0083,0.1583
2025-03-20,NIFTYNXT50,62309.35,61953.45,62325.2,61955.2,0.0127,0.0123,0.0127,0.2421
2025-03-21,BANKNIFTY,50593.55,50062.85,50593.75,50097.1,0.0101,0.0099,0.0101,0.1932
2025-03-21,FINNIFTY,24567.95,24309.0,24563.9,24336.95,0.01,0.0097,0.01,0.191
2025-03-21,MIDCPNIFTY,11507.0,11364.65,11534.4,11404.25,0.012,0.0124,0.0124,0.2362
2025-03-21,NIFTY,23350.4,23190.65,23379.85,23200.25,0.0083,0.0082,0.0083,0.1582
2025-03-21,NIFTYNXT50,62855.85,62309.35,62880.0,62325.2,0.0127,0.0123,0.0127,0.2418
2025-03-24,BANKNIFTY,51704.95,50593.55,51753.9,50593.75,0.0102,0.01,0.0102,0.1949
2025-03-24,FINNIFTY,25057.55,24567.95,25085.1,24563.9,0.0101,0.0098,0.0101,0.1923
2025-03-24,MIDCPNIFTY,11699.5,11507.0,11719.5,11534.4,0.012,0.0124,0.0124,0.2366
2025-03-24,NIFTY,23658.35,23350.4,23699.35,23379.85,0.0083,0.0082,0.0083,0.1588
2025-03-24,NIFTYNXT50,63638.4,62855.85,63588.1,62880.0,0.0127,0.0123,0.0127,0.2417
2025-03-25,BANKNIFTY,51607.95,51704.95,51665.2,51753.9,0.0102,0.0099,0.0102,0.1944
2025-03-25,FINNIFTY,25086.0,25057.55,25125.55,25085.1,0.01,0.0098,0.01,0.1919
2025-03-25,MIDCPNIFTY,11581.4,11699.5,11603.4,11719.5,0.012,0.0124,0.0124,0.2364
2025-03-25,NIFTY,23668.65,23658.35,23705.35,23699.35,0.0083,0.0082,0.0083,0.1584
2025-03-25,NIFTYNXT50,62703.75,63638.4,62633.35,63588.1,0.0127,0.0123,0.0127,0.2419
2025-03-26,BANKNIFTY,51209.0,51607.95,51273.45,51665.2,0.0102,0.0099,0.0102,0.1942
2025-03-26,FINNIFTY,24829.6,25086.0,24873.7,25125.55,0.01,0.0098,0.01,0.1919
2025-03-26,MIDCPNIFTY,11502.15,11581.4,11499.7,11603.4,0.012,0.0124,0.0124,0.2361
2025-03-26,NIFTY,23486.85,23668.65,23521.9,23705.35,0.0083,0.0082,0.0083,0.1584
2025-03-26,NIFTYNXT50,62460.8,62703.75,62474.65,62633.35,0.0126,0.0123,0.0126,0.2414
2025-03-27,BANKNIFTY,51575.85,51209.0,51907.6,51602.85,0.0102,0.0099,0.0102,0.194
2025-03-27,FINNIFTY,25011.15,24829.6,25179.85,24936.15,0.01,0.0098,0.01,0.1917
2025-03-27,MIDCPNIFTY,11515.8,11502.15,11657.8,11578.25,0.0119,0.0123,0.0123,0.2357
2025-03-27,NIFTY,23591.95,23486.85,23777.65,23681.45,0.0083,0.0082,0.0083,0.1581
2025-03-27,NIFTYNXT50,63442.55,62460.8,63660.75,62879.5,0.0127,0.0123,0.0127,0.2417
2025-03-28,BANKNIFTY,51564.85,51575.85,51840.85,51907.6,0.0101,0.0099,0.0101,0.1935
2025-03-28,FINNIFTY,25074.9,25011.15,25191.4,25179.85,0.01,0.0098,0.01,0.1912
2025-03-28,MIDCPNIFTY,11546.0,11515.8,11554.8,11657.8,0.0119,0.0123,0.0123,0.2354
2025-03-28,NIFTY,23519.35,23591.95,23637.65,23777.65,0.0083,0.0082,0.0083,0.1577
2025-03-28,NIFTYNXT50,63043.2,63442.55,63351.9,63660.75,0.0126,0.0122,0.0126,0.2413
2025-04-01,BANKNIFTY,50827.5,51564.85,51187.1,51840.85,0.0102,0.0099,0.0102,0.194
2025-04-01,FINNIFTY,24529.4,25074.9,24686.2,25191.4,0.0101,0.0098,0.0101,0.193
2025-04-01,MIDCPNIFTY,11383.9,11546.0,11399.6,11554.8,0.0119,0.0123,0.0123,0.2355
2025-04-01,NIFTY,23165.7,23519.35,23321.4,23637.65,0.0083,0.0082,0.0083,0.1587
2025-04-01,NIFTYNXT50,62372.1,63043.2,62603.4,63351.9,0.0126,0.0122,0.0126,0.2411
2025-04-02,BANKNIFTY,51348.05,50827.5,51581.15,51187.1,0.0102,0.0099,0.0102,0.194
2025-04-02,FINNIFTY,24750.05,24529.4,24859.5,24686.2,0.0101,0.0098,0.0101,0.1929
2025-04-02,MIDCPNIFTY,11606.45,11383.9,11637.95,11399.6,0.012,0.0124,0.0124,0.2366
2025-04-02,NIFTY,23332.35,23165.7,23438.95,23321.4,0.0083,0.0082,0.0083,0.1586
2025-04-02,NIFTYNXT50,63087.1,62372.1,63347.35,62603.4,0.0126,0.0122,0.0126,0.241
2025-04-03,BANKNIFTY,51597.35,51348.05,51798.5,51581.15,0.0101,0.0099,0.0101,0.1936
2025-04-03,FINNIFTY,24724.95,24750.05,24808.0,24859.5,0.0101,0.0098,0.0101,0.1925
2025-04-03,MIDCPNIFTY,11514.1,11606.45,11535.45,11637.95,0.012,0.0124,0.0124,0.2363
2025-04-03,NIFTY,23250.1,23332.35,23325.95,23438.95,0.0083,0.0082,0.0083,0.1582
2025-04-03,NIFTYNXT50,63104.3,63087.1,63329.9,63347.35,0.0126,0.0122,0.0126,0.2404
2025-04-04,BANKNIFTY,51502.7,51597.35,51593.55,51798.5,0.0101,0.0099,0.0101,0.1932
2025-04-04,FINNIFTY,24774.3,24724.95,24820.5,24808.0,0.01,0.0098,0.01,0.192
2025-04-04,MIDCPNIFTY,11181.8,11514.1,11193.1,11535.45,0.0121,0.0125,0.0125,0.2392
2025-04-04,NIFTY,22904.45,23250.1,22958.15,23325.95,0.0083,0.0082,0.0083,0.1591
2025-04-04,NIFTYNXT50,61468.7,63104.3,61612.05,63329.9,0.0127,0.0123,0.0127,0.2424
2025-04-07,BANKNIFTY,49860.1,51502.7,50095.7,51593.55,0.0103,0.01,0.0103,0.1976
2025-04-07,FINNIFTY,23908.45,24774.3,24039.1,24820.5,0.0103,0.01,0.0103,0.1975
2025-04-07,MIDCPNIFTY,10769.5,11181.8,10787.6,11193.1,0.0124,0.0128,0.0128,0.2437
2025-04-07,NIFTY,22161.6,22904.45,22263.8,22958.15,0.0086,0.0085,0.0086,0.1649
2025-04-07,NIFTYNXT50,59546.2,61468.7,59610.7,61612.05,0.0129,0.0125,0.0129,0.2456
2025-04-08,BANKNIFTY,50511.0,49860.1,50768.2,50095.7,0.0104,0.0101,0.0104,0.1979
2025-04-08,FINNIFTY,24301.5,23908.45,24440.05,24039.1,0.0104,0.0101,0.0104,0.1982
2025-04-08,MIDCPNIFTY,11042.0,10769.5,11062.45,10787.6,0.0125,0.0128,0.0128,0.2455
2025-04-08,NIFTY,22535.85,22161.6,22630.35,22263.8,0.0087,0.0085,0.0087,0.166
2025-04-08,NIFTYNXT50,60807.55,59546.2,60912.55,59610.7,0.0129,0.0126,0.0129,0.2466
2025-04-09,BANKNIFTY,50240.15,50511.0,50468.6,50768.2,0.0103,0.0101,0.0103,0.1975
2025-04-09,FINNIFTY,24132.65,24301.5,24236.2,24440.05,0.0104,0.01,0.0104,0.1979
2025-04-09,MIDCPNIFTY,11021.6,11042.0,11030.65,11062.45,0.0124,0.0128,0.0128,0.2449
2025-04-09,NIFTY,22399.15,22535.85,22479.65,22630.35,0.0087,0.0085,0.0087,0.1658
2025-04-09,NIFTYNXT50,60664.6,60807.55,60694.7,60912.55,0.0129,0.0125,0.0129,0.246
2025-04-11,BANKNIFTY,51002.35,50240.15,51162.05,50468.6,0.0104,0.0101,0.0104,0.1981
2025-04-11,FINNIFTY,24555.55,24132.65,24636.3,24236.2,0.0104,0.0101,0.0104,0.1988
2025-04-11,MIDCPNIFTY,11226.3,11021.6,11243.45,11030.65,0.0125,0.0129,0.0129,0.2456
2025-04-11,NIFTY,22828.55,22399.15,22917.65,22479.65,0.0088,0.0086,0.0088,0.1674
2025-04-11,NIFTYNXT50,61473.55,60664.6,61581.2,60694.7,0.0129,0.0126,0.0129,0.246
2025-04-15,BANKNIFTY,52379.5,51002.35,52383.6,51162.05,0.0105,0.0102,0.0105,0.2008
2025-04-15,FINNIFTY,25280.65,24555.55,25272.5,24636.3,0.0106,0.0102,0.0106,0.2022
2025-04-15,MIDCPNIFTY,11540.8,11226.3,11566.7,11243.45,0.0126,0.013,0.013,0.248
2025-04-15,NIFTY,23328.55,22828.55,23340.9,22917.65,0.0089,0.0087,0.0089,0.1695
2025-04-15,NIFTYNXT50,63374.3,61473.55,63390.0,61581.2,0.013,0.0127,0.013,0.2488
2025-04-16,BANKNIFTY,53117.75,52379.5,53082.8,52383.6,0.0105,0.0102,0.0105,0.2012
2025-04-16,FINNIFTY,25492.1,25280.65,25486.9,25272.5,0.0106,0.0102,0.0106,0.202
2025-04-16,MIDCPNIFTY,11566.9,11540.8,11565.8,11566.7,0.0126,0.0129,0.0129,0.2474
2025-04-16,NIFTY,23437.2,23328.55,23433.5,23340.9,0.0089,0.0087,0.0089,0.1692
2025-04-16,NIFTYNXT50,63798.55,63374.3,63743.4,63390.0,0.013,0.0127,0.013,0.2484
2025-04-17,BANKNIFTY,54290.2,53117.75,54201.4,53082.8,0.0106,0.0103,0.0106,0.2029
2025-04-17,FINNIFTY,26071.6,25492.1,26039.8,25486.9,0.0107,0.0103,0.0107,0.2038
2025-04-17,MIDCPNIFTY,11668.15,11566.9,11684.75,11565.8,0.0125,0.0129,0.0129,0.2471
2025-04-17,NIFTY,23851.65,23437.2,23851.3,23433.5,0.0089,0.0087,0.0089,0.1704
2025-04-17,NIFTYNXT50,64255.55,63798.55,64159.4,63743.4,0.013,0.0126,0.013,0.2479
2025-04-21,BANKNIFTY,55304.5,54290.2,55293.8,54201.4,0.0107,0.0104,0.0107,0.2039
2025-04-21,FINNIFTY,26435.1,26071.6,26428.9,26039.8,0.0107,0.0103,0.0107,0.2041
2025-04-21,MIDCPNIFTY,11952.75,11668.15,11963.05,11684.75,0.0126,0.013,0.013,0.2486
2025-04-21,NIFTY,24125.55,23851.65,24135.5,23851.3,0.0089,0.0088,0.0089,0.1707
2025-04-21,NIFTYNXT50,65406.2,64255.55,65317.0,64159.4,0.013,0.0127,0.013,0.2485
2025-04-22,BANKNIFTY,55647.2,55304.5,55576.8,55293.8,0.0107,0.0103,0.0107,0.2035
2025-04-22,FINNIFTY,26624.8,26435.1,26607.0,26428.9,0.0107,0.0103,0.0107,0.2038
2025-04-22,MIDCPNIFTY,12095.8,11952.75,12108.15,11963.05,0.0126,0.013,0.013,0.2485
2025-04-22,NIFTY,24167.25,24125.55,24169.0,24135.5,0.0089,0.0087,0.0089,0.1703
2025-04-22,NIFTYNXT50,65548.4,65406.2,65455.2,65317.0,0.013,0.0126,0.013,0.2478
2025-04-23,BANKNIFTY,55370.05,55647.2,55400.6,55576.8,0.0106,0.0103,0.0106,0.2031
2025-04-23,FINNIFTY,26446.2,26624.8,26453.8,26607.0,0.0107,0.0103,0.0107,0.2035
2025-04-23,MIDCPNIFTY,12266.15,12095.8,12256.75,12108.15,0.0126,0.013,0.013,0.2484
2025-04-23,NIFTY,24328.95,24167.25,24312.7,24169.0,0.0089,0.0087,0.0089,0.1701
2025-04-23,NIFTYNXT50,65999.65,65548.4,65864.2,65455.2,0.0129,0.0126,0.0129,0.2474
2025-04-24,BANKNIFTY,55201.4,55370.05,55326.4,55557.0,0.0106,0.0103,0.0106,0.2027
2025-04-24,FINNIFTY,26305.65,26446.2,26368.9,26556.9,0.0106,0.0103,0.0106,0.2031
2025-04-24,MIDCPNIFTY,12243.05,12266.15,12268.1,12307.95,0.0126,0.013,0.013,0.2478
2025-04-24,NIFTY,24246.7,24328.95,24373.0,24448.7,0.0089,0.0087,0.0089,0.1697
2025-04-24,NIFTYNXT50,65900.8,65999.65,65839.2,66075.4,0.0129,0.0126,0.0129,0.2468
2025-04-25,BANKNIFTY,54664.05,55201.4,54724.0,55326.4,0.0106,0.0103,0.0106,0.2026
2025-04-25,FINNIFTY,26036.1,26305.65,26074.9,26368.9,0.0106,0.0103,0.0106,0.2031
2025-04-25,MIDCPNIFTY,11971.4,12243.05,11964.25,12268.1,0.0127,0.0131,0.0131,0.2495
2025-04-25,NIFTY,24039.35,24246.7,24139.1,24373.0,0.0089,0.0087,0.0089,0.1697
2025-04-25,NIFTYNXT50,64314.9,65900.8,64196.0,65839.2,0.013,0.0127,0.013,0.2484
2025-04-28,BANKNIFTY,55432.8,54664.05,55671.2,54724.0,0.0106,0.0103,0.0106,0.203
2025-04-28,FINNIFTY,26291.65,26036.1,26413.7,26074.9,0.0106,0.0103,0.0106,0.203
2025-04-28,MIDCPNIFTY,12200.4,11971.4,12244.65,11964.25,0.0127,0.0131,0.0131,0.2509
2025-04-28,NIFTY,24328.5,24039.35,24452.8,24139.1,0.0089,0.0087,0.0089,0.17
2025-04-28,NIFTYNXT50,65043.45,64314.9,65125.6,64196.0,0.013,0.0127,0.013,0.2482
2025-04-29,BANKNIFTY,55391.25,55432.8,55509.6,55671.2,0.0106,0.0103,0.0106,0.2025
2025-04-29,FINNIFTY,26193.85,26291.65,26249.8,26413.7,0.0106,0.0103,0.0106,0.2026
2025-04-29,MIDCPNIFTY,12195.0,12200.4,12200.2,12244.65,0.0127,0.0131,0.0131,0.2503
2025-04-29,NIFTY,24335.95,24328.5,24425.3,24452.8,0.0089,0.0087,0.0089,0.1696
2025-04-29,NIFTYNXT50,64892.35,65043.45,65004.0,65125.6,0.013,0.0127,0.013,0.2476
2025-04-30,BANKNIFTY,55087.15,55391.25,55241.8,55509.6,0.0106,0.0103,0.0106,0.2021
2025-04-30,FINNIFTY,26113.55,26193.85,26197.0,26249.8,0.0106,0.0103,0.0106,0.2021
2025-04-30,MIDCPNIFTY,12075.3,12195.0,12074.7,12200.2,0.0127,0.0131,0.0131,0.25
2025-04-30,NIFTY,24334.2,24335.95,24418.4,24425.3,0.0089,0.0087,0.0089,0.1692
2025-04-30,NIFTYNXT50,64508.85,64892.35,64556.2,65004.0,0.0129,0.0126,0.0129,0.2471
2025-05-02,BANKNIFTY,55115.35,55087.15,55209.8,55241.8,0.0106,0.0103,0.0106,0.2016
2025-05-02,FINNIFTY,26151.75,26113.55,26193.1,26197.0,0.0106,0.0102,0.0106,0.2016
2025-05-02,MIDCPNIFTY,11977.0,12075.3,11996.9,12074.7,0.0126,0.0131,0.0131,0.2496
2025-05-02,NIFTY,24346.7,24334.2,24400.7,24418.4,0.0088,0.0087,0.0088,0.1688
2025-05-02,NIFTYNXT50,64429.75,64508.85,64428.8,64556.2,0.0129,0.0126,0.0129,0.2465
2025-05-05,BANKNIFTY,54919.5,55115.35,55080.6,55209.8,0.0105,0.0102,0.0105,0.2012
2025-05-05,FINNIFTY,26164.9,26151.75,26246.6,26193.1,0.0105,0.0102,0.0105,0.2011
2025-05-05,MIDCPNIFTY,12242.35,11977.0,12291.85,11996.9,0.0127,0.0131,0.0131,0.2511
2025-05-05,NIFTY,24461.15,24346.7,24553.7,24400.7,0.0088,0.0087,0.0088,0.1685
2025-05-05,NIFTYNXT50,65406.85,64429.75,65513.4,64428.8,0.0129,0.0126,0.0129,0.2467
2025-05-06,BANKNIFTY,54271.4,54919.5,54363.0,55080.6,0.0105,0.0103,0.0105,0.2013
2025-05-06,FINNIFTY,25969.0,26164.9,25994.6,26246.6,0.0105,0.0102,0.0105,0.2009
2025-05-06,MIDCPNIFTY,11985.9,12242.35,11997.2,12291.85,0.0128,0.0132,0.0132,0.2526
2025-05-06,NIFTY,24379.6,24461.15,24431.4,24553.7,0.0088,0.0086,0.0088,0.1681
2025-05-06,NIFTYNXT50,63824.9,65406.85,63847.0,65513.4,0.013,0.0127,0.013,0.2483
2025-05-07,BANKNIFTY,54610.9,54271.4,54671.0,54363.0,0.0105,0.0102,0.0105,0.201
2025-05-07,FINNIFTY,26165.65,25969.0,26198.3,25994.6,0.0105,0.0102,0.0105,0.2006
2025-05-07,MIDCPNIFTY,12217.65,11985.9,12249.8,11997.2,0.0128,0.0133,0.0133,0.2535
2025-05-07,NIFTY,24414.4,24379.6,24461.4,24431.4,0.0088,0.0086,0.0088,0.1677
2025-05-07,NIFTYNXT50,64134.4,63824.9,64210.6,63847.0,0.013,0.0127,0.013,0.2478
2025-05-08,BANKNIFTY,54365.65,54610.9,54288.6,54671.0,0.0105,0.0102,0.0105,0.2006
2025-05-08,FINNIFTY,25980.65,26165.65,25964.9,26198.3,0.0105,0.0102,0.0105,0.2003
2025-05-08,MIDCPNIFTY,11983.4,12217.65,11980.35,12249.8,0.0128,0.0133,0.0133,0.2547
2025-05-08,NIFTY,24273.8,24414.4,24271.9,24461.4,0.0088,0.0086,0.0088,0.1675
2025-05-08,NIFTYNXT50,62760.25,64134.4,62728.6,64210.6,0.013,0.0128,0.013,0.2489
2025-05-09,BANKNIFTY,53595.25,54365.65,53732.0,54288.6,0.0105,0.0102,0.0105,0.201
2025-05-09,FINNIFTY,25502.1,25980.65,25569.8,25964.9,0.0105,0.0102,0.0105,0.2014
2025-05-09,MIDCPNIFTY,12021.9,11983.4,12040.3,11980.35,0.0128,0.0133,0.0133,0.2541
2025-05-09,NIFTY,24008.0,24273.8,24065.5,24271.9,0.0088,0.0086,0.0088,0.1677
2025-05-09,NIFTYNXT50,62527.0,62760.25,62672.0,62728.6,0.013,0.0128,0.013,0.2483
2025-05-12,BANKNIFTY,55382.85,53595.25,55599.2,53732.0,0.0107,0.0105,0.0107,0.2053
2025-05-12,FINNIFTY,26497.6,25502.1,26593.4,25569.8,0.0109,0.0106,0.0109,0.2075
2025-05-12,MIDCPNIFTY,12537.9,12021.9,12610.75,12040.3,0.0131,0.0137,0.0137,0.2611
2025-05-12,NIFTY,24924.7,24008.0,25044.1,24065.5,0.0091,0.0091,0.0091,0.1748
2025-05-12,NIFTYNXT50,65078.55,62527.0,65430.4,62672.0,0.0133,0.0131,0.0133,0.2535
2025-05-13,BANKNIFTY,54940.85,55382.85,55089.0,55599.2,0.0107,0.0105,0.0107,0.2051
2025-05-13,FINNIFTY,26206.0,26497.6,26281.0,26593.4,0.0109,0.0106,0.0109,0.2075
2025-05-13,MIDCPNIFTY,12577.4,12537.9,12594.6,12610.75,0.0131,0.0136,0.0136,0.2604
2025-05-13,NIFTY,24578.35,24924.7,24640.2,25044.1,0.0092,0.0091,0.0092,0.1754
2025-05-13,NIFTYNXT50,65065.8,65078.55,65200.8,65430.4,0.0132,0.0131,0.0132,0.2529
2025-05-14,BANKNIFTY,54801.3,54940.85,54910.0,55089.0,0.0107,0.0105,0.0107,0.2046
2025-05-14,FINNIFTY,26145.55,26206.0,26207.4,26281.0,0.0108,0.0106,0.0108,0.207
2025-05-14,MIDCPNIFTY,12656.4,12577.4,12694.0,12594.6,0.0131,0.0136,0.0136,0.26
2025-05-14,NIFTY,24666.9,24578.35,24715.9,24640.2,0.0092,0.0091,0.0092,0.175
2025-05-14,NIFTYNXT50,65540.75,65065.8,65756.4,65200.8,0.0132,0.013,0.0132,0.2524
2025-05-15,BANKNIFTY,55355.6,54801.3,55399.6,54910.0,0.0107,0.0104,0.0107,0.2046
2025-05-15,FINNIFTY,26482.8,26145.55,26512.5,26207.4,0.0108,0.0106,0.0108,0.2072
2025-05-15,MIDCPNIFTY,12741.35,12656.4,12782.3,12694.0,0.013,0.0136,0.0136,0.2595
2025-05-15,NIFTY,25062.1,24666.9,25078.7,24715.9,0.0092,0.0091,0.0092,0.1759
2025-05-15,NIFTYNXT50,66226.55,65540.75,66433.2,65756.4,0.0132,0.013,0.0132,0.2522
2025-05-16,BANKNIFTY,55354.9,55355.6,55503.2,55399.6,0.0107,0.0104,0.0107,0.204
2025-05-16,FINNIFTY,26474.6,26482.8,26554.4,26512.5,0.0108,0.0105,0.0108,0.2067
2025-05-16,MIDCPNIFTY,12811.4,12741.35,12847.9,12782.3,0.013,0.0136,0.0136,0.259
2025-05-16,NIFTY,25019.8,25062.1,25078.7,25078.7,0.0092,0.0091,0.0092,0.1754
2025-05-16,NIFTYNXT50,67078.95,66226.55,67272.0,66433.2,0.0132,0.013,0.0132,0.2522
2025-05-19,BANKNIFTY,55420.7,55354.9,55514.8,55503.2,0.0107,0.0104,0.0107,0.2035
2025-05-19,FINNIFTY,26507.8,26474.6,26563.5,26554.4,0.0108,0.0105,0.0108,0.2062
2025-05-19,MIDCPNIFTY,12761.85,12811.4,12782.9,12847.9,0.013,0.0135,0.0135,0.2584
2025-05-19,NIFTY,24945.45,25019.8,24976.4,25078.7,0.0092,0.0091,0.0092,0.175
2025-05-19,NIFTYNXT50,67405.8,67078.95,67497.2,67272.0,0.0132,0.013,0.0132,0.2516
2025-05-20,BANKNIFTY,54877.35,55420.7,55103.8,55514.8,0.0106,0.0104,0.0106,0.2035
2025-05-20,FINNIFTY,26193.85,26507.8,26312.9,26563.5,0.0108,0.0105,0.0108,0.2063
2025-05-20,MIDCPNIFTY,12583.25,12761.85,12611.5,12782.9,0.013,0.0135,0.0135,0.2584
2025-05-20,NIFTY,24683.9,24945.45,24774.6,24976.4,0.0092,0.0091,0.0092,0.1752
2025-05-20,NIFTYNXT50,66165.5,67405.8,66338.8,67497.2,0.0132,0.013,0.0132,0.2522
2025-05-21,BANKNIFTY,55075.1,54877.35,55142.0,55103.8,0.0106,0.0104,0.0106,0.203
2025-05-21,FINNIFTY,26339.65,26193.85,26367.6,26312.9,0.0108,0.0105,0.0108,0.2059
2025-05-21,MIDCPNIFTY,12620.8,12583.25,12649.75,12611.5,0.013,0.0135,0.0135,0.2578
2025-05-21,NIFTY,24813.45,24683.9,24832.2,24774.6,0.0092,0.009,0.0092,0.1749
2025-05-21,NIFTYNXT50,66939.1,66165.5,67001.2,66338.8,0.0132,0.013,0.0132,0.2521
2025-05-22,BANKNIFTY,54941.3,55075.1,55068.4,55142.0,0.0106,0.0103,0.0106,0.2025
2025-05-22,FINNIFTY,26225.95,26339.65,26289.8,26367.6,0.0108,0.0105,0.0108,0.2055
2025-05-22,MIDCPNIFTY,12473.9,12620.8,12511.45,12649.75,0.013,0.0135,0.0135,0.2576
2025-05-22,NIFTY,24609.7,24813.45,24652.2,24832.2,0.0091,0.009,0.0091,0.1748
2025-05-22,NIFTYNXT50,66716.9,66939.1,66791.4,67001.2,0.0132,0.013,0.0132,0.2515
2025-05-23,BANKNIFTY,55398.25,54941.3,55495.6,55068.4,0.0106,0.0103,0.0106,0.2023
2025-05-23,FINNIFTY,26485.4,26225.95,26551.5,26289.8,0.0107,0.0104,0.0107,0.2054
2025-05-23,MIDCPNIFTY,12592.2,12473.9,12621.9,12511.45,0.0129,0.0135,0.0135,0.2572
2025-05-23,NIFTY,24853.15,24609.7,24879.9,24652.2,0.0092,0.009,0.0092,0.1749
2025-05-23,NIFTYNXT50,67095.9,66716.9,67162.6,66791.4,0.0131,0.0129,0.0131,0.251
2025-05-26,BANKNIFTY,55572.0,55398.25,55687.0,55495.6,0.0106,0.0103,0.0106,0.2019
2025-05-26,FINNIFTY,26591.9,26485.4,26645.0,26551.5,0.0107,0.0104,0.0107,0.2049
2025-05-26,MIDCPNIFTY,12653.95,12592.2,12684.9,12621.9,0.0129,0.0134,0.0134,0.2567
2025-05-26,NIFTY,25001.15,24853.15,25035.9,24879.9,0.0091,0.009,0.0091,0.1746
2025-05-26,NIFTYNXT50,67372.3,67095.9,67488.8,67162.6,0.0131,0.0129,0.0131,0.2504
2025-05-27,BANKNIFTY,55352.8,55572.0,55472.6,55687.0,0.0105,0.0103,0.0105,0.2014
2025-05-27,FINNIFTY,26420.8,26591.9,26480.3,26645.0,0.0107,0.0104,0.0107,0.2046
2025-05-27,MIDCPNIFTY,12618.35,12653.95,12659.7,12684.9,0.0129,0.0134,0.0134,0.256
2025-05-27,NIFTY,24826.2,25001.15,24862.6,25035.9,0.0091,0.009,0.0091,0.1744
2025-05-27,NIFTYNXT50,67190.75,67372.3,67209.4,67488.8,0.0131,0.0129,0.0131,0.2498
2025-05-28,BANKNIFTY,55417.0,55352.8,55445.6,55472.6,0.0105,0.0103,0.0105,0.2009
2025-05-28,FINNIFTY,26451.85,26420.8,26466.4,26480.3,0.0107,0.0104,0.0107,0.2041
2025-05-28,MIDCPNIFTY,12595.35,12618.35,12624.75,12659.7,0.0128,0.0134,0.0134,0.2554
2025-05-28,NIFTY,24752.45,24826.2,24762.5,24862.6,0.0091,0.009,0.0091,0.1741
2025-05-28,NIFTYNXT50,66996.2,67190.75,67108.8,67209.4,0.013,0.0129,0.013,0.2492
2025-05-29,BANKNIFTY,55546.05,55417.0,55869.8,55763.8,0.0105,0.0102,0.0105,0.2005
2025-05-29,FINNIFTY,26478.45,26451.85,26642.1,26587.5,0.0107,0.0104,0.0107,0.2036
2025-05-29,MIDCPNIFTY,12705.95,12595.35,12792.9,12658.65,0.0128,0.0134,0.0134,0.2552
2025-05-29,NIFTY,24833.6,24752.45,24942.8,24860.7,0.0091,0.009,0.0091,0.1737
2025-05-29,NIFTYNXT50,67093.8,66996.2,67435.4,67311.8,0.013,0.0128,0.013,0.2486
2025-05-30,BANKNIFTY,55749.7,55546.05,56076.4,55869.8,0.0105,0.0102,0.0105,0.2
2025-05-30,FINNIFTY,26499.25,26478.45,26660.1,26642.1,0.0106,0.0103,0.0106,0.2031
2025-05-30,MIDCPNIFTY,12712.2,12705.95,12773.3,12792.9,0.0128,0.0133,0.0133,0.2545
2025-05-30,NIFTY,24750.7,24833.6,24871.2,24942.8,0.0091,0.009,0.0091,0.1733
2025-05-30,NIFTYNXT50,66761.3,67093.8,67146.8,67435.4,0.013,0.0128,0.013,0.2481
2025-06-02,BANKNIFTY,55903.4,55749.7,56180.4,56076.4,0.0104,0.0102,0.0104,0.1996
2025-06-02,FINNIFTY,26448.4,26499.25,26602.1,26660.1,0.0106,0.0103,0.0106,0.2026
2025-06-02,MIDCPNIFTY,12771.0,12712.2,12817.3,12773.3,0.0128,0.0133,0.0133,0.2539
2025-06-02,NIFTY,24716.6,24750.7,24826.3,24871.2,0.009,0.0089,0.009,0.1729
2025-06-02,NIFTYNXT50,67039.8,66761.3,67337.8,67146.8,0.013,0.0128,0.013,0.2475
2025-06-03,BANKNIFTY,55599.95,55903.4,55931.0,56180.4,0.0104,0.0102,0.0104,0.1992
2025-06-03,FINNIFTY,26254.95,26448.4,26423.8,26602.1,0.0106,0.0103,0.0106,0.2023
2025-06-03,MIDCPNIFTY,12688.6,12771.0,12739.95,12817.3,0.0127,0.0133,0.0133,0.2534
2025-06-03,NIFTY,24542.5,24716.6,24675.3,24826.3,0.009,0.0089,0.009,0.1727
2025-06-03,NIFTYNXT50,66671.8,67039.8,66861.8,67337.8,0.0129,0.0127,0.0129,0.247
2025-06-04,BANKNIFTY,55676.85,55599.95,55989.4,55931.0,0.0104,0.0101,0.0104,0.1987
2025-06-04,FINNIFTY,26264.55,26254.95,26427.9,26423.8,0.0106,0.0103,0.0106,0.2018
2025-06-04,MIDCPNIFTY,12822.1,12688.6,12866.85,12739.95,0.0127,0.0133,0.0133,0.2532
2025-06-04,NIFTY,24620.2,24542.5,24729.4,24675.3,0.009,0.0089,0.009,0.1723
2025-06-04,NIFTYNXT50,66866.6,66671.8,67188.0,66861.8,0.0129,0.0127,0.0129,0.2464
2025-06-05,BANKNIFTY,55760.85,55676.85,56044.4,55989.4,0.0104,0.0101,0.0104,0.1982
2025-06-05,FINNIFTY,26387.15,26264.55,26525.3,26427.9,0.0105,0.0102,0.0105,0.2014
2025-06-05,MIDCPNIFTY,12951.7,12822.1,12972.7,12866.85,0.0127,0.0132,0.0132,0.2528
2025-06-05,NIFTY,24750.9,24620.2,24861.4,24729.4,0.009,0.0089,0.009,0.172
2025-06-05,NIFTYNXT50,67147.1,66866.6,67320.0,67188.0,0.0129,0.0127,0.0129,0.2459
2025-06-06,BANKNIFTY,56578.4,55760.85,56770.4,56044.4,0.0104,0.0101,0.0104,0.1987
2025-06-06,FINNIFTY,26848.9,26387.15,26959.1,26525.3,0.0106,0.0103,0.0106,0.2023
2025-06-06,MIDCPNIFTY,13146.0,12951.7,13193.95,12972.7,0.0127,0.0133,0.0133,0.2532
2025-06-06,NIFTY,25003.05,24750.9,25096.3,24861.4,0.009,0.0089,0.009,0.1722
2025-06-06,NIFTYNXT50,67992.85,67147.1,68165.6,67320.0,0.0129,0.0127,0.0129,0.2458
2025-06-09,BANKNIFTY,56839.6,56578.4,56999.2,56770.4,0.0104,0.0101,0.0104,0.1983
2025-06-09,FINNIFTY,26992.85,26848.9,27083.1,26959.1,0.0106,0.0103,0.0106,0.2019
2025-06-09,MIDCPNIFTY,13302.35,13146.0,13335.9,13193.95,0.0127,0.0132,0.0132,0.2529
2025-06-09,NIFTY,25103.2,25003.05,25181.8,25096.3,0.009,0.0089,0.009,0.1718
2025-06-09,NIFTYNXT50,68843.5,67992.85,69048.0,68165.6,0.0129,0.0127,0.0129,0.2458
2025-06-10,BANKNIFTY,56629.1,56839.6,56764.6,56999.2,0.0104,0.0101,0.0104,0.1979
2025-06-10,FINNIFTY,26867.05,26992.85,26940.8,27083.1,0.0105,0.0102,0.0105,0.2015
2025-06-10,MIDCPNIFTY,13311.65,13302.35,13326.7,13335.9,0.0127,0.0132,0.0132,0.2523
2025-06-10,NIFTY,25104.25,25103.2,25160.6,25181.8,0.009,0.0089,0.009,0.1714
2025-06-10,NIFTYNXT50,68922.55,68843.5,69119.4,69048.0,0.0128,0.0126,0.0128,0.2452
2025-06-11,BANKNIFTY,56459.75,56629.1,56648.6,56764.6,0.0103,0.0101,0.0103,0.1974
2025-06-11,FINNIFTY,26789.95,26867.05,26889.9,26940.8,0.0105,0.0102,0.0105,0.201
2025-06-11,MIDCPNIFTY,13237.55,13311.65,13274.4,13326.7,0.0127,0.0132,0.0132,0.2517
2025-06-11,NIFTY,25141.4,25104.25,25211.7,25160.6,0.0089,0.0088,0.0089,0.171
2025-06-11,NIFTYNXT50,68771.85,68922.55,68857.0,69119.4,0.0128,0.0126,0.0128,0.2446
2025-06-12,BANKNIFTY,56082.55,56459.75,56269.6,56648.6,0.0103,0.01,0.0103,0.1971
2025-06-12,FINNIFTY,26579.9,26789.95,26671.1,26889.9,0.0105,0.0102,0.0105,0.2008
2025-06-12,MIDCPNIFTY,13036.3,13237.55,13062.35,13274.4,0.0127,0.0132,0.0132,0.2521
2025-06-12,NIFTY,24888.2,25141.4,24937.4,25211.7,0.009,0.0088,0.009,0.1711
2025-06-12,NIFTYNXT50,67536.5,68771.85,67639.2,68857.0,0.0128,0.0127,0.0128,0.2452
2025-06-13,BANKNIFTY,55527.35,56082.55,55614.4,56269.6,0.0103,0.0101,0.0103,0.1971
2025-06-13,FINNIFTY,26335.6,26579.9,26380.2,26671.1,0.0105,0.0102,0.0105,0.2007
2025-06-13,MIDCPNIFTY,12991.6,13036.3,13012.8,13062.35,0.0127,0.0132,0.0132,0.2515
2025-06-13,NIFTY,24718.6,24888.2,24727.4,24937.4,0.0089,0.0088,0.0089,0.1709
2025-06-13,NIFTYNXT50,66979.05,67536.5,67060.8,67639.2,0.0128,0.0126,0.0128,0.2448
2025-06-16,BANKNIFTY,55944.9,55527.35,56112.4,55614.4,0.0103,0.01,0.0103,0.1969
2025-06-16,FINNIFTY,26554.75,26335.6,26635.9,26380.2,0.0105,0.0102,0.0105,0.2005
2025-06-16,MIDCPNIFTY,13107.5,12991.6,13148.5,13012.8,0.0126,0.0132,0.0132,0.2512
2025-06-16,NIFTY,24946.5,24718.6,24996.2,24727.4,0.0089,0.0089,0.0089,0.1709
2025-06-16,NIFTYNXT50,67472.15,66979.05,67619.4,67060.8,0.0128,0.0126,0.0128,0.2444
2025-06-17,BANKNIFTY,55714.15,55944.9,55780.8,56112.4,0.0103,0.01,0.0103,0.1964
2025-06-17,FINNIFTY,26451.65,26554.75,26474.6,26635.9,0.0105,0.0102,0.0105,0.2001
2025-06-17,MIDCPNIFTY,13039.75,13107.5,13040.65,13148.5,0.0126,0.0131,0.0131,0.2509
2025-06-17,NIFTY,24853.4,24946.5,24868.8,24996.2,0.0089,0.0088,0.0089,0.1706
2025-06-17,NIFTYNXT50,66996.45,67472.15,67022.4,67619.4,0.0128,0.0126,0.0128,0.244
2025-06-18,BANKNIFTY,55828.75,55714.15,55899.0,55780.8,0.0103,0.01,0.0103,0.196
2025-06-18,FINNIFTY,26399.95,26451.65,26426.1,26474.6,0.0104,0.0102,0.0104,0.1996
2025-06-18,MIDCPNIFTY,12943.35,13039.75,12953.25,13040.65,0.0126,0.0131,0.0131,0.2504
2025-06-18,NIFTY,24812.05,24853.4,24826.9,24868.8,0.0089,0.0088,0.0089,0.1702
2025-06-18,NIFTYNXT50,66788.7,66996.45,66856.0,67022.4,0.0127,0.0126,0.0127,0.2434
2025-06-19,BANKNIFTY,55577.45,55828.75,55655.0,55899.0,0.0102,0.01,0.0102,0.1956
2025-06-19,FINNIFTY,26299.65,26399.95,26323.7,26426.1,0.0104,0.0101,0.0104,0.1991
2025-06-19,MIDCPNIFTY,12727.7,12943.35,12750.1,12953.25,0.0126,0.0131,0.0131,0.2507
2025-06-19,NIFTY,24793.25,24812.05,24803.1,24826.9,0.0089,0.0088,0.0089,0.1697
2025-06-19,NIFTYNXT50,65848.15,66788.7,65957.8,66856.0,0.0127,0.0126,0.0127,0.2436
2025-06-20,BANKNIFTY,56252.85,55577.45,56298.0,55655.0,0.0102,0.01,0.0102,0.1958
2025-06-20,FINNIFTY,26648.7,26299.65,26667.5,26323.7,0.0104,0.0102,0.0104,0.1994
2025-06-20,MIDCPNIFTY,12984.35,12727.7,12987.15,12750.1,0.0127,0.0132,0.0132,0.2513
2025-06-20,NIFTY,25112.4,24793.25,25111.7,24803.1,0.0089,0.0088,0.0089,0.1702
2025-06-20,NIFTYNXT50,66733.05,65848.15,66756.0,65957.8,0.0128,0.0126,0.0128,0.2436
2025-06-23,BANKNIFTY,56059.35,56252.85,56097.8,56298.0,0.0102,0.01,0.0102,0.1953
2025-06-23,FINNIFTY,26556.5,26648.7,26573.0,26667.5,0.0104,0.0101,0.0104,0.199
2025-06-23,MIDCPNIFTY,13033.1,12984.35,13056.6,12987.15,0.0126,0.0131,0.0131,0.2508
2025-06-23,NIFTY,24971.9,25112.4,24993.3,25111.7,0.0089,0.0088,0.0089,0.1699
2025-06-23,NIFTYNXT50,66780.5,66733.05,66788.0,66756.0,0.0127,0.0125,0.0127,0.243
2025-06-24,BANKNIFTY,56461.9,56059.35,56500.8,56097.8,0.0102,0.01,0.0102,0.1951
2025-06-24,FINNIFTY,26750.4,26556.5,26761.8,26573.0,0.0104,0.0101,0.0104,0.1988
2025-06-24,MIDCPNIFTY,13147.85,13033.1,13164.75,13056.6,0.0126,0.0131,0.0131,0.2504
2025-06-24,NIFTY,25044.35,24971.9,25071.7,24993.3,0.0089,0.0088,0.0089,0.1696
2025-06-24,NIFTYNXT50,67349.35,66780.5,67358.8,66788.0,0.0127,0.0125,0.0127,0.2427
2025-06-25,BANKNIFTY,56621.15,56461.9,56619.2,56500.8,0.0102,0.0099,0.0102,0.1946
2025-06-25,FINNIFTY,26851.2,26750.4,26845.4,26761.8,0.0104,0.0101,0.0104,0.1983
2025-06-25,MIDCPNIFTY,13221.3,13147.85,13238.25,13164.75,0.0126,0.0131,0.0131,0.2499
2025-06-25,NIFTY,25244.75,25044.35,25252.2,25071.7,0.0089,0.0088,0.0089,0.1695
2025-06-25,NIFTYNXT50,67669.4,67349.35,67703.6,67358.8,0.0127,0.0125,0.0127,0.2422
2025-06-26,BANKNIFTY,57206.7,56621.15,57256.4,56787.4,0.0102,0.0099,0.0102,0.1946
2025-06-26,FINNIFTY,27248.4,26851.2,27263.7,26942.5,0.0104,0.0101,0.0104,0.1988
2025-06-26,MIDCPNIFTY,13305.1,13221.3,13387.95,13297.35,0.0126,0.0131,0.0131,0.2494
2025-06-26,NIFTY,25549.0,25244.75,25615.0,25350.2,0.0089,0.0088,0.0089,0.1698
2025-06-26,NIFTYNXT50,68295.15,67669.4,68725.4,68101.2,0.0127,0.0125,0.0127,0.2419
2025-06-27,BANKNIFTY,57443.9,57206.7,57648.2,57256.4,0.0102,0.0099,0.0102,0.1942
2025-06-27,FINNIFTY,27344.05,27248.4,27441.5,27263.7,0.0104,0.0101,0.0104,0.1984
2025-06-27,MIDCPNIFTY,13340.55,13305.1,13423.85,13387.95,0.0125,0.013,0.013,0.2488
2025-06-27,NIFTY,25637.8,25549.0,25750.2,25615.0,0.0089,0.0088,0.0089,0.1695
2025-06-27,NIFTYNXT50,68712.4,68295.15,68961.8,68725.4,0.0126,0.0125,0.0126,0.2414
2025-06-30,BANKNIFTY,57312.75,57443.9,57553.6,57648.2,0.0101,0.0099,0.0101,0.1938
2025-06-30,FINNIFTY,27174.45,27344.05,27302.8,27441.5,0.0104,0.0101,0.0104,0.1981
2025-06-30,MIDCPNIFTY,13433.85,13340.55,13488.25,13423.85,0.0125,0.013,0.013,0.2483
2025-06-30,NIFTY,25517.05,25637.8,25614.2,25750.2,0.0089,0.0088,0.0089,0.1692
2025-06-30,NIFTYNXT50,68998.2,68712.4,69203.8,68961.8,0.0126,0.0124,0.0126,0.2409
2025-07-01,BANKNIFTY,57459.45,57312.75,57689.6,57553.6,0.0101,0.0099,0.0101,0.1933
2025-07-01,FINNIFTY,27124.2,27174.45,27252.0,27302.8,0.0103,0.0101,0.0103,0.1976
2025-07-01,MIDCPNIFTY,13416.15,13433.85,13487.3,13488.25,0.0125,0.013,0.013,0.2477
2025-07-01,NIFTY,25541.8,25517.05,25643.3,25614.2,0.0088,0.0087,0.0088,0.1687
2025-07-01,NIFTYNXT50,68930.2,68998.2,69154.6,69203.8,0.0126,0.0124,0.0126,0.2403
2025-07-02,BANKNIFTY,56999.2,57459.45,57317.0,57689.6,0.0101,0.0099,0.0101,0.1931
2025-07-02,FINNIFTY,26861.7,27124.2,27014.5,27252.0,0.0103,0.0101,0.0103,0.1975
2025-07-02,MIDCPNIFTY,13440.5,13416.15,13495.55,13487.3,0.0125,0.0129,0.0129,0.247
2025-07-02,NIFTY,25453.4,25541.8,25546.1,25643.3,0.0088,0.0087,0.0088,0.1684
2025-07-02,NIFTYNXT50,68729.8,68930.2,68967.6,69154.6,0.0125,0.0124,0.0125,0.2397
2025-07-03,BANKNIFTY,56791.95,56999.2,57119.6,57317.0,0.0101,0.0098,0.0101,0.1927
2025-07-03,FINNIFTY,26734.9,26861.7,26892.3,27014.5,0.0103,0.01,0.0103,0.1971
2025-07-03,MIDCPNIFTY,13462.55,13440.5,13515.8,13495.55,0.0124,0.0129,0.0129,0.2464
2025-07-03,NIFTY,25405.3,25453.4,25508.6,25546.1,0.0088,0.0087,0.0088,0.168
2025-07-03,NIFTYNXT50,68355.85,68729.8,68563.2,68967.6,0.0125,0.0123,0.0125,0.2392
2025-07-04,BANKNIFTY,57031.9,56791.95,57293.8,57119.6,0.0101,0.0098,0.0101,0.1923
2025-07-04,FINNIFTY,26866.3,26734.9,26997.3,26892.3,0.0103,0.01,0.0103,0.1968
2025-07-04,MIDCPNIFTY,13416.0,13462.55,13464.85,13515.8,0.0124,0.0129,0.0129,0.2459
2025-07-04,NIFTY,25461.0,25405.3,25540.1,25508.6,0.0088,0.0087,0.0088,0.1676
2025-07-04,NIFTYNXT50,68607.8,68355.85,68817.4,68563.2,0.0125,0.0123,0.0125,0.2387
2025-07-07,BANKNIFTY,56949.2,57031.9,57187.8,57293.8,0.01,0.0098,0.01,0.1919
2025-07-07,FINNIFTY,26833.45,26866.3,26949.6,26997.3,0.0103,0.01,0.0103,0.1963
2025-07-07,MIDCPNIFTY,13398.25,13416.0,13445.45,13464.85,0.0124,0.0128,0.0128,0.2453
2025-07-07,NIFTY,25461.3,25461.0,25538.9,25540.1,0.0088,0.0087,0.0088,0.1672
2025-07-07,NIFTYNXT50,68725.8,68607.8,68876.2,68817.4,0.0125,0.0123,0.0125,0.2381
2025-07-08,BANKNIFTY,57256.3,56949.2,57454.0,57187.8,0.01,0.0098,0.01,0.1915
2025-07-08,FINNIFTY,27016.85,26833.45,27114.5,26949.6,0.0103,0.01,0.0103,0.196
2025-07-08,MIDCPNIFTY,13333.45,13398.25,13396.95,13445.45,0.0123,0.0128,0.0128,0.2447
2025-07-08,NIFTY,25522.5,25461.3,25611.9,25538.9,0.0087,0.0086,0.0087,0.1668
2025-07-08,NIFTYNXT50,68719.05,68725.8,68891.0,68876.2,0.0124,0.0123,0.0124,0.2375
2025-07-09,BANKNIFTY,57213.55,57256.3,57383.6,57454.0,0.01,0.0097,0.01,0.191
2025-07-09,FINNIFTY,27058.45,27016.85,27159.7,27114.5,0.0102,0.0099,0.0102,0.1955
2025-07-09,MIDCPNIFTY,13291.85,13333.45,13338.45,13396.95,0.0123,0.0128,0.0128,0.2442
2025-07-09,NIFTY,25476.1,25522.5,25558.8,25611.9,0.0087,0.0086,0.0087,0.1664
2025-07-09,NIFTYNXT50,68678.15,68719.05,68835.4,68891.0,0.0124,0.0122,0.0124,0.2369
2025-07-10,BANKNIFTY,56956.0,57213.55,57171.6,57383.6,0.01,0.0097,0.01,0.1906
2025-07-10,FINNIFTY,26984.35,27058.45,27091.8,27159.7,0.0102,0.0099,0.0102,0.1951
2025-07-10,MIDCPNIFTY,13211.05,13291.85,13252.6,13338.45,0.0123,0.0128,0.0128,0.2437
2025-07-10,NIFTY,25355.25,25476.1,25421.9,25558.8,0.0087,0.0086,0.0087,0.1661
2025-07-10,NIFTYNXT50,68523.45,68678.15,68570.0,68835.4,0.0124,0.0122,0.0124,0.2363
2025-07-11,BANKNIFTY,56754.7,56956.0,56917.6,57171.6,0.01,0.0097,0.01,0.1902
2025-07-11,FINNIFTY,26853.1,26984.35,26946.7,27091.8,0.0102,0.0099,0.0102,0.1947
2025-07-11,MIDCPNIFTY,13026.85,13211.05,13036.7,13252.6,0.0123,0.0128,0.0128,0.2441
2025-07-11,NIFTY,25149.85,25355.25,25223.4,25421.9,0.0087,0.0086,0.0087,0.1661
2025-07-11,NIFTYNXT50,67965.55,68523.45,68075.2,68570.0,0.0124,0.0122,0.0124,0.236
2025-07-14,BANKNIFTY,56765.35,56754.7,57002.6,56917.6,0.0099,0.0097,0.0099,0.1898
2025-07-14,FINNIFTY,26802.25,26853.1,26911.2,26946.7,0.0102,0.0099,0.0102,0.1942
2025-07-14,MIDCPNIFTY,13169.0,13026.85,13211.75,13036.7,0.0123,0.0128,0.0128,0.2442
2025-07-14,NIFTY,25082.3,25149.85,25167.5,25223.4,0.0087,0.0086,0.0087,0.1657
2025-07-14,NIFTYNXT50,68285.65,67965.55,68424.4,68075.2,0.0123,0.0122,0.0123,0.2355
2025-07-15,BANKNIFTY,57006.65,56765.35,57232.6,57002.6,0.0099,0.0097,0.0099,0.1894
2025-07-15,FINNIFTY,26928.95,26802.25,27032.4,26911.2,0.0101,0.0099,0.0101,0.1938
2025-07-15,MIDCPNIFTY,13342.05,13169.0,13380.1,13211.75,0.0123,0.0128,0.0128,0.2441
2025-07-15,NIFTY,25195.8,25082.3,25265.6,25167.5,0.0087,0.0086,0.0087,0.1654
2025-07-15,NIFTYNXT50,68727.55,68285.65,68828.6,68424.4,0.0123,0.0121,0.0123,0.2351
2025-07-16,BANKNIFTY,57168.95,57006.65,57265.2,57232.6,0.0099,0.0096,0.0099,0.1889
2025-07-16,FINNIFTY,26916.4,26928.95,26970.1,27032.4,0.0101,0.0098,0.0101,0.1933
2025-07-16,MIDCPNIFTY,13323.35,13342.05,13347.95,13380.1,0.0123,0.0127,0.0127,0.2436
2025-07-16,NIFTY,25212.05,25195.8,25245.8,25265.6,0.0086,0.0085,0.0086,0.165
2025-07-16,NIFTYNXT50,68870.55,68727.55,68967.4,68828.6,0.0123,0.0121,0.0123,0.2345
2025-07-17,BANKNIFTY,56828.8,57168.95,56973.4,57265.2,0.0099,0.0096,0.0099,0.1886
2025-07-17,FINNIFTY,26809.45,26916.4,26876.5,26970.1,0.0101,0.0098,0.0101,0.1929
2025-07-17,MIDCPNIFTY,13264.75,13323.35,13287.05,13347.95,0.0122,0.0127,0.0127,0.243
2025-07-17,NIFTY,25111.45,25212.05,25174.6,25245.8,0.0086,0.0085,0.0086,0.1646
2025-07-17,NIFTYNXT50,68711.45,68870.55,68759.0,68967.4,0.0122,0.0121,0.0122,0.2339
2025-07-18,BANKNIFTY,56283.0,56828.8,56415.6,56973.4,0.0099,0.0096,0.0099,0.1886
2025-07-18,FINNIFTY,26556.15,26809.45,26608.0,26876.5,0.0101,0.0098,0.0101,0.1929
2025-07-18,MIDCPNIFTY,13171.0,13264.75,13202.5,13287.05,0.0122,0.0127,0.0127,0.2426
2025-07-18,NIFTY,24968.4,25111.45,25032.3,25174.6,0.0086,0.0085,0.0086,0.1644
2025-07-18,NIFTYNXT50,68225.15,68711.45,68206.8,68759.0,0.0122,0.0121,0.0122,0.2335
2025-07-21,BANKNIFTY,56952.75,56283.0,56981.8,56415.6,0.0099,0.0096,0.0099,0.1888
2025-07-21,FINNIFTY,26986.95,26556.15,27012.1,26608.0,0.0101,0.0099,0.0101,0.1936
2025-07-21,MIDCPNIFTY,13301.0,13171.0,13336.35,13202.5,0.0122,0.0127,0.0127,0.2423
2025-07-21,NIFTY,25090.7,24968.4,25127.6,25032.3,0.0086,0.0085,0.0086,0.1641
2025-07-21,NIFTYNXT50,68503.15,68225.15,68591.6,68206.8,0.0122,0.012,0.0122,0.233
2025-07-22,BANKNIFTY,56756.0,56952.75,56804.6,56981.8,0.0099,0.0096,0.0099,0.1884
2025-07-22,FINNIFTY,26990.45,26986.95,27004.7,27012.1,0.0101,0.0098,0.0101,0.1931
2025-07-22,MIDCPNIFTY,13206.6,13301.0,13220.05,13336.35,0.0122,0.0127,0.0127,0.242
2025-07-22,NIFTY,25060.9,25090.7,25093.9,25127.6,0.0086,0.0085,0.0086,0.1637
2025-07-22,NIFTYNXT50,68253.9,68503.15,68212.6,68591.6,0.0122,0.012,0.0122,0.2325
2025-07-23,BANKNIFTY,57210.45,56756.0,57235.8,56804.6,0.0099,0.0096,0.0099,0.1882
2025-07-23,FINNIFTY,27215.85,26990.45,27239.6,27004.7,0.0101,0.0098,0.0101,0.193
2025-07-23,MIDCPNIFTY,13276.35,13206.6,13322.5,13220.05,0.0122,0.0126,0.0126,0.2416
2025-07-23,NIFTY,25219.9,25060.9,25252.8,25093.9,0.0086,0.0085,0.0086,0.1635
2025-07-23,NIFTYNXT50,68363.0,68253.9,68444.8,68212.6,0.0121,0.012,0.0121,0.2319
2025-07-24,BANKNIFTY,57066.05,57210.45,57117.6,57235.8,0.0098,0.0096,0.0098,0.1878
2025-07-24,FINNIFTY,27046.3,27215.85,27078.6,27239.6,0.0101,0.0098,0.0101,0.1927
2025-07-24,MIDCPNIFTY,13107.65,13276.35,13139.9,13322.5,0.0122,0.0127,0.0127,0.2418
2025-07-24,NIFTY,25062.1,25219.9,25095.4,25252.8,0.0086,0.0085,0.0086,0.1634
2025-07-24,NIFTYNXT50,68207.3,68363.0,68223.2,68444.8,0.0121,0.012,0.0121,0.2313
2025-07-25,BANKNIFTY,56528.9,57066.05,56585.8,57117.6,0.0098,0.0096,0.0098,0.1878
2025-07-25,FINNIFTY,26808.0,27046.3,26824.6,27078.6,0.0101,0.0098,0.0101,0.1926
2025-07-25,MIDCPNIFTY,12925.9,13107.65,12948.95,13139.9,0.0122,0.0127,0.0127,0.242
2025-07-25,NIFTY,24837.0,25062.1,24850.4,25095.4,0.0086,0.0085,0.0086,0.1634
2025-07-25,NIFTYNXT50,67146.65,68207.3,67140.6,68223.2,0.0121,0.012,0.0121,0.2317
2025-07-28,BANKNIFTY,56084.9,56528.9,56179.0,56585.8,0.0098,0.0096,0.0098,0.1876
2025-07-28,FINNIFTY,26615.2,26808.0,26659.9,26824.6,0.0101,0.0098,0.0101,0.1923
2025-07-28,MIDCPNIFTY,12898.95,12925.9,12921.4,12948.95,0.0122,0.0126,0.0126,0.2414
2025-07-28,NIFTY,24680.9,24837.0,24710.2,24850.4,0.0085,0.0084,0.0085,0.1632
2025-07-28,NIFTYNXT50,66768.9,67146.65,66801.2,67140.6,0.0121,0.0119,0.0121,0.2313
2025-07-29,BANKNIFTY,56222.0,56084.9,56331.8,56179.0,0.0098,0.0095,0.0098,0.1871
2025-07-29,FINNIFTY,26700.7,26615.2,26749.4,26659.9,0.01,0.0098,0.01,0.1919
2025-07-29,MIDCPNIFTY,13033.7,12898.95,13057.3,12921.4,0.0121,0.0126,0.0126,0.2412
2025-07-29,NIFTY,24821.1,24680.9,24838.8,24710.2,0.0085,0.0084,0.0085,0.163
2025-07-29,NIFTYNXT50,67379.2,66768.9,67442.4,66801.2,0.0121,0.0119,0.0121,0.231
2025-07-30,BANKNIFTY,56150.7,56222.0,56217.6,56331.8,0.0098,0.0095,0.0098,0.1867
2025-07-30,FINNIFTY,26703.5,26700.7,26715.6,26749.4,0.01,0.0097,0.01,0.1914
2025-07-30,MIDCPNIFTY,13009.65,13033.7,13025.0,13057.3,0.0121,0.0126,0.0126,0.2406
2025-07-30,NIFTY,24855.05,24821.1,24869.3,24838.8,0.0085,0.0084,0.0085,0.1626
2025-07-30,NIFTYNXT50,67435.15,67379.2,67406.2,67442.4,0.0121,0.0119,0.0121,0.2304
2025-07-31,BANKNIFTY,55961.95,56150.7,56194.0,56359.8,0.0098,0.0095,0.0098,0.1863
2025-07-31,FINNIFTY,26649.95,26703.5,26731.0,26806.7,0.01,0.0097,0.01,0.191
2025-07-31,MIDCPNIFTY,12867.1,13009.65,12920.65,13058.7,0.0121,0.0126,0.0126,0.2404
2025-07-31,NIFTY,24768.35,24855.05,24871.6,24959.1,0.0085,0.0084,0.0085,0.1623
2025-07-31,NIFTYNXT50,67096.15,67435.15,67228.2,67632.2,0.012,0.0119,0.012,0.23
2025-08-01,BANKNIFTY,55617.6,55961.95,55794.2,56194.0,0.0097,0.0095,0.0097,0.186
2025-08-01,FINNIFTY,26492.5,26649.95,26569.6,26731.0,0.01,0.0097,0.01,0.1907
2025-08-01,MIDCPNIFTY,12668.25,12867.1,12687.8,12920.65,0.0121,0.0126,0.0126,0.2411
2025-08-01,NIFTY,24565.35,24768.35,24627.2,24871.6,0.0085,0.0084,0.0085,0.1622
2025-08-01,NIFTYNXT50,66192.8,67096.15,66253.6,67228.2,0.012,0.0119,0.012,0.2301
2025-08-04,BANKNIFTY,55619.35,55617.6,55860.0,55794.2,0.0097,0.0095,0.0097,0.1855
2025-08-04,FINNIFTY,26476.6,26492.5,26593.6,26569.6,0.01,0.0097,0.01,0.1902
2025-08-04,MIDCPNIFTY,12861.1,12668.25,12904.25,12687.8,0.0121,0.0126,0.0126,0.2416
2025-08-04,NIFTY,24722.75,24565.35,24793.1,24627.2,0.0085,0.0084,0.0085,0.1621
2025-08-04,NIFTYNXT50,66917.5,66192.8,67123.6,66253.6,0.012,0.0119,0.012,0.23
2025-08-05,BANKNIFTY,55360.25,55619.35,55539.2,55860.0,0.0097,0.0094,0.0097,0.1852
2025-08-05,FINNIFTY,26373.5,26476.6,26455.1,26593.6,0.0099,0.0097,0.0099,0.1898
2025-08-05,MIDCPNIFTY,12761.05,12861.1,12792.15,12904.25,0.0121,0.0126,0.0126,0.2412
2025-08-05,NIFTY,24649.55,24722.75,24707.8,24793.1,0.0085,0.0084,0.0085,0.1617
2025-08-05,NIFTYNXT50,66762.05,66917.5,66972.0,67123.6,0.012,0.0119,0.012,0.2295
2025-08-06,BANKNIFTY,55411.15,55360.25,55580.8,55539.2,0.0097,0.0094,0.0097,0.1847
2025-08-06,FINNIFTY,26371.15,26373.5,26454.4,26455.1,0.0099,0.0096,0.0099,0.1893
2025-08-06,MIDCPNIFTY,12636.4,12761.05,12678.0,12792.15,0.0121,0.0126,0.0126,0.2409
2025-08-06,NIFTY,24574.2,24649.55,24634.9,24707.8,0.0084,0.0084,0.0084,0.1613
2025-08-06,NIFTYNXT50,66181.35,66762.05,66258.4,66972.0,0.012,0.0119,0.012,0.2292
2025-08-07,BANKNIFTY,55521.15,55411.15,55757.6,55580.8,0.0096,0.0094,0.0096,0.1843
2025-08-07,FINNIFTY,26403.9,26371.15,26508.9,26454.4,0.0099,0.0096,0.0099,0.1888
2025-08-07,MIDCPNIFTY,12724.7,12636.4,12789.45,12678.0,0.0121,0.0126,0.0126,0.2406
2025-08-07,NIFTY,24596.15,24574.2,24673.4,24634.9,0.0084,0.0083,0.0084,0.1609
2025-08-07,NIFTYNXT50,66338.1,66181.35,66498.0,66258.4,0.012,0.0118,0.012,0.2286
2025-08-08,BANKNIFTY,55004.9,55521.15,55166.0,55757.6,0.0096,0.0094,0.0096,0.1843
2025-08-08,FINNIFTY,26167.35,26403.9,26242.5,26508.9,0.0099,0.0096,0.0099,0.1888
2025-08-08,MIDCPNIFTY,12506.3,12724.7,12556.15,12789.45,0.0121,0.0126,0.0126,0.2413
2025-08-08,NIFTY,24363.3,24596.15,24441.1,24673.4,0.0084,0.0083,0.0084,0.1611
2025-08-08,NIFTYNXT50,65514.7,66338.1,65666.0,66498.0,0.012,0.0119,0.012,0.2287
2025-08-11,BANKNIFTY,55510.75,55004.9,55540.0,55166.0,0.0096,0.0094,0.0096,0.1842
2025-08-11,FINNIFTY,26405.8,26167.35,26411.4,26242.5,0.0099,0.0096,0.0099,0.1887
2025-08-11,MIDCPNIFTY,12610.5,12506.3,12658.5,12556.15,0.0121,0.0126,0.0126,0.241
2025-08-11,NIFTY,24585.05,24363.3,24627.9,24441.1,0.0084,0.0083,0.0084,0.1611
2025-08-11,NIFTYNXT50,66283.95,65514.7,66453.8,65666.0,0.012,0.0119,0.012,0.2287
2025-08-12,BANKNIFTY,55043.7,55510.75,55287.4,55540.0,0.0096,0.0094,0.0096,0.1841
2025-08-12,FINNIFTY,26135.3,26405.8,26250.5,26411.4,0.0099,0.0096,0.0099,0.1887
2025-08-12,MIDCPNIFTY,12561.6,12610.5,12602.2,12658.5,0.0121,0.0126,0.0126,0.2404
2025-08-12,NIFTY,24487.4,24585.05,24554.9,24627.9,0.0084,0.0083,0.0084,0.1608
2025-08-12,NIFTYNXT50,66223.9,66283.95,66330.2,66453.8,0.0119,0.0118,0.0119,0.2281
2025-08-13,BANKNIFTY,55181.45,55043.7,55433.2,55287.4,0.0096,0.0094,0.0096,0.1837
2025-08-13,FINNIFTY,26238.4,26135.3,26354.8,26250.5,0.0099,0.0096,0.0099,0.1883
2025-08-13,MIDCPNIFTY,12699.1,12561.6,12748.95,12602.2,0.0121,0.0126,0.0126,0.2403
2025-08-13,NIFTY,24619.35,24487.4,24712.2,24554.9,0.0084,0.0083,0.0084,0.1606
2025-08-13,NIFTYNXT50,66622.25,66223.9,66726.8,66330.2,0.0119,0.0118,0.0119,0.2277
2025-08-14,BANKNIFTY,55341.85,55181.45,55503.8,55433.2,0.0096,0.0093,0.0096,0.1832
2025-08-14,FINNIFTY,26333.45,26238.4,26405.1,26354.8,0.0098,0.0095,0.0098,0.1879
2025-08-14,MIDCPNIFTY,12639.1,12699.1,12666.95,12748.95,0.0121,0.0126,0.0126,0.2399
2025-08-14,NIFTY,24631.3,24619.35,24684.7,24712.2,0.0084,0.0083,0.0084,0.1602
2025-08-14,NIFTYNXT50,66511.6,66622.25,66581.0,66726.8,0.0119,0.0118,0.0119,0.2271
2025-08-18,BANKNIFTY,55734.9,55341.85,55862.8,55503.8,0.0096,0.0093,0.0096,0.183
2025-08-18,FINNIFTY,26609.1,26333.45,26683.7,26405.1,0.0098,0.0096,0.0098,0.188
2025-08-18,MIDCPNIFTY,12811.3,12639.1,12872.15,12666.95,0.0121,0.0126,0.0126,0.2403
2025-08-18,NIFTY,24876.95,24631.3,24966.8,24684.7,0.0084,0.0083,0.0084,0.1603
2025-08-18,NIFTYNXT50,67399.6,66511.6,67460.6,66581.0,0.0119,0.0118,0.0119,0.2272
2025-08-19,BANKNIFTY,55865.15,55734.9,55965.8,55862.8,0.0096,0.0093,0.0096,0.1826
2025-08-19,FINNIFTY,26592.3,26609.1,26658.4,26683.7,0.0098,0.0095,0.0098,0.1875
2025-08-19,MIDCPNIFTY,12908.3,12811.3,12958.3,12872.15,0.012,0.0126,0.0126,0.2398
2025-08-19,NIFTY,24980.65,24876.95,25033.5,24966.8,0.0084,0.0083,0.0084,0.16
2025-08-19,NIFTYNXT50,67907.45,67399.6,67971.6,67460.6,0.0119,0.0118,0.0119,0.2269
2025-08-20,BANKNIFTY,55698.5,55865.15,55815.6,55965.8,0.0095,0.0093,0.0095,0.1822
2025-08-20,FINNIFTY,26487.8,26592.3,26549.5,26658.4,0.0098,0.0095,0.0098,0.1871
2025-08-20,MIDCPNIFTY,12999.8,12908.3,13023.85,12958.3,0.012,0.0125,0.0125,0.2393
2025-08-20,NIFTY,25050.55,24980.65,25083.3,25033.5,0.0084,0.0083,0.0084,0.1597
2025-08-20,NIFTYNXT50,68164.3,67907.45,68205.0,67971.6,0.0118,0.0117,0.0118,0.2264
2025-08-21,BANKNIFTY,55755.45,55698.5,55890.0,55815.6,0.0095,0.0093,0.0095,0.1817
2025-08-21,FINNIFTY,26573.35,26487.8,26632.6,26549.5,0.0098,0.0095,0.0098,0.1867
2025-08-21,MIDCPNIFTY,12921.35,12999.8,12949.4,13023.85,0.012,0.0125,0.0125,0.2389
2025-08-21,NIFTY,25083.75,25050.55,25122.5,25083.3,0.0083,0.0083,0.0083,0.1593
2025-08-21,NIFTYNXT50,67972.65,68164.3,67969.6,68205.0,0.0118,0.0117,0.0118,0.2258
2025-08-22,BANKNIFTY,55149.4,55755.45,55270.6,55890.0,0.0095,0.0093,0.0095,0.1819
2025-08-22,FINNIFTY,26317.05,26573.35,26377.5,26632.6,0.0098,0.0095,0.0098,0.1867
2025-08-22,MIDCPNIFTY,12935.8,12921.35,12945.9,12949.4,0.012,0.0125,0.0125,0.2383
2025-08-22,NIFTY,24870.1,25083.75,24898.2,25122.5,0.0083,0.0083,0.0083,0.1593
2025-08-22,NIFTYNXT50,67540.1,67972.65,67527.4,67969.6,0.0118,0.0117,0.0118,0.2255
2025-08-25,BANKNIFTY,55139.3,55149.4,55258.8,55270.6,0.0095,0.0092,0.0095,0.1814
2025-08-25,FINNIFTY,26306.9,26317.05,26364.8,26377.5,0.0097,0.0095,0.0097,0.1862
2025-08-25,MIDCPNIFTY,12953.35,12935.8,12969.2,12945.9,0.0119,0.0124,0.0124,0.2377
2025-08-25,NIFTY,24967.75,24870.1,24989.7,24898.2,0.0083,0.0082,0.0083,0.159
2025-08-25,NIFTYNXT50,67711.35,67540.1,67665.8,67527.4,0.0118,0.0117,0.0118,0.2249
2025-08-26,BANKNIFTY,54450.45,55139.3,54525.6,55258.8,0.0095,0.0093,0.0095,0.1818
2025-08-26,FINNIFTY,25952.6,26306.9,25989.9,26364.8,0.0098,0.0095,0.0098,0.1867
2025-08-26,MIDCPNIFTY,12671.75,12953.35,12696.1,12969.2,0.012,0.0125,0.0125,0.2388
2025-08-26,NIFTY,24712.05,24967.75,24731.5,24989.7,0.0083,0.0083,0.0083,0.1592
2025-08-26,NIFTYNXT50,66800.35,67711.35,66764.4,67665.8,0.0118,0.0117,0.0118,0.2251
2025-08-28,BANKNIFTY,53820.35,54450.45,54259.4,54827.0,0.0095,0.0093,0.0095,0.182
2025-08-28,FINNIFTY,25640.3,25952.6,25855.1,26123.7,0.0098,0.0095,0.0098,0.1869
2025-08-28,MIDCPNIFTY,12535.15,12671.75,12593.95,12720.65,0.012,0.0125,0.0125,0.2386
2025-08-28,NIFTY,24500.9,24712.05,24651.7,24857.5,0.0083,0.0083,0.0083,0.1592
2025-08-28,NIFTYNXT50,65940.3,66800.35,66237.0,67163.4,0.0118,0.0117,0.0118,0.2252
2025-08-29,BANKNIFTY,53655.65,53820.35,54060.4,54259.4,0.0095,0.0093,0.0095,0.1816
2025-08-29,FINNIFTY,25567.7,25640.3,25768.3,25855.1,0.0098,0.0095,0.0098,0.1865
2025-08-29,MIDCPNIFTY,12450.2,12535.15,12515.7,12593.95,0.012,0.0125,0.0125,0.2382
2025-08-29,NIFTY,24426.85,24500.9,24568.5,24651.7,0.0083,0.0082,0.0083,0.1589
2025-08-29,NIFTYNXT50,65745.75,65940.3,66060.6,66237.0,0.0118,0.0117,0.0118,0.2247
2025-09-01,BANKNIFTY,54002.45,53655.65,54370.0,54060.4,0.0095,0.0092,0.0095,0.1813
2025-09-01,FINNIFTY,25743.5,25567.7,25909.1,25768.3,0.0097,0.0095,0.0097,0.1862
2025-09-01,MIDCPNIFTY,12715.7,12450.2,12791.2,12515.7,0.012,0.0125,0.0125,0.2394
2025-09-01,NIFTY,24625.05,24426.85,24748.0,24568.5,0.0083,0.0082,0.0083,0.1589
2025-09-01,NIFTYNXT50,66670.15,65745.75,66961.2,66060.6,0.0118,0.0117,0.0118,0.2249
2025-09-02,BANKNIFTY,53661.0,54002.45,54039.4,54370.0,0.0095,0.0092,0.0095,0.1811
2025-09-02,FINNIFTY,25572.95,25743.5,25746.2,25909.1,0.0097,0.0095,0.0097,0.186
2025-09-02,MIDCPNIFTY,12709.4,12715.7,12754.05,12791.2,0.012,0.0125,0.0125,0.2388
2025-09-02,NIFTY,24579.6,24625.05,24691.8,24748.0,0.0083,0.0082,0.0083,0.1585
2025-09-02,NIFTYNXT50,67017.75,66670.15,67220.0,66961.2,0.0117,0.0116,0.0117,0.2245
2025-09-03,BANKNIFTY,54067.55,53661.0,54373.6,54039.4,0.0095,0.0092,0.0095,0.1809
2025-09-03,FINNIFTY,25732.55,25572.95,25869.1,25746.2,0.0097,0.0094,0.0097,0.1857
2025-09-03,MIDCPNIFTY,12773.6,12709.4,12825.1,12754.05,0.012,0.0125,0.0125,0.2383
2025-09-03,NIFTY,24715.05,24579.6,24813.1,24691.8,0.0083,0.0082,0.0083,0.1583
2025-09-03,NIFTYNXT50,67463.05,67017.75,67697.6,67220.0,0.0117,0.0116,0.0117,0.2241
2025-09-04,BANKNIFTY,54075.45,54067.55,54293.0,54373.6,0.0094,0.0092,0.0094,0.1805
2025-09-04,FINNIFTY,25853.4,25732.55,25937.5,25869.1,0.0097,0.0094,0.0097,0.1854
2025-09-04,MIDCPNIFTY,12738.8,12773.6,12769.6,12825.1,0.012,0.0124,0.0124,0.2378
2025-09-04,NIFTY,24734.3,24715.05,24827.5,24813.1,0.0083,0.0082,0.0083,0.1579
2025-09-04,NIFTYNXT50,67151.55,67463.05,67288.0,67697.6,0.0117,0.0116,0.0117,0.2236
2025-09-05,BANKNIFTY,54114.55,54075.45,54364.6,54293.0,0.0094,0.0092,0.0094,0.18
2025-09-05,FINNIFTY,25889.3,25853.4,26004.1,25937.5,0.0097,0.0094,0.0097,0.1849
2025-09-05,MIDCPNIFTY,12778.15,12738.8,12820.4,12769.6,0.0119,0.0124,0.0124,0.2373
2025-09-05,NIFTY,24741.0,24734.3,24847.7,24827.5,0.0082,0.0082,0.0082,0.1575
2025-09-05,NIFTYNXT50,67089.8,67151.55,67325.6,67288.0,0.0117,0.0116,0.0117,0.2231
2025-09-08,BANKNIFTY,54186.9,54114.55,54499.8,54364.6,0.0094,0.0091,0.0094,0.1796
2025-09-08,FINNIFTY,25942.7,25889.3,26078.8,26004.1,0.0097,0.0094,0.0097,0.1845
2025-09-08,MIDCPNIFTY,12841.4,12778.15,12879.55,12820.4,0.0119,0.0124,0.0124,0.2368
2025-09-08,NIFTY,24773.15,24741.0,24892.7,24847.7,0.0082,0.0081,0.0082,0.1571
2025-09-08,NIFTYNXT50,67366.05,67089.8,67576.0,67325.6,0.0116,0.0115,0.0116,0.2226
2025-09-09,BANKNIFTY,54216.1,54186.9,54468.4,54499.8,0.0094,0.0091,0.0094,0.1791
2025-09-09,FINNIFTY,25961.95,25942.7,26070.9,26078.8,0.0096,0.0093,0.0096,0.184
2025-09-09,MIDCPNIFTY,12883.5,12841.4,12927.05,12879.55,0.0119,0.0124,0.0124,0.2362
2025-09-09,NIFTY,24868.6,24773.15,24950.3,24892.7,0.0082,0.0081,0.0082,0.1568
2025-09-09,NIFTYNXT50,67460.75,67366.05,67703.4,67576.0,0.0116,0.0115,0.0116,0.222
2025-09-10,BANKNIFTY,54536.0,54216.1,54791.8,54468.4,0.0094,0.0091,0.0094,0.1789
2025-09-10,FINNIFTY,26123.75,25961.95,26239.3,26070.9,0.0096,0.0093,0.0096,0.1838
2025-09-10,MIDCPNIFTY,13040.9,12883.5,13087.1,12927.05,0.0119,0.0124,0.0124,0.2362
2025-09-10,NIFTY,24973.1,24868.6,25072.3,24950.3,0.0082,0.0081,0.0082,0.1565
2025-09-10,NIFTYNXT50,67753.8,67460.75,67987.4,67703.4,0.0116,0.0115,0.0116,0.2215
2025-09-11,BANKNIFTY,54669.6,54536.0,54875.0,54791.8,0.0093,0.0091,0.0093,0.1784
2025-09-11,FINNIFTY,26178.7,26123.75,26272.1,26239.3,0.0096,0.0093,0.0096,0.1833
2025-09-11,MIDCPNIFTY,13037.6,13040.9,13073.4,13087.1,0.0119,0.0123,0.0123,0.2356
2025-09-11,NIFTY,25005.5,24973.1,25104.5,25072.3,0.0082,0.0081,0.0082,0.1561
2025-09-11,NIFTYNXT50,67974.7,67753.8,68133.2,67987.4,0.0116,0.0115,0.0116,0.221
2025-09-12,BANKNIFTY,54809.3,54669.6,55013.4,54875.0,0.0093,0.0091,0.0093,0.178
2025-09-12,FINNIFTY,26363.25,26178.7,26456.1,26272.1,0.0096,0.0093,0.0096,0.1831
2025-09-12,MIDCPNIFTY,13083.05,13037.6,13112.7,13073.4,0.0118,0.0123,0.0123,0.2351
2025-09-12,NIFTY,25114.0,25005.5,25205.0,25104.5,0.0082,0.0081,0.0082,0.1558
2025-09-12,NIFTYNXT50,68194.0,67974.7,68400.2,68133.2,0.0115,0.0114,0.0115,0.2205
2025-09-15,BANKNIFTY,54887.85,54809.3,55113.6,55013.4,0.0093,0.009,0.0093,0.1776
2025-09-15,FINNIFTY,26393.05,26363.25,26501.5,26456.1,0.0096,0.0093,0.0096,0.1827
2025-09-15,MIDCPNIFTY,13102.15,13083.05,13144.8,13112.7,0.0118,0.0123,0.0123,0.2345
2025-09-15,NIFTY,25069.2,25114.0,25164.7,25205.0,0.0081,0.0081,0.0081,0.1555
2025-09-15,NIFTYNXT50,68603.15,68194.0,68780.0,68400.2,0.0115,0.0114,0.0115,0.2201
2025-09-16,BANKNIFTY,55147.6,54887.85,55339.6,55113.6,0.0093,0.009,0.0093,0.1773
2025-09-16,FINNIFTY,26495.3,26393.05,26594.4,26501.5,0.0095,0.0093,0.0095,0.1823
2025-09-16,MIDCPNIFTY,13146.55,13102.15,13192.85,13144.8,0.0118,0.0122,0.0122,0.234
2025-09-16,NIFTY,25239.1,25069.2,25331.4,25164.7,0.0081,0.0081,0.0081,0.1553
2025-09-16,NIFTYNXT50,69000.75,68603.15,69203.6,68780.0,0.0115,0.0114,0.0115,0.2197
2025-09-17,BANKNIFTY,55493.3,55147.6,55699.8,55339.6,0.0093,0.009,0.0093,0.177
2025-09-17,FINNIFTY,26563.55,26495.3,26669.0,26594.4,0.0095,0.0092,0.0095,0.1819
2025-09-17,MIDCPNIFTY,13151.9,13146.55,13194.95,13192.85,0.0117,0.0122,0.0122,0.2334
2025-09-17,NIFTY,25330.25,25239.1,25423.4,25331.4,0.0081,0.008,0.0081,0.155
2025-09-17,NIFTYNXT50,69147.1,69000.75,69334.4,69203.6,0.0115,0.0114,0.0115,0.2192
2025-09-18,BANKNIFTY,55727.45,55493.3,55879.6,55699.8,0.0092,0.009,0.0092,0.1767
2025-09-18,FINNIFTY,26698.65,26563.55,26751.8,26669.0,0.0095,0.0092,0.0095,0.1815
2025-09-18,MIDCPNIFTY,13234.25,13151.9,13282.55,13194.95,0.0117,0.0122,0.0122,0.2329
2025-09-18,NIFTY,25423.6,25330.25,25510.9,25423.4,0.0081,0.008,0.0081,0.1547
2025-09-18,NIFTYNXT50,69334.3,69147.1,69516.8,69334.4,0.0114,0.0113,0.0114,0.2186
2025-09-19,BANKNIFTY,55458.85,55727.45,55654.4,55879.6,0.0092,0.009,0.0092,0.1764
2025-09-19,FINNIFTY,26527.6,26698.65,26623.4,26751.8,0.0095,0.0092,0.0095,0.1813
2025-09-19,MIDCPNIFTY,13240.5,13234.25,13282.0,13282.55,0.0117,0.0122,0.0122,0.2324
2025-09-19,NIFTY,25327.05,25423.6,25411.2,25510.9,0.0081,0.008,0.0081,0.1544
2025-09-19,NIFTYNXT50,69736.6,69334.3,69875.2,69516.8,0.0114,0.0113,0.0114,0.2182
2025-09-22,BANKNIFTY,55284.75,55458.85,55471.8,55654.4,0.0092,0.009,0.0092,0.176
2025-09-22,FINNIFTY,26528.4,26527.6,26610.5,26623.4,0.0095,0.0092,0.0095,0.1808
2025-09-22,MIDCPNIFTY,13094.9,13240.5,13127.5,13282.0,0.0117,0.0122,0.0122,0.2323
2025-09-22,NIFTY,25202.35,25327.05,25277.7,25411.2,0.0081,0.008,0.0081,0.1542
2025-09-22,NIFTYNXT50,69962.3,69736.6,69985.4,69875.2,0.0114,0.0113,0.0114,0.2177
2025-09-23,BANKNIFTY,55509.75,55284.75,55723.8,55471.8,0.0092,0.0089,0.0092,0.1756
2025-09-23,FINNIFTY,26559.5,26528.4,26656.8,26610.5,0.0094,0.0092,0.0094,0.1804
2025-09-23,MIDCPNIFTY,13074.7,13094.9,13118.25,13127.5,0.0117,0.0121,0.0121,0.2317
2025-09-23,NIFTY,25169.5,25202.35,25255.8,25277.7,0.0081,0.008,0.0081,0.1538
2025-09-23,NIFTYNXT50,69643.4,69962.3,69739.0,69985.4,0.0114,0.0113,0.0114,0.2173
2025-09-24,BANKNIFTY,55121.5,55509.75,55252.2,55723.8,0.0092,0.0089,0.0092,0.1754
2025-09-24,FINNIFTY,26388.45,26559.5,26450.6,26656.8,0.0094,0.0091,0.0094,0.1802
2025-09-24,MIDCPNIFTY,12905.35,13074.7,12946.35,13118.25,0.0117,0.0121,0.0121,0.2318
2025-09-24,NIFTY,25056.9,25169.5,25111.9,25255.8,0.008,0.008,0.008,0.1535
2025-09-24,NIFTYNXT50,68808.2,69643.4,68892.0,69739.0,0.0114,0.0113,0.0114,0.2173
2025-09-25,BANKNIFTY,54976.2,55121.5,55152.2,55252.2,0.0092,0.0089,0.0092,0.175
2025-09-25,FINNIFTY,26247.4,26388.45,26340.1,26450.6,0.0094,0.0091,0.0094,0.1798
2025-09-25,MIDCPNIFTY,12822.3,12905.35,12847.6,12946.35,0.0116,0.0121,0.0121,0.2315
2025-09-25,NIFTY,24890.85,25056.9,24967.7,25111.9,0.008,0.008,0.008,0.1534
2025-09-25,NIFTYNXT50,68293.65,68808.2,68345.6,68892.0,0.0114,0.0113,0.0114,0.217
2025-09-26,BANKNIFTY,54389.35,54976.2,54474.8,55152.2,0.0092,0.0089,0.0092,0.1752
2025-09-26,FINNIFTY,25985.25,26247.4,26027.4,26340.1,0.0094,0.0091,0.0094,0.1799
2025-09-26,MIDCPNIFTY,12563.35,12822.3,12584.7,12847.6,0.0117,0.0122,0.0122,0.2326
2025-09-26,NIFTY,24654.7,24890.85,24689.9,24967.7,0.008,0.008,0.008,0.1536
2025-09-26,NIFTYNXT50,67144.95,68293.65,67308.2,68345.6,0.0114,0.0113,0.0114,0.2177
2025-09-29,BANKNIFTY,54461.0,54389.35,54550.2,54474.8,0.0091,0.0089,0.0091,0.1748
2025-09-29,FINNIFTY,26007.0,25985.25,26059.9,26027.4,0.0094,0.0091,0.0094,0.1795
2025-09-29,MIDCPNIFTY,12613.4,12563.35,12642.85,12584.7,0.0117,0.0121,0.0121,0.2321
2025-09-29,NIFTY,24634.9,24654.7,24685.0,24689.9,0.008,0.008,0.008,0.1532
2025-09-29,NIFTYNXT50,67835.1,67144.95,67802.0,67308.2,0.0114,0.0113,0.0114,0.2176
2025-09-30,BANKNIFTY,54635.85,54461.0,55012.2,54885.4,0.0091,0.0089,0.0091,0.1744
2025-09-30,FINNIFTY,26022.1,26007.0,26215.8,26226.9,0.0094,0.0091,0.0094,0.179
2025-09-30,MIDCPNIFTY,12599.25,12613.4,12665.65,12691.1,0.0117,0.0121,0.0121,0.2315
2025-09-30,NIFTY,24611.1,24634.9,24778.3,24809.2,0.008,0.0079,0.008,0.1528
2025-09-30,NIFTYNXT50,67845.15,67835.1,68271.4,68030.8,0.0114,0.0112,0.0114,0.217
2025-10-01,BANKNIFTY,55347.95,54635.85,55663.2,55012.2,0.00914997,0.0089127,0.00914997,0.17480991
2025-10-01,FINNIFTY,26382.2,26022.1,26519.1,26215.8,0.0093971,0.00911304,0.0093971,0.17953125
2025-10-01,MIDCPNIFTY,12698.15,12599.25,12776.7,12665.65,0.01163815,0.01210441,0.01210441,0.23125438
2025-10-01,NIFTY,24836.3,24611.1,24967.2,24778.3,0.00800406,0.00793119,0.00800406,0.15291737
2025-10-01,NIFTYNXT50,68087.3,67845.15,68473.6,68271.4,0.01133438,0.01121037,0.01133438,0.21654307
2025-10-03,BANKNIFTY,55589.25,55347.95,55854.2,55663.2,0.00913214,0.0088939,0.00913214,0.17446933
2025-10-03,FINNIFTY,26426.75,26382.2,26549.7,26519.1,0.00937458,0.00909073,0.00937458,0.17910103
2025-10-03,MIDCPNIFTY,12793.6,12698.15,12865.15,12776.7,0.01162124,0.0120841,0.0120841,0.23086633
2025-10-03,NIFTY,24894.25,24836.3,25006.6,24967.2,0.00798542,0.00791189,0.00798542,0.15256115
2025-10-03,NIFTYNXT50,68355.9,68087.3,68725.2,68473.6,0.01130952,0.01118521,0.01130952,0.216068
2025-10-06,BANKNIFTY,56104.85,55589.25,56297.8,55854.2,0.00913286,0.00888917,0.00913286,0.1744831
2025-10-06,FINNIFTY,26712.05,26426.75,26798.6,26549.7,0.00938174,0.00909187,0.00938174,0.17923797
2025-10-06,MIDCPNIFTY,12944.95,12793.6,13014.4,12865.15,0.0116218,0.0120816,0.0120816,0.23081864
2025-10-06,NIFTY,25077.65,24894.25,25185.4,25006.6,0.00798251,0.00790827,0.00798251,0.15250573
2025-10-06,NIFTYNXT50,68590.25,68355.9,68947.8,68725.2,0.01128402,0.0111596,0.01128402,0.21558082
2025-10-07,BANKNIFTY,56239.35,56104.85,56468.6,56297.8,0.00911162,0.00886966,0.00911162,0.17407725
2025-10-07,FINNIFTY,26777.3,26712.05,26890.2,26798.6,0.00936,0.00907221,0.00936,0.17882261
2025-10-07,MIDCPNIFTY,13014.5,12944.95,13080.65,13014.4,0.01159906,0.01205691,0.01205691,0.23034693
2025-10-07,NIFTY,25108.3,25077.65,25225.3,25185.4,0.00796297,0.00788922,0.00796297,0.15213229
2025-10-07,NIFTYNXT50,68671.2,68590.25,68983.2,68947.8,0.01125612,0.01113187,0.01125612,0.21504793
2025-10-08,BANKNIFTY,56018.25,56239.35,56218.0,56468.6,0.00909299,0.008853,0.00909299,0.17372135
2025-10-08,FINNIFTY,26656.4,26777.3,26750.9,26890.2,0.00934207,0.00905668,0.00934207,0.17848007
2025-10-08,MIDCPNIFTY,12910.65,13014.5,12951.35,13080.65,0.01158396,0.01204726,0.01204726,0.23016266
2025-10-08,NIFTY,25046.15,25108.3,25120.4,25225.3,0.00794504,0.007875,0.00794504,0.15178978
2025-10-08,NIFTYNXT50,68139.95,68671.2,68343.2,68983.2,0.01124136,0.01112361,0.01124136,0.21476579
2025-10-09,BANKNIFTY,56192.05,56018.25,56413.2,56218.0,0.00907274,0.00883449,0.00907274,0.17333442
2025-10-09,FINNIFTY,26724.3,26656.4,26833.5,26750.9,0.00932019,0.00903645,0.00932019,0.17806205
2025-10-09,MIDCPNIFTY,13034.55,12910.65,13100.75,12951.35,0.01157476,0.01204459,0.01204459,0.23011148
2025-10-09,NIFTY,25181.8,25046.15,25273.8,25120.4,0.00793412,0.00786735,0.00793412,0.15158117
2025-10-09,NIFTYNXT50,68520.25,68139.95,68778.0,68343.2,0.01122021,0.01110461,0.01122021,0.21436174
2025-10-10,BANKNIFTY,56609.75,56192.05,56862.2,56413.2,0.00906492,0.00883029,0.00906492,0.17318496
2025-10-10,FINNIFTY,26842.25,26724.3,26965.6,26833.5,0.00930229,0.00902066,0.00930229,0.17772002
2025-10-10,MIDCPNIFTY,13149.55,13034.55,13216.55,13100.75,0.01156269,0.01203046,0.01203046,0.22984155
2025-10-10,NIFTY,25285.35,25181.8,25411.0,25273.8,0.00791956,0.00785729,0.00791956,0.15130301
2025-10-10,NIFTYNXT50,68687.25,68520.25,68958.6,68778.0,0.01119331,0.01107826,0.01119331,0.21384788
2025-10-13,BANKNIFTY,56625.0,56609.75,56856.2,56862.2,0.0090421,0.00880796,0.0090421,0.17274901
2025-10-13,FINNIFTY,26885.25,26842.25,26993.4,26965.6,0.00927956,0.00899825,0.00927956,0.17728567
2025-10-13,MIDCPNIFTY,13186.95,13149.55,13238.8,13216.55,0.01153568,0.01200085,0.01200085,0.22927599
2025-10-13,NIFTY,25227.35,25285.35,25309.3,25411.0,0.00790144,0.00784294,0.00790144,0.15095682
2025-10-13,NIFTYNXT50,68569.65,68687.25,68815.0,68958.6,0.01116594,0.01105161,0.01116594,0.213325
2025-10-14,BANKNIFTY,56496.45,56625.0,56716.4,56856.2,0.00902092,0.00878763,0.00902092,0.17234447
2025-10-14,FINNIFTY,26828.3,26885.25,26925.2,26993.4,0.00925753,0.00897759,0.00925753,0.17686494
2025-10-14,MIDCPNIFTY,13035.1,13186.95,13074.1,13238.8,0.01153583,0.01200348,0.01200348,0.22932613
2025-10-14,NIFTY,25145.5,25227.35,25206.0,25309.3,0.00788484,0.00782854,0.00788484,0.1506396
2025-10-14,NIFTYNXT50,68207.85,68569.65,68388.0,68815.0,0.01114435,0.01103282,0.01114435,0.21291251
2025-10-15,BANKNIFTY,56799.9,56496.45,56987.2,56716.4,0.00900647,0.00877196,0.00900647,0.17206844
2025-10-15,FINNIFTY,27071.8,26828.3,27165.7,26925.2,0.00925633,0.00897733,0.00925633,0.17684198
2025-10-15,MIDCPNIFTY,13161.95,13035.1,13217.3,13074.1,0.01152751,0.01199804,0.01199804,0.22922221
2025-10-15,NIFTY,25323.55,25145.5,25424.8,25206.0,0.00788087,0.00783307,0.00788087,0.15056376
2025-10-15,NIFTYNXT50,69113.55,68207.85,69281.4,68388.0,0.01115567,0.01104326,0.01115567,0.21312883
2025-10-16,BANKNIFTY,57422.55,56799.9,57486.2,56987.2,0.00901714,0.00877185,0.00901714,0.17227212
2025-10-16,FINNIFTY,27381.2,27071.8,27409.4,27165.7,0.00926808,0.00897696,0.00926808,0.17706642
2025-10-16,MIDCPNIFTY,13260.85,13161.95,13321.8,13217.3,0.01151068,0.01198083,0.01198083,0.22889348
2025-10-16,NIFTY,25585.3,25323.55,25656.1,25424.8,0.00789482,0.00783985,0.00789482,0.15083031
2025-10-16,NIFTYNXT50,69453.2,69113.55,69583.8,69281.4,0.01113319,0.01101976,0.01113319,0.21269929
2025-10-17,BANKNIFTY,57713.35,57422.55,57757.2,57486.2,0.00900172,0.00875647,0.00900172,0.1719777
2025-10-17,FINNIFTY,27538.6,27381.2,27559.3,27409.4,0.00925391,0.00896302,0.00925391,0.17679563
2025-10-17,MIDCPNIFTY,13160.8,13260.85,13189.85,13321.8,0.01149453,0.01197154,0.01197154,0.22871592
2025-10-17,NIFTY,25709.85,25585.3,25757.8,25656.1,0.00788266,0.00782502,0.00788266,0.15059793
2025-10-17,NIFTYNXT50,69356.05,69453.2,69378.8,69583.8,0.01110586,0.01099438,0.01110586,0.21217709
2025-10-20,BANKNIFTY,58033.2,57713.35,58099.6,57757.2,0.00898763,0.00874479,0.00898763,0.17170852
2025-10-20,FINNIFTY,27505.5,27538.6,27550.2,27559.3,0.00923088,0.00894085,0.00923088,0.17635565
2025-10-20,MIDCPNIFTY,13232.9,13160.8,13258.0,13189.85,0.01147208,0.01194723,0.01194723,0.22825142
2025-10-20,NIFTY,25843.15,25709.85,25915.1,25757.8,0.00787166,0.00781724,0.00787166,0.15038784
2025-10-20,NIFTYNXT50,69450.35,69356.05,69494.0,69378.8,0.01107847,0.01096765,0.01107847,0.2116539
2025-10-21,BANKNIFTY,58007.2,58033.2,57960.0,58099.6,0.00896533,0.00872448,0.00896533,0.17128235
2025-10-21,FINNIFTY,27536.85,27505.5,27517.1,27550.2,0.00920817,0.00891894,0.00920817,0.17592189
2025-10-21,MIDCPNIFTY,13231.75,13232.9,13233.6,13258.0,0.01144343,0.01191819,0.01191819,0.22769671
2025-10-21,NIFTY,25868.6,25843.15,25906.3,25915.1,0.00785207,0.00779776,0.00785207,0.15001364
2025-10-21,NIFTYNXT50,69519.65,69450.35,69505.0,69494.0,0.01105085,0.01094023,0.01105085,0.21112623
2025-10-23,BANKNIFTY,58078.05,58007.2,58090.6,57960.0,0.00894346,0.00870429,0.00894346,0.17086464
2025-10-23,FINNIFTY,27556.65,27536.85,27587.2,27517.1,0.00918524,0.00889857,0.00918524,0.17548376
2025-10-23,MIDCPNIFTY,13204.55,13231.75,13226.45,13233.6,0.01141562,0.01188828,0.01188828,0.22712532
2025-10-23,NIFTY,25891.4,25868.6,25976.9,25906.3,0.00783298,0.00778094,0.00783298,0.14964888
2025-10-23,NIFTYNXT50,69434.35,69519.65,69388.4,69505.0,0.01102347,0.01091355,0.01102347,0.21060314
2025-10-24,BANKNIFTY,57699.6,58078.05,57703.2,58090.6,0.00893329,0.00869512,0.00893329,0.17067035
2025-10-24,FINNIFTY,27395.3,27556.65,27400.6,27587.2,0.00917173,0.00888901,0.00917173,0.1752256
2025-10-24,MIDCPNIFTY,13164.85,13204.55,13168.35,13226.45,0.01138919,0.01186256,0.01186256,0.22663383
2025-10-24,NIFTY,25795.15,25891.4,25814.8,25976.9,0.00781809,0.00777388,0.00781809,0.14936443
2025-10-24,NIFTYNXT50,69355.9,69434.35,69273.2,69388.4,0.01099631,0.01088707,0.01099631,0.21008417
2025-10-27,BANKNIFTY,58114.25,57699.6,58183.2,57703.2,0.0089251,0.00869339,0.0089251,0.17051376
2025-10-27,FINNIFTY,27519.0,27395.3,27568.6,27400.6,0.00915428,0.00887704,0.00915428,0.17489232
2025-10-27,MIDCPNIFTY,13345.3,13164.85,13367.75,13168.35,0.01140123,0.01188048,0.01188048,0.22697619
2025-10-27,NIFTY,25966.05,25795.15,26013.5,25814.8,0.00781233,0.00777315,0.00781233,0.14925426
2025-10-27,NIFTYNXT50,69612.2,69355.9,69571.0,69273.2,0.01097194,0.01086413,0.01097194,0.20961859
2025-10-28,BANKNIFTY,58214.1,58114.25,58518.6,58501.6,0.00890373,0.00867194,0.00890373,0.17010555
2025-10-28,FINNIFTY,27453.95,27519.0,27577.8,27678.0,0.00913285,0.00885843,0.00913285,0.17448291
2025-10-28,MIDCPNIFTY,13366.2,13345.3,13436.45,13415.75,0.01137331,0.01185142,0.01185142,0.22642104
2025-10-28,NIFTY,25936.2,25966.05,26090.1,26168.4,0.00779304,0.00775647,0.00779304,0.14888581
2025-10-28,NIFTYNXT50,69258.25,69612.2,69519.8,69889.6,0.01095025,0.01084346,0.01095025,0.20920428
2025-10-29,BANKNIFTY,58385.25,58214.1,58766.0,58518.6,0.00888407,0.00865523,0.00888407,0.16972991
2025-10-29,FINNIFTY,27587.65,27453.95,27760.5,27577.8,0.00911652,0.00884848,0.00911652,0.17417089
2025-10-29,MIDCPNIFTY,13430.75,13366.2,13513.35,13436.45,0.01134986,0.0118288,0.0118288,0.22598894
2025-10-29,NIFTY,26053.9,25936.2,26238.7,26090.1,0.00778003,0.00774729,0.00778003,0.14863725
2025-10-29,NIFTYNXT50,70238.45,69258.25,70557.0,69519.8,0.01096804,0.01086686,0.01096804,0.20954417
2025-10-30,BANKNIFTY,58031.1,58385.25,58425.6,58766.0,0.00887245,0.00864316,0.00887245,0.16950799
2025-10-30,FINNIFTY,27376.0,27587.65,27552.5,27760.5,0.00910994,0.00884259,0.00910994,0.17404517
2025-10-30,MIDCPNIFTY,13467.65,13430.75,13518.4,13513.35,0.01132314,0.0117992,0.0117992,0.22542338
2025-10-30,NIFTY,25877.85,26053.9,26031.6,26238.7,0.00777542,0.00774815,0.00777542,0.14854924
2025-10-30,NIFTYNXT50,70082.55,70238.45,70270.6,70557.0,0.01094181,0.01084354,0.01094181,0.20904297
2025-10-31,BANKNIFTY,57776.35,58031.1,58184.6,58425.6,0.00885569,0.00862623,0.00885569,0.16918765
2025-10-31,FINNIFTY,27138.85,27376.0,27331.0,27552.5,0.00910788,0.00883882,0.00910788,0.17400587
2025-10-31,MIDCPNIFTY,13467.85,13467.65,13518.5,13518.4,0.01129464,0.01176962,0.01176962,0.22485823
2025-10-31,NIFTY,25722.1,25877.85,25905.5,26031.6,0.00776788,0.00773613,0.00776788,0.14840509
2025-10-31,NIFTYNXT50,69824.75,70082.55,70146.6,70270.6,0.01091739,0.01081701,0.01091739,0.20857636
2025-11-03,BANKNIFTY,58101.45,57776.35,58404.4,58184.6,0.00884225,0.00860866,0.00884225,0.16893088
2025-11-03,FINNIFTY,27306.15,27138.85,27437.0,27331.0,0.00909528,0.00882068,0.00909528,0.17376506
2025-11-03,MIDCPNIFTY,13589.05,13467.85,13647.35,13518.5,0.01128421,0.01175914,0.01175914,0.22465803
2025-11-03,NIFTY,25763.35,25722.1,25898.9,25905.5,0.00774927,0.00771693,0.00774927,0.14804954
2025-11-03,NIFTYNXT50,70483.3,69824.75,70801.2,70146.6,0.0109103,0.01081001,0.0109103,0.208441
2025-11-04,BANKNIFTY,57827.05,58101.45,58117.8,58404.4,0.00882673,0.00859421,0.00882673,0.16863437
2025-11-04,FINNIFTY,27195.8,27306.15,27327.2,27437.0,0.0090768,0.00880292,0.0090768,0.17341212
2025-11-04,MIDCPNIFTY,13506.0,13589.05,13518.9,13647.35,0.01126416,0.01174886,0.01174886,0.22446168
2025-11-04,NIFTY,25597.65,25763.35,25708.3,25898.9,0.00774325,0.00771525,0.00774325,0.14793458
2025-11-04,NIFTYNXT50,70168.8,70483.3,70321.8,70801.2,0.01088737,0.01079382,0.01088737,0.20800293
2025-11-06,BANKNIFTY,57554.25,57827.05,57886.8,58117.8,0.00881092,0.0085773,0.00881092,0.16833233
2025-11-06,FINNIFTY,27033.1,27195.8,27183.1,27327.2,0.00906411,0.00878876,0.00906411,0.17316957
2025-11-06,MIDCPNIFTY,13375.25,13506.0,13412.3,13518.9,0.01125694,0.01173299,0.01173299,0.22415854
2025-11-06,NIFTY,25509.7,25597.65,25627.2,25708.3,0.00772783,0.0076995,0.00772783,0.14764007
2025-11-06,NIFTYNXT50,69299.55,70168.8,69474.4,70321.8,0.01089561,0.01080103,0.01089561,0.2081603
2025-11-07,BANKNIFTY,57876.8,57554.25,58181.6,57886.8,0.00879761,0.00856336,0.00879761,0.16807818
2025-11-07,FINNIFTY,27238.75,27033.1,27382.0,27183.1,0.00905739,0.00878177,0.00905739,0.17304125
2025-11-07,MIDCPNIFTY,13446.75,13375.25,13472.0,13412.3,0.01123515,0.0117077,0.0117077,0.22367536
2025-11-07,NIFTY,25492.3,25509.7,25589.2,25627.2,0.00770868,0.00768079,0.00770868,0.1472741
2025-11-07,NIFTYNXT50,69366.15,69299.55,69558.8,69474.4,0.01086835,0.01077423,0.01086835,0.20763956
2025-11-10,BANKNIFTY,57937.55,57876.8,58252.2,58181.6,0.00877602,0.00854229,0.00877602,0.1676656
2025-11-10,FINNIFTY,27305.05,27238.75,27446.1,27382.0,0.00903656,0.00876138,0.00903656,0.17264317
2025-11-10,MIDCPNIFTY,13527.4,13446.75,13588.65,13472.0,0.01121506,0.01169428,0.01169428,0.223419
2025-11-10,NIFTY,25574.35,25492.3,25694.5,25589.2,0.0076925,0.00766677,0.0076925,0.14696498
2025-11-10,NIFTYNXT50,69629.2,69366.15,69873.6,69558.8,0.0108444,0.01075182,0.0108444,0.20718199
2025-11-11,BANKNIFTY,58138.15,57937.55,58370.8,58252.2,0.00875755,0.00852208,0.00875755,0.1673127
2025-11-11,FINNIFTY,27279.3,27305.05,27385.7,27446.1,0.00901422,0.00874074,0.00901422,0.17221642
2025-11-11,MIDCPNIFTY,13681.2,13527.4,13739.85,13588.65,0.01121562,0.01169138,0.01169138,0.22336355
2025-11-11,NIFTY,25694.95,25574.35,25811.4,25694.5,0.00768016,0.00765435,0.00768016,0.1467292
2025-11-11,NIFTYNXT50,69725.1,69629.2,69945.0,69873.6,0.01081765,0.01072507,0.01081765,0.20667084
2025-11-12,BANKNIFTY,58274.65,58138.15,58523.2,58370.8,0.00873694,0.00850299,0.00873694,0.16691892
2025-11-12,FINNIFTY,27337.35,27279.3,27459.5,27385.7,0.00899312,0.00872091,0.00899312,0.17181341
2025-11-12,MIDCPNIFTY,13855.4,13681.2,13940.9,13739.85,0.01122326,0.01170733,0.01170733,0.22366829
2025-11-12,NIFTY,25875.8,25694.95,25986.1,25811.4,0.00767666,0.00765013,0.00767666,0.14666232
2025-11-12,NIFTYNXT50,69807.95,69725.1,70009.2,69945.0,0.01079083,0.01069855,0.01079083,0.20615846
2025-11-13,BANKNIFTY,58381.95,58274.65,58535.0,58523.2,0.00871581,0.00848167,0.00871581,0.16651524
2025-11-13,FINNIFTY,27396.15,27337.35,27476.0,27459.5,0.00897211,0.00869894,0.00897211,0.17141184
2025-11-13,MIDCPNIFTY,13826.6,13855.4,13867.85,13940.9,0.01119606,0.01168387,0.01168387,0.22321993
2025-11-13,NIFTY,25879.15,25875.8,25953.8,25986.1,0.00765738,0.00763119,0.00765738,0.146294
2025-11-13,NIFTYNXT50,69851.65,69807.95,69970.4,70009.2,0.01076382,0.01067189,0.01076382,0.20564244
2025-11-14,BANKNIFTY,58517.55,58381.95,58644.4,58535.0,0.00869581,0.00846154,0.00869581,0.16613316
2025-11-14,FINNIFTY,27491.85,27396.15,27546.2,27476.0,0.00895312,0.00867895,0.00895312,0.17104906
2025-11-14,MIDCPNIFTY,13865.25,13826.6,13933.8,13867.85,0.0111697,0.01165933,0.01165933,0.2227512
2025-11-14,NIFTY,25910.05,25879.15,25951.4,25953.8,0.00763897,0.00761241,0.00763897,0.14594239
2025-11-14,NIFTYNXT50,69786.85,69851.65,69935.2,69970.4,0.01073709,0.01064527,0.01073709,0.20513173
2025-11-17,BANKNIFTY,58962.7,58517.55,59027.4,58644.4,0.00869075,0.00845304,0.00869075,0.16603646
2025-11-17,FINNIFTY,27646.2,27491.85,27683.8,27546.2,0.00893957,0.00866415,0.00893957,0.17079026
2025-11-17,MIDCPNIFTY,13997.45,13865.25,14044.5,13933.8,0.01116183,0.0116436,0.0116436,0.22245065
2025-11-17,NIFTY,26013.45,25910.05,26060.1,25951.4,0.0076248,0.00759918,0.0076248,0.14567158
2025-11-17,NIFTYNXT50,70154.1,69786.85,70288.4,69935.2,0.01071687,0.01062451,0.01071687,0.2047455
2025-11-18,BANKNIFTY,58899.25,58962.7,58974.6,59027.4,0.00866938,0.00843189,0.00866938,0.16562827
2025-11-18,FINNIFTY,27546.75,27646.2,27589.2,27683.8,0.00892106,0.008646,0.00892106,0.17043664
2025-11-18,MIDCPNIFTY,13917.25,13997.45,13949.05,14044.5,0.01114146,0.01162431,0.01162431,0.22208221
2025-11-18,NIFTY,25910.05,26013.45,25948.8,26060.1,0.00761108,0.00758636,0.00761108,0.14540957
2025-11-18,NIFTYNXT50,69643.5,70154.1,69679.2,70288.4,0.01070246,0.01061577,0.01070246,0.20447013
2025-11-19,BANKNIFTY,59216.05,58899.25,59227.4,58974.6,0.0086561,0.00841641,0.0086561,0.16537457
2025-11-19,FINNIFTY,27643.7,27546.75,27662.4,27589.2,0.00890246,0.0086262,0.00890246,0.17008123
2025-11-19,MIDCPNIFTY,14000.6,13917.25,14025.65,13949.05,0.01112149,0.01160148,0.01160148,0.22164598
2025-11-19,NIFTY,26052.65,25910.05,26071.0,25948.8,0.00760204,0.00757447,0.00760204,0.14523672
2025-11-19,NIFTYNXT50,69635.85,69643.5,69658.8,69679.2,0.01067555,0.010589,0.01067555,0.20395609
2025-11-20,BANKNIFTY,59347.7,59216.05,59399.0,59227.4,0.00863597,0.00839807,0.00863597,0.16499001
2025-11-20,FINNIFTY,27861.35,27643.7,27885.6,27662.4,0.00889726,0.00862327,0.00889726,0.16998196
2025-11-20,MIDCPNIFTY,13992.2,14000.6,14007.25,14025.65,0.01109384,0.01157263,0.01157263,0.2210947
2025-11-20,NIFTY,26192.15,26052.65,26220.8,26071.0,0.00759234,0.00756619,0.00759234,0.14505147
2025-11-20,NIFTYNXT50,69567.75,69635.85,69623.4,69658.8,0.01064918,0.0105627,0.01064918,0.20345221
2025-11-21,BANKNIFTY,58867.7,59347.7,58869.0,59399.0,0.00863347,0.00840113,0.00863347,0.16494225
2025-11-21,FINNIFTY,27566.15,27861.35,27587.6,27885.6,0.00890682,0.00863512,0.00890682,0.17016463
2025-11-21,MIDCPNIFTY,13851.35,13992.2,13848.6,14007.25,0.01108902,0.01157191,0.01157191,0.22108104
2025-11-21,NIFTY,26068.15,26192.15,26077.5,26220.8,0.00758053,0.00755737,0.00758053,0.14482578
2025-11-21,NIFTYNXT50,68669.15,69567.75,68722.0,69623.4,0.01066199,0.01057645,0.01066199,0.20369713
2025-11-24,BANKNIFTY,58835.35,58867.7,58871.8,58869.0,0.00861213,0.00838016,0.00861213,0.16453454
2025-11-24,FINNIFTY,27498.65,27566.15,27525.9,27587.6,0.00888614,0.00861523,0.00888614,0.16976938
2025-11-24,MIDCPNIFTY,13738.5,13851.35,13754.55,13848.6,0.01107654,0.01155304,0.01155304,0.22072044
2025-11-24,NIFTY,25959.5,26068.15,25996.4,26077.5,0.00756703,0.00754142,0.00756703,0.14456788
2025-11-24,NIFTYNXT50,67997.45,68669.15,68116.2,68722.0,0.01065808,0.01056848,0.01065808,0.20362239
2025-11-25,BANKNIFTY,58820.3,58835.35,59139.6,59244.8,0.00859066,0.0083603,0.00859066,0.16412437
2025-11-25,FINNIFTY,27409.4,27498.65,27551.2,27668.8,0.00886668,0.00859881,0.00886668,0.16939771
2025-11-25,MIDCPNIFTY,13806.7,13738.5,13900.0,13840.3,0.01105437,0.01152802,0.01152802,0.22024254
2025-11-25,NIFTY,25884.8,25959.5,26055.4,26170.7,0.00755084,0.00752882,0.00755084,0.14425864
2025-11-25,NIFTYNXT50,68172.45,67997.45,68579.4,68375.8,0.01063274,0.01054399,0.01063274,0.20313814
2025-11-26,BANKNIFTY,59528.05,58820.3,59817.2,59139.6,0.00861082,0.00837792,0.00861082,0.16450955
2025-11-26,FINNIFTY,27799.5,27409.4,27946.0,27551.2,0.00890087,0.00863611,0.00890087,0.17005086
2025-11-26,MIDCPNIFTY,14009.3,13806.7,14114.9,13900.0,0.01107475,0.01155043,0.01155043,0.22067063
2025-11-26,NIFTY,26205.3,25884.8,26381.2,26055.4,0.00758235,0.007561,0.00758235,0.14486063
2025-11-26,NIFTYNXT50,69189.4,68172.45,69589.2,68579.4,0.01065791,0.01056846,0.01065791,0.20361901
2025-11-27,BANKNIFTY,59737.3,59528.05,60031.8,59817.2,0.00859307,0.00836081,0.00859307,0.16417033
2025-11-27,FINNIFTY,27946.2,27799.5,28099.8,27946.0,0.00888664,0.00862309,0.00888664,0.169779
2025-11-27,MIDCPNIFTY,14075.9,14009.3,14159.8,14114.9,0.01105211,0.0115236,0.0115236,0.22015809
2025-11-27,NIFTY,26215.55,26205.3,26390.9,26381.2,0.00756329,0.0075422,0.00756329,0.1444964
2025-11-27,NIFTYNXT50,69069.8,69189.4,69510.6,69589.2,0.01063189,0.0105422,0.01063189,0.20312191
2025-11-28,BANKNIFTY,59752.7,59737.3,60068.2,60031.8,0.00857153,0.0083398,0.00857153,0.16375886
2025-11-28,FINNIFTY,27890.25,27946.2,28053.1,28099.8,0.0088654,0.00860244,0.0088654,0.16937314
2025-11-28,MIDCPNIFTY,14043.7,14075.9,14125.35,14159.8,0.01102567,0.0114959,0.0114959,0.21962886
2025-11-28,NIFTY,26202.95,26215.55,26387.4,26390.9,0.00754421,0.00752301,0.00754421,0.14413199
2025-11-28,NIFTYNXT50,69137.45,69069.8,69537.2,69510.6,0.01060564,0.01051594,0.01060564,0.20262046
2025-12-01,BANKNIFTY,59681.35,59752.7,59914.0,60068.2,0.00855043,0.00832077,0.00855043,0.16335566
2025-12-01,FINNIFTY,27814.5,27890.25,27940.1,28053.1,0.00884556,0.00858554,0.00884556,0.16899424
2025-12-01,MIDCPNIFTY,14046.45,14043.7,14111.85,14125.35,0.01099829,0.01146751,0.01146751,0.21908646
2025-12-01,NIFTY,26175.75,26202.95,26334.7,26387.4,0.00752601,0.0075058,0.00752601,0.14378418
2025-12-01,NIFTYNXT50,69220.6,69137.45,69533.6,69537.2,0.01057945,0.01048986,0.01057945,0.20212016
2025-12-02,BANKNIFTY,59273.8,59681.35,59665.4,59914.0,0.00854279,0.00830543,0.00854279,0.16320972
2025-12-02,FINNIFTY,27565.25,27814.5,27763.2,27940.1,0.00884613,0.00857573,0.00884613,0.16900499
2025-12-02,MIDCPNIFTY,13990.5,14046.45,14032.75,14111.85,0.01097428,0.01144554,0.01144554,0.21866681
2025-12-02,NIFTY,26032.2,26175.75,26213.0,26334.7,0.00751718,0.00749437,0.00751718,0.14361553
2025-12-02,NIFTYNXT50,69154.45,69220.6,69477.2,69533.6,0.01055296,0.01046389,0.01055296,0.20161402
2025-12-03,BANKNIFTY,59348.25,59273.8,59737.0,59665.4,0.00852191,0.00828506,0.00852191,0.16281089
2025-12-03,FINNIFTY,27629.6,27565.25,27813.6,27763.2,0.0088253,0.00855504,0.0088253,0.16860714
2025-12-03,MIDCPNIFTY,13844.0,13990.5,13900.05,14032.75,0.01097187,0.01143662,0.01143662,0.21849641
2025-12-03,NIFTY,25986.0,26032.2,26136.2,26213.0,0.00749955,0.00747878,0.00749955,0.14327867
2025-12-03,NIFTYNXT50,68400.85,69154.45,68673.8,69477.2,0.01055479,0.01046991,0.01055479,0.20164889
2025-12-04,BANKNIFTY,59288.7,59348.25,59643.2,59737.0,0.0085007,0.00826493,0.0085007,0.16240569
2025-12-04,FINNIFTY,27611.45,27629.6,27785.4,27813.6,0.00880356,0.008534,0.00880356,0.16819182
2025-12-04,MIDCPNIFTY,13875.2,13844.0,13922.4,13900.05,0.01094548,0.01140872,0.01140872,0.2179633
2025-12-04,NIFTY,26033.75,25986.0,26186.5,26136.2,0.00748169,0.00746115,0.00748169,0.14293744
2025-12-04,NIFTYNXT50,68560.8,68400.85,68869.0,68673.8,0.0105295,0.01044568,0.0105295,0.20116573
2025-12-05,BANKNIFTY,59777.2,59288.7,60055.6,59643.2,0.00849914,0.00825868,0.00849914,0.16237582
2025-12-05,FINNIFTY,27881.9,27611.45,28015.6,27785.4,0.00880838,0.00853266,0.00880838,0.16828384
2025-12-05,MIDCPNIFTY,13998.5,13875.2,14053.85,13922.4,0.01093583,0.01139959,0.01139959,0.21778894
2025-12-05,NIFTY,26186.45,26033.75,26333.2,26186.5,0.0074747,0.00745303,0.0074747,0.14280391
2025-12-05,NIFTYNXT50,68709.85,68560.8,68980.4,68869.0,0.01050425,0.01042005,0.01050425,0.20068338
2025-12-08,BANKNIFTY,59238.55,59777.2,59553.0,60055.6,0.00850226,0.00825967,0.00850226,0.16243551
2025-12-08,FINNIFTY,27687.15,27881.9,27827.6,28015.6,0.00880044,0.00852482,0.00880044,0.16813213
2025-12-08,MIDCPNIFTY,13764.7,13998.5,13794.65,14053.85,0.01097317,0.01144696,0.01144696,0.2186939
2025-12-08,NIFTY,25960.55,26186.45,26064.7,26333.2,0.00748104,0.00746977,0.00748104,0.14292509
2025-12-08,NIFTYNXT50,67302.5,68709.85,67543.4,68980.4,0.01057969,0.01050014,0.01057969,0.20212461
2025-12-09,BANKNIFTY,59222.35,59238.55,59528.4,59553.0,0.00848109,0.00823892,0.00848109,0.16203104
2025-12-09,FINNIFTY,27549.75,27687.15,27703.1,27827.6,0.00878558,0.00850924,0.00878558,0.16784836
2025-12-09,MIDCPNIFTY,13741.35,13764.7,13787.35,13794.65,0.01094634,0.01141824,0.01141824,0.21814521
2025-12-09,NIFTY,25839.65,25960.55,25960.2,26064.7,0.00746988,0.00745665,0.00746988,0.14271185
2025-12-09,NIFTYNXT50,67704.45,67302.5,67960.0,67543.4,0.01056161,0.01048274,0.01056161,0.2017793
2025-12-10,BANKNIFTY,58960.4,59222.35,59246.4,59528.4,0.00846573,0.00822517,0.00846573,0.16173757
2025-12-10,FINNIFTY,27404.3,27549.75,27554.6,27703.1,0.00877178,0.00849661,0.00877178,0.16758466
2025-12-10,MIDCPNIFTY,13534.35,13741.35,13573.7,13787.35,0.01097146,0.01144323,0.01144323,0.21862269
2025-12-10,NIFTY,25758.0,25839.65,25863.9,25960.2,0.0074546,0.00744252,0.0074546,0.14241996
2025-12-10,NIFTYNXT50,67572.4,67704.45,67708.2,67960.0,0.01053619,0.0104599,0.01053619,0.20129363
2025-12-11,BANKNIFTY,59209.85,58960.4,59496.2,59246.4,0.0084499,0.00820977,0.0084499,0.16143507
2025-12-11,FINNIFTY,27561.9,27404.3,27695.5,27554.6,0.00875898,0.00848287,0.00875898,0.16734007
2025-12-11,MIDCPNIFTY,13728.05,13534.35,13765.05,13573.7,0.0109899,0.01145753,0.01145753,0.21889586
2025-12-11,NIFTY,25898.55,25758.0,26009.5,25863.9,0.00744582,0.00743442,0.00744582,0.14225216
2025-12-11,NIFTYNXT50,67939.5,67572.4,68162.2,67708.2,0.01051674,0.01044444,0.01051674,0.20092195
2025-12-12,BANKNIFTY,59389.95,59209.85,59657.8,59496.2,0.00843144,0.00819145,0.00843144,0.16108237
2025-12-12,FINNIFTY,27672.6,27561.9,27806.2,27695.5,0.00874167,0.00846639,0.00874167,0.16700931
2025-12-12,MIDCPNIFTY,13908.25,13728.05,13974.8,13765.05,0.0110012,0.01147899,0.01147899,0.21930572
2025-12-12,NIFTY,26046.95,25898.55,26145.4,26009.5,0.00743815,0.00742492,0.00743815,0.1421056
2025-12-12,NIFTYNXT50,68509.7,67939.5,68687.8,68162.2,0.01050696,0.01043262,0.01050696,0.20073523
2025-12-15,BANKNIFTY,59461.8,59389.95,59678.0,59657.8,0.00841082,0.00817099,0.00841082,0.16068845
2025-12-15,FINNIFTY,27603.15,27672.6,27725.4,27806.2,0.00872178,0.00844772,0.00872178,0.1666294
2025-12-15,MIDCPNIFTY,13862.6,13908.25,13907.75,13974.8,0.01097629,0.01145543,0.01145543,0.21885562
2025-12-15,NIFTY,26027.3,26046.95,26108.7,26145.4,0.00741999,0.00740704,0.00741999,0.14175864
2025-12-15,NIFTYNXT50,68622.45,68509.7,68780.6,68687.8,0.01048148,0.01040696,0.01048148,0.20024848
2025-12-16,BANKNIFTY,59034.6,59461.8,59287.8,59678.0,0.00840513,0.00816403,0.00840513,0.16057983
2025-12-16,FINNIFTY,27385.55,27603.15,27505.1,27725.4,0.00871796,0.0084452,0.00871796,0.1665564
2025-12-16,MIDCPNIFTY,13748.0,13862.6,13776.85,13907.75,0.01096459,0.01144644,0.01144644,0.21868393
2025-12-16,NIFTY,25860.1,26027.3,25940.7,26108.7,0.00741568,0.0074023,0.00741568,0.14167645
2025-12-16,NIFTYNXT50,68337.2,68622.45,68492.0,68780.6,0.01045932,0.01038494,0.01045932,0.1998251
2025-12-17,BANKNIFTY,58926.75,59034.6,59146.8,59287.8,0.00838531,0.00814525,0.00838531,0.16020117
2025-12-17,FINNIFTY,27251.95,27385.55,27375.7,27505.1,0.00870285,0.00843057,0.00870285,0.1662677
2025-12-17,MIDCPNIFTY,13652.3,13748.0,13686.05,13776.85,0.01094819,0.01142732,0.01142732,0.21831855
2025-12-17,NIFTY,25818.55,25860.1,25897.8,25940.7,0.00739784,0.00738443,0.00739784,0.14133546
2025-12-17,NIFTYNXT50,68076.85,68337.2,68220.0,68492.0,0.01043675,0.01036291,0.01043675,0.19939392
2025-12-18,BANKNIFTY,58912.85,58926.75,59074.2,59146.8,0.00836413,0.00812563,0.00836413,0.15979655
2025-12-18,FINNIFTY,27267.1,27251.95,27368.5,27375.7,0.00868118,0.00840922,0.00868118,0.16585367
2025-12-18,MIDCPNIFTY,13745.15,13652.3,13777.4,13686.05,0.01093117,0.01140826,0.01140826,0.21795449
2025-12-18,NIFTY,25815.55,25818.55,25880.6,25897.8,0.00737946,0.00736611,0.00737946,0.14098437
2025-12-18,NIFTYNXT50,67830.25,68076.85,67881.0,68220.0,0.01041399,0.01034298,0.01041399,0.19895901
2025-12-19,BANKNIFTY,59069.2,58912.85,59231.4,59074.2,0.00834538,0.00810772,0.00834538,0.15943821
2025-12-19,FINNIFTY,27378.6,27267.1,27468.5,27368.5,0.00866409,0.00839184,0.00866409,0.16552722
2025-12-19,MIDCPNIFTY,13862.35,13745.15,13882.7,13777.4,0.0109203,0.0113925,0.0113925,0.21765345
2025-12-19,NIFTY,25966.4,25815.55,26030.0,25880.6,0.00737275,0.00735896,0.00737275,0.14085618
2025-12-19,NIFTYNXT50,68378.65,67830.25,68437.4,67881.0,0.01040346,0.01033336,0.01040346,0.1987578
2025-12-22,BANKNIFTY,59304.0,59069.2,59435.0,59231.4,0.00832949,0.00809136,0.00832949,0.15913472
2025-12-22,FINNIFTY,27479.85,27378.6,27543.6,27468.5,0.00864655,0.00837288,0.00864655,0.16519205
2025-12-22,MIDCPNIFTY,13971.65,13862.35,13992.0,13882.7,0.01090698,0.01137755,0.01137755,0.21736771
2025-12-22,NIFTY,26172.4,25966.4,26197.9,26030.0,0.00737566,0.00735431,0.00737566,0.14091185
2025-12-22,NIFTYNXT50,68842.75,68378.65,68880.8,68437.4,0.01038834,0.01031769,0.01038834,0.19846897
2025-12-23,BANKNIFTY,59299.55,59304.0,59407.6,59435.0,0.00830862,0.00807117,0.00830862,0.15873592
2025-12-23,FINNIFTY,27584.55,27479.85,27633.1,27543.6,0.00862893,0.00835536,0.00862893,0.16485556
2025-12-23,MIDCPNIFTY,13946.35,13971.65,13963.75,13992.0,0.01088033,0.01135003,0.01135003,0.21684201
2025-12-23,NIFTY,26177.15,26172.4,26206.9,26197.9,0.00735718,0.00733622,0.00735718,0.14055881
2025-12-23,NIFTYNXT50,69096.3,68842.75,69063.2,68880.8,0.01036571,0.01029333,0.01036571,0.19803664
2025-12-24,BANKNIFTY,59183.6,59299.55,59253.0,59407.6,0.00828879,0.00805284,0.00828879,0.15835707
2025-12-24,FINNIFTY,27565.5,27584.55,27583.6,27633.1,0.00860756,0.00833529,0.00860756,0.1644472
2025-12-24,MIDCPNIFTY,13813.1,13946.35,13803.7,13963.75,0.01087423,0.01135079,0.01135079,0.21685649
2025-12-24,NIFTY,26142.1,26177.15,26173.1,26206.9,0.0073395,0.00731842,0.0073395,0.14022104
2025-12-24,NIFTYNXT50,68957.25,69096.3,68957.0,69063.2,0.01034084,0.01026801,0.01034084,0.19756153
2025-12-26,BANKNIFTY,59011.35,59183.6,59065.8,59253.0,0.00827037,0.00803591,0.00827037,0.15800515
2025-12-26,FINNIFTY,27430.75,27565.5,27449.2,27583.6,0.008593,0.00832177,0.008593,0.164169
2025-12-26,MIDCPNIFTY,13722.85,13813.1,13732.25,13803.7,0.01085696,0.0113283,0.0113283,0.21642693
2025-12-26,NIFTY,26042.3,26142.1,26060.2,26173.1,0.00732624,0.00730655,0.00732624,0.13996763
2025-12-26,NIFTYNXT50,68961.05,68957.25,69023.8,68957.0,0.01031481,0.01024244,0.01031481,0.19706422
2025-12-29,BANKNIFTY,58932.35,59011.35,58947.2,59065.8,0.00825027,0.00801731,0.00825027,0.15762121
2025-12-29,FINNIFTY,27363.5,27430.75,27380.0,27449.2,0.00857327,0.00830275,0.00857327,0.16379206
2025-12-29,MIDCPNIFTY,13651.45,13722.85,13660.3,13732.25,0.0108359,0.01130603,0.01130603,0.21600142
2025-12-29,NIFTY,25942.1,26042.3,25957.2,26060.2,0.00731273,0.00729393,0.00731273,0.13970943
2025-12-29,NIFTYNXT50,68638.75,68961.05,68554.8,69023.8,0.01029455,0.01022829,0.01029455,0.19667707
2025-12-30,BANKNIFTY,59171.25,58932.35,59586.2,59342.4,0.00823477,0.00800267,0.00823477,0.15732512
2025-12-30,FINNIFTY,27382.8,27363.5,27594.4,27543.4,0.0085519,0.00828326,0.0085519,0.16338381
2025-12-30,MIDCPNIFTY,13601.4,13651.45,13671.5,13698.35,0.01081205,0.01127875,0.01127875,0.21548013
2025-12-30,NIFTY,25938.85,25942.1,26118.8,26121.3,0.0072947,0.00727558,0.0072947,0.13936509
2025-12-30,NIFTYNXT50,68667.75,68638.75,69066.8,68936.6,0.01026893,0.01020366,0.01026893,0.1961877
2025-12-31,BANKNIFTY,59581.85,59171.25,59883.6,59586.2,0.00822861,0.00799023,0.00822861,0.15720741
2025-12-31,FINNIFTY,27613.3,27382.8,27763.6,27594.4,0.00855077,0.00827368,0.00855077,0.16336224
2025-12-31,MIDCPNIFTY,13777.25,13601.4,13841.3,13671.5,0.01082315,0.01128431,0.01128431,0.21558653
2025-12-31,NIFTY,26129.6,25938.85,26296.3,26118.8,0.00729468,0.00727287,0.00729468,0.13936468
2025-12-31,NIFTYNXT50,69364.5,68667.75,69597.6,69066.8,0.01026803,0.01019228,0.01026803,0.19617035
2026-01-01,BANKNIFTY,59711.55,59581.85,59955.6,59883.6,0.00820945,0.00797045,0.00820945,0.15684135
2026-01-01,FINNIFTY,27666.8,27613.3,27798.3,27763.6,0.00853072,0.00825321,0.00853072,0.16297912
2026-01-01,MIDCPNIFTY,13843.6,13777.25,13899.15,13841.3,0.01080138,0.01126012,0.01126012,0.21512427
2026-01-01,NIFTY,26146.55,26129.6,26290.4,26296.3,0.0072764,0.00725436,0.0072764,0.1390155
2026-01-01,NIFTYNXT50,69675.4,69364.5,69942.0,69597.6,0.01024709,0.01017263,0.01024709,0.19577038
2026-01-02,BANKNIFTY,60150.95,59711.55,60341.0,59955.6,0.00820559,0.00796352,0.00820559,0.15676765
2026-01-02,FINNIFTY,27899.15,27666.8,28000.0,27798.3,0.0085297,0.00824868,0.0085297,0.16295977
2026-01-02,MIDCPNIFTY,13984.0,13843.6,14065.15,13899.15,0.01079795,0.01126325,0.01126325,0.21518411
2026-01-02,NIFTY,26328.55,26146.55,26455.4,26290.4,0.00727501,0.00725,0.00727501,0.13898896
2026-01-02,NIFTYNXT50,70416.9,69675.4,70682.4,69942.0,0.01024867,0.01017433,0.01024867,0.19580064
2026-01-05,BANKNIFTY,60044.2,60150.95,60173.0,60341.0,0.00818591,0.00794618,0.00818591,0.15639159
2026-01-05,FINNIFTY,27851.45,27899.15,27931.8,28000.0,0.00850946,0.0082298,0.00850946,0.16257293
2026-01-05,MIDCPNIFTY,13968.0,13984.0,14011.05,14065.15,0.01077142,0.01123833,0.01123833,0.21470791
2026-01-05,NIFTY,26250.3,26328.55,26331.3,26455.4,0.00726014,0.00723932,0.00726014,0.1387048
2026-01-05,NIFTYNXT50,70413.4,70416.9,70633.6,70682.4,0.01022325,0.01014913,0.01022325,0.19531489
2026-01-06,BANKNIFTY,60118.4,60044.2,60312.8,60173.0,0.00816594,0.00792788,0.00816594,0.15601006
2026-01-06,FINNIFTY,27945.1,27851.45,28041.1,27931.8,0.00849142,0.00821387,0.00849142,0.16222844
2026-01-06,MIDCPNIFTY,13957.1,13968.0,14007.65,14011.05,0.01074444,0.01121021,0.01121021,0.21417075
2026-01-06,NIFTY,26178.7,26250.3,26285.1,26331.3,0.00724457,0.00722242,0.00724457,0.13840726
2026-01-06,NIFTYNXT50,70602.1,70413.4,70841.4,70633.6,0.01019918,0.01012562,0.01019918,0.19485505
2026-01-07,BANKNIFTY,59990.85,60118.4,60171.2,60312.8,0.00814673,0.0079097,0.00814673,0.15564299
2026-01-07,FINNIFTY,27853.35,27945.1,27955.3,28041.1,0.00847311,0.00819632,0.00847311,0.16187852
2026-01-07,MIDCPNIFTY,14053.4,13957.1,14113.4,14007.65,0.01072843,0.01119484,0.01119484,0.21387715
2026-01-07,NIFTY,26140.75,26178.7,26235.3,26285.1,0.0072269,0.00720536,0.0072269,0.13806978
2026-01-07,NIFTYNXT50,70690.6,70602.1,70906.0,70841.4,0.01017388,0.01010057,0.01017388,0.19437162
2026-01-08,BANKNIFTY,59686.5,59990.85,59885.2,60171.2,0.00813434,0.00789688,0.00813434,0.15540636
2026-01-08,FINNIFTY,27672.6,27853.35,27773.2,27955.3,0.00846422,0.00818887,0.00846422,0.16170865
2026-01-08,MIDCPNIFTY,13759.6,14053.4,13795.85,14113.4,0.01080539,0.01128197,0.01128197,0.21554168
2026-01-08,NIFTY,25876.85,26140.75,25985.6,26235.3,0.00724456,0.00721926,0.00724456,0.13840709
2026-01-08,NIFTYNXT50,69196.1,70690.6,69342.0,70906.0,0.01026038,0.01019791,0.01026038,0.19602431
2026-01-09,BANKNIFTY,59251.55,59686.5,59541.4,59885.2,0.0081306,0.00788758,0.0081306,0.15533485
2026-01-09,FINNIFTY,27382.1,27672.6,27523.7,27773.2,0.00847577,0.0081934,0.00847577,0.16192933
2026-01-09,MIDCPNIFTY,13676.7,13759.6,13695.2,13795.85,0.01078697,0.01126551,0.01126551,0.21522724
2026-01-09,NIFTY,25683.3,25876.85,25788.3,25985.6,0.00724565,0.00722149,0.00724565,0.13842793
2026-01-09,NIFTYNXT50,68492.2,69196.1,68707.0,69342.0,0.01026042,0.01019329,0.01026042,0.19602514
2026-01-12,BANKNIFTY,59450.5,59251.55,59730.4,59541.4,0.00811392,0.00787078,0.00811392,0.15501615
2026-01-12,FINNIFTY,27518.5,27382.1,27644.5,27523.7,0.00846193,0.00817865,0.00846193,0.16166494
2026-01-12,MIDCPNIFTY,13696.95,13676.7,13738.65,13695.2,0.01076054,0.01123947,0.01123947,0.21472972
2026-01-12,NIFTY,25790.25,25683.3,25876.0,25788.3,0.00723352,0.00720742,0.00723352,0.13819625
2026-01-12,NIFTYNXT50,68699.05,68492.2,68903.8,68707.0,0.01023714,0.01016963,0.01023714,0.19558031
2026-01-13,BANKNIFTY,59578.8,59450.5,59755.2,59730.4,0.00809531,0.00785119,0.00809531,0.15466067
2026-01-13,FINNIFTY,27586.0,27518.5,27675.2,27644.5,0.00844228,0.00815854,0.00844228,0.16128944
2026-01-13,MIDCPNIFTY,13649.25,13696.95,13671.65,13738.65,0.01073648,0.01121686,0.01121686,0.21429772
2026-01-13,NIFTY,25732.3,25790.25,25790.8,25876.0,0.0072169,0.00719337,0.0072169,0.13787875
2026-01-13,NIFTYNXT50,68522.0,68699.05,68673.6,68903.8,0.01021319,0.01014687,0.01021319,0.19512276
2026-01-14,BANKNIFTY,59580.15,59578.8,59780.6,59755.2,0.0080748,0.00783152,0.0080748,0.15426879
2026-01-14,FINNIFTY,27501.4,27586.0,27602.7,27675.2,0.00842382,0.00814012,0.00842382,0.16093694
2026-01-14,MIDCPNIFTY,13705.9,13649.25,13722.05,13671.65,0.01071352,0.0111919,0.0111919,0.21382093
2026-01-14,NIFTY,25665.6,25732.3,25719.0,25790.8,0.00720092,0.00717775,0.00720092,0.13757343
2026-01-14,NIFTYNXT50,68786.9,68522.0,68820.0,68673.6,0.01019131,0.01012264,0.01019131,0.19470479
2026-01-16,BANKNIFTY,60095.15,59580.15,60194.4,59780.6,0.0080774,0.00782696,0.0080774,0.15431849
2026-01-16,FINNIFTY,27523.15,27501.4,27585.4,27602.7,0.00840288,0.00811977,0.00840288,0.16053672
2026-01-16,MIDCPNIFTY,13697.85,13705.9,13704.0,13722.05,0.01068681,0.01116433,0.01116433,0.21329431
2026-01-16,NIFTY,25694.35,25665.6,25751.5,25719.0,0.00718311,0.00716033,0.00718311,0.13723305
2026-01-16,NIFTYNXT50,68857.9,68786.9,68942.8,68820.0,0.01016592,0.01009819,0.01016592,0.19421972
2026-01-19,BANKNIFTY,59891.35,60095.15,59891.4,60194.4,0.00806049,0.00781544,0.00806049,0.15399545
2026-01-19,FINNIFTY,27518.95,27523.15,27530.8,27585.4,0.00838195,0.00810062,0.00838195,0.16013691
2026-01-19,MIDCPNIFTY,13655.2,13697.85,13658.55,13704.0,0.01066244,0.01113876,0.01113876,0.21280572
2026-01-19,NIFTY,25585.5,25694.35,25596.0,25751.5,0.00717162,0.00715521,0.00717162,0.13701358
2026-01-19,NIFTYNXT50,68693.9,68857.9,68666.2,68942.8,0.01014207,0.01007675,0.01014207,0.19376407
2026-01-20,BANKNIFTY,59404.2,59891.35,59483.0,59891.4,0.00806093,0.00781081,0.00806093,0.15400393
2026-01-20,FINNIFTY,27200.6,27518.95,27221.7,27530.8,0.00840153,0.00811969,0.00840153,0.16051096
2026-01-20,MIDCPNIFTY,13307.9,13655.2,13312.85,13658.55,0.01079074,0.01125769,0.01125769,0.21507793
2026-01-20,NIFTY,25232.5,25585.5,25259.2,25596.0,0.00722066,0.0071987,0.00722066,0.1379505
2026-01-20,NIFTYNXT50,67110.9,68693.9,67179.4,68666.2,0.01025004,0.01016997,0.01025004,0.19582681
2026-01-21,BANKNIFTY,58800.3,59404.2,58855.8,59483.0,0.00807324,0.00782731,0.00807324,0.15423895
2026-01-21,FINNIFTY,26963.5,27200.6,27005.0,27221.7,0.00840359,0.0081191,0.00840359,0.16055033
2026-01-21,MIDCPNIFTY,13155.05,13307.9,13141.2,13312.85,0.01079468,0.01126714,0.01126714,0.21525834
2026-01-21,NIFTY,25157.5,25232.5,25178.2,25259.2,0.0072058,0.00718418,0.0072058,0.13766669
2026-01-21,NIFTYNXT50,66864.45,67110.9,66991.2,67179.4,0.01022753,0.01014654,0.01022753,0.19539669
2026-01-22,BANKNIFTY,59200.1,58800.3,59343.2,58855.8,0.00806745,0.00782967,0.00806745,0.15412834
2026-01-22,FINNIFTY,27149.95,26963.5,27244.9,27005.0,0.00839669,0.0081229,0.00839669,0.16041846
2026-01-22,MIDCPNIFTY,13325.45,13155.05,13337.15,13141.2,0.01080627,0.01128763,0.01128763,0.21564988
2026-01-22,NIFTY,25289.9,25157.5,25349.8,25178.2,0.00719709,0.0071821,0.00719709,0.13750029
2026-01-22,NIFTYNXT50,67592.8,66864.45,67754.0,66991.2,0.01023054,0.01015265,0.01023054,0.19545413
2026-01-23,BANKNIFTY,58473.1,59200.1,58522.8,59343.2,0.00809432,0.00787163,0.00809432,0.15464175
2026-01-23,FINNIFTY,26821.35,27149.95,26840.4,27244.9,0.00841955,0.00817122,0.00841955,0.16085536
2026-01-23,MIDCPNIFTY,13066.65,13325.45,13073.25,13337.15,0.01086827,0.01134769,0.01134769,0.21679725
2026-01-23,NIFTY,25048.65,25289.9,25079.8,25349.8,0.00721113,0.00720385,0.00721113,0.13776842
2026-01-23,NIFTYNXT50,66260.55,67592.8,66347.0,67754.0,0.01030136,0.01023555,0.01030136,0.19680728
2026-01-27,BANKNIFTY,59205.45,58473.1,59629.6,58829.4,0.00812201,0.00790967,0.00812201,0.15517074
2026-01-27,FINNIFTY,27058.0,26821.35,27198.2,26915.2,0.00842148,0.00818432,0.00842148,0.16089222
2026-01-27,MIDCPNIFTY,13137.9,13066.65,13216.2,13078.35,0.01084791,0.01134354,0.01134354,0.21671798
2026-01-27,NIFTY,25175.4,25048.65,25382.6,25202.6,0.0072019,0.00720373,0.00720373,0.13762709
2026-01-27,NIFTYNXT50,66696.55,66260.55,67036.4,66394.8,0.01028613,0.01023272,0.01028613,0.19651624
2026-01-28,BANKNIFTY,59598.8,59205.45,59866.4,59629.6,0.00811538,0.00789467,0.00811538,0.15504412
2026-01-28,FINNIFTY,27335.2,27058.0,27445.4,27198.2,0.00843118,0.00818868,0.00843118,0.16107752
2026-01-28,MIDCPNIFTY,13381.9,13137.9,13409.05,13216.2,0.01089884,0.0113616,0.0113616,0.21706301
2026-01-28,NIFTY,25342.75,25175.4,25450.4,25382.6,0.00719931,0.00718792,0.00719931,0.13754271
2026-01-28,NIFTYNXT50,68205.65,66696.55,68402.8,67036.4,0.01038143,0.01030642,0.01038143,0.19833688
2026-01-29,BANKNIFTY,59957.85,59598.8,60209.4,59866.4,0.00810624,0.00788553,0.00810624,0.15486945
2026-01-29,FINNIFTY,27509.6,27335.2,27628.2,27445.4,0.00842181,0.00818139,0.00842181,0.1608984
2026-01-29,MIDCPNIFTY,13424.35,13381.9,13456.55,13409.05,0.01087365,0.0113361,0.0113361,0.21657581
2026-01-29,NIFTY,25418.9,25342.75,25536.3,25450.4,0.00718442,0.00717415,0.00718442,0.13725811
2026-01-29,NIFTYNXT50,68409.75,68205.65,68555.8,68402.8,0.0103574,0.01028172,0.0103574,0.1978779
2026-01-30,BANKNIFTY,59610.45,59957.85,59908.6,60209.4,0.00809631,0.00787366,0.00809631,0.15467984
2026-01-30,FINNIFTY,27330.85,27509.6,27459.7,27628.2,0.00841355,0.00817266,0.00841355,0.16074066
2026-01-30,MIDCPNIFTY,13400.05,13424.35,13400.95,13456.55,0.01084736,0.01131164,0.01131164,0.21610855
2026-01-30,NIFTY,25320.65,25418.9,25416.4,25536.3,0.00717195,0.00716404,0.00717195,0.13701994
2026-01-30,NIFTYNXT50,67839.85,68409.75,67973.8,68555.8,0.0103486,0.0102735,0.0103486,0.19770972
2026-02-02,BANKNIFTY,58619.0,58417.2,58842.8,58701.4,0.00818493,0.00796619,0.00818493,0.15637291
2026-02-02,FINNIFTY,26799.0,26699.1,26899.3,26800.0,0.00853662,0.00831453,0.00853662,0.16309191
2026-02-02,MIDCPNIFTY,13257.05,13020.25,13275.9,13025.5,0.01105614,0.01151113,0.01151113,0.21991984
2026-02-02,NIFTY,25088.4,24825.45,25141.8,24853.5,0.00730886,0.00734624,0.00734624,0.1403497
2026-02-02,NIFTYNXT50,67073.2,66360.55,67163.2,66488.0,0.01044057,0.01036452,0.01044057,0.1994669
2026-02-03,BANKNIFTY,60041.3,58619.0,60210.0,58842.8,0.00833839,0.00811052,0.00833839,0.15930473
2026-02-03,FINNIFTY,27674.05,26799.0,27743.3,26899.3,0.00881292,0.00857651,0.00881292,0.16837056
2026-02-03,MIDCPNIFTY,13655.65,13257.05,13698.1,13275.9,0.01122571,0.01169393,0.01169393,0.22341224
2026-02-03,NIFTY,25727.55,25088.4,25817.1,25141.8,0.00750448,0.00756391,0.00756391,0.14450837
2026-02-03,NIFTYNXT50,68849.4,67073.2,68891.6,67163.2,0.01057737,0.01049338,0.01057737,0.20208028
2026-02-04,BANKNIFTY,60238.15,60041.3,60418.0,60210.0,0.00832081,0.00809386,0.00832081,0.1589689
2026-02-04,FINNIFTY,27802.55,27674.05,27878.9,27743.3,0.0087971,0.00856219,0.0087971,0.16806834
2026-02-04,MIDCPNIFTY,13721.85,13655.65,13772.65,13698.1,0.01120298,0.01167106,0.01167106,0.22297521
2026-02-04,NIFTY,25776.0,25727.55,25848.8,25817.1,0.00748706,0.0075453,0.0075453,0.14415266
2026-02-04,NIFTYNXT50,69298.55,68849.4,69399.6,68891.6,0.01056087,0.01047995,0.01056087,0.20176517
2026-02-05,BANKNIFTY,60063.65,60238.15,60254.8,60418.0,0.00830276,0.00807583,0.00830276,0.15862407
2026-02-05,FINNIFTY,27689.35,27802.55,27773.7,27878.9,0.00877988,0.00854488,0.00877988,0.16773935
2026-02-05,MIDCPNIFTY,13700.5,13721.85,13732.9,13772.65,0.01117562,0.01164348,0.01164348,0.22244845
2026-02-05,NIFTY,25642.8,25776.0,25725.0,25848.8,0.00747756,0.00753396,0.00753396,0.14393615
2026-02-05,NIFTYNXT50,68970.4,69298.55,69056.0,69399.6,0.01053969,0.01045964,0.01053969,0.20136043
2026-02-06,BANKNIFTY,60120.55,60063.65,60252.4,60254.8,0.0082825,0.00805568,0.0082825,0.15823691
2026-02-06,FINNIFTY,27807.1,27689.35,27854.2,27773.7,0.00876325,0.00852566,0.00876325,0.1674217
2026-02-06,MIDCPNIFTY,13644.9,13700.5,13655.7,13732.9,0.01115115,0.01162115,0.01162115,0.2220217
2026-02-06,NIFTY,25693.7,25642.8,25735.1,25725.0,0.0074599,0.00751512,0.00751512,0.14357609
2026-02-06,NIFTYNXT50,69058.4,68970.4,69036.4,69056.0,0.01051345,0.01043328,0.01051345,0.20085927
2026-02-09,BANKNIFTY,60669.35,60120.55,60728.0,60252.4,0.00828673,0.00805448,0.00828673,0.15831772
2026-02-09,FINNIFTY,28154.05,27807.1,28171.0,27854.2,0.00878492,0.00854202,0.00878492,0.16783567
2026-02-09,MIDCPNIFTY,13868.65,13644.9,13865.5,13655.7,0.01118262,0.01164204,0.01164204,0.22242084
2026-02-09,NIFTY,25867.3,25693.7,25915.4,25735.1,0.00745644,0.00751274,0.00751274,0.14353076
2026-02-09,NIFTYNXT50,69729.35,69058.4,69755.6,69036.4,0.01050927,0.01043277,0.01050927,0.20077934
2026-02-10,BANKNIFTY,60626.4,60669.35,60704.0,60728.0,0.00826615,0.00803408,0.00826615,0.15792448
2026-02-10,FINNIFTY,28186.25,28154.05,28210.2,28171.0,0.00876303,0.00852143,0.00876303,0.16741744
2026-02-10,MIDCPNIFTY,13953.1,13868.65,13944.6,13865.5,0.01116284,0.01161999,0.01161999,0.22199954
2026-02-10,NIFTY,25935.15,25867.3,25985.6,25915.4,0.00744018,0.00749629,0.00749629,0.14321645
2026-02-10,NIFTYNXT50,69829.6,69729.35,69872.2,69755.6,0.01048323,0.0104072,0.01048323,0.20028184
2026-02-11,BANKNIFTY,60745.35,60626.4,60809.0,60704.0,0.00824667,0.00801512,0.00824667,0.1575524
2026-02-11,FINNIFTY,28276.95,28186.25,28286.8,28210.2,0.00874401,0.00850198,0.00874401,0.16705402
2026-02-11,MIDCPNIFTY,13952.8,13953.1,13950.2,13944.6,0.01113494,0.01159076,0.01159076,0.22144115
2026-02-11,NIFTY,25953.85,25935.15,25994.2,25985.6,0.00742198,0.00747727,0.00747727,0.14285308
2026-02-11,NIFTYNXT50,70216.55,69829.6,70184.2,69872.2,0.01046438,0.01038594,0.01046438,0.19992164
2026-02-12,BANKNIFTY,60739.75,60745.35,60796.6,60809.0,0.00822618,0.00799494,0.00822618,0.1571609
2026-02-12,FINNIFTY,28385.2,28276.95,28395.6,28286.8,0.00872644,0.00848483,0.00872644,0.16671834
2026-02-12,MIDCPNIFTY,13893.5,13952.8,13896.2,13950.2,0.01111129,0.01156518,0.01156518,0.22095251
2026-02-12,NIFTY,25807.2,25953.85,25858.2,25994.2,0.00741452,0.0074678,0.0074678,0.14267212
2026-02-12,NIFTYNXT50,69916.1,70216.55,69927.6,70184.2,0.01044243,0.01036329,0.01044243,0.19950243
2026-02-13,BANKNIFTY,60186.65,60739.75,60320.6,60796.6,0.00823104,0.00799433,0.00823104,0.15725384
2026-02-13,FINNIFTY,28126.35,28385.2,28174.1,28395.6,0.00872862,0.00848155,0.00872862,0.16676012
2026-02-13,MIDCPNIFTY,13628.35,13893.5,13630.35,13896.2,0.01116688,0.01161666,0.01161666,0.22193606
2026-02-13,NIFTY,25471.1,25807.2,25518.8,25858.2,0.00745415,0.00750759,0.00750759,0.1434324
2026-02-13,NIFTYNXT50,68826.75,69916.1,68804.4,69927.6,0.0104751,0.01040067,0.0104751,0.20012657
2026-02-16,BANKNIFTY,60949.1,60186.65,60968.8,60320.6,0.00825855,0.0080101,0.00825855,0.15777933
2026-02-16,FINNIFTY,28306.25,28126.35,28301.2,28174.1,0.0087185,0.0084665,0.0087185,0.16656677
2026-02-16,MIDCPNIFTY,13641.75,13628.35,13677.4,13630.35,0.01113918,0.01159028,0.01159028,0.22143201
2026-02-16,NIFTY,25682.75,25471.1,25717.2,25518.8,0.00745819,0.00750853,0.00750853,0.14345035
2026-02-16,NIFTYNXT50,69496.75,68826.75,69547.8,68804.4,0.01047142,0.01040224,0.01047142,0.20005615
2026-02-17,BANKNIFTY,61174.0,60949.1,61112.8,60968.8,0.00824177,0.00799168,0.00824177,0.15745886
2026-02-17,FINNIFTY,28287.4,28306.25,28264.2,28301.2,0.00869668,0.00844572,0.00869668,0.16614976
2026-02-17,MIDCPNIFTY,13664.35,13641.75,13671.3,13677.4,0.01111185,0.01156111,0.01156111,0.22087476
2026-02-17,NIFTY,25725.4,25682.75,25739.4,25717.2,0.00744014,0.00749011,0.00749011,0.14309845
2026-02-17,NIFTYNXT50,69868.75,69496.75,69799.8,69547.8,0.010452,0.01037952,0.010452,0.19968513
2026-02-18,BANKNIFTY,61550.8,61174.0,61500.4,61112.8,0.00823279,0.00798439,0.00823279,0.15728729
2026-02-18,FINNIFTY,28463.25,28287.4,28437.0,28264.2,0.00868584,0.00843559,0.00868584,0.16594281
2026-02-18,MIDCPNIFTY,13729.55,13664.35,13740.55,13671.3,0.011089,0.01153774,0.01153774,0.22042813
2026-02-18,NIFTY,25819.35,25725.4,25827.8,25739.4,0.00742628,0.00747518,0.00747518,0.14281306
2026-02-18,NIFTYNXT50,70334.35,69868.75,70285.0,69799.8,0.0104362,0.01036491,0.0104362,0.19938341
2026-02-19,BANKNIFTY,60739.55,61550.8,60716.6,61500.4,0.00826567,0.00801585,0.00826567,0.15791537
2026-02-19,FINNIFTY,28069.5,28463.25,28037.2,28437.0,0.00871969,0.00847388,0.00871969,0.16658951
2026-02-19,MIDCPNIFTY,13442.5,13729.55,13407.35,13740.55,0.01116187,0.01163905,0.01163905,0.22236374
2026-02-19,NIFTY,25454.35,25819.35,25446.0,25827.8,0.00747581,0.00753058,0.00753058,0.14387147
2026-02-19,NIFTYNXT50,69028.75,70334.35,69005.4,70285.0,0.01049385,0.01042021,0.01049385,0.2004847
2026-02-20,BANKNIFTY,61172.0,60739.55,61179.2,60716.6,0.00826015,0.00801354,0.00826015,0.15780992
2026-02-20,FINNIFTY,28210.6,28069.5,28203.3,28037.2,0.00870492,0.00846318,0.00870492,0.16630719
2026-02-20,MIDCPNIFTY,13476.0,13442.5,13474.8,13407.35,0.01113544,0.01161544,0.01161544,0.22191276
2026-02-20,NIFTY,25571.25,25454.35,25584.7,25446.0,0.00746428,0.00752158,0.00752158,0.14369963
2026-02-20,NIFTYNXT50,69453.65,69028.75,69440.4,69005.4,0.01047653,0.01040358,0.01047653,0.20015383
2026-02-23,BANKNIFTY,61264.25,61172.0,61238.0,61179.2,0.00824016,0.00799397,0.00824016,0.157428
2026-02-23,FINNIFTY,28455.0,28210.6,28433.3,28203.3,0.00870478,0.00846178,0.00870478,0.16630454
2026-02-23,MIDCPNIFTY,13477.75,13476.0,13473.0,13474.8,0.01110766,0.01158644,0.01158644,0.22135854
2026-02-23,NIFTY,25713.0,25571.25,25705.2,25584.7,0.00745615,0.00750983,0.00750983,0.1434751
2026-02-23,NIFTYNXT50,69723.1,69453.65,69686.0,69440.4,0.010454,0.01038033,0.010454,0.19972343
2026-02-24,BANKNIFTY,61047.3,61264.25,61439.2,61608.8,0.00822335,0.00797612,0.00822335,0.15710681
2026-02-24,FINNIFTY,28295.1,28455.0,28443.5,28558.8,0.00869195,0.00844534,0.00869195,0.1660594
2026-02-24,MIDCPNIFTY,13448.65,13477.75,13506.45,13529.75,0.01108091,0.01155827,0.01155827,0.22082044
2026-02-24,NIFTY,25424.65,25713.0,25600.3,25859.7,0.00747984,0.00752504,0.00752504,0.14376566
2026-02-24,NIFTYNXT50,69778.45,69723.1,69996.6,69869.6,0.01042817,0.01035508,0.01042817,0.19922988
2026-02-25,BANKNIFTY,61043.35,61047.3,61367.8,61439.2,0.00820256,0.00795667,0.00820256,0.15670961
2026-02-25,FINNIFTY,28339.65,28295.1,28481.9,28443.5,0.00867091,0.00842452,0.00867091,0.16565744
2026-02-25,MIDCPNIFTY,13558.55,13448.65,13625.15,13506.45,0.0110683,0.01154577,0.01154577,0.22058167
2026-02-25,NIFTY,25482.5,25424.65,25628.8,25600.3,0.00746298,0.00750687,0.00750687,0.14341848
2026-02-25,NIFTYNXT50,70399.25,69778.45,70527.8,69996.6,0.01042106,0.0103431,0.01042106,0.19909409
2026-02-26,BANKNIFTY,61187.7,61043.35,61501.0,61367.8,0.00818361,0.00793832,0.00818361,0.15634767
2026-02-26,FINNIFTY,28309.85,28339.65,28443.9,28481.9,0.00864926,0.00840381,0.00864926,0.16524381
2026-02-26,MIDCPNIFTY,13652.95,13558.55,13719.75,13625.15,0.01105161,0.01152705,0.01152705,0.22022397
2026-02-26,NIFTY,25496.55,25482.5,25635.8,25628.8,0.00744466,0.0074879,0.0074879,0.1430561
2026-02-26,NIFTYNXT50,70628.5,70399.25,70793.0,70527.8,0.01039759,0.01032064,0.01039759,0.19864565
2026-02-27,BANKNIFTY,60529.0,61187.7,60901.0,61501.0,0.00819884,0.00794893,0.00819884,0.15663853
2026-02-27,FINNIFTY,27869.75,28309.85,28048.0,28443.9,0.00869847,0.00844092,0.00869847,0.16618402
2026-02-27,MIDCPNIFTY,13491.45,13652.95,13529.85,13719.75,0.0110561,0.01154023,0.01154023,0.22047586
2026-02-27,NIFTY,25178.65,25496.55,25338.6,25635.8,0.00747864,0.00751462,0.00751462,0.14356664
2026-02-27,NIFTYNXT50,69710.9,70628.5,69979.0,70793.0,0.01041271,0.01032745,0.01041271,0.19893452
2026-03-02,BANKNIFTY,59839.65,60529.0,60213.6,60901.0,0.00821827,0.00796984,0.00821827,0.15700974
2026-03-02,FINNIFTY,27564.1,27869.75,27710.2,28048.0,0.00871147,0.00846332,0.00871147,0.16643244
2026-03-02,MIDCPNIFTY,13289.85,13491.45,13326.95,13529.85,0.01107981,0.01156095,0.01156095,0.22087173
2026-03-02,NIFTY,24865.7,25178.65,24982.2,25338.6,0.00751216,0.00756247,0.00756247,0.14448077
2026-03-02,NIFTYNXT50,68650.25,69710.9,68767.2,69979.0,0.01044286,0.01037557,0.01044286,0.19951048
2026-03-04,BANKNIFTY,58755.25,59839.65,59100.4,60213.6,0.00829907,0.00805875,0.00829907,0.15855349
2026-03-04,FINNIFTY,27020.45,27564.1,27137.3,27710.2,0.0088031,0.00857054,0.0088031,0.16818305
2026-03-04,MIDCPNIFTY,13034.35,13289.85,13070.65,13326.95,0.01113689,0.01161366,0.01161366,0.22187874
2026-03-04,NIFTY,24480.5,24865.7,24584.7,24982.2,0.00757407,0.00762826,0.00762826,0.14573769
2026-03-04,NIFTYNXT50,66799.4,68650.25,67008.8,68767.2,0.01059432,0.01051031,0.01059432,0.20240417
2026-03-05,BANKNIFTY,59055.85,58755.25,59375.2,59100.4,0.00828588,0.00804505,0.00828588,0.15830157
2026-03-05,FINNIFTY,27235.8,27020.45,27361.1,27137.3,0.00879873,0.00856855,0.00879873,0.16809948
2026-03-05,MIDCPNIFTY,13260.5,13034.35,13298.85,13070.65,0.01117539,0.01164918,0.01164918,0.22255735
2026-03-05,NIFTY,24765.9,24480.5,24854.3,24584.7,0.00759966,0.00764812,0.00764812,0.14611721
2026-03-05,NIFTYNXT50,67722.2,66799.4,67928.4,67008.8,0.01061226,0.01052837,0.01061226,0.20274687
2026-03-06,BANKNIFTY,57783.25,59055.85,58079.0,59375.2,0.00840771,0.00817511,0.00840771,0.16062904
2026-03-06,FINNIFTY,26652.45,27235.8,26783.9,27361.1,0.00890936,0.00867905,0.00890936,0.17021317
2026-03-06,MIDCPNIFTY,13166.9,13260.5,13168.9,13298.85,0.01115869,0.0116406,0.0116406,0.22239339
2026-03-06,NIFTY,24450.45,24765.9,24545.7,24854.3,0.00763432,0.00767972,0.00767972,0.1467208
2026-03-06,NIFTYNXT50,67476.65,67722.2,67472.6,67928.4,0.01058881,0.01051296,0.01058881,0.20229891
2026-03-09,BANKNIFTY,56019.8,57783.25,56318.6,58079.0,0.00866831,0.00843995,0.00866831,0.16560784
2026-03-09,FINNIFTY,26039.3,26652.45,26182.1,26783.9,0.00903834,0.00880542,0.00903834,0.17267718
2026-03-09,MIDCPNIFTY,12942.3,13166.9,12962.45,13168.9,0.01119721,0.01166494,0.01166494,0.22285843
2026-03-09,NIFTY,24028.05,24450.45,24122.5,24545.7,0.00771408,0.0077587,0.0077587,0.14822979
2026-03-09,NIFTYNXT50,66070.65,67476.65,66178.2,67472.6,0.0106666,0.01057561,0.0106666,0.20378513
2026-03-10,BANKNIFTY,56950.8,56019.8,57310.6,56318.6,0.00872483,0.00850872,0.00872483,0.16668766
2026-03-10,FINNIFTY,26535.2,26039.3,26683.8,26182.1,0.00911378,0.00888559,0.00911378,0.17411857
2026-03-10,MIDCPNIFTY,13209.5,12942.3,13249.75,12962.45,0.01126238,0.01173851,0.01173851,0.22426383
2026-03-10,NIFTY,24261.6,24028.05,24393.6,24122.5,0.0077253,0.00777968,0.00777968,0.14863066
2026-03-10,NIFTYNXT50,67227.95,66070.65,67346.0,66178.2,0.01071068,0.01062124,0.01071068,0.2046273
2026-03-11,BANKNIFTY,55735.75,56950.8,55929.8,57310.6,0.00883543,0.00866094,0.00883543,0.16880069
2026-03-11,FINNIFTY,25920.8,26535.2,26003.8,26683.8,0.0092406,0.00904915,0.0092406,0.17654141
2026-03-11,MIDCPNIFTY,12961.9,13209.5,12963.2,13249.75,0.01131353,0.01181064,0.01181064,0.22564198
2026-03-11,NIFTY,23866.85,24261.6,23939.1,24393.6,0.00779276,0.00787312,0.00787312,0.15041578
2026-03-11,NIFTYNXT50,66498.65,67227.95,66507.8,67346.0,0.01071173,0.01063157,0.01071173,0.2046474
2026-03-12,BANKNIFTY,55100.95,55735.75,55369.8,55929.8,0.00885018,0.00866841,0.00885018,0.16908254
2026-03-12,FINNIFTY,25663.2,25920.8,25750.0,26003.8,0.00924456,0.00905326,0.00924456,0.176617
2026-03-12,MIDCPNIFTY,12961.15,12961.9,12962.8,12963.2,0.01128539,0.01178103,0.01178103,0.22507617
2026-03-12,NIFTY,23639.15,23866.85,23728.5,23939.1,0.00780294,0.00787848,0.00787848,0.15051815
2026-03-12,NIFTYNXT50,66424.55,66498.65,66510.2,66507.8,0.01068515,0.01060494,0.01068515,0.20413958
2026-03-13,BANKNIFTY,53757.85,55100.95,53922.8,55369.8,0.00899907,0.00884706,0.00899907,0.17192691
2026-03-13,FINNIFTY,25138.65,25663.2,25187.5,25750.0,0.00933623,0.00916457,0.00933623,0.17836837
2026-03-13,MIDCPNIFTY,12618.5,12961.15,12606.85,12962.8,0.01141544,0.01191521,0.01191521,0.22763984
2026-03-13,NIFTY,23151.1,23639.15,23199.3,23728.5,0.00792223,0.00801893,0.00801893,0.15320144
2026-03-13,NIFTYNXT50,64691.45,66424.55,64781.0,66510.2,0.01082099,0.01074092,0.01082099,0.20673479
2026-03-16,BANKNIFTY,54413.4,53757.85,54556.8,53922.8,0.00901719,0.00886351,0.00901719,0.17227312
2026-03-16,FINNIFTY,25515.25,25138.65,25526.1,25187.5,0.00937228,0.0091903,0.00937228,0.17905723
2026-03-16,MIDCPNIFTY,12615.25,12618.5,12618.85,12606.85,0.01138678,0.01188548,0.01188548,0.22707181
2026-03-16,NIFTY,23408.8,23151.1,23429.2,23199.3,0.00794096,0.00802899,0.00802899,0.15339366
2026-03-16,NIFTYNXT50,64462.3,64691.45,64532.2,64781.0,0.01079664,0.01071761,0.01079664,0.20626958
2026-03-17,BANKNIFTY,54876.0,54413.4,54994.6,54556.8,0.00901453,0.00885927,0.00901453,0.17222239
2026-03-17,FINNIFTY,25724.65,25515.25,25772.5,25526.1,0.00936669,0.00919234,0.00936669,0.1789503
2026-03-17,MIDCPNIFTY,12736.3,12615.25,12750.05,12618.85,0.01137839,0.01187807,0.01187807,0.22693028
2026-03-17,NIFTY,23581.15,23408.8,23617.4,23429.2,0.00793812,0.00802856,0.00802856,0.15338539
2026-03-17,NIFTYNXT50,65021.6,64462.3,65031.6,64532.2,0.01078704,0.0107048,0.01078704,0.20608618
2026-03-18,BANKNIFTY,55326.05,54876.0,55416.2,54994.6,0.0090104,0.00885377,0.0090104,0.1721434
2026-03-18,FINNIFTY,25927.35,25724.65,25932.1,25772.5,0.00935945,0.00917976,0.00935945,0.1788121
2026-03-18,MIDCPNIFTY,12980.55,12736.3,12969.9,12750.05,0.01142921,0.01190991,0.01190991,0.22753849
2026-03-18,NIFTY,23777.8,23581.15,23776.4,23617.4,0.00793976,0.00802264,0.00802264,0.15327238
2026-03-18,NIFTYNXT50,65668.5,65021.6,65626.0,65031.6,0.01078277,0.01069724,0.01078277,0.20600462
2026-03-19,BANKNIFTY,53451.0,55326.05,53603.8,55416.2,0.00931278,0.00913929,0.00931278,0.17792043
2026-03-19,FINNIFTY,24951.8,25927.35,25009.4,25932.1,0.00972196,0.0095085,0.00972196,0.18573782
2026-03-19,MIDCPNIFTY,12517.0,12980.55,12520.75,12969.9,0.01168712,0.01213884,0.01213884,0.23191223
2026-03-19,NIFTY,23002.15,23777.8,23054.8,23776.4,0.0082598,0.00829382,0.00829382,0.15845316
2026-03-19,NIFTYNXT50,63573.8,65668.5,63513.0,65626.0,0.01099742,0.01091848,0.01099742,0.21010542
2026-03-20,BANKNIFTY,53427.05,53451.0,53554.2,53603.8,0.00928964,0.00911683,0.00928964,0.17747826
2026-03-20,FINNIFTY,24781.15,24951.8,24830.1,25009.4,0.00970994,0.00949825,0.00970994,0.18550809
2026-03-20,MIDCPNIFTY,12625.9,12517.0,12621.6,12520.75,0.011674,0.01212168,0.01212168,0.2315843
2026-03-20,NIFTY,23114.5,23002.15,23140.5,23054.8,0.00824607,0.00827737,0.00827737,0.15813897
2026-03-20,NIFTYNXT50,63862.3,63573.8,63773.6,63513.0,0.01097442,0.01089485,0.01097442,0.20966592
2026-03-23,BANKNIFTY,51437.75,53427.05,51496.0,53554.2,0.00964715,0.00950704,0.00964715,0.18430859
2026-03-23,FINNIFTY,23959.2,24781.15,23952.0,24830.1,0.00997484,0.00981074,0.00997484,0.19056908
2026-03-23,MIDCPNIFTY,12183.55,12625.9,12168.05,12621.6,0.01191462,0.01236534,0.01236534,0.23623948
2026-03-23,NIFTY,22512.65,23114.5,22514.9,23140.5,0.00843447,0.00848075,0.00848075,0.16202456
2026-03-23,NIFTYNXT50,61414.9,63862.3,61284.6,63773.6,0.01129038,0.01122635,0.01129038,0.21570247
2026-03-24,BANKNIFTY,52605.65,51437.75,52707.6,51496.0,0.0097532,0.00962456,0.0097532,0.18633464
2026-03-24,FINNIFTY,24482.2,23959.2,24518.3,23952.0,0.01006648,0.00992467,0.01006648,0.1923198
2026-03-24,MIDCPNIFTY,12532.4,12183.55,12529.9,12168.05,0.01205135,0.01250716,0.01250716,0.23894904
2026-03-24,NIFTY,22912.4,22512.65,22928.4,22514.9,0.0085049,0.00855666,0.00855666,0.16347475
2026-03-24,NIFTYNXT50,62360.7,61414.9,62364.6,61284.6,0.01131373,0.01126613,0.01131373,0.21614849
2026-03-25,BANKNIFTY,53708.1,52605.65,53730.8,52707.6,0.00983846,0.00969614,0.00983846,0.18796342
2026-03-25,FINNIFTY,25056.35,24482.2,25036.0,24518.3,0.01017399,0.01000952,0.01017399,0.19437387
2026-03-25,MIDCPNIFTY,12788.3,12532.4,12778.05,12529.9,0.01210606,0.01255272,0.01255272,0.23981941
2026-03-25,NIFTY,23306.45,22912.4,23300.0,22928.4,0.00856867,0.00861082,0.00861082,0.16450952
2026-03-25,NIFTYNXT50,63620.6,62360.7,63427.8,62364.6,0.01137367,0.01130151,0.01137367,0.21729369
2026-03-27,BANKNIFTY,52274.6,53708.1,52271.0,53730.8,0.00999877,0.00986628,0.00999877,0.19102622
2026-03-27,FINNIFTY,24373.2,25056.35,24382.6,25036.0,0.01033505,0.01015804,0.01033505,0.19745076
2026-03-27,MIDCPNIFTY,12517.3,12788.3,12510.05,12778.05,0.0121705,0.01261065,0.01261065,0.24092622
2026-03-27,NIFTY,22819.6,23306.45,22816.6,23300.0,0.00867647,0.00871647,0.00871647,0.16652799
2026-03-27,NIFTYNXT50,62043.05,63620.6,62142.4,63427.8,0.01148327,0.01136562,0.01148327,0.21938754
2026-03-30,BANKNIFTY,50275.35,52274.6,50631.2,52546.6,0.01034811,0.01018565,0.01034811,0.1977004
2026-03-30,FINNIFTY,23521.8,24373.2,23952.7,24542.0,0.01061119,0.01027753,0.01061119,0.20272643
2026-03-30,MIDCPNIFTY,12158.75,12517.3,12155.9,12492.0,0.0123127,0.01272612,0.01272612,0.24313219
2026-03-30,NIFTY,22331.4,22819.6,22426.2,22908.7,0.00878874,0.00882416,0.00882416,0.16858528
2026-03-30,NIFTYNXT50,60349.8,62043.05,60572.8,62144.4,0.01162063,0.01148106,0.01162063,0.22201182
2026-04-01,BANKNIFTY,51448.65,50275.35,51784.6,50631.2,0.01045015,0.01028436,0.01045015,0.19964977
2026-04-01,FINNIFTY,23981.8,23521.8,24165.8,23952.7,0.01067298,0.01027103,0.01067298,0.20390701
2026-04-01,MIDCPNIFTY,12460.05,12158.75,12480.45,12155.9,0.01240314,0.0128301,0.0128301,0.24511877
2026-04-01,NIFTY,22679.4,22331.4,22800.1,22426.2,0.00883456,0.00887962,0.00887962,0.16964493
2026-04-01,NIFTYNXT50,61912.75,60349.8,62225.2,60572.8,0.01173173,0.01160917,0.01173173,0.22413443
2026-04-02,BANKNIFTY,51548.75,51448.65,51818.4,51784.6,0.01042511,0.01025881,0.01042511,0.19917138
2026-04-02,FINNIFTY,24041.55,23981.8,24135.1,24165.8,0.0106476,0.01024552,0.0106476,0.20342213
2026-04-02,MIDCPNIFTY,12394.55,12460.05,12416.25,12480.45,0.01237779,0.01280312,0.01280312,0.24460331
2026-04-02,NIFTY,22713.1,22679.4,22766.6,22800.1,0.0088131,0.00885814,0.00885814,0.16923444
2026-04-02,NIFTYNXT50,61957.6,61912.75,62009.2,62225.2,0.01170233,0.0115826,0.01170233,0.22357266
2026-04-06,BANKNIFTY,52609.1,51548.75,52896.2,51818.4,0.01049807,0.01033599,0.01049807,0.20056535
2026-04-06,FINNIFTY,24603.1,24041.55,24718.6,24135.1,0.01074563,0.0103585,0.01074563,0.20529503
2026-04-06,MIDCPNIFTY,12583.3,12394.55,12621.75,12416.25,0.01239298,0.01282372,0.01282372,0.24499678
2026-04-06,NIFTY,22968.25,22713.1,23057.0,22766.6,0.00882642,0.00888149,0.00888149,0.16968068
2026-04-06,NIFTYNXT50,62858.95,61957.6,62973.2,62009.2,0.01171744,0.01160513,0.01171744,0.2238613
2026-04-07,BANKNIFTY,52716.25,52609.1,52872.8,52896.2,0.01047281,0.01031004,0.01047281,0.20008266
2026-04-07,FINNIFTY,24685.55,24603.1,24754.2,24718.6,0.01072141,0.01033314,0.01072141,0.20483224
2026-04-07,MIDCPNIFTY,12620.85,12583.3,12625.35,12621.75,0.01236392,0.01279172,0.01279172,0.24438551
2026-04-07,NIFTY,23123.65,22968.25,23151.1,23057.0,0.00881747,0.00886389,0.00886389,0.16934438
2026-04-07,NIFTYNXT50,63151.05,62858.95,63314.2,62973.2,0.01169277,0.01158242,0.01169277,0.22339014
2026-04-08,BANKNIFTY,55703.9,52716.25,55928.0,52872.8,0.01115017,0.01102485,0.01115017,0.21302362
2026-04-08,FINNIFTY,26053.05,24685.55,26167.9,24754.2,0.01135387,0.0110299,0.01135387,0.21691537
2026-04-08,MIDCPNIFTY,13219.9,12620.85,13264.85,12625.35,0.01276158,0.01322948,0.01322948,0.25274881
2026-04-08,NIFTY,23997.35,23123.65,24057.8,23151.1,0.00917816,0.00924967,0.00924967,0.17671477
2026-04-08,NIFTYNXT50,66145.3,63151.05,66403.8,63314.2,0.01211471,0.01203451,0.01211471,0.23145116
2026-04-09,BANKNIFTY,54821.7,55703.9,55080.0,55928.0,0.01117956,0.01105031,0.01117956,0.21358523
2026-04-09,FINNIFTY,25685.85,26053.05,25808.6,26167.9,0.01136982,0.0110457,0.01136982,0.21722017
2026-04-09,MIDCPNIFTY,13207.3,13219.9,13233.3,13264.85,0.0127299,0.01319747,0.01319747,0.25213734
2026-04-09,NIFTY,23775.1,23997.35,23861.3,24057.8,0.00917887,0.00924492,0.00924492,0.17662391
2026-04-09,NIFTYNXT50,66268.65,66145.3,66395.4,66403.8,0.01208526,0.01200441,0.01208526,0.23088857
2026-04-10,BANKNIFTY,55912.75,54821.7,56077.2,55080.0,0.01123818,0.01109546,0.01123818,0.21470522
2026-04-10,FINNIFTY,26213.9,25685.85,26287.3,25808.6,0.01143216,0.01109454,0.01143216,0.21841102
2026-04-10,MIDCPNIFTY,13406.35,13207.3,13429.95,13233.3,0.012742,0.01320557,0.01320557,0.25229207
2026-04-10,NIFTY,24050.6,23775.1,24101.0,23861.3,0.00919198,0.0092489,0.0092489,0.17670003
2026-04-10,NIFTYNXT50,67641.25,66268.65,67764.2,66395.4,0.01214171,0.01206116,0.01214171,0.23196712
2026-04-13,BANKNIFTY,55605.05,55912.75,55736.8,56077.2,0.01121699,0.01107609,0.01121699,0.21430021
2026-04-13,FINNIFTY,26047.5,26213.9,26120.4,26287.3,0.01141224,0.01107598,0.01141224,0.21803061
2026-04-13,MIDCPNIFTY,13269.45,13406.35,13273.0,13429.95,0.01273087,0.01319883,0.01319883,0.25216321
2026-04-13,NIFTY,23842.65,24050.6,23858.7,24101.0,0.00918937,0.00925326,0.00925326,0.17678326
2026-04-13,NIFTYNXT50,67123.3,67641.25,67238.8,67764.2,0.01212346,0.01204349,0.01212346,0.23161842
2026-04-15,BANKNIFTY,56301.95,55605.05,56418.8,55736.8,0.01122348,0.01108179,0.01122348,0.21442433
2026-04-15,FINNIFTY,26445.0,26047.5,26472.4,26120.4,0.01143397,0.01108885,0.01143397,0.21844572
2026-04-15,MIDCPNIFTY,13552.65,13269.45,13572.1,13273.0,0.0127863,0.01325979,0.01325979,0.25332784
2026-04-15,NIFTY,24231.3,23842.65,24237.7,23858.7,0.00923715,0.00929698,0.00929698,0.17761856
2026-04-15,NIFTYNXT50,68569.35,67123.3,68578.8,67238.8,0.01218674,0.01209428,0.01218674,0.23282733
2026-04-16,BANKNIFTY,56086.4,56301.95,56209.2,56418.8,0.01119883,0.01105736,0.01119883,0.21395328
2026-04-16,FINNIFTY,26343.55,26445.0,26392.2,26472.4,0.01140878,0.01106306,0.01140878,0.21796436
2026-04-16,MIDCPNIFTY,13683.7,13552.65,13681.15,13572.1,0.01277245,0.01323862,0.01323862,0.25292352
2026-04-16,NIFTY,24196.75,24231.3,24195.8,24237.7,0.00921485,0.00927431,0.00927431,0.17718544
2026-04-16,NIFTYNXT50,69300.6,68569.35,69334.8,68578.8,0.01217949,0.01208882,0.01217949,0.23268888
2026-04-17,BANKNIFTY,56565.7,56086.4,56666.8,56209.2,0.01118682,0.01104479,0.01118682,0.21372395
2026-04-17,FINNIFTY,26521.25,26343.55,26566.3,26392.2,0.01139014,0.0110451,0.01139014,0.21760823
2026-04-17,MIDCPNIFTY,13838.85,13683.7,13849.2,13681.15,0.01276557,0.01323363,0.01323363,0.25282813
2026-04-17,NIFTY,24353.55,24196.75,24368.0,24195.8,0.00920294,0.00926452,0.00926452,0.17699849
2026-04-17,NIFTYNXT50,70273.8,69300.6,70321.2,69334.8,0.01218896,0.01209988,0.01218896,0.2328697
2026-04-20,BANKNIFTY,56582.35,56565.7,56568.8,56666.8,0.01115906,0.01101794,0.01115906,0.2131936
2026-04-20,FINNIFTY,26537.1,26521.25,26511.9,26566.3,0.01136191,0.01101821,0.01136191,0.21706906
2026-04-20,MIDCPNIFTY,13807.25,13838.85,13785.25,13849.2,0.01273465,0.0132046,0.0132046,0.25227352
2026-04-20,NIFTY,24364.85,24353.55,24331.8,24368.0,0.00917974,0.00924186,0.00924186,0.17656541
2026-04-20,NIFTYNXT50,70341.0,70273.8,70229.6,70321.2,0.01215861,0.01207006,0.01215861,0.23228986
2026-04-21,BANKNIFTY,57371.45,56582.35,57374.0,56568.8,0.01117392,0.01103593,0.01117392,0.21347743
2026-04-21,FINNIFTY,26850.75,26537.1,26866.7,26511.9,0.01136375,0.01103071,0.01136375,0.21710418
2026-04-21,MIDCPNIFTY,13919.45,13807.25,13927.15,13785.25,0.01271561,0.01319138,0.01319138,0.25202102
2026-04-21,NIFTY,24576.6,24364.85,24584.5,24331.8,0.00917731,0.00924752,0.00924752,0.1766737
2026-04-21,NIFTYNXT50,70824.45,70341.0,70796.8,70229.6,0.01213777,0.01205343,0.01213777,0.23189174
2026-04-22,BANKNIFTY,57124.45,57371.45,57147.0,57374.0,0.01115028,0.0110118,0.01115028,0.21302583
2026-04-22,FINNIFTY,26625.25,26850.75,26644.9,26866.7,0.01135077,0.01101886,0.01135077,0.21685616
2026-04-22,MIDCPNIFTY,13939.8,13919.45,13939.8,13927.15,0.01268433,0.01315842,0.01315842,0.2513913
2026-04-22,NIFTY,24378.1,24576.6,24381.2,24584.5,0.00917212,0.00924322,0.00924322,0.17659152
2026-04-22,NIFTYNXT50,71346.2,70824.45,71349.2,70796.8,0.01211869,0.01203601,0.01211869,0.2315273
2026-04-23,BANKNIFTY,56305.0,57124.45,56344.2,57147.0,0.01116925,0.01102971,0.01116925,0.21338827
2026-04-23,FINNIFTY,26247.2,26625.25,26273.9,26644.9,0.01136742,0.01103612,0.01136742,0.21717435
2026-04-23,MIDCPNIFTY,13848.55,13939.8,13847.35,13939.8,0.01266101,0.01313376,0.01313376,0.25092016
2026-04-23,NIFTY,24173.05,24378.1,24163.0,24381.2,0.00916876,0.00924213,0.00924213,0.17657056
2026-04-23,NIFTYNXT50,70410.35,71346.2,70376.0,71349.2,0.01212425,0.01204528,0.01212425,0.23163344
2026-04-24,BANKNIFTY,56089.75,56305.0,56206.6,56344.2,0.01114449,0.01100326,0.01114449,0.21291514
2026-04-24,FINNIFTY,26141.75,26247.2,26218.0,26273.9,0.01134262,0.01100971,0.01134262,0.21670037
2026-04-24,MIDCPNIFTY,13731.75,13848.55,13769.1,13847.35,0.01264346,0.01310718,0.01310718,0.25041225
2026-04-24,NIFTY,23897.95,24173.05,23922.8,24163.0,0.00918176,0.00924619,0.00924619,0.17664814
2026-04-24,NIFTYNXT50,69883.95,70410.35,70144.8,70376.0,0.01210564,0.01201743,0.01210564,0.23127797
2026-04-27,BANKNIFTY,56264.3,56089.75,56348.6,56206.6,0.01111878,0.01097709,0.01111878,0.212424
2026-04-27,FINNIFTY,26164.65,26141.75,26213.9,26218.0,0.01131418,0.01098199,0.01131418,0.21615703
2026-04-27,MIDCPNIFTY,13932.05,13731.75,13951.5,13769.1,0.01265343,0.01310751,0.01310751,0.25041871
2026-04-27,NIFTY,24092.7,23897.95,24120.1,23922.8,0.00917648,0.0092412,0.0092412,0.17655296
2026-04-27,NIFTYNXT50,70798.65,69883.95,70929.0,70144.8,0.01211044,0.01201316,0.01211044,0.23136963
2026-04-28,BANKNIFTY,55400.35,56264.3,55745.2,56607.6,0.01114491,0.01100345,0.01114491,0.2129233
2026-04-28,FINNIFTY,25937.5,26164.65,26091.5,26390.3,0.01130266,0.01098387,0.01130266,0.21593699
2026-04-28,MIDCPNIFTY,13976.15,13932.05,14043.8,13982.3,0.01262376,0.0130785,0.0130785,0.24986446
2026-04-28,NIFTY,23995.7,24092.7,24069.0,24209.7,0.00915807,0.00922729,0.00922729,0.17628711
2026-04-28,NIFTYNXT50,70568.2,70798.65,70827.8,70967.6,0.01208221,0.01198407,0.01208221,0.23083034
2026-04-29,BANKNIFTY,55403.6,55400.35,55613.8,55745.2,0.01111706,0.01097736,0.01111706,0.21239109
2026-04-29,FINNIFTY,25913.95,25937.5,26003.6,26091.5,0.01127455,0.01095918,0.01127455,0.21539989
2026-04-29,MIDCPNIFTY,13932.7,13976.15,13953.25,14043.8,0.01259411,0.01305389,0.01305389,0.24939416
2026-04-29,NIFTY,24177.65,23995.7,24252.0,24069.0,0.00915074,0.00921961,0.00921961,0.17614035
2026-04-29,NIFTYNXT50,70521.8,70568.2,70708.8,70827.8,0.01205206,0.01195475,0.01205206,0.23025437
2026-04-30,BANKNIFTY,54863.35,55403.6,55195.2,55613.8,0.0111109,0.0109628,0.0111109,0.21227349
2026-04-30,FINNIFTY,25657.35,25913.95,25782.8,26003.6,0.01126852,0.0109482,0.01126852,0.21528478
2026-04-30,MIDCPNIFTY,13826.0,13932.7,13879.65,13953.25,0.01257428,0.01302643,0.01302643,0.24886958
2026-04-30,NIFTY,23997.55,24177.65,24098.2,24252.0,0.00914335,0.00920746,0.00920746,0.17590833
2026-04-30,NIFTYNXT50,69643.9,70521.8,70084.2,70708.8,0.01205439,0.01194148,0.01205439,0.23029882
2026-05-04,BANKNIFTY,54878.5,54863.35,55153.8,55195.2,0.01108301,0.01093535,0.01108301,0.21174063
2026-05-04,FINNIFTY,25814.4,25657.35,25943.2,25782.8,0.01124861,0.01092946,0.01124861,0.21490445
2026-05-04,MIDCPNIFTY,13930.2,13826.0,13964.65,13879.65,0.01255394,0.01300107,0.01300107,0.24838517
2026-05-04,NIFTY,24119.3,23997.55,24206.0,24098.2,0.00912743,0.00918998,0.00918998,0.1755743
2026-05-04,NIFTYNXT50,70283.85,69643.9,70524.8,70084.2,0.01204167,0.01191987,0.01204167,0.23005575
2026-05-05,BANKNIFTY,54547.05,54878.5,54808.0,55153.8,0.01106342,0.01091695,0.01106342,0.21136642
2026-05-05,FINNIFTY,25716.9,25814.4,25824.3,25943.2,0.01122359,0.0109068,0.01122359,0.21442636
2026-05-05,MIDCPNIFTY,13950.25,13930.2,14000.85,13964.65,0.01252287,0.0129699,0.0129699,0.24778963
2026-05-05,NIFTY,24032.8,24119.3,24106.3,24206.0,0.00910813,0.00917185,0.00917185,0.17522799
2026-05-05,NIFTYNXT50,70627.3,70283.85,70793.6,70524.8,0.0120164,0.01189294,0.0120164,0.22957296
2026-05-06,BANKNIFTY,55981.05,54547.05,56348.6,54808.0,0.01118727,0.01106465,0.01118727,0.21373241
2026-05-06,FINNIFTY,26392.75,25716.9,26552.7,25824.3,0.01134481,0.01105594,0.01134481,0.21674238
2026-05-06,MIDCPNIFTY,14312.9,13950.25,14400.6,14000.85,0.01262256,0.01308975,0.01308975,0.2500793
2026-05-06,NIFTY,24330.95,24032.8,24447.4,24106.3,0.00912717,0.00920253,0.00920253,0.17581403
2026-05-06,NIFTYNXT50,71691.45,70627.3,72015.4,70793.6,0.01203272,0.01192463,0.01203272,0.22988473
2026-05-07,BANKNIFTY,56047.4,55981.05,56291.2,56348.6,0.01115936,0.01103735,0.01115936,0.21319923
2026-05-07,FINNIFTY,26449.5,26392.75,26567.5,26552.7,0.01131722,0.01102816,0.01131722,0.21621527
2026-05-07,MIDCPNIFTY,14551.45,14312.9,14611.05,14400.6,0.01264514,0.01309717,0.01309717,0.25022099
2026-05-07,NIFTY,24326.65,24330.95,24382.8,24447.4,0.00910459,0.00918159,0.00918159,0.17541399
2026-05-07,NIFTYNXT50,71852.9,71691.45,72145.0,72015.4,0.01200381,0.01189559,0.01200381,0.22933239
2026-05-08,BANKNIFTY,55310.55,56047.4,55515.8,56291.2,0.01117063,0.01105318,0.01117063,0.21341466
2026-05-08,FINNIFTY,26011.5,26449.5,26111.4,26567.5,0.0113505,0.01106848,0.0113505,0.21685096
2026-05-08,MIDCPNIFTY,14491.75,14551.45,14551.15,14611.05,0.01261685,0.01306777,0.01306777,0.24965945
2026-05-08,NIFTY,24176.15,24326.65,24234.6,24382.8,0.0090922,0.00916866,0.00916866,0.17516702
2026-05-08,NIFTYNXT50,71495.6,71852.9,71708.2,72145.0,0.01197889,0.01187379,0.01197889,0.22885637
2026-05-11,BANKNIFTY,54439.9,55310.55,54599.8,55515.8,0.01119888,0.01108797,0.01119888,0.21395421
2026-05-11,FINNIFTY,25655.45,26011.5,25732.1,26111.4,0.01136379,0.0110891,0.01136379,0.21710486
2026-05-11,MIDCPNIFTY,14333.2,14491.75,14374.0,14551.15,0.01260949,0.01306393,0.01306393,0.24958609
2026-05-11,NIFTY,23815.85,24176.15,23868.5,24234.6,0.00913148,0.00920859,0.00920859,0.17592995
2026-05-11,NIFTYNXT50,70297.85,71495.6,70537.0,71708.2,0.01200832,0.0119013,0.01200832,0.2294186
2026-05-12,BANKNIFTY,53555.2,54439.9,53721.8,54599.8,0.01123055,0.01111932,0.01123055,0.21455931
2026-05-12,FINNIFTY,25137.15,25655.45,25211.7,25732.1,0.01142703,0.01115537,0.01142703,0.21831307
2026-05-12,MIDCPNIFTY,13972.05,14333.2,13999.2,14374.0,0.01270674,0.01316461,0.01316461,0.25150952
2026-05-12,NIFTY,23379.55,23815.85,23424.7,23868.5,0.00920176,0.00928102,0.00928102,0.1773136
2026-05-12,NIFTYNXT50,68586.55,70297.85,68841.4,70537.0,0.01210437,0.0119955,0.01210437,0.2312537
2026-05-13,BANKNIFTY,53456.15,53555.2,53613.8,53721.8,0.01120341,0.01109243,0.01120341,0.21404092
2026-05-13,FINNIFTY,25116.65,25137.15,25195.6,25211.7,0.0113987,0.01112744,0.0113987,0.21777191
2026-05-13,MIDCPNIFTY,14074.05,13972.05,14111.5,13999.2,0.01268532,0.01314392,0.01314392,0.25111424
2026-05-13,NIFTY,23412.6,23379.55,23462.4,23424.7,0.00917914,0.00925863,0.00925863,0.17688588
2026-05-13,NIFTYNXT50,69166.4,68586.55,69368.2,68841.4,0.01208891,0.01197753,0.01208891,0.23095833
2026-05-14,BANKNIFTY,54128.95,53456.15,54227.8,53613.8,0.01121047,0.01109383,0.01121047,0.21417568
2026-05-14,FINNIFTY,25472.5,25116.65,25527.5,25195.6,0.01141359,0.0111381,0.01141359,0.21805627
2026-05-14,MIDCPNIFTY,14265.55,14074.05,14304.3,14111.5,0.01268971,0.01314599,0.01314599,0.25115371
2026-05-14,NIFTY,23689.6,23412.6,23700.1,23462.4,0.00919404,0.0092628,0.0092628,0.17696553
2026-05-14,NIFTYNXT50,69940.3,69166.4,70167.8,69368.2,0.01208422,0.01197495,0.01208422,0.23086867
2026-05-15,BANKNIFTY,53710.35,54128.95,53842.4,54227.8,0.01119567,0.01107741,0.01119567,0.21389296
2026-05-15,FINNIFTY,25343.85,25472.5,25393.5,25527.5,0.01139065,0.01111657,0.01139065,0.217618
2026-05-15,MIDCPNIFTY,14168.9,14265.55,14171.6,14304.3,0.01266712,0.01312975,0.01312975,0.25084345
2026-05-15,NIFTY,23643.5,23689.6,23643.9,23700.1,0.00917204,0.00924117,0.00924117,0.17655226
2026-05-15,NIFTYNXT50,69280.25,69940.3,69371.6,70167.8,0.01207267,0.01197222,0.01207267,0.23064807
2026-05-18,BANKNIFTY,53537.0,53710.35,53702.8,53842.4,0.01116985,0.01105125,0.01116985,0.21339969
2026-05-18,FINNIFTY,25349.75,25343.85,25397.0,25393.5,0.01136229,0.01108883,0.01136229,0.21707615
2026-05-18,MIDCPNIFTY,14165.65,14168.9,14165.8,14171.6,0.01263558,0.0130969,0.0130969,0.25021599
2026-05-18,NIFTY,23649.95,23643.5,23658.0,23643.9,0.0091493,0.00921818,0.00921818,0.17611301
2026-05-18,NIFTYNXT50,68618.0,69280.25,68834.2,69371.6,0.01206161,0.01195474,0.01206161,0.23043681
2026-05-19,BANKNIFTY,53409.15,53537.0,53501.8,53702.8,0.01114337,0.01102677,0.01114337,0.21289382
2026-05-19,FINNIFTY,25283.4,25349.75,25314.5,25397.0,0.01133529,0.01106337,0.01133529,0.21656045
2026-05-19,MIDCPNIFTY,14298.85,14165.65,14293.2,14165.8,0.0126214,0.01307949,0.01307949,0.24988338
2026-05-19,NIFTY,23618.0,23649.95,23612.0,23658.0,0.00912692,0.00919587,0.00919587,0.17568692
2026-05-19,NIFTYNXT50,68992.35,68618.0,69030.4,68834.2,0.01203747,0.01192669,0.01203747,0.22997548
2026-05-20,BANKNIFTY,53562.2,53409.15,53741.6,53501.8,0.01111711,0.01100373,0.01111711,0.21239205
2026-05-20,FINNIFTY,25294.6,25283.4,25364.5,25314.5,0.01130701,0.01103664,0.01130701,0.21602017
2026-05-20,MIDCPNIFTY,14369.6,14298.85,14396.2,14293.2,0.01259465,0.01305651,0.01305651,0.24944426
2026-05-20,NIFTY,23659.0,23618.0,23668.5,23612.0,0.00910486,0.00917419,0.00917419,0.17527265
2026-05-20,NIFTYNXT50,69361.55,68992.35,69551.8,69030.4,0.01201324,0.0119089,0.01201324,0.22951262
2026-05-21,BANKNIFTY,53439.4,53562.2,53530.8,53741.6,0.01109046,0.01097961,0.01109046,0.21188302
2026-05-21,FINNIFTY,25237.2,25294.6,25281.7,25364.5,0.01127992,0.01101156,0.01127992,0.21550254
2026-05-21,MIDCPNIFTY,14351.9,14369.6,14361.4,14396.2,0.01256362,0.01302486,0.01302486,0.24883957
2026-05-21,NIFTY,23654.7,23659.0,23631.4,23668.5,0.00908216,0.00915213,0.00915213,0.17485117
2026-05-21,NIFTYNXT50,69505.6,69361.55,69553.6,69551.8,0.01198415,0.01187901,0.01198415,0.22895692
2026-05-22,BANKNIFTY,54055.35,53439.4,54237.2,53530.8,0.01109242,0.01099121,0.01109242,0.2119203
2026-05-22,FINNIFTY,25531.5,25237.2,25629.0,25281.7,0.01128166,0.01102608,0.01128166,0.21553584
2026-05-22,MIDCPNIFTY,14381.55,14351.9,14416.1,14361.4,0.01253284,0.01299515,0.01299515,0.24827206
2026-05-22,NIFTY,23719.3,23654.7,23744.0,23631.4,0.00906172,0.00913533,0.00913533,0.17453016
2026-05-22,NIFTYNXT50,69783.05,69505.6,69915.8,69553.6,0.01195748,0.01185493,0.01195748,0.22844728
2026-05-25,BANKNIFTY,55293.65,54055.35,55431.4,54237.2,0.01117988,0.01107148,0.01117988,0.21359139
2026-05-25,FINNIFTY,26102.15,25531.5,26172.7,25629.0,0.01136163,0.011098,0.01136163,0.21706368
2026-05-25,MIDCPNIFTY,14559.9,14381.55,14563.4,14416.1,0.01253173,0.01298239,0.01298239,0.24802816
2026-05-25,NIFTY,24031.7,23719.3,24063.0,23744.0,0.00908601,0.00916096,0.00916096,0.17501998
2026-05-25,NIFTYNXT50,70815.85,69783.05,70921.0,69915.8,0.01197265,0.01186828,0.01197265,0.22873714
2026-05-26,BANKNIFTY,55092.9,55293.65,55457.8,55647.2,0.01115487,0.0110465,0.01115487,0.21311355
2026-05-26,FINNIFTY,25932.25,26102.15,26061.8,26277.4,0.01134274,0.01108574,0.01134274,0.21670276
2026-05-26,MIDCPNIFTY,14675.6,14559.9,14777.15,14661.75,0.01251272,0.01296166,0.01296166,0.24763217
2026-05-26,NIFTY,23913.7,24031.7,23978.9,24106.4,0.00907019,0.00914555,0.00914555,0.17472541
2026-05-26,NIFTYNXT50,70945.1,70815.85,71323.6,71189.0,0.0119432,0.01183949,0.0119432,0.22817444
2026-05-27,BANKNIFTY,54853.85,55092.9,55207.0,55457.8,0.01113115,0.01102373,0.01113115,0.21266023
2026-05-27,FINNIFTY,25752.2,25932.25,25896.3,26061.8,0.01132517,0.011067,0.01132517,0.21636702
2026-05-27,MIDCPNIFTY,14705.95,14675.6,14796.15,14777.15,0.01248233,0.01292936,0.01292936,0.24701501
2026-05-27,NIFTY,23907.15,23913.7,23996.7,23978.9,0.0090476,0.00912275,0.00912275,0.17428988
2026-05-27,NIFTYNXT50,71957.2,70945.1,72271.0,71323.6,0.01195534,0.01184651,0.01195534,0.22840637
2026-05-29,BANKNIFTY,54239.2,54853.85,54760.0,55207.0,0.01113173,0.01101103,0.01113173,0.21267139
2026-05-29,FINNIFTY,25354.0,25752.2,25603.4,25896.3,0.01135046,0.01106863,0.01135046,0.21685023
2026-05-29,MIDCPNIFTY,14474.9,14705.95,14602.3,14796.15,0.01250139,0.01293073,0.01293073,0.24704124
2026-05-29,NIFTY,23547.75,23907.15,23748.8,23996.7,0.00908834,0.00912924,0.00912924,0.17441393
2026-05-29,NIFTYNXT50,71073.65,71957.2,71545.8,72271.0,0.01195736,0.01183836,0.01195736,0.22844512
2026-06-01,BANKNIFTY,53643.1,54239.2,53973.0,54760.0,0.01113153,0.01103094,0.01113153,0.21266764
2026-06-01,FINNIFTY,25008.45,25354.0,25126.9,25603.4,0.01136342,0.01112034,0.01136342,0.21709792
2026-06-01,MIDCPNIFTY,14264.85,14474.9,14348.8,14602.3,0.01251267,0.01295753,0.01295753,0.24755319
2026-06-01,NIFTY,23382.6,23547.75,23462.0,23748.8,0.00907935,0.00914666,0.00914666,0.17474671
2026-06-01,NIFTYNXT50,69921.85,71073.65,70336.4,71545.8,0.01198331,0.01187024,0.01198331,0.2289409
2026-06-02,BANKNIFTY,53714.65,53643.1,54148.0,53973.0,0.01110402,0.01100563,0.01110402,0.21214207
2026-06-02,FINNIFTY,24861.25,25008.45,25065.5,25126.9,0.01134278,0.01109377,0.01134278,0.21670346
2026-06-02,MIDCPNIFTY,14240.45,14264.85,14369.6,14348.8,0.01248206,0.01292559,0.01292559,0.24694313
2026-06-02,NIFTY,23483.55,23382.6,23603.1,23462.0,0.00906149,0.00913353,0.00913353,0.17449594
2026-06-02,NIFTYNXT50,70115.8,69921.85,70775.6,70336.4,0.01195493,0.0118486,0.01195493,0.22839863
2026-06-03,BANKNIFTY,54185.95,53714.65,54517.4,54148.0,0.01109347,0.01098843,0.01109347,0.21194045
2026-06-03,FINNIFTY,24955.7,24861.25,25129.2,25065.5,0.01131762,0.01106738,0.01131762,0.21622289
2026-06-03,MIDCPNIFTY,14149.05,14240.45,14285.85,14369.6,0.01245907,0.01289983,0.01289983,0.24645081
2026-06-03,NIFTY,23405.6,23483.55,23515.7,23603.1,0.00904183,0.00911437,0.00911437,0.17412976
2026-06-03,NIFTYNXT50,69856.4,70115.8,70451.2,70775.6,0.01192787,0.01182343,0.01192787,0.22788164
2026-06-04,BANKNIFTY,54307.85,54185.95,54616.6,54517.4,0.01106706,0.01096188,0.01106706,0.21143595
2026-06-04,FINNIFTY,25031.25,24955.7,25165.2,25129.2,0.01129138,0.01104028,0.01129138,0.21572149
2026-06-04,MIDCPNIFTY,14186.3,14149.05,14281.0,14285.85,0.01242934,0.01286773,0.01286773,0.24583767
2026-06-04,NIFTY,23416.55,23405.6,23511.6,23515.7,0.009019,0.00909147,0.00909147,0.17369226
2026-06-04,NIFTYNXT50,70010.95,69856.4,70513.0,70451.2,0.01189887,0.01179385,0.01189887,0.22732756
2026-06-05,BANKNIFTY,54496.25,54307.85,54781.6,54616.6,0.01104208,0.01093639,0.01104208,0.21095867
2026-06-05,FINNIFTY,25056.8,25031.25,25182.6,25165.2,0.01126356,0.01101285,0.01126356,0.21518994
2026-06-05,MIDCPNIFTY,14107.5,14186.3,14211.6,14281.0,0.01240454,0.0128402,0.0128402,0.24531169
2026-06-05,NIFTY,23366.7,23416.55,23451.7,23511.6,0.00899756,0.00907024,0.00907024,0.17328673
2026-06-05,NIFTYNXT50,70191.95,70010.95,70557.8,70513.0,0.01187036,0.01176421,0.01187036,0.2267829
2026-06-08,BANKNIFTY,54063.75,54496.25,54242.0,54781.6,0.01102895,0.01093124,0.01102895,0.21070784
2026-06-08,FINNIFTY,24805.0,25056.8,24870.9,25182.6,0.01125814,0.0110204,0.01125814,0.21508645
2026-06-08,MIDCPNIFTY,13994.75,14107.5,14043.0,14211.6,0.01238639,0.0128358,0.0128358,0.24522765
2026-06-08,NIFTY,23123.0,23366.7,23174.6,23451.7,0.00900582,0.00908653,0.00908653,0.17359794
2026-06-08,NIFTYNXT50,68975.4,70191.95,69291.6,70557.8,0.0119052,0.01180456,0.0119052,0.22744858
2026-06-09,BANKNIFTY,55194.5,54063.75,55375.6,54242.0,0.01109838,0.01100144,0.01109838,0.21203433
2026-06-09,FINNIFTY,25152.45,24805.0,25227.0,24870.9,0.01127314,0.01103872,0.01127314,0.21537305
2026-06-09,MIDCPNIFTY,14180.8,13994.75,14284.0,14043.0,0.01239052,0.01286017,0.01286017,0.24569316
2026-06-09,NIFTY,23242.1,23123.0,23331.1,23174.6,0.00899035,0.00907654,0.00907654,0.17340712
2026-06-09,NIFTYNXT50,69945.85,68975.4,70300.6,69291.6,0.01191626,0.0118194,0.01191626,0.22765991
2026-06-10,BANKNIFTY,55100.3,55194.5,55200.4,55375.6,0.01107108,0.01097611,0.01107108,0.21151262
2026-06-10,FINNIFTY,25206.25,25152.45,25215.7,25227.0,0.01124577,0.01101098,0.01124577,0.21485021
2026-06-10,MIDCPNIFTY,13991.25,14180.8,14029.4,14284.0,0.01239588,0.01289071,0.01289071,0.24627665
2026-06-10,NIFTY,23214.95,23242.1,23240.1,23331.1,0.00896843,0.00905784,0.00905784,0.17304979
2026-06-10,NIFTYNXT50,69154.7,69945.85,69315.4,70300.6,0.01191373,0.01183205,0.01191373,0.22761152
2026-06-11,BANKNIFTY,55176.75,55100.3,55272.0,55200.4,0.01104386,0.01094925,0.01104386,0.21099258
2026-06-11,FINNIFTY,25152.0,25206.25,25178.8,25215.7,0.01121877,0.01098383,0.01121877,0.21433435
2026-06-11,MIDCPNIFTY,13866.55,13991.25,13924.35,14029.4,0.01238113,0.01286941,0.01286941,0.24586965
2026-06-11,NIFTY,23161.6,23214.95,23200.0,23240.1,0.00894731,0.00903575,0.00903575,0.17262769
2026-06-11,NIFTYNXT50,68378.75,69154.7,68780.6,69315.4,0.01191079,0.01181524,0.01191079,0.22755534
2026-06-12,BANKNIFTY,56814.8,55176.75,56872.4,55272.0,0.0112089,0.01110695,0.0112089,0.21414577
2026-06-12,FINNIFTY,25943.35,25152.0,25964.6,25178.8,0.01140302,0.01116956,0.01140302,0.21785438
2026-06-12,MIDCPNIFTY,14245.6,13866.55,14337.4,13924.35,0.0124964,0.01300248,0.01300248,0.24841209
2026-06-12,NIFTY,23622.9,23161.6,23686.6,23200.0,0.00903296,0.0091316,0.0091316,0.17445896
2026-06-12,NIFTYNXT50,70007.2,68378.75,70349.4,68780.6,0.0119971,0.01189307,0.0119971,0.22920424
2026-06-15,BANKNIFTY,57198.8,56814.8,57257.2,56872.4,0.01119101,0.01108921,0.01119101,0.21380392
2026-06-15,FINNIFTY,26274.8,25943.35,26298.8,25964.6,0.01140989,0.01117828,0.01140989,0.2179857
2026-06-15,MIDCPNIFTY,14426.35,14245.6,14482.75,14337.4,0.01249696,0.01298936,0.01298936,0.24816133
2026-06-15,NIFTY,23853.9,23622.9,23916.6,23686.6,0.00903634,0.00913455,0.00913455,0.17451527
2026-06-15,NIFTYNXT50,71685.25,70007.2,71573.4,70349.4,0.0120837,0.01192604,0.0120837,0.23085868
2026-06-16,BANKNIFTY,57297.15,57198.8,57322.4,57257.2,0.01116372,0.01106172,0.01116372,0.2132825
2026-06-16,FINNIFTY,26442.3,26274.8,26430.5,26298.8,0.01139039,0.01115572,0.01139039,0.21761308
2026-06-16,MIDCPNIFTY,14503.9,14426.35,14559.7,14482.75,0.01247128,0.01296213,0.01296213,0.24764114
2026-06-16,NIFTY,23989.15,23853.9,24001.0,23916.6,0.00902283,0.00911509,0.00911509,0.17414353
2026-06-16,NIFTYNXT50,71798.65,71685.25,71820.8,71573.4,0.01205414,0.01189867,0.01205414,0.2302941
2026-06-17,BANKNIFTY,57585.05,57297.15,57588.2,57322.4,0.01114147,0.0110388,0.01114147,0.21285757
2026-06-17,FINNIFTY,26404.95,26442.3,26400.9,26430.5,0.01136227,0.01112807,0.01136227,0.21707596
2026-06-17,MIDCPNIFTY,14575.8,14503.9,14628.95,14559.7,0.01244486,0.01293416,0.01293416,0.24710677
2026-06-17,NIFTY,24085.7,23989.15,24094.0,24001.0,0.00900464,0.00909612,0.00909612,0.17378111
2026-06-17,NIFTYNXT50,72258.5,71798.65,72212.0,71820.8,0.01203234,0.01187517,0.01203234,0.2298776
2026-06-18,BANKNIFTY,57963.8,57585.05,57996.0,57588.2,0.01112314,0.01102269,0.01112314,0.21250728
2026-06-18,FINNIFTY,26581.95,26404.95,26591.9,26400.9,0.01134362,0.01111174,0.01134362,0.21671952
2026-06-18,MIDCPNIFTY,14595.65,14575.8,14660.85,14628.95,0.0124139,0.01290261,0.01290261,0.24650397
2026-06-18,NIFTY,24168.0,24085.7,24192.5,24094.0,0.00898514,0.00907797,0.00907797,0.17343436
2026-06-18,NIFTYNXT50,72595.95,72258.5,72594.0,72212.0,0.01200686,0.01185133,0.01200686,0.2293907
2026-06-19,BANKNIFTY,57685.75,57963.8,57861.6,57996.0,0.01110032,0.01099634,0.01110032,0.21207123
2026-06-19,FINNIFTY,26431.15,26581.95,26469.0,26591.9,0.01132247,0.01108873,0.01132247,0.21631558
2026-06-19,MIDCPNIFTY,14618.95,14595.65,14646.3,14660.85,0.01238314,0.01287061,0.01287061,0.24589261
2026-06-19,NIFTY,24013.1,24168.0,24056.9,24192.5,0.00897402,0.00906399,0.00906399,0.17316729
2026-06-19,NIFTYNXT50,72356.65,72595.95,72325.6,72594.0,0.01197889,0.0118244,0.01197889,0.22885629
2026-06-22,BANKNIFTY,57935.6,57685.75,58011.4,57861.6,0.01107688,0.01097036,0.01107688,0.21162351
2026-06-22,FINNIFTY,26585.55,26431.15,26631.5,26469.0,0.01130171,0.01106944,0.01130171,0.21591885
2026-06-22,MIDCPNIFTY,14630.55,14618.95,14651.0,14646.3,0.01235218,0.01283831,0.01283831,0.24527561
2026-06-22,NIFTY,24102.9,24013.1,24123.8,24056.9,0.00895528,0.00904366,0.00904366,0.17277885
2026-06-22,NIFTYNXT50,73073.2,72356.65,72907.8,72325.6,0.01196905,0.01180857,0.01196905,0.22866832
2026-06-23,BANKNIFTY,57183.75,57935.6,57246.6,58011.4,0.01108781,0.01098312,0.01108781,0.21183239
2026-06-23,FINNIFTY,26329.3,26585.55,26334.0,26631.5,0.01129426,0.01107016,0.01129426,0.2157766
2026-06-23,MIDCPNIFTY,14481.55,14630.55,14489.25,14651.0,0.01234265,0.01283013,0.01283013,0.24511921
2026-06-23,NIFTY,23824.1,24102.9,23852.5,24123.8,0.00897083,0.00905652,0.00905652,0.17302464
2026-06-23,NIFTYNXT50,72068.75,73073.2,71931.6,72907.8,0.01197921,0.01181742,0.01197921,0.22886258
2026-06-24,BANKNIFTY,58150.35,57183.75,58187.2,57246.6,0.01112341,0.01101612,0.01112341,0.21251236
2026-06-24,FINNIFTY,26736.0,26329.3,26747.7,26334.0,0.011318,0.01109739,0.011318,0.21623
2026-06-24,MIDCPNIFTY,14516.4,14481.55,14546.05,14489.25,0.01231289,0.01280092,0.01280092,0.24456118
2026-06-24,NIFTY,24021.65,23824.1,24051.8,23852.5,0.00896764,0.00905296,0.00905296,0.17295655
2026-06-24,NIFTYNXT50,72060.5,72068.75,72101.6,71931.6,0.01194917,0.01178896,0.01194917,0.22828849
2026-06-25,BANKNIFTY,58177.05,58150.35,58239.6,58187.2,0.0110956,0.01098851,0.0110956,0.2119812
2026-06-25,FINNIFTY,26770.55,26736.0,26802.4,26747.7,0.01129017,0.01107046,0.01129017,0.21569831
2026-06-25,MIDCPNIFTY,14434.55,14516.4,14463.8,14546.05,0.01228869,0.01277503,0.01277503,0.24406667
2026-06-25,NIFTY,24056.0,24021.65,24102.3,24051.8,0.00894584,0.00903173,0.00903173,0.17255101
2026-06-25,NIFTYNXT50,72199.55,72060.5,72108.2,72101.6,0.01191993,0.01175947,0.01191993,0.2277299
2026-06-29,BANKNIFTY,57727.35,58177.05,57812.6,58239.6,0.01108131,0.01097347,0.01108131,0.21170821
2026-06-29,FINNIFTY,26598.35,26770.55,26623.7,26802.4,0.01127124,0.0110531,0.01127124,0.21533675
2026-06-29,MIDCPNIFTY,14367.4,14434.55,14376.75,14463.8,0.01226229,0.01275015,0.01275015,0.24359118
2026-06-29,NIFTY,23946.25,24056.0,23972.9,24102.3,0.00892941,0.00901704,0.00901704,0.17227035
2026-06-29,NIFTYNXT50,71510.3,72199.55,71604.2,72108.2,0.01190923,0.01174072,0.01190923,0.22752544
2026-06-30,BANKNIFTY,57542.9,57727.35,57991.2,58148.0,0.01105609,0.0109478,0.01105609,0.21122638
2026-06-30,FINNIFTY,26554.55,26598.35,26812.3,26786.8,0.01124359,0.01102559,0.01124359,0.21480854
2026-06-30,MIDCPNIFTY,14426.35,14367.4,14511.15,14402.75,0.01223487,0.01272943,0.01272943,0.24319532
2026-06-30,NIFTY,23865.75,23946.25,24009.1,24037.7,0.00891,0.00899503,0.00899503,0.17184978
2026-06-30,NIFTYNXT50,71629.45,71510.3,72086.8,71674.8,0.01188001,0.01171815,0.01188001,0.22696733
2026-07-01,BANKNIFTY,58033.05,57542.9,58309.8,57991.2,0.01104484,0.01092707,0.01104484,0.21101139
2026-07-01,FINNIFTY,26797.75,26554.55,26931.9,26812.3,0.01123403,0.01100233,0.01123403,0.21462589
2026-07-01,MIDCPNIFTY,14536.1,14426.35,14605.3,14511.15,0.01221592,0.01270586,0.01270586,0.24274515
2026-07-01,NIFTY,24005.85,23865.75,24092.6,24009.1,0.00889743,0.00897584,0.00897584,0.1714832
2026-07-01,NIFTYNXT50,72100.65,71629.45,72331.2,72086.8,0.01185914,0.01169148,0.01185914,0.22656864
2026-07-02,BANKNIFTY,58031.65,58033.05,58350.6,58309.8,0.01101726,0.01089979,0.01101726,0.21048449
2026-07-02,FINNIFTY,26862.4,26797.75,27013.6,26931.9,0.01120705,0.01097682,0.01120705,0.21411044
2026-07-02,MIDCPNIFTY,14573.3,14536.1,14651.0,14605.3,0.01218674,0.01267602,0.01267602,0.24217511
2026-07-02,NIFTY,24175.7,24005.85,24265.0,24092.6,0.00888891,0.0089678,0.0089678,0.17132949
2026-07-02,NIFTYNXT50,72418.55,72100.65,72614.8,72331.2,0.01183358,0.01166547,0.01183358,0.2260802
2026-07-03,BANKNIFTY,57938.5,58031.65,58221.0,58350.6,0.01099027,0.01087385,0.01099027,0.20996879
2026-07-03,FINNIFTY,26875.05,26862.4,27011.1,27013.6,0.01117914,0.01094932,0.01117914,0.21357712
2026-07-03,MIDCPNIFTY,14545.9,14573.3,14591.75,14651.0,0.0121571,0.01264748,0.01264748,0.24162973
2026-07-03,NIFTY,24270.85,24175.7,24352.7,24265.0,0.00887086,0.00894891,0.00894891,0.17096867
2026-07-03,NIFTYNXT50,72268.95,72418.55,72395.2,72614.8,0.01180471,0.0116381,0.01180471,0.22552871
2026-07-06,BANKNIFTY,58291.5,57938.5,58508.8,58221.0,0.01097135,0.01085221,0.01097135,0.20960735
2026-07-06,FINNIFTY,26993.85,26875.05,27091.9,27011.1,0.01115538,0.01092406,0.01115538,0.21312317
2026-07-06,MIDCPNIFTY,14612.2,14545.9,14666.35,14591.75,0.01213113,0.01262102,0.01262102,0.24112431
2026-07-06,NIFTY,24430.35,24270.85,24482.9,24352.7,0.00886065,0.0089343,0.0089343,0.17068961
2026-07-06,NIFTYNXT50,72685.6,72268.95,72816.8,72395.2,0.01178213,0.01161643,0.01178213,0.2250972
2026-07-07,BANKNIFTY,58200.7,58291.5,58398.6,58508.8,0.01094442,0.01082585,0.01094442,0.20909283
2026-07-07,FINNIFTY,26985.05,26993.85,27057.8,27091.9,0.01112737,0.0108973,0.01112737,0.21258808
2026-07-07,MIDCPNIFTY,14638.45,14612.2,14681.05,14666.35,0.01210125,0.01258962,0.01258962,0.24052438
2026-07-07,NIFTY,24398.7,24430.35,24440.3,24482.9,0.00883888,0.00891269,0.00891269,0.17027673
2026-07-07,NIFTYNXT50,72248.45,72685.6,72306.0,72816.8,0.01176044,0.01159798,0.01176044,0.22468281
2026-07-08,BANKNIFTY,56742.6,58200.7,56950.6,58398.6,0.01106345,0.01094376,0.01106345,0.21136683
2026-07-08,FINNIFTY,26323.75,26985.05,26428.1,27057.8,0.01123739,0.01099676,0.01123739,0.21469004
2026-07-08,MIDCPNIFTY,14419.1,14638.45,14436.15,14681.05,0.01211807,0.01261437,0.01261437,0.24099726
2026-07-08,NIFTY,23882.05,24398.7,23912.2,24440.3,0.00894593,0.00902379,0.00902379,0.17239921
2026-07-08,NIFTYNXT50,70898.75,72248.45,70961.4,72306.0,0.01180663,0.01164471,0.01180663,0.22556541
2026-07-09,BANKNIFTY,57252.45,56742.6,57472.0,56950.6,0.01105387,0.01093556,0.01105387,0.21118392
2026-07-09,FINNIFTY,26482.45,26323.75,26572.6,26428.1,0.01121736,0.01097607,0.01121736,0.21430743
2026-07-09,MIDCPNIFTY,14654.8,14419.1,14686.8,14436.15,0.01214209,0.01264144,0.01264144,0.24151433
2026-07-09,NIFTY,23962.8,23882.05,23999.3,23912.2,0.00892675,0.00900494,0.00900494,0.17203914
2026-07-09,NIFTYNXT50,71485.85,70898.75,71493.4,70961.4,0.01179165,0.01162759,0.01179165,0.22527918
2026-07-10,BANKNIFTY,58045.9,57252.45,58200.0,57472.0,0.01106916,0.0109446,0.01106916,0.21147595
2026-07-10,FINNIFTY,26831.05,26482.45,26942.0,26572.6,0.01122746,0.01099184,0.01122746,0.21450041
2026-07-10,MIDCPNIFTY,14820.9,14654.8,14854.15,14686.8,0.01213787,0.01263538,0.01263538,0.24139858
2026-07-10,NIFTY,24206.9,23962.8,24241.9,23999.3,0.00893337,0.00901057,0.00901057,0.17214668
2026-07-10,NIFTYNXT50,72391.8,71485.85,72495.2,71493.4,0.01179567,0.01164011,0.01179567,0.22535592
2026-07-13,BANKNIFTY,58131.45,58045.9,58286.4,58200.0,0.01104211,0.01091751,0.01104211,0.21095922
2026-07-13,FINNIFTY,26836.15,26831.05,26930.7,26942.0,0.01119955,0.01096434,0.01119955,0.21396707
2026-07-13,MIDCPNIFTY,14839.65,14820.9,14869.65,14854.15,0.0121079,0.01260386,0.01260386,0.24079633
2026-07-13,NIFTY,24211.0,24206.9,24242.8,24241.9,0.00891129,0.008988,0.008988,0.17171541
2026-07-13,NIFTYNXT50,72111.4,72391.8,72231.4,72495.2,0.01176944,0.01161374,0.01176944,0.22485475
2026-07-14,BANKNIFTY,57462.3,58131.45,57538.2,58286.4,0.01104493,0.01092834,0.01104493,0.21101317
2026-07-14,FINNIFTY,26536.7,26836.15,26606.4,26930.7,0.01119966,0.01097054,0.01119966,0.21396924
2026-07-14,MIDCPNIFTY,14712.65,14839.65,14712.75,14869.65,0.01209282,0.01259477,0.01259477,0.24062281
2026-07-14,NIFTY,24052.05,24211.0,24024.2,24242.8,0.00890112,0.00898812,0.00898812,0.17171783
2026-07-14,NIFTYNXT50,71851.6,72111.4,71857.0,72231.4,0.01174277,0.01159054,0.01174277,0.22434521
2026-07-15,BANKNIFTY,57757.85,57462.3,57837.6,57538.2,0.01102323,0.01090722,0.01102323,0.21059855
2026-07-15,FINNIFTY,26693.35,26536.7,26728.6,26606.4,0.01117927,0.01094775,0.01117927,0.21357964
2026-07-15,MIDCPNIFTY,14771.45,14712.65,14766.3,14712.75,0.012066,0.01256594,0.01256594,0.24007195
2026-07-15,NIFTY,24078.5,24052.05,24067.8,24024.2,0.00887918,0.00896674,0.00896674,0.17130939
2026-07-15,NIFTYNXT50,72148.8,71851.6,72124.2,71857.0,0.0117169,0.01156448,0.0117169,0.22385106
2026-07-16,BANKNIFTY,57582.25,57757.85,57791.0,57837.6,0.01099767,0.01088018,0.01099767,0.21011024
2026-07-16,FINNIFTY,26556.7,26693.35,26663.6,26728.6,0.01115737,0.01092156,0.01115737,0.21316117
2026-07-16,MIDCPNIFTY,14793.25,14771.45,14794.05,14766.3,0.01203632,0.01253508,0.01253508,0.23948229
2026-07-16,NIFTY,24072.75,24078.5,24096.4,24067.8,0.00885698,0.00894455,0.00894455,0.17088547
2026-07-16,NIFTYNXT50,71896.75,72148.8,71918.8,72124.2,0.01169037,0.01153742,0.01169037,0.22334423
2026-07-17,BANKNIFTY,58521.4,57582.25,58533.8,57791.0,0.01102968,0.01089053,0.01102968,0.2107218
2026-07-17,FINNIFTY,26903.35,26556.7,26923.1,26663.6,0.0111673,0.01091571,0.0111673,0.21335088
2026-07-17,MIDCPNIFTY,14715.4,14793.25,14740.6,14794.05,0.01201186,0.01250639,0.01250639,0.23893429
2026-07-17,NIFTY,24334.3,24072.75,24321.7,24096.4,0.00886801,0.00894668,0.00894668,0.170926
2026-07-17,NIFTYNXT50,71828.4,71896.75,71882.6,71918.8,0.0116611,0.01150851,0.0116611,0.22278498
2026-07-20,BANKNIFTY,57945.0,58521.4,58125.0,58533.8,0.01102414,0.0108744,0.01102414,0.21061586
2026-07-20,FINNIFTY,26574.65,26903.35,26659.5,26923.1,0.01117327,0.01091047,0.01117327,0.2134651
2026-07-20,MIDCPNIFTY,14779.7,14715.4,14822.15,14740.6,0.01198556,0.01248119,0.01248119,0.23845283
2026-07-20,NIFTY,24238.5,24334.3,24259.5,24321.7,0.00885012,0.00892595,0.00892595,0.17053004
2026-07-20,NIFTYNXT50,72460.05,71828.4,72419.6,71882.6,0.01164832,0.01149194,0.01164832,0.22254087
2026-07-21,BANKNIFTY,57835.35,57945.0,57968.6,58125.0,0.01099729,0.01084873,0.01099729,0.21010284
2026-07-21,FINNIFTY,26531.65,26574.65,26604.5,26659.5,0.0111458,0.01088421,0.0111458,0.21294026
2026-07-21,MIDCPNIFTY,14814.3,14779.7,14835.45,14822.15,0.01195655,0.01245011,0.01245011,0.23785893
2026-07-21,NIFTY,24187.7,24238.5,24180.6,24259.5,0.00882895,0.00890644,0.00890644,0.17015734
2026-07-21,NIFTYNXT50,72777.1,72460.05,72694.8,72419.6,0.01162312,0.01146611,0.01162312,0.22205939
2026-07-22,BANKNIFTY,57126.8,57835.35,57198.6,57968.6,0.01100432,0.01086304,0.01100432,0.21023723
2026-07-22,FINNIFTY,26188.85,26531.65,26232.6,26604.5,0.01115592,0.01090268,0.01115592,0.21313347
2026-07-22,MIDCPNIFTY,14626.35,14814.3,14626.1,14835.45,0.01196078,0.01245973,0.01245973,0.23804279
2026-07-22,NIFTY,23996.25,24187.7,23988.4,24180.6,0.00882474,0.00890179,0.00890179,0.17006842
2026-07-22,NIFTYNXT50,72296.65,72777.1,72195.6,72694.8,0.01160361,0.01144771,0.01160361,0.22168673
2026-07-23,BANKNIFTY,56592.0,57126.8,56665.4,57198.6,0.01099713,0.01085627,0.01099713,0.21009985
2026-07-23,FINNIFTY,25992.05,26188.85,26044.6,26232.6,0.01114057,0.01088735,0.01114057,0.21284024
2026-07-23,MIDCPNIFTY,14428.35,14626.35,14422.9,14626.1,0.01196969,0.01246766,0.01246766,0.23819424
2026-07-23,NIFTY,23869.6,23996.25,23873.6,23988.4,0.00881082,0.00888588,0.00888588,0.1697645
2026-07-23,NIFTYNXT50,71840.45,72296.65,71821.8,72195.6,0.01158305,0.01142495,0.01158305,0.22129395
2026-07-24,BANKNIFTY,56693.5,56592.0,56844.6,56665.4,0.01097048,0.01083146,0.01097048,0.20959066
2026-07-24,FINNIFTY,25909.9,25992.05,25991.6,26044.6,0.01111483,0.01086085,0.01111483,0.21234862
2026-07-24,MIDCPNIFTY,14436.05,14428.35,14462.85,14422.9,0.01193964,0.01243789,0.01243789,0.23762551
2026-07-24,NIFTY,23767.45,23869.6,23806.5,23873.6,0.00879396,0.00886594,0.00886594,0.16938346
2026-07-24,NIFTYNXT50,71766.0,71840.45,71795.0,71821.8,0.01155442,0.0113964,0.01155442,0.2207468
2026-07-27,BANKNIFTY,57087.2,56693.5,57176.4,56844.6,0.01095389,0.01081216,0.01095389,0.20927378
2026-07-27,FINNIFTY,26126.15,25909.9,26177.6,25991.6,0.0111026,0.01084548,0.0111026,0.21211486
2026-07-27,MIDCPNIFTY,14572.9,14436.05,14590.75,14462.85,0.01192863,0.01242232,0.01242232,0.23732814
2026-07-27,NIFTY,23995.95,23767.45,24028.0,23806.5,0.00879779,0.00886769,0.00886769,0.16941689
2026-07-27,NIFTYNXT50,72596.85,71766.0,72446.2,71795.0,0.011554,0.01138588,0.011554,0.22073891
2026-07-28,BANKNIFTY,56755.6,57087.2,57009.0,57396.2,0.01093434,0.01079558,0.01093434,0.20890023
2026-07-28,FINNIFTY,26024.2,26126.15,26194.2,26301.9,0.01107836,0.01082202,0.01107836,0.21165179
2026-07-28,MIDCPNIFTY,14541.05,14572.9,14612.4,14646.3,0.01189968,0.01239215,0.01239215,0.23675163
2026-07-28,NIFTY,23985.35,23995.95,24098.8,24101.8,0.00877576,0.00884573,0.00884573,0.16899737
2026-07-28,NIFTYNXT50,72087.45,72596.85,72116.4,72682.2,0.01153562,0.01137089,0.01153562,0.22038766
2026-07-29,BANKNIFTY,57205.9,56755.6,57344.4,57009.0,0.01092128,0.01077633,0.01092128,0.20865086
2026-07-29,FINNIFTY,26287.1,26024.2,26346.4,26194.2,0.01107346,0.01080288,0.01107346,0.21155815
2026-07-29,MIDCPNIFTY,14683.05,14541.05,14729.85,14612.4,0.01188967,0.01237427,0.01237427,0.23641013
2026-07-29,NIFTY,24250.2,23985.35,24311.5,24098.8,0.00878794,0.00884561,0.00884561,0.16899517
2026-07-29,NIFTYNXT50,72626.55,72087.45,72658.2,72116.4,0.01151878,0.01135489,0.01151878,0.22006591
2026-07-30,BANKNIFTY,57147.5,57205.9,57294.6,57344.4,0.01089398,0.01074956,0.01089398,0.20812925
2026-07-30,FINNIFTY,26251.25,26287.1,26340.8,26346.4,0.01104609,0.01077575,0.01104609,0.21103535
2026-07-30,MIDCPNIFTY,14676.65,14683.05,14705.2,14729.85,0.01185977,0.01234376,0.01234376,0.23582722
2026-07-30,NIFTY,24317.15,24250.2,24358.0,24311.5,0.00876823,0.00882423,0.00882423,0.1685867
2026-07-30,NIFTYNXT50,72698.95,72626.55,72718.4,72658.2,0.01149006,0.01132646,0.01149006,0.21951736
2026-07-31,BANKNIFTY,57264.85,57147.5,57425.2,57294.6,0.01086773,0.01072372,0.01086773,0.20762776
2026-07-31,FINNIFTY,26594.05,26251.25,26678.6,26340.8,0.01105674,0.01078663,0.01105674,0.21123873
2026-07-31,MIDCPNIFTY,14784.4,14676.65,14816.55,14705.2,0.01184121,0.01232447,0.01232447,0.23545876
2026-07-31,NIFTY,24383.6,24317.15,24452.6,24358.0,0.0087483,0.00880658,0.00880658,0.16824939
2026-07-31,NIFTYNXT50,73651.3,72698.95,73637.0,72718.4,0.01149812,0.01133298,0.01149812,0.21967133
